2021-02-14 18:43:56,034 [INFO] Activator:170 - 


2021-02-14 18:43:56,038 [INFO] Activator:171 - !SESSION log4j initialized
2021-02-14 18:44:03,303 [INFO] McuFinderGlobals:40 - Set McuFinder mode to 2 (CubeIDE integrated)
2021-02-14 18:44:03,431 [INFO] ApplicationProperties:181 - Using Application install path: C:\ST\STM32CubeIDE_1.5.1\STM32CubeIDE\plugins\com.st.stm32cube.common.mx_6.1.1.202012091304
2021-02-14 18:44:03,445 [INFO] DbMcusXml:71 - Set database path to: C:\ST\STM32CubeIDE_1.5.1\STM32CubeIDE\plugins\com.st.stm32cube.common.mx_6.1.1.202012091304\\db\/mcu/
2021-02-14 18:44:03,450 [INFO] DbBoardsPdsc:57 - Set plugin database path to: C:\ST\STM32CubeIDE_1.5.1\STM32CubeIDE\plugins\com.st.stm32cube.common.mx_6.1.1.202012091304\\db\/plugins/boardmanager/
2021-02-14 18:44:03,452 [INFO] DbMcus:259 - Set plugin images path to: C:\ST\STM32CubeIDE_1.5.1\STM32CubeIDE\plugins\com.st.stm32cube.common.mx_6.1.1.202012091304\\db\/plugins/mcufinder/images/
2021-02-14 18:44:03,452 [INFO] DbBoards:265 - Set plugin images path to: C:\ST\STM32CubeIDE_1.5.1\STM32CubeIDE\plugins\com.st.stm32cube.common.mx_6.1.1.202012091304\\db\/plugins/mcufinder/images/
2021-02-14 18:44:03,458 [INFO] DbExamples:329 - Set plugin images path to: C:\ST\STM32CubeIDE_1.5.1\STM32CubeIDE\plugins\com.st.stm32cube.common.mx_6.1.1.202012091304\\db\/plugins/mcufinder/images/
2021-02-14 18:44:03,464 [INFO] DbMcusDocs:112 - Set database path to: C:\Users\alina\.stmcufinder\plugins\mcufinder//mcu/
2021-02-14 18:44:03,466 [INFO] DbMcusJson:63 - Set database path to: C:\Users\alina\.stmcufinder\plugins\mcufinder//mcu/
2021-02-14 18:44:03,467 [INFO] DbBoardsDocs:112 - Set database path to: C:\Users\alina\.stmcufinder\plugins\mcufinder//mcu/
2021-02-14 18:44:03,469 [INFO] DbBoardsJson:56 - Set database path to: C:\Users\alina\.stmcufinder\plugins\mcufinder//mcu/
2021-02-14 18:44:03,473 [INFO] CrossReferenceDbSqlite:196 - Set database path to: C:\Users\alina\.stmcufinder\plugins\mcufinder//mcu/cs/
2021-02-14 18:44:03,478 [INFO] DbExamplesSqlite:699 - Set database path to: C:\Users\alina\.stmcufinder\plugins\mcufinder//mcu/
2021-02-14 18:44:03,676 [INFO] RulesReader:52 - Compatibility file has been processed (228 Rules)
2021-02-14 18:44:03,868 [INFO] MicroXplorer:565 - Detected Java Version = 1.8.0_272
2021-02-14 18:44:03,868 [INFO] DbMcusXml:71 - Set database path to: C:\ST\STM32CubeIDE_1.5.1\STM32CubeIDE\plugins\com.st.stm32cube.common.mx_6.1.1.202012091304\\db\/mcu/
2021-02-14 18:44:03,869 [INFO] DbBoardsPdsc:57 - Set plugin database path to: C:\ST\STM32CubeIDE_1.5.1\STM32CubeIDE\plugins\com.st.stm32cube.common.mx_6.1.1.202012091304\\db\/plugins/boardmanager/
2021-02-14 18:44:03,870 [INFO] DbMcus:259 - Set plugin images path to: C:\ST\STM32CubeIDE_1.5.1\STM32CubeIDE\plugins\com.st.stm32cube.common.mx_6.1.1.202012091304\\db\/plugins/mcufinder/images/
2021-02-14 18:44:03,870 [INFO] DbBoards:265 - Set plugin images path to: C:\ST\STM32CubeIDE_1.5.1\STM32CubeIDE\plugins\com.st.stm32cube.common.mx_6.1.1.202012091304\\db\/plugins/mcufinder/images/
2021-02-14 18:44:03,870 [INFO] DbExamples:329 - Set plugin images path to: C:\ST\STM32CubeIDE_1.5.1\STM32CubeIDE\plugins\com.st.stm32cube.common.mx_6.1.1.202012091304\\db\/plugins/mcufinder/images/
2021-02-14 18:44:03,871 [WARN] DbFile:36 - Overriding database path with different value: C:\Users\alina\.stmcufinder\plugins\mcufinder/ => C:\Users\alina\.stmcufinder\plugins\mcufinder
2021-02-14 18:44:03,871 [INFO] DbMcusDocs:112 - Set database path to: C:\Users\alina\.stmcufinder\plugins\mcufinder//mcu/
2021-02-14 18:44:03,871 [WARN] DbFile:36 - Overriding database path with different value: C:\Users\alina\.stmcufinder\plugins\mcufinder/ => C:\Users\alina\.stmcufinder\plugins\mcufinder
2021-02-14 18:44:03,871 [INFO] DbMcusJson:63 - Set database path to: C:\Users\alina\.stmcufinder\plugins\mcufinder//mcu/
2021-02-14 18:44:03,872 [WARN] DbFile:36 - Overriding database path with different value: C:\Users\alina\.stmcufinder\plugins\mcufinder/ => C:\Users\alina\.stmcufinder\plugins\mcufinder
2021-02-14 18:44:03,872 [INFO] DbBoardsDocs:112 - Set database path to: C:\Users\alina\.stmcufinder\plugins\mcufinder//mcu/
2021-02-14 18:44:03,872 [WARN] DbFile:36 - Overriding database path with different value: C:\Users\alina\.stmcufinder\plugins\mcufinder/ => C:\Users\alina\.stmcufinder\plugins\mcufinder
2021-02-14 18:44:03,872 [INFO] DbBoardsJson:56 - Set database path to: C:\Users\alina\.stmcufinder\plugins\mcufinder//mcu/
2021-02-14 18:44:03,873 [WARN] DbFile:36 - Overriding database path with different value: C:\Users\alina\.stmcufinder\plugins\mcufinder/ => C:\Users\alina\.stmcufinder\plugins\mcufinder
2021-02-14 18:44:03,873 [WARN] DbFile:36 - Overriding database path with different value: C:\Users\alina\.stmcufinder\plugins\mcufinder/ => C:\Users\alina\.stmcufinder\plugins\mcufinder
2021-02-14 18:44:03,873 [INFO] CrossReferenceDbSqlite:196 - Set database path to: C:\Users\alina\.stmcufinder\plugins\mcufinder//mcu/cs/
2021-02-14 18:44:03,873 [WARN] DbFile:36 - Overriding database path with different value: C:\Users\alina\.stmcufinder\plugins\mcufinder/ => C:\Users\alina\.stmcufinder\plugins\mcufinder
2021-02-14 18:44:03,874 [INFO] DbExamplesSqlite:699 - Set database path to: C:\Users\alina\.stmcufinder\plugins\mcufinder//mcu/
2021-02-14 18:44:04,010 [INFO] MainPanel:190 - HeapMemory: 268435456
2021-02-14 18:44:04,082 [INFO] DbMcusXml:71 - Set database path to: C:\ST\STM32CubeIDE_1.5.1\STM32CubeIDE\plugins\com.st.stm32cube.common.mx_6.1.1.202012091304\\db\/mcu/
2021-02-14 18:44:04,082 [INFO] DbBoardsPdsc:57 - Set plugin database path to: C:\ST\STM32CubeIDE_1.5.1\STM32CubeIDE\plugins\com.st.stm32cube.common.mx_6.1.1.202012091304\\db\/plugins/boardmanager/
2021-02-14 18:44:04,083 [INFO] DbMcus:259 - Set plugin images path to: C:\ST\STM32CubeIDE_1.5.1\STM32CubeIDE\plugins\com.st.stm32cube.common.mx_6.1.1.202012091304\\db\/plugins/mcufinder/images/
2021-02-14 18:44:04,083 [INFO] DbBoards:265 - Set plugin images path to: C:\ST\STM32CubeIDE_1.5.1\STM32CubeIDE\plugins\com.st.stm32cube.common.mx_6.1.1.202012091304\\db\/plugins/mcufinder/images/
2021-02-14 18:44:04,083 [INFO] DbExamples:329 - Set plugin images path to: C:\ST\STM32CubeIDE_1.5.1\STM32CubeIDE\plugins\com.st.stm32cube.common.mx_6.1.1.202012091304\\db\/plugins/mcufinder/images/
2021-02-14 18:44:04,084 [WARN] DbFile:36 - Overriding database path with different value: C:\Users\alina\.stmcufinder\plugins\mcufinder/ => C:\Users\alina\.stmcufinder\plugins\mcufinder
2021-02-14 18:44:04,084 [INFO] DbMcusDocs:112 - Set database path to: C:\Users\alina\.stmcufinder\plugins\mcufinder//mcu/
2021-02-14 18:44:04,084 [WARN] DbFile:36 - Overriding database path with different value: C:\Users\alina\.stmcufinder\plugins\mcufinder/ => C:\Users\alina\.stmcufinder\plugins\mcufinder
2021-02-14 18:44:04,084 [INFO] DbMcusJson:63 - Set database path to: C:\Users\alina\.stmcufinder\plugins\mcufinder//mcu/
2021-02-14 18:44:04,084 [WARN] DbFile:36 - Overriding database path with different value: C:\Users\alina\.stmcufinder\plugins\mcufinder/ => C:\Users\alina\.stmcufinder\plugins\mcufinder
2021-02-14 18:44:04,084 [INFO] DbBoardsDocs:112 - Set database path to: C:\Users\alina\.stmcufinder\plugins\mcufinder//mcu/
2021-02-14 18:44:04,084 [WARN] DbFile:36 - Overriding database path with different value: C:\Users\alina\.stmcufinder\plugins\mcufinder/ => C:\Users\alina\.stmcufinder\plugins\mcufinder
2021-02-14 18:44:04,085 [INFO] DbBoardsJson:56 - Set database path to: C:\Users\alina\.stmcufinder\plugins\mcufinder//mcu/
2021-02-14 18:44:04,085 [WARN] DbFile:36 - Overriding database path with different value: C:\Users\alina\.stmcufinder\plugins\mcufinder/ => C:\Users\alina\.stmcufinder\plugins\mcufinder
2021-02-14 18:44:04,085 [WARN] DbFile:36 - Overriding database path with different value: C:\Users\alina\.stmcufinder\plugins\mcufinder/ => C:\Users\alina\.stmcufinder\plugins\mcufinder
2021-02-14 18:44:04,085 [INFO] CrossReferenceDbSqlite:196 - Set database path to: C:\Users\alina\.stmcufinder\plugins\mcufinder//mcu/cs/
2021-02-14 18:44:04,086 [WARN] DbFile:36 - Overriding database path with different value: C:\Users\alina\.stmcufinder\plugins\mcufinder/ => C:\Users\alina\.stmcufinder\plugins\mcufinder
2021-02-14 18:44:04,086 [INFO] DbExamplesSqlite:699 - Set database path to: C:\Users\alina\.stmcufinder\plugins\mcufinder//mcu/
2021-02-14 18:44:04,111 [INFO] ApplicationProperties:181 - Using Application install path: C:\ST\STM32CubeIDE_1.5.1\STM32CubeIDE\plugins\com.st.stm32cube.common.mx_6.1.1.202012091304
2021-02-14 18:44:04,113 [INFO] PluginManage:178 - Search for loadable plugins [exclusion list=, ]
2021-02-14 18:44:04,114 [INFO] PluginManage:292 - Check plugin analytics
2021-02-14 18:44:04,328 [INFO] AnalyticsPlugin:225 - Accepted Software Licenses: STM32CubeMX.6.1.0,STM32CubeMX.6.1.1
2021-02-14 18:44:04,328 [INFO] AnalyticsPlugin:227 - Accepted CMSIS Pack Licenses: 
2021-02-14 18:44:04,329 [INFO] AnalyticsPlugin:229 - Accepted Firmware Licenses: 
2021-02-14 18:44:04,330 [INFO] PluginManage:342 - Loaded plugin analytics (category:tool,tabindex:-1)
2021-02-14 18:44:04,330 [INFO] PluginManage:292 - Check plugin clock
2021-02-14 18:44:04,350 [INFO] PluginManage:342 - Loaded plugin clock (category:base,tabindex:2)
2021-02-14 18:44:04,350 [INFO] PluginManage:292 - Check plugin ddr
2021-02-14 18:44:04,355 [INFO] PluginManage:342 - Loaded plugin ddr (category:tool,tabindex:6)
2021-02-14 18:44:04,355 [INFO] PluginManage:292 - Check plugin filemanager
2021-02-14 18:44:04,551 [INFO] PluginManage:342 - Loaded plugin filemanager (category:base,tabindex:10)
2021-02-14 18:44:04,552 [INFO] PluginManage:292 - Check plugin ipmanager
2021-02-14 18:44:04,576 [INFO] PluginManage:342 - Loaded plugin ipmanager (category:base,tabindex:5)
2021-02-14 18:44:04,576 [INFO] PluginManage:292 - Check plugin pinoutandconfiguration
2021-02-14 18:44:04,589 [INFO] PluginManage:342 - Loaded plugin pinoutandconfiguration (category:base,tabindex:1)
2021-02-14 18:44:04,590 [INFO] PluginManage:292 - Check plugin pinoutconfig
2021-02-14 18:44:04,645 [INFO] PluginManage:342 - Loaded plugin pinoutconfig (category:base,tabindex:0)
2021-02-14 18:44:04,645 [INFO] PluginManage:292 - Check plugin power
2021-02-14 18:44:04,673 [INFO] PluginManage:342 - Loaded plugin power (category:power,tabindex:4)
2021-02-14 18:44:04,673 [INFO] PluginManage:292 - Check plugin projectmanager
2021-02-14 18:44:04,698 [INFO] PluginManage:342 - Loaded plugin projectmanager (category:projectmanager,tabindex:3)
2021-02-14 18:44:04,698 [INFO] PluginManage:292 - Check plugin thirdparty
2021-02-14 18:44:04,867 [INFO] PluginManage:342 - Loaded plugin thirdparty (category:base,tabindex:-1)
2021-02-14 18:44:04,867 [INFO] PluginManage:292 - Check plugin tools
2021-02-14 18:44:04,870 [INFO] PluginManage:342 - Loaded plugin tools (category:base,tabindex:7)
2021-02-14 18:44:04,870 [INFO] PluginManage:292 - Check plugin tutovideos
2021-02-14 18:44:04,872 [WARN] IntegrityCheckThread:59 - waiting for thirdparty lock release [integrity check]
2021-02-14 18:44:04,874 [INFO] IntegrityCheckThread:61 - entering critical section [integrity check]
2021-02-14 18:44:04,874 [INFO] ThirdPartyUpdaterWithRetryManager:56 - Updater plugin not ready yet. [1/15]
2021-02-14 18:44:05,170 [INFO] PluginManage:342 - Loaded plugin tutovideos (category:base,tabindex:-1)
2021-02-14 18:44:05,170 [INFO] PluginManage:292 - Check plugin updater
2021-02-14 18:44:05,188 [INFO] PluginManage:342 - Loaded plugin updater (category:base,tabindex:12)
2021-02-14 18:44:05,188 [INFO] PluginManage:265 - PluginManage : Loaded plugins [13]
2021-02-14 18:44:05,502 [INFO] PinOutPanel:1434 - setPackage(No Configuration,No Configuration)
2021-02-14 18:44:05,681 [INFO] IPUIPlugin:64 - create IPUIPlugin
2021-02-14 18:44:05,682 [INFO] PluginManager:203 - loadIPPluginJar : add adc
2021-02-14 18:44:05,691 [INFO] IPUIPlugin:64 - create IPUIPlugin
2021-02-14 18:44:05,691 [INFO] PluginManager:203 - loadIPPluginJar : add aes
2021-02-14 18:44:05,694 [INFO] IPUIPlugin:64 - create IPUIPlugin
2021-02-14 18:44:05,694 [INFO] PluginManager:203 - loadIPPluginJar : add can
2021-02-14 18:44:05,695 [INFO] IPUIPlugin:64 - create IPUIPlugin
2021-02-14 18:44:05,696 [INFO] PluginManager:203 - loadIPPluginJar : add comp
2021-02-14 18:44:05,698 [INFO] IPUIPlugin:64 - create IPUIPlugin
2021-02-14 18:44:05,698 [INFO] PluginManager:203 - loadIPPluginJar : add cryp
2021-02-14 18:44:05,701 [INFO] IPUIPlugin:64 - create IPUIPlugin
2021-02-14 18:44:05,701 [INFO] PluginManager:203 - loadIPPluginJar : add dfsdm
2021-02-14 18:44:05,708 [INFO] IPUIPlugin:64 - create IPUIPlugin
2021-02-14 18:44:05,709 [INFO] PluginManager:203 - loadIPPluginJar : add dma
2021-02-14 18:44:05,711 [INFO] IPUIPlugin:64 - create IPUIPlugin
2021-02-14 18:44:05,712 [INFO] PluginManager:203 - loadIPPluginJar : add fatfs
2021-02-14 18:44:05,717 [INFO] IPUIPlugin:64 - create IPUIPlugin
2021-02-14 18:44:05,717 [INFO] PluginManager:203 - loadIPPluginJar : add fmc
2021-02-14 18:44:05,725 [INFO] IPUIPlugin:64 - create IPUIPlugin
2021-02-14 18:44:05,726 [INFO] PluginManager:203 - loadIPPluginJar : add freertos
2021-02-14 18:44:05,729 [INFO] IPUIPlugin:64 - create IPUIPlugin
2021-02-14 18:44:05,729 [INFO] PluginManager:203 - loadIPPluginJar : add genericplugin
2021-02-14 18:44:05,733 [INFO] IPUIPlugin:64 - create IPUIPlugin
2021-02-14 18:44:05,734 [INFO] PluginManager:203 - loadIPPluginJar : add gfxmmu
2021-02-14 18:44:05,741 [INFO] IPUIPlugin:64 - create IPUIPlugin
2021-02-14 18:44:05,741 [INFO] PluginManager:203 - loadIPPluginJar : add gic
2021-02-14 18:44:05,747 [INFO] IPUIPlugin:64 - create IPUIPlugin
2021-02-14 18:44:05,747 [INFO] PluginManager:203 - loadIPPluginJar : add gpio
2021-02-14 18:44:05,750 [INFO] IPUIPlugin:64 - create IPUIPlugin
2021-02-14 18:44:05,750 [INFO] PluginManager:203 - loadIPPluginJar : add gtzc
2021-02-14 18:44:05,753 [INFO] IPUIPlugin:64 - create IPUIPlugin
2021-02-14 18:44:05,754 [INFO] PluginManager:203 - loadIPPluginJar : add hash
2021-02-14 18:44:05,757 [INFO] IPUIPlugin:64 - create IPUIPlugin
2021-02-14 18:44:05,758 [INFO] PluginManager:203 - loadIPPluginJar : add i2c
2021-02-14 18:44:05,761 [INFO] IPUIPlugin:64 - create IPUIPlugin
2021-02-14 18:44:05,761 [INFO] PluginManager:203 - loadIPPluginJar : add i2s
2021-02-14 18:44:05,764 [INFO] IPUIPlugin:64 - create IPUIPlugin
2021-02-14 18:44:05,765 [INFO] PluginManager:203 - loadIPPluginJar : add ipddr
2021-02-14 18:44:05,768 [INFO] IPUIPlugin:64 - create IPUIPlugin
2021-02-14 18:44:05,768 [INFO] PluginManager:203 - loadIPPluginJar : add lorawan
2021-02-14 18:44:05,770 [INFO] IPUIPlugin:64 - create IPUIPlugin
2021-02-14 18:44:05,770 [INFO] PluginManager:203 - loadIPPluginJar : add ltdc
2021-02-14 18:44:05,774 [INFO] IPUIPlugin:64 - create IPUIPlugin
2021-02-14 18:44:05,775 [INFO] PluginManager:203 - loadIPPluginJar : add mdma
2021-02-14 18:44:05,778 [INFO] IPUIPlugin:64 - create IPUIPlugin
2021-02-14 18:44:05,779 [INFO] PluginManager:203 - loadIPPluginJar : add nvic
2021-02-14 18:44:05,782 [INFO] IPUIPlugin:64 - create IPUIPlugin
2021-02-14 18:44:05,782 [INFO] PluginManager:203 - loadIPPluginJar : add opamp
2021-02-14 18:44:05,785 [INFO] IPUIPlugin:64 - create IPUIPlugin
2021-02-14 18:44:05,786 [INFO] PluginManager:203 - loadIPPluginJar : add openamp
2021-02-14 18:44:05,789 [INFO] IPUIPlugin:64 - create IPUIPlugin
2021-02-14 18:44:05,789 [INFO] PluginManager:203 - loadIPPluginJar : add pdm2pcm
2021-02-14 18:44:05,795 [INFO] IPUIPlugin:64 - create IPUIPlugin
2021-02-14 18:44:05,799 [INFO] PluginManager:203 - loadIPPluginJar : add plateformsettings
2021-02-14 18:44:05,801 [INFO] IPUIPlugin:64 - create IPUIPlugin
2021-02-14 18:44:05,801 [INFO] PluginManager:203 - loadIPPluginJar : add quadspi
2021-02-14 18:44:05,804 [INFO] IPUIPlugin:64 - create IPUIPlugin
2021-02-14 18:44:05,804 [INFO] PluginManager:203 - loadIPPluginJar : add resmgrutility
2021-02-14 18:44:05,806 [INFO] IPUIPlugin:64 - create IPUIPlugin
2021-02-14 18:44:05,807 [INFO] PluginManager:203 - loadIPPluginJar : add sai
2021-02-14 18:44:05,809 [INFO] IPUIPlugin:64 - create IPUIPlugin
2021-02-14 18:44:05,809 [INFO] PluginManager:203 - loadIPPluginJar : add spi
2021-02-14 18:44:05,812 [INFO] IPUIPlugin:64 - create IPUIPlugin
2021-02-14 18:44:05,813 [INFO] PluginManager:203 - loadIPPluginJar : add stm32_wpan
2021-02-14 18:44:05,814 [INFO] IPUIPlugin:64 - create IPUIPlugin
2021-02-14 18:44:05,815 [INFO] PluginManager:203 - loadIPPluginJar : add tim
2021-02-14 18:44:05,818 [INFO] IPUIPlugin:64 - create IPUIPlugin
2021-02-14 18:44:05,818 [INFO] PluginManager:203 - loadIPPluginJar : add touchsensing
2021-02-14 18:44:05,821 [INFO] IPUIPlugin:64 - create IPUIPlugin
2021-02-14 18:44:05,822 [INFO] PluginManager:203 - loadIPPluginJar : add tracer_emb
2021-02-14 18:44:05,825 [INFO] IPUIPlugin:64 - create IPUIPlugin
2021-02-14 18:44:05,825 [INFO] PluginManager:203 - loadIPPluginJar : add ts
2021-02-14 18:44:05,828 [INFO] IPUIPlugin:64 - create IPUIPlugin
2021-02-14 18:44:05,828 [INFO] PluginManager:203 - loadIPPluginJar : add tsc
2021-02-14 18:44:05,830 [INFO] IPUIPlugin:64 - create IPUIPlugin
2021-02-14 18:44:05,831 [INFO] PluginManager:203 - loadIPPluginJar : add ucpd
2021-02-14 18:44:05,834 [INFO] IPUIPlugin:64 - create IPUIPlugin
2021-02-14 18:44:05,835 [INFO] PluginManager:203 - loadIPPluginJar : add usart
2021-02-14 18:44:06,159 [FATAL] Updater:284 - Updater called before beeing initialized
2021-02-14 18:44:06,346 [FATAL] Updater:284 - Updater called before beeing initialized
2021-02-14 18:44:06,402 [WARN] DetailPanel:347 - Failed to get advertising image, set to default
2021-02-14 18:44:06,405 [FATAL] Updater:284 - Updater called before beeing initialized
2021-02-14 18:44:06,405 [WARN] DetailPanel:347 - Failed to get advertising image, set to default
2021-02-14 18:44:06,485 [FATAL] Updater:284 - Updater called before beeing initialized
2021-02-14 18:44:06,485 [WARN] ThirdParty:783 - waiting for thirdparty lock release [close project]
2021-02-14 18:44:07,875 [INFO] ThirdPartyUpdaterWithRetryManager:56 - Updater plugin not ready yet. [2/15]
2021-02-14 18:44:10,881 [FATAL] Updater:284 - Updater called before beeing initialized
2021-02-14 18:44:10,881 [ERROR] AbstractThirdPartyUpdaterManager:153 - java.lang.Integer cannot be cast to java.util.List
2021-02-14 18:44:10,881 [INFO] ThirdParty:887 - Integrity check success = false
2021-02-14 18:44:10,881 [INFO] IntegrityCheckThread:75 - exiting critical section [integrity check]
2021-02-14 18:44:10,881 [INFO] IntegrityCheckThread:78 - End integrity checks thread
2021-02-14 18:44:10,881 [INFO] ThirdParty:785 - entering critical section [close project]
2021-02-14 18:44:10,883 [INFO] ThirdParty:796 - exiting critical section [close project]
2021-02-14 18:44:10,887 [INFO] PinOutPanel:1434 - setPackage(No Configuration,No Configuration)
2021-02-14 18:44:10,888 [FATAL] Updater:284 - Updater called before beeing initialized
2021-02-14 18:44:10,894 [ERROR] Updater:1065 - MainUpdater not yet initialized. External WinMGr cannot be set.
2021-02-14 18:44:10,896 [INFO] Updater:1002 - Updater Version found : 6.1.1
2021-02-14 18:44:10,919 [INFO] ApplicationProperties:181 - Using Application install path: C:\ST\STM32CubeIDE_1.5.1\STM32CubeIDE\plugins\com.st.stm32cube.common.mx_6.1.1.202012091304
2021-02-14 18:44:11,390 [INFO] MainUpdater:2644 - connection check result : 10
2021-02-14 18:44:11,391 [INFO] MainUpdater:249 - Updater Check For Update Now.
2021-02-14 18:44:11,391 [INFO] MicroXplorer:415 - Change Database Version : DB.6.0.10
2021-02-14 18:44:11,465 [INFO] CheckServerUpdateThread:102 - End of CheckServer Thread
2021-02-14 18:44:11,507 [INFO] MainUpdater:2644 - connection check result : 10
2021-02-14 18:44:12,205 [INFO] CrossSelectorPresenter:1330 - Cross Selector saved comparison directory: C:\Users\alina\.stmcufinder\plugins\mcufinder\mcu\cs_comparisons_mx
2021-02-14 18:44:12,212 [INFO] MultiScanPanel:198 - Auto-refresh data requested => check proxy status ongoing
2021-02-14 18:44:12,216 [INFO] FinderPluginLoader:87 - Searching for filters in installed packs
2021-02-14 18:44:12,217 [INFO] DbMcusXml:97 - Load MCU database from C:\ST\STM32CubeIDE_1.5.1\STM32CubeIDE\plugins\com.st.stm32cube.common.mx_6.1.1.202012091304\\db\/mcu/families.xml
2021-02-14 18:44:13,724 [INFO] DbMcusJson:92 - JSON generation date=Mon Feb 08 17:05:07 IRST 2021 (1612791307)
2021-02-14 18:44:14,966 [INFO] DbMcus:176 - Found 1835 MCUs (1796 are supported by CubeMX, 1804 are visible in CubeMX)
2021-02-14 18:44:14,966 [INFO] ApiDb:238 - Load user favorites file C:\Users\alina/.stm32cubeide/favorites.mcus.txt: 0 item(s)
2021-02-14 18:44:14,967 [INFO] ApiDb:242 - User favorites MCUs=[]
2021-02-14 18:44:14,967 [INFO] DbMcus:188 - Set 0 / 0 favorites MCUs
2021-02-14 18:44:15,595 [INFO] DetailPanel:344 - Set advertising image to C:/Users/alina/STM32Cube/Repository/\stm32cubemx-promo_image.jpg
2021-02-14 18:44:16,070 [INFO] McuFilterPanel:245 - Update 0 favorites MCUs
2021-02-14 18:44:16,177 [INFO] DbBoardsPdsc:91 - Found 24 items
2021-02-14 18:44:16,180 [INFO] DbBoardsPdsc:91 - Found 9 items
2021-02-14 18:44:16,209 [INFO] DbBoardsPdsc:91 - Found 32 items
2021-02-14 18:44:16,211 [INFO] DbBoardsPdsc:91 - Found 1 items
2021-02-14 18:44:16,221 [INFO] DbBoardsPdsc:91 - Found 45 items
2021-02-14 18:44:16,230 [INFO] DbBoardsPdsc:91 - Found 41 items
2021-02-14 18:44:16,232 [INFO] DbBoardsPdsc:91 - Found 2 items
2021-02-14 18:44:16,234 [INFO] DbBoardsPdsc:91 - Found 4 items
2021-02-14 18:44:16,290 [WARN] DbBoardsPdsc:255 - Board STM32H7B3I-DK: unknown feature type=Audio, name=, username=Audio stereo codec with Headphone Amp (CS42L51-CNZ), n=1
2021-02-14 18:44:16,291 [WARN] DbBoardsPdsc:255 - Board STM32H735G-DK: unknown feature type=Audio, name=, username=Audio stereo codec with Headphone Amp (WM8994ECS/R), n=1
2021-02-14 18:44:16,294 [WARN] DbBoardsPdsc:255 - Board STM32H7B3I-EVAL: unknown feature type=Audio, name=, username=Multi-Channel Audio Codec (CS42L51-CNZ), n=1
2021-02-14 18:44:16,294 [WARN] DbBoardsPdsc:255 - Board STM32H7B3I-EVAL: unknown feature type=Meter, name=, username=Power-metering and Temperature-monitoring with sigma-delta modulators, n=1
2021-02-14 18:44:16,295 [WARN] DbBoardsPdsc:255 - Board STM32H7B3I-EVAL: unknown feature type=Motor, name=, username=Motor Control, n=1
2021-02-14 18:44:16,317 [INFO] DbBoardsJson:85 - JSON generation date=Thu Feb 04 20:23:45 IRST 2021 (1612457625)
2021-02-14 18:44:16,324 [INFO] DbBoards:118 - Found 160 boards (155 are supported by CubeMX)
2021-02-14 18:44:16,381 [INFO] DbBoardsDocs:145 - JSON generation date=Mon Feb 08 17:05:07 IRST 2021 (1612791307)
2021-02-14 18:44:16,420 [INFO] DbBoardsDocs:81 - Found 193 boards documents
2021-02-14 18:44:16,421 [WARN] DbBoards:128 - board B-L462E-CELL1 has no document id list !
2021-02-14 18:44:16,421 [WARN] DbBoards:128 - board B-L475E-IOT01A2 has no document id list !
2021-02-14 18:44:16,423 [WARN] DbBoards:128 - board NUCLEO-G0B1RE has no document id list !
2021-02-14 18:44:16,424 [WARN] DbBoards:128 - board NUCLEO-H743ZI2 has no document id list !
2021-02-14 18:44:16,426 [WARN] DbBoards:128 - board NUCLEO-L4A6ZG has no document id list !
2021-02-14 18:44:16,427 [WARN] DbBoards:128 - board NUCLEO-WB55RG has no document id list !
2021-02-14 18:44:16,427 [WARN] DbBoards:128 - board NUCLEO-WL55JC1 has no document id list !
2021-02-14 18:44:16,428 [WARN] DbBoards:128 - board NUCLEO-WL55JC2 has no document id list !
2021-02-14 18:44:16,428 [WARN] DbBoards:128 - board P-NUCLEO-WB55-Nucleo has no document id list !
2021-02-14 18:44:16,428 [WARN] DbBoards:128 - board P-NUCLEO-WB55-USBDongle has no document id list !
2021-02-14 18:44:16,429 [WARN] DbBoards:128 - board STEVAL-BFA001V1B has no document id list !
2021-02-14 18:44:16,429 [WARN] DbBoards:128 - board STEVAL-BFA001V2B has no document id list !
2021-02-14 18:44:16,429 [WARN] DbBoards:128 - board STEVAL-IDP005V1 has no document id list !
2021-02-14 18:44:16,429 [WARN] DbBoards:128 - board STEVAL-IDP005V2 has no document id list !
2021-02-14 18:44:16,429 [WARN] DbBoards:128 - board STEVAL-MKSBOX1V1 has no document id list !
2021-02-14 18:44:16,430 [WARN] DbBoards:128 - board STEVAL-STWINKT1 has no document id list !
2021-02-14 18:44:16,430 [WARN] DbBoards:128 - board STEVAL-STWINKT1B has no document id list !
2021-02-14 18:44:16,431 [WARN] DbBoards:128 - board STM32F401C-DISCO has no document id list !
2021-02-14 18:44:16,431 [WARN] DbBoards:128 - board STM32F769I-DISC1 has no document id list !
2021-02-14 18:44:16,432 [WARN] DbBoards:128 - board STM32G0C1E-EV has no document id list !
2021-02-14 18:44:16,432 [WARN] DbBoards:128 - board STM32G474E-EVAL1 has no document id list !
2021-02-14 18:44:16,433 [WARN] DbBoards:128 - board STM32H743I-EVAL2 has no document id list !
2021-02-14 18:44:16,433 [WARN] DbBoards:128 - board STM32H747I-DISC1 has no document id list !
2021-02-14 18:44:16,433 [WARN] DbBoards:128 - board STM32H753I-EVAL2 has no document id list !
2021-02-14 18:44:16,434 [WARN] DbBoards:128 - board STM32L-DISCOVERY has no document id list !
2021-02-14 18:44:16,435 [WARN] DbBoards:128 - board STM32MP157A-DK1 has no document id list !
2021-02-14 18:44:16,436 [WARN] DbBoards:128 - board STM32MP157F-DK2 has no document id list !
2021-02-14 18:44:16,436 [WARN] DbBoards:128 - board STM32MP157F-EV1 has no document id list !
2021-02-14 18:44:16,927 [ERROR] DbBoards:190 - Image file not found for board NUCLEO-WL55JC: C:\ST\STM32CubeIDE_1.5.1\STM32CubeIDE\plugins\com.st.stm32cube.common.mx_6.1.1.202012091304\\db\/plugins/mcufinder/images/boards/nucleo-wl55jc-small.jpg
2021-02-14 18:44:17,188 [ERROR] DbBoards:190 - Image file not found for board STEVAL-STWINKT1B: C:\ST\STM32CubeIDE_1.5.1\STM32CubeIDE\plugins\com.st.stm32cube.common.mx_6.1.1.202012091304\\db\/plugins/mcufinder/images/boards/steval-stwinkt1b_small.jpg
2021-02-14 18:44:17,738 [ERROR] DbBoards:190 - Image file not found for board STM32H7B3I-EVAL: C:\ST\STM32CubeIDE_1.5.1\STM32CubeIDE\plugins\com.st.stm32cube.common.mx_6.1.1.202012091304\\db\/plugins/mcufinder/images/boards/stm32h7b3ieval_small.jpg
2021-02-14 18:44:17,974 [INFO] ApiDb:229 - User favorites file not found: C:\Users\alina/.stm32cubeide/favorites.boards.txt
2021-02-14 18:44:17,974 [INFO] DbBoards:207 - Set 0 / 0 favorites Boards
2021-02-14 18:44:29,891 [INFO] DbMcusDocs:145 - JSON generation date=Mon Feb 08 17:05:07 IRST 2021 (1612791307)
2021-02-14 18:44:30,207 [INFO] DbMcusDocs:81 - Found 617 MCUs documents
2021-02-14 18:45:15,678 [INFO] MainUpdater:2644 - connection check result : 10
2021-02-14 18:45:15,679 [INFO] MainUpdater:2644 - connection check result : 10
2021-02-14 18:45:15,733 [INFO] MicroXplorer:385 - Change Database Path : 
2021-02-14 18:45:15,734 [INFO] MicroXplorer:415 - Change Database Version : DB.6.0.10
2021-02-14 18:45:15,735 [WARN] ThirdParty:783 - waiting for thirdparty lock release [close project]
2021-02-14 18:45:15,735 [INFO] ThirdParty:785 - entering critical section [close project]
2021-02-14 18:45:15,736 [INFO] ThirdParty:796 - exiting critical section [close project]
2021-02-14 18:45:15,741 [INFO] PinOutPanel:1434 - setPackage(No Configuration,No Configuration)
2021-02-14 18:45:15,742 [INFO] UtilMem:74 - Begin LoadConfig() Used Memory: 393030888 Bytes (493879296)
2021-02-14 18:45:15,744 [INFO] MicroXplorer:385 - Change Database Path : 
2021-02-14 18:45:15,744 [INFO] MicroXplorer:415 - Change Database Version : DB.6.0.10
2021-02-14 18:45:15,744 [INFO] OpenFileManager:274 - Change cursor
2021-02-14 18:45:15,746 [WARN] ThirdParty:204 - Use empty third party IP manager
2021-02-14 18:45:15,779 [WARN] IntegrityCheckThread:59 - waiting for thirdparty lock release [integrity check]
2021-02-14 18:45:15,779 [INFO] IntegrityCheckThread:61 - entering critical section [integrity check]
2021-02-14 18:45:15,892 [WARN] ConditionMgr:437 - getConditionDescription Invalid condition id : SIGFOX STM32 LIB Condition cause : null
2021-02-14 18:45:15,925 [WARN] ConditionMgr:437 - getConditionDescription Invalid condition id : Sigfox Third Party LIB Condition cause : null
2021-02-14 18:45:15,939 [WARN] ConditionMgr:1040 - genDependencies : Invalid condition id : SIGFOX STM32 LIB Condition cause : null
2021-02-14 18:45:15,942 [WARN] ConditionMgr:1040 - genDependencies : Invalid condition id : Sigfox Third Party LIB Condition cause : null
2021-02-14 18:45:15,965 [WARN] ConditionMgr:1040 - genDependencies : Invalid condition id : Sigfox Third Party LIB Condition cause : null
2021-02-14 18:45:15,965 [WARN] ConditionMgr:1040 - genDependencies : Invalid condition id : SIGFOX STM32 LIB Condition cause : null
2021-02-14 18:45:15,966 [WARN] ConditionMgr:1040 - genDependencies : Invalid condition id : SIGFOX STM32 LIB Condition cause : null
2021-02-14 18:45:15,966 [WARN] ConditionMgr:1040 - genDependencies : Invalid condition id : Sigfox Third Party LIB Condition cause : null
2021-02-14 18:45:17,268 [INFO] ThirdParty:887 - Integrity check success = true
2021-02-14 18:45:17,268 [INFO] IntegrityCheckThread:75 - exiting critical section [integrity check]
2021-02-14 18:45:17,268 [INFO] IntegrityCheckThread:78 - End integrity checks thread
2021-02-14 18:45:19,663 [INFO] ImportTextPane:162 - (OptionalMessage_ERROR) Unable to find key (Mcu.ThirdPartyNb) in loaded IOC file
2021-02-14 18:45:19,663 [INFO] ImportTextPane:162 - (OptionalMessage_ERROR) Unable to find key (Mcu.PinsNb) in loaded IOC file
2021-02-14 18:45:19,663 [INFO] ImportTextPane:162 - (OptionalMessage_ERROR) Unable to find key (Mcu.IPNb) in loaded IOC file
2021-02-14 18:45:19,825 [WARN] ApiManager:294 - Cannot register API 'Board Extension:S2868A1' from pack STMicroelectronics.X-CUBE-SUBG2.3.0.1: no header file found
2021-02-14 18:45:19,826 [WARN] ApiManager:294 - Cannot register API 'Board Extension:S2868A2' from pack STMicroelectronics.X-CUBE-SUBG2.3.0.1: no header file found
2021-02-14 18:45:19,826 [WARN] ApiManager:294 - Cannot register API 'Board Extension:S2915A1' from pack STMicroelectronics.X-CUBE-SUBG2.3.0.1: no header file found
2021-02-14 18:45:19,842 [WARN] ApiManager:294 - Cannot register API 'Board Extension:S2868A1' from pack STMicroelectronics.X-CUBE-SUBG2.3.0.0: no header file found
2021-02-14 18:45:19,842 [WARN] ApiManager:294 - Cannot register API 'Board Extension:S2868A2' from pack STMicroelectronics.X-CUBE-SUBG2.3.0.0: no header file found
2021-02-14 18:45:19,842 [WARN] ApiManager:294 - Cannot register API 'Board Extension:S2915A1' from pack STMicroelectronics.X-CUBE-SUBG2.3.0.0: no header file found
2021-02-14 18:45:19,848 [WARN] ModelIntegratedComponent:51 - No mode defined for component null
2021-02-14 18:45:19,852 [WARN] ModelIntegratedComponent:51 - No mode defined for component null
2021-02-14 18:45:19,852 [WARN] ModelIntegratedComponent:51 - No mode defined for component null
2021-02-14 18:45:19,852 [WARN] ModelIntegratedComponent:51 - No mode defined for component null
2021-02-14 18:45:19,853 [WARN] ModelIntegratedComponent:51 - No mode defined for component null
2021-02-14 18:45:19,853 [WARN] ModelIntegratedComponent:51 - No mode defined for component null
2021-02-14 18:45:19,853 [WARN] ModelIntegratedComponent:51 - No mode defined for component null
2021-02-14 18:45:19,853 [WARN] ModelIntegratedComponent:51 - No mode defined for component null
2021-02-14 18:45:19,853 [WARN] ModelIntegratedComponent:51 - No mode defined for component null
2021-02-14 18:45:19,853 [WARN] ModelIntegratedComponent:51 - No mode defined for component null
2021-02-14 18:45:19,853 [WARN] ModelIntegratedComponent:51 - No mode defined for component null
2021-02-14 18:45:19,854 [WARN] ModelIntegratedComponent:51 - No mode defined for component null
2021-02-14 18:45:19,854 [WARN] ModelIntegratedComponent:51 - No mode defined for component null
2021-02-14 18:45:19,854 [WARN] ModelIntegratedComponent:51 - No mode defined for component null
2021-02-14 18:45:19,854 [WARN] ModelIntegratedComponent:51 - No mode defined for component null
2021-02-14 18:45:19,854 [WARN] ModelIntegratedComponent:51 - No mode defined for component null
2021-02-14 18:45:19,854 [WARN] ModelIntegratedComponent:51 - No mode defined for component null
2021-02-14 18:45:19,854 [WARN] ModelIntegratedComponent:51 - No mode defined for component null
2021-02-14 18:45:19,855 [WARN] ModelIntegratedComponent:51 - No mode defined for component null
2021-02-14 18:45:19,855 [WARN] ModelIntegratedComponent:51 - No mode defined for component null
2021-02-14 18:45:19,855 [WARN] ModelIntegratedComponent:51 - No mode defined for component null
2021-02-14 18:45:19,855 [WARN] ModelIntegratedComponent:51 - No mode defined for component null
2021-02-14 18:45:19,855 [WARN] ModelIntegratedComponent:51 - No mode defined for component null
2021-02-14 18:45:19,855 [WARN] ModelIntegratedComponent:51 - No mode defined for component null
2021-02-14 18:45:19,855 [WARN] ModelIntegratedComponent:51 - No mode defined for component null
2021-02-14 18:45:19,856 [WARN] ModelIntegratedComponent:51 - No mode defined for component null
2021-02-14 18:45:19,856 [WARN] ModelIntegratedComponent:51 - No mode defined for component null
2021-02-14 18:45:19,856 [WARN] ModelIntegratedComponent:51 - No mode defined for component null
2021-02-14 18:45:19,856 [WARN] ModelIntegratedComponent:51 - No mode defined for component null
2021-02-14 18:45:19,856 [WARN] ModelIntegratedComponent:51 - No mode defined for component null
2021-02-14 18:45:19,856 [WARN] ModelIntegratedComponent:51 - No mode defined for component null
2021-02-14 18:45:19,858 [WARN] ModelIntegratedComponent:51 - No mode defined for component null
2021-02-14 18:45:19,859 [WARN] ModelIntegratedComponent:51 - No mode defined for component null
2021-02-14 18:45:19,859 [WARN] ModelIntegratedComponent:51 - No mode defined for component null
2021-02-14 18:45:19,860 [WARN] ModelIntegratedComponent:51 - No mode defined for component null
2021-02-14 18:45:19,862 [WARN] ModelIntegratedComponent:51 - No mode defined for component null
2021-02-14 18:45:19,862 [WARN] ModelIntegratedComponent:51 - No mode defined for component null
2021-02-14 18:45:19,862 [WARN] ModelIntegratedComponent:51 - No mode defined for component null
2021-02-14 18:45:19,874 [WARN] ApiManager:294 - Cannot register API 'Board Extension:S2868A1' from pack STMicroelectronics.X-CUBE-SFXS2LP1.2.0.0: no header file found
2021-02-14 18:45:19,874 [WARN] ApiManager:294 - Cannot register API 'Board Extension:S2868A2' from pack STMicroelectronics.X-CUBE-SFXS2LP1.2.0.0: no header file found
2021-02-14 18:45:19,874 [WARN] ApiManager:294 - Cannot register API 'Board Extension:S2915A1' from pack STMicroelectronics.X-CUBE-SFXS2LP1.2.0.0: no header file found
2021-02-14 18:45:20,011 [WARN] ApiManager:294 - Cannot register API 'Board Extension:IKS01A3' from pack STMicroelectronics.X-CUBE-MEMS1.8.2.0: no header file found
2021-02-14 18:45:20,011 [WARN] ApiManager:294 - Cannot register API 'Board Extension:IKS01A2' from pack STMicroelectronics.X-CUBE-MEMS1.8.2.0: no header file found
2021-02-14 18:45:20,011 [WARN] ApiManager:294 - Cannot register API 'Board Extension:IKS02A1' from pack STMicroelectronics.X-CUBE-MEMS1.8.2.0: no header file found
2021-02-14 18:45:20,031 [WARN] ApiManager:294 - Cannot register API 'Board Extension:EEPRMA1' from pack STMicroelectronics.X-CUBE-EEPRMA1.3.0.0: no header file found
2021-02-14 18:45:20,031 [WARN] ApiManager:294 - Cannot register API 'Board Extension:EEPRMA2' from pack STMicroelectronics.X-CUBE-EEPRMA1.3.0.0: no header file found
2021-02-14 18:45:20,036 [INFO] RtosManager:464 - Registered RTOS mode: class=CMSIS, group=RTOS, mode=CMSIS_V1, owner=FREERTOS
2021-02-14 18:45:20,036 [INFO] RtosManager:464 - Registered RTOS mode: class=CMSIS, group=RTOS2, mode=CMSIS_V2, owner=FREERTOS
2021-02-14 18:45:20,036 [INFO] RtosManager:464 - Registered RTOS mode: class=RTOS, group=Core, mode=CMSIS_V1, owner=FREERTOS
2021-02-14 18:45:20,036 [INFO] RtosManager:464 - Registered RTOS mode: class=RTOS, group=Core, mode=CMSIS_V2, owner=FREERTOS
2021-02-14 18:45:20,037 [WARN] ModelIntegratedComponent:182 - Missing modes for component STMicroelectronics:FreeRTOS:0.0.1:STMicroelectronics:RTOS:FreeRTOS:Core:::10.2.0:
2021-02-14 18:45:20,046 [WARN] ApiManager:294 - Cannot register API 'Board Extension:GNSS1A1' from pack STMicroelectronics.X-CUBE-GNSS1.5.1.0: no header file found
2021-02-14 18:45:20,046 [WARN] ApiManager:294 - Cannot register API 'Board Support:Custom' from pack STMicroelectronics.X-CUBE-GNSS1.5.1.0: no header file found
2021-02-14 18:45:20,047 [WARN] ApiManager:294 - Cannot register API 'Data Exchange:lib_gnss' from pack STMicroelectronics.X-CUBE-GNSS1.5.1.0: no header file found
2021-02-14 18:45:20,051 [WARN] ApiManager:294 - Cannot register API 'Wireless:BlueNRG-MS' from pack STMicroelectronics.X-CUBE-BLE1.6.1.0: no header file found
2021-02-14 18:45:20,053 [WARN] ApiManager:294 - Cannot register API 'Board Extension:NFC04A1' from pack STMicroelectronics.X-CUBE-NFC4.2.0.1: no header file found
2021-02-14 18:45:20,054 [WARN] ApiManager:294 - Cannot register API 'Wireless:BlueNRG-2' from pack STMicroelectronics.X-CUBE-BLE2.3.1.0: no header file found
2021-02-14 18:45:20,626 [INFO] UtilMem:74 - End LoadConfig() Used Memory: 313663992 Bytes (493879296)
2021-02-14 18:45:20,629 [WARN] ThirdParty:749 - waiting for thirdparty lock release [change project]
2021-02-14 18:45:20,629 [INFO] ThirdParty:751 - entering critical section [change project]
2021-02-14 18:45:20,629 [INFO] ThirdParty:939 - CMSIS Pack Vendor :STMicroelectronics USB_HOST 2.0.0
2021-02-14 18:45:20,630 [INFO] ThirdParty:939 - CMSIS Pack Vendor :STMicroelectronics X-CUBE-SUBG2 3.0.1
2021-02-14 18:45:20,630 [INFO] ThirdParty:939 - CMSIS Pack Vendor :STMicroelectronics X-CUBE-SUBG2 3.0.0
2021-02-14 18:45:20,630 [INFO] ThirdParty:939 - CMSIS Pack Vendor :STMicroelectronics USB_DEVICE 3.0.0
2021-02-14 18:45:20,630 [INFO] ThirdParty:939 - CMSIS Pack Vendor :STMicroelectronics HAL Drivers 0.0.0
2021-02-14 18:45:20,630 [INFO] ThirdParty:939 - CMSIS Pack Vendor :STMicroelectronics MBEDTLS 2.16.2
2021-02-14 18:45:20,630 [INFO] ThirdParty:939 - CMSIS Pack Vendor :STMicroelectronics X-CUBE-SFXS2LP1 2.0.0
2021-02-14 18:45:20,630 [INFO] ThirdParty:939 - CMSIS Pack Vendor :STMicroelectronics MBEDTLS 2.14.1
2021-02-14 18:45:20,630 [INFO] ThirdParty:939 - CMSIS Pack Vendor :STMicroelectronics USB_DEVICE 2.0.0
2021-02-14 18:45:20,630 [INFO] ThirdParty:939 - CMSIS Pack Vendor :STMicroelectronics X-CUBE-MEMS1 8.2.0
2021-02-14 18:45:20,630 [INFO] ThirdParty:939 - CMSIS Pack Vendor :STMicroelectronics X-CUBE-EEPRMA1 3.0.0
2021-02-14 18:45:20,631 [INFO] ThirdParty:939 - CMSIS Pack Vendor :STMicroelectronics X-CUBE-DISPLAY 1.0.0
2021-02-14 18:45:20,631 [INFO] ThirdParty:939 - CMSIS Pack Vendor :STMicroelectronics FreeRTOS 0.0.1
2021-02-14 18:45:20,631 [INFO] ThirdParty:939 - CMSIS Pack Vendor :STMicroelectronics USB_DEVICE 1.0.0
2021-02-14 18:45:20,631 [INFO] ThirdParty:939 - CMSIS Pack Vendor :STMicroelectronics X-CUBE-ALGOBUILD 1.1.0
2021-02-14 18:45:20,631 [INFO] ThirdParty:939 - CMSIS Pack Vendor :STMicroelectronics X-CUBE-GNSS1 5.1.0
2021-02-14 18:45:20,631 [INFO] ThirdParty:939 - CMSIS Pack Vendor :STMicroelectronics X-CUBE-BLE1 6.1.0
2021-02-14 18:45:20,631 [INFO] ThirdParty:939 - CMSIS Pack Vendor :STMicroelectronics lwIP 2.0.3
2021-02-14 18:45:20,631 [INFO] ThirdParty:939 - CMSIS Pack Vendor :STMicroelectronics lwIP 2.1.2
2021-02-14 18:45:20,632 [INFO] ThirdParty:939 - CMSIS Pack Vendor :STMicroelectronics USB_HOST 1.0.0
2021-02-14 18:45:20,632 [INFO] ThirdParty:939 - CMSIS Pack Vendor :STMicroelectronics X-CUBE-TOUCHGFX 4.15.0
2021-02-14 18:45:20,632 [INFO] ThirdParty:939 - CMSIS Pack Vendor :STMicroelectronics X-CUBE-NFC4 2.0.1
2021-02-14 18:45:20,632 [INFO] ThirdParty:939 - CMSIS Pack Vendor :STMicroelectronics X-CUBE-AI 5.2.0
2021-02-14 18:45:20,632 [INFO] ThirdParty:939 - CMSIS Pack Vendor :STMicroelectronics PDM2PCM 3.1.0
2021-02-14 18:45:20,632 [INFO] ThirdParty:939 - CMSIS Pack Vendor :STMicroelectronics X-CUBE-TOUCHGFX 4.16.0
2021-02-14 18:45:20,632 [INFO] ThirdParty:939 - CMSIS Pack Vendor :STMicroelectronics PDM2PCM 3.2.0
2021-02-14 18:45:20,632 [INFO] ThirdParty:939 - CMSIS Pack Vendor :STMicroelectronics X-CUBE-BLE2 3.1.0
2021-02-14 18:45:20,633 [INFO] ThirdParty:939 - CMSIS Pack Vendor :STMicroelectronics PDM2PCM 3.3.0
2021-02-14 18:45:20,633 [INFO] ThirdParty:757 - exiting critical section [change project]
2021-02-14 18:45:21,155 [INFO] PinOutPanel:1434 - setPackage(No Configuration,No Configuration)
2021-02-14 18:45:21,158 [INFO] PinOutPanel:1434 - setPackage(STM32F103C8Tx,LQFP48)
2021-02-14 18:45:22,074 [INFO] UtilMem:74 - Before build in PCC Used Memory: 352701800 Bytes (493879296)
2021-02-14 18:45:22,840 [INFO] SharedServices:72 - Folder for power plug-in: C:/Users/alina/.stm32cubemx/plugins/power
2021-02-14 18:45:22,976 [INFO] SharedServices:72 - Folder for power plug-in: C:/Users/alina/.stm32cubemx/plugins/power
2021-02-14 18:45:23,058 [INFO] SharedServices:72 - Folder for power plug-in: C:/Users/alina/.stm32cubemx/plugins/power
2021-02-14 18:45:23,070 [INFO] SharedServices:72 - Folder for power plug-in: C:/Users/alina/.stm32cubemx/plugins/power
2021-02-14 18:45:23,371 [INFO] UtilMem:74 - After build in PCC Used Memory: 405656928 Bytes (493879296)
2021-02-14 18:45:23,419 [INFO] IPUIPlugin:64 - create IPUIPlugin
2021-02-14 18:45:23,423 [INFO] IPUIPlugin:64 - create IPUIPlugin
2021-02-14 18:45:23,423 [INFO] IPUIPlugin:64 - create IPUIPlugin
2021-02-14 18:45:23,424 [INFO] IPUIPlugin:64 - create IPUIPlugin
2021-02-14 18:45:23,424 [INFO] IPUIPlugin:64 - create IPUIPlugin
2021-02-14 18:45:23,424 [INFO] IPUIPlugin:64 - create IPUIPlugin
2021-02-14 18:45:23,424 [INFO] IPUIPlugin:64 - create IPUIPlugin
2021-02-14 18:45:23,424 [INFO] IPUIPlugin:64 - create IPUIPlugin
2021-02-14 18:45:23,425 [INFO] IPUIPlugin:64 - create IPUIPlugin
2021-02-14 18:45:23,425 [INFO] IPUIPlugin:64 - create IPUIPlugin
2021-02-14 18:45:23,425 [INFO] IPUIPlugin:64 - create IPUIPlugin
2021-02-14 18:45:23,426 [INFO] IPUIPlugin:64 - create IPUIPlugin
2021-02-14 18:45:23,426 [INFO] IPUIPlugin:64 - create IPUIPlugin
2021-02-14 18:45:23,426 [INFO] IPUIPlugin:64 - create IPUIPlugin
2021-02-14 18:45:23,427 [INFO] IPUIPlugin:64 - create IPUIPlugin
2021-02-14 18:45:23,427 [INFO] IPUIPlugin:64 - create IPUIPlugin
2021-02-14 18:45:23,428 [INFO] IPUIPlugin:64 - create IPUIPlugin
2021-02-14 18:45:23,428 [INFO] IPUIPlugin:64 - create IPUIPlugin
2021-02-14 18:45:23,429 [INFO] IPUIPlugin:64 - create IPUIPlugin
2021-02-14 18:45:23,429 [INFO] IPUIPlugin:64 - create IPUIPlugin
2021-02-14 18:45:23,429 [INFO] IPUIPlugin:64 - create IPUIPlugin
2021-02-14 18:45:23,430 [INFO] IPUIPlugin:64 - create IPUIPlugin
2021-02-14 18:45:23,431 [INFO] IPUIPlugin:64 - create IPUIPlugin
2021-02-14 18:45:23,431 [INFO] IPUIPlugin:64 - create IPUIPlugin
2021-02-14 18:45:23,433 [INFO] IPUIPlugin:64 - create IPUIPlugin
2021-02-14 18:45:23,434 [INFO] IPUIPlugin:64 - create IPUIPlugin
2021-02-14 18:45:23,436 [INFO] IPUIPlugin:64 - create IPUIPlugin
2021-02-14 18:45:23,476 [INFO] LogOutputStream:76 - [STDOUT_REDIRECT] toolchainItems.length=====1
2021-02-14 18:45:23,755 [INFO] OpenFileManager:294 - Restore cursor
2021-02-14 18:45:24,313 [INFO] UtilMem:74 - End SaveConfig() Used Memory: 329433456 Bytes (493879296)
2021-02-14 18:45:24,600 [INFO] UtilMem:74 - End SaveConfig() Used Memory: 334676336 Bytes (493879296)
2021-02-14 18:45:25,640 [INFO] BlockDiagram:2735 - set Specific Code input for plugin: NVIC
2021-02-14 18:45:25,640 [INFO] BlockDiagram:2735 - set Specific Code input for plugin: SYS
2021-02-14 18:45:25,640 [INFO] BlockDiagram:2735 - set Specific Code input for plugin: RCC
2021-02-14 18:45:25,642 [INFO] CodeGenerator:639 - code generatio: config db path: C:\ST\STM32CubeIDE_1.5.1\STM32CubeIDE\plugins\com.st.stm32cube.common.mx_6.1.1.202012091304\\db\
2021-02-14 18:45:26,576 [INFO] CodeEngine:229 - oldGeneratedFile, D:\my_Projects\Electronic\STM32\CubeIDE\LCDI2C\MXTmpFiles\license.tmp_save
2021-02-14 18:45:27,572 [INFO] CodeEngine:247 - Generated code: D:\my_Projects\Electronic\STM32\CubeIDE\LCDI2C\MXTmpFiles\license.tmp
2021-02-14 18:45:27,767 [INFO] CodeEngine:229 - oldGeneratedFile, D:\my_Projects\Electronic\STM32\CubeIDE\LCDI2C\Core\Src\stm32f1xx_it.c_save
2021-02-14 18:45:28,070 [INFO] CodeEngine:247 - Generated code: D:\my_Projects\Electronic\STM32\CubeIDE\LCDI2C\Core\Src\stm32f1xx_it.c
2021-02-14 18:45:28,075 [INFO] CodeEngine:229 - oldGeneratedFile, D:\my_Projects\Electronic\STM32\CubeIDE\LCDI2C\Core\Inc\stm32f1xx_it.h_save
2021-02-14 18:45:28,288 [INFO] CodeEngine:247 - Generated code: D:\my_Projects\Electronic\STM32\CubeIDE\LCDI2C\Core\Inc\stm32f1xx_it.h
2021-02-14 18:45:28,366 [INFO] CodeEngine:229 - oldGeneratedFile, D:\my_Projects\Electronic\STM32\CubeIDE\LCDI2C\Core\Src\stm32f1xx_hal_msp.c_save
2021-02-14 18:45:28,657 [INFO] CodeEngine:247 - Generated code: D:\my_Projects\Electronic\STM32\CubeIDE\LCDI2C\Core\Src\stm32f1xx_hal_msp.c
2021-02-14 18:45:28,674 [INFO] CodeEngine:229 - oldGeneratedFile, D:\my_Projects\Electronic\STM32\CubeIDE\LCDI2C\MXTmpFiles\system.tmp_save
2021-02-14 18:45:28,840 [INFO] CodeEngine:247 - Generated code: D:\my_Projects\Electronic\STM32\CubeIDE\LCDI2C\MXTmpFiles\system.tmp
2021-02-14 18:45:28,918 [INFO] CodeEngine:229 - oldGeneratedFile, D:\my_Projects\Electronic\STM32\CubeIDE\LCDI2C\Core\Inc\stm32f1xx_hal_conf.h_save
2021-02-14 18:45:29,349 [INFO] CodeEngine:247 - Generated code: D:\my_Projects\Electronic\STM32\CubeIDE\LCDI2C\Core\Inc\stm32f1xx_hal_conf.h
2021-02-14 18:45:29,510 [INFO] CodeEngine:229 - oldGeneratedFile, D:\my_Projects\Electronic\STM32\CubeIDE\LCDI2C\Core\Inc\main.h_save
2021-02-14 18:45:29,707 [INFO] CodeEngine:247 - Generated code: D:\my_Projects\Electronic\STM32\CubeIDE\LCDI2C\Core\Inc\main.h
2021-02-14 18:45:29,731 [INFO] CodeEngine:229 - oldGeneratedFile, D:\my_Projects\Electronic\STM32\CubeIDE\LCDI2C\Core\Src\main.c_save
2021-02-14 18:45:29,988 [INFO] CodeEngine:247 - Generated code: D:\my_Projects\Electronic\STM32\CubeIDE\LCDI2C\Core\Src\main.c
2021-02-14 18:45:31,999 [INFO] ProjectBuilder:2328 - Time for Copy HAL[1] : 883mS.
2021-02-14 18:45:32,027 [INFO] ProjectBuilder:3259 - Project Generator version: 3.11.2
2021-02-14 18:45:32,771 [INFO] ConfigFileManager:1238 - The Die is : DIE410
2021-02-14 18:45:32,783 [INFO] ApiDbMcu:456 - Load IP Config File for FATFS
2021-02-14 18:45:32,790 [INFO] ApiDbMcu:456 - Load IP Config File for FREERTOS
2021-02-14 18:45:32,803 [INFO] ApiDbMcu:456 - Load IP Config File for USB_DEVICE
2021-02-14 18:45:38,643 [INFO] ProjectBuilder:3425 - Time for Generating toolchain IDE Files: 6616mS.
2021-02-14 18:45:38,644 [INFO] ProjectBuilder:2207 - Time for Copy CMSIS : 0mS.
2021-02-14 18:45:38,646 [INFO] ProjectBuilder:2207 - Time for Copy CMSIS : 0mS.
2021-02-14 18:45:40,896 [INFO] ApiDb:263 - Save user favorites file C:\Users\alina/.stm32cubeide/favorites.mcus.txt: 0 item(s)
2021-02-14 18:45:40,896 [INFO] ApiDb:267 - User favorites MCUs=[]
2021-02-14 18:45:42,323 [INFO] UtilMem:74 - End SaveConfig() Used Memory: 376019736 Bytes (977272832)
2021-02-14 18:45:42,415 [INFO] UtilMem:74 - End SaveConfig() Used Memory: 382219536 Bytes (977272832)
2021-02-14 18:45:43,265 [INFO] BlockDiagram:2735 - set Specific Code input for plugin: NVIC
2021-02-14 18:45:43,265 [INFO] BlockDiagram:2735 - set Specific Code input for plugin: SYS
2021-02-14 18:45:43,266 [INFO] BlockDiagram:2735 - set Specific Code input for plugin: RCC
2021-02-14 18:45:43,267 [INFO] CodeGenerator:639 - code generatio: config db path: C:\ST\STM32CubeIDE_1.5.1\STM32CubeIDE\plugins\com.st.stm32cube.common.mx_6.1.1.202012091304\\db\
2021-02-14 18:45:43,943 [INFO] CodeEngine:229 - oldGeneratedFile, D:\my_Projects\Electronic\STM32\CubeIDE\LCDI2C\MXTmpFiles\license.tmp_save
2021-02-14 18:45:44,091 [INFO] CodeEngine:247 - Generated code: D:\my_Projects\Electronic\STM32\CubeIDE\LCDI2C\MXTmpFiles\license.tmp
2021-02-14 18:45:44,250 [INFO] CodeEngine:229 - oldGeneratedFile, D:\my_Projects\Electronic\STM32\CubeIDE\LCDI2C\Core\Src\stm32f1xx_it.c_save
2021-02-14 18:45:44,466 [INFO] CodeEngine:247 - Generated code: D:\my_Projects\Electronic\STM32\CubeIDE\LCDI2C\Core\Src\stm32f1xx_it.c
2021-02-14 18:45:44,477 [INFO] CodeEngine:229 - oldGeneratedFile, D:\my_Projects\Electronic\STM32\CubeIDE\LCDI2C\Core\Inc\stm32f1xx_it.h_save
2021-02-14 18:45:44,631 [INFO] CodeEngine:247 - Generated code: D:\my_Projects\Electronic\STM32\CubeIDE\LCDI2C\Core\Inc\stm32f1xx_it.h
2021-02-14 18:45:44,743 [INFO] CodeEngine:229 - oldGeneratedFile, D:\my_Projects\Electronic\STM32\CubeIDE\LCDI2C\Core\Src\stm32f1xx_hal_msp.c_save
2021-02-14 18:45:45,094 [INFO] CodeEngine:247 - Generated code: D:\my_Projects\Electronic\STM32\CubeIDE\LCDI2C\Core\Src\stm32f1xx_hal_msp.c
2021-02-14 18:45:45,100 [INFO] CodeEngine:229 - oldGeneratedFile, D:\my_Projects\Electronic\STM32\CubeIDE\LCDI2C\MXTmpFiles\system.tmp_save
2021-02-14 18:45:45,199 [INFO] CodeEngine:247 - Generated code: D:\my_Projects\Electronic\STM32\CubeIDE\LCDI2C\MXTmpFiles\system.tmp
2021-02-14 18:45:45,270 [INFO] CodeEngine:229 - oldGeneratedFile, D:\my_Projects\Electronic\STM32\CubeIDE\LCDI2C\Core\Inc\stm32f1xx_hal_conf.h_save
2021-02-14 18:45:45,520 [INFO] CodeEngine:247 - Generated code: D:\my_Projects\Electronic\STM32\CubeIDE\LCDI2C\Core\Inc\stm32f1xx_hal_conf.h
2021-02-14 18:45:45,644 [INFO] CodeEngine:229 - oldGeneratedFile, D:\my_Projects\Electronic\STM32\CubeIDE\LCDI2C\Core\Inc\main.h_save
2021-02-14 18:45:45,758 [INFO] CodeEngine:247 - Generated code: D:\my_Projects\Electronic\STM32\CubeIDE\LCDI2C\Core\Inc\main.h
2021-02-14 18:45:45,799 [INFO] CodeEngine:229 - oldGeneratedFile, D:\my_Projects\Electronic\STM32\CubeIDE\LCDI2C\Core\Src\main.c_save
2021-02-14 18:45:45,932 [INFO] CodeEngine:247 - Generated code: D:\my_Projects\Electronic\STM32\CubeIDE\LCDI2C\Core\Src\main.c
2021-02-14 18:45:47,422 [INFO] ProjectBuilder:2328 - Time for Copy HAL[1] : 717mS.
2021-02-14 18:45:47,424 [INFO] ProjectBuilder:3259 - Project Generator version: 3.11.2
2021-02-14 18:45:47,752 [INFO] ConfigFileManager:1238 - The Die is : DIE410
2021-02-14 18:45:51,305 [INFO] ProjectBuilder:3425 - Time for Generating toolchain IDE Files: 3881mS.
2021-02-14 18:45:51,311 [INFO] ProjectBuilder:2207 - Time for Copy CMSIS : 1mS.
2021-02-14 18:45:51,313 [INFO] ProjectBuilder:2207 - Time for Copy CMSIS : 0mS.
2021-02-14 18:45:52,933 [INFO] ApiDb:263 - Save user favorites file C:\Users\alina/.stm32cubeide/favorites.mcus.txt: 0 item(s)
2021-02-14 18:45:52,933 [INFO] ApiDb:267 - User favorites MCUs=[]
2021-02-14 18:47:59,626 [INFO] Gpio:248 - dependency for GPIO [RCC, SYS]
2021-02-14 18:48:17,202 [INFO] Gpio:248 - dependency for GPIO [RCC, SYS]
2021-02-14 18:48:28,891 [WARN] IP:2091 - I2C_Coeff_DF not found: check if there is a RefParameter without a condition.
2021-02-14 18:48:28,891 [WARN] IP:2091 - Analog_Filter not found: check if there is a RefParameter without a condition.
2021-02-14 18:48:28,907 [WARN] IP:2091 - I2C_Coeff_DF not found: check if there is a RefParameter without a condition.
2021-02-14 18:48:28,907 [WARN] IP:2091 - Analog_Filter not found: check if there is a RefParameter without a condition.
2021-02-14 18:48:28,908 [WARN] IP:2091 - I2C_Coeff_DF not found: check if there is a RefParameter without a condition.
2021-02-14 18:48:28,908 [WARN] IP:2091 - Analog_Filter not found: check if there is a RefParameter without a condition.
2021-02-14 18:48:28,980 [WARN] IP:2091 - I2C_Coeff_DF not found: check if there is a RefParameter without a condition.
2021-02-14 18:48:28,980 [WARN] IP:2091 - Analog_Filter not found: check if there is a RefParameter without a condition.
2021-02-14 18:48:28,982 [WARN] IP:2091 - I2C_Coeff_DF not found: check if there is a RefParameter without a condition.
2021-02-14 18:48:28,982 [WARN] IP:2091 - Analog_Filter not found: check if there is a RefParameter without a condition.
2021-02-14 18:48:28,987 [WARN] IP:2091 - I2C_Coeff_DF not found: check if there is a RefParameter without a condition.
2021-02-14 18:48:28,987 [WARN] IP:2091 - Analog_Filter not found: check if there is a RefParameter without a condition.
2021-02-14 18:48:33,094 [INFO] NvicIntPanel:90 - NVIC parent = com.st.microxplorer.plugins.ip.nvic.MultiNvicIntPanel[,0,0,519x285,layout=javax.swing.BoxLayout,alignmentX=0.0,alignmentY=0.0,border=,flags=9,maximumSize=,minimumSize=,preferredSize=]
2021-02-14 18:48:35,265 [WARN] IP:2091 - I2C_Coeff_DF not found: check if there is a RefParameter without a condition.
2021-02-14 18:48:35,265 [WARN] IP:2091 - Analog_Filter not found: check if there is a RefParameter without a condition.
2021-02-14 18:48:35,270 [WARN] IP:2091 - I2C_Coeff_DF not found: check if there is a RefParameter without a condition.
2021-02-14 18:48:35,271 [WARN] IP:2091 - Analog_Filter not found: check if there is a RefParameter without a condition.
2021-02-14 18:48:35,276 [WARN] IP:2091 - I2C_Coeff_DF not found: check if there is a RefParameter without a condition.
2021-02-14 18:48:35,276 [WARN] IP:2091 - Analog_Filter not found: check if there is a RefParameter without a condition.
2021-02-14 18:48:35,286 [INFO] NvicIntPanel:90 - NVIC parent = com.st.microxplorer.plugins.ip.nvic.MultiNvicIntPanel[,0,0,0x0,invalid,layout=javax.swing.BoxLayout,alignmentX=0.0,alignmentY=0.0,border=,flags=9,maximumSize=,minimumSize=,preferredSize=]
2021-02-14 18:48:43,947 [WARN] IP:2091 - I2C_Coeff_DF not found: check if there is a RefParameter without a condition.
2021-02-14 18:48:43,947 [WARN] IP:2091 - Analog_Filter not found: check if there is a RefParameter without a condition.
2021-02-14 18:48:43,949 [WARN] IP:2091 - I2C_Coeff_DF not found: check if there is a RefParameter without a condition.
2021-02-14 18:48:43,949 [WARN] IP:2091 - Analog_Filter not found: check if there is a RefParameter without a condition.
2021-02-14 18:49:13,583 [WARN] IP:2091 - I2C_Coeff_DF not found: check if there is a RefParameter without a condition.
2021-02-14 18:49:13,584 [WARN] IP:2091 - Analog_Filter not found: check if there is a RefParameter without a condition.
2021-02-14 18:49:13,587 [WARN] IP:2091 - I2C_Coeff_DF not found: check if there is a RefParameter without a condition.
2021-02-14 18:49:13,587 [WARN] IP:2091 - Analog_Filter not found: check if there is a RefParameter without a condition.
2021-02-14 18:49:57,490 [WARN] IP:2091 - I2C_Coeff_DF not found: check if there is a RefParameter without a condition.
2021-02-14 18:49:57,490 [WARN] IP:2091 - Analog_Filter not found: check if there is a RefParameter without a condition.
2021-02-14 18:49:57,491 [WARN] IP:2091 - I2C_Coeff_DF not found: check if there is a RefParameter without a condition.
2021-02-14 18:49:57,491 [WARN] IP:2091 - Analog_Filter not found: check if there is a RefParameter without a condition.
2021-02-14 18:50:01,472 [WARN] IP:2091 - I2C_Coeff_DF not found: check if there is a RefParameter without a condition.
2021-02-14 18:50:01,472 [WARN] IP:2091 - Analog_Filter not found: check if there is a RefParameter without a condition.
2021-02-14 18:50:01,473 [WARN] IP:2091 - I2C_Coeff_DF not found: check if there is a RefParameter without a condition.
2021-02-14 18:50:01,474 [WARN] IP:2091 - Analog_Filter not found: check if there is a RefParameter without a condition.
2021-02-14 18:50:16,908 [INFO] UtilMem:74 - End SaveConfig() Used Memory: 841947392 Bytes (1073741824)
2021-02-14 18:50:19,810 [INFO] UtilMem:74 - End SaveConfig() Used Memory: 852349320 Bytes (1073741824)
2021-02-14 18:50:24,396 [INFO] UtilMem:74 - End SaveConfig() Used Memory: 988009520 Bytes (1073741824)
2021-02-14 18:50:25,411 [INFO] BlockDiagram:2735 - set Specific Code input for plugin: NVIC
2021-02-14 18:50:25,411 [INFO] BlockDiagram:2735 - set Specific Code input for plugin: IWDG
2021-02-14 18:50:25,412 [INFO] BlockDiagram:2735 - set Specific Code input for plugin: DMA
2021-02-14 18:50:25,412 [INFO] BlockDiagram:2735 - set Specific Code input for plugin: USB_DEVICE
2021-02-14 18:50:25,412 [INFO] BlockDiagram:2735 - set Specific Code input for plugin: USB
2021-02-14 18:50:25,412 [INFO] BlockDiagram:2735 - set Specific Code input for plugin: SYS
2021-02-14 18:50:25,412 [INFO] BlockDiagram:2735 - set Specific Code input for plugin: GPIO
2021-02-14 18:50:25,412 [INFO] BlockDiagram:2735 - set Specific Code input for plugin: RCC
2021-02-14 18:50:25,412 [INFO] BlockDiagram:2735 - set Specific Code input for plugin: I2C
2021-02-14 18:50:25,413 [INFO] CodeGenerator:639 - code generatio: config db path: C:\ST\STM32CubeIDE_1.5.1\STM32CubeIDE\plugins\com.st.stm32cube.common.mx_6.1.1.202012091304\\db\
2021-02-14 18:50:25,417 [WARN] IP:2091 - I2C_Coeff_DF not found: check if there is a RefParameter without a condition.
2021-02-14 18:50:25,417 [WARN] IP:2091 - Analog_Filter not found: check if there is a RefParameter without a condition.
2021-02-14 18:50:25,976 [INFO] CodeEngine:229 - oldGeneratedFile, D:\my_Projects\Electronic\STM32\CubeIDE\LCDI2C\MXTmpFiles\license.tmp_save
2021-02-14 18:50:26,118 [INFO] CodeEngine:247 - Generated code: D:\my_Projects\Electronic\STM32\CubeIDE\LCDI2C\MXTmpFiles\license.tmp
2021-02-14 18:50:26,197 [INFO] CodeEngine:229 - oldGeneratedFile, D:\my_Projects\Electronic\STM32\CubeIDE\LCDI2C\MXTmpFiles\gpio.tmp_save
2021-02-14 18:50:26,301 [INFO] CodeEngine:247 - Generated code: D:\my_Projects\Electronic\STM32\CubeIDE\LCDI2C\MXTmpFiles\gpio.tmp
2021-02-14 18:50:26,304 [INFO] LogOutputStream:76 - [STDOUT_REDIRECT] Command line test
2021-02-14 18:50:26,381 [INFO] CodeEngine:229 - oldGeneratedFile, D:\my_Projects\Electronic\STM32\CubeIDE\LCDI2C\MXTmpFiles\usb_vars.tmp_save
2021-02-14 18:50:26,459 [INFO] CodeEngine:247 - Generated code: D:\my_Projects\Electronic\STM32\CubeIDE\LCDI2C\MXTmpFiles\usb_vars.tmp
2021-02-14 18:50:26,466 [INFO] CodeEngine:229 - oldGeneratedFile, D:\my_Projects\Electronic\STM32\CubeIDE\LCDI2C\MXTmpFiles\usb_inc.tmp_save
2021-02-14 18:50:26,596 [INFO] CodeEngine:247 - Generated code: D:\my_Projects\Electronic\STM32\CubeIDE\LCDI2C\MXTmpFiles\usb_inc.tmp
2021-02-14 18:50:26,624 [INFO] CodeEngine:229 - oldGeneratedFile, D:\my_Projects\Electronic\STM32\CubeIDE\LCDI2C\MXTmpFiles\usb_HalInit.tmp_save
2021-02-14 18:50:26,711 [INFO] CodeEngine:247 - Generated code: D:\my_Projects\Electronic\STM32\CubeIDE\LCDI2C\MXTmpFiles\usb_HalInit.tmp
2021-02-14 18:50:26,731 [INFO] CodeEngine:229 - oldGeneratedFile, D:\my_Projects\Electronic\STM32\CubeIDE\LCDI2C\MXTmpFiles\usb_Msp.tmp_save
2021-02-14 18:50:26,815 [INFO] CodeEngine:247 - Generated code: D:\my_Projects\Electronic\STM32\CubeIDE\LCDI2C\MXTmpFiles\usb_Msp.tmp
2021-02-14 18:50:26,830 [ERROR] IPConfigManager:1476 - ERROR: the RefConfig I2C_Analogue is not available in your config.xml file
2021-02-14 18:50:26,831 [ERROR] IPConfigManager:1476 - ERROR: the RefConfig I2C_DigitalFolter is not available in your config.xml file
2021-02-14 18:50:26,882 [INFO] LogOutputStream:76 - [STDOUT_REDIRECT] Command line
2021-02-14 18:50:26,944 [INFO] CodeEngine:229 - oldGeneratedFile, D:\my_Projects\Electronic\STM32\CubeIDE\LCDI2C\MXTmpFiles\dma.tmp_save
2021-02-14 18:50:27,040 [INFO] CodeEngine:247 - Generated code: D:\my_Projects\Electronic\STM32\CubeIDE\LCDI2C\MXTmpFiles\dma.tmp
2021-02-14 18:50:27,054 [INFO] CodeEngine:229 - oldGeneratedFile, D:\my_Projects\Electronic\STM32\CubeIDE\LCDI2C\MXTmpFiles\dma_GV.tmp_save
2021-02-14 18:50:27,152 [INFO] CodeEngine:247 - Generated code: D:\my_Projects\Electronic\STM32\CubeIDE\LCDI2C\MXTmpFiles\dma_GV.tmp
2021-02-14 18:50:27,153 [INFO] LogOutputStream:76 - [STDOUT_REDIRECT] Command line
2021-02-14 18:50:27,155 [INFO] LogOutputStream:76 - [STDOUT_REDIRECT] Command line
2021-02-14 18:50:27,157 [INFO] LogOutputStream:76 - [STDOUT_REDIRECT] Command line
2021-02-14 18:50:27,168 [INFO] Middleware:1252 - No code input for Bsp Dependency
2021-02-14 18:50:27,201 [INFO] CodeEngine:229 - oldGeneratedFile, D:\my_Projects\Electronic\STM32\CubeIDE\LCDI2C\USB_DEVICE\App\usb_device.c_save
2021-02-14 18:50:27,299 [INFO] CodeEngine:247 - Generated code: D:\my_Projects\Electronic\STM32\CubeIDE\LCDI2C\USB_DEVICE\App\usb_device.c
2021-02-14 18:50:27,310 [INFO] CodeEngine:229 - oldGeneratedFile, D:\my_Projects\Electronic\STM32\CubeIDE\LCDI2C\USB_DEVICE\App\usb_device.h_save
2021-02-14 18:50:27,370 [INFO] CodeEngine:247 - Generated code: D:\my_Projects\Electronic\STM32\CubeIDE\LCDI2C\USB_DEVICE\App\usb_device.h
2021-02-14 18:50:27,376 [INFO] CodeEngine:229 - oldGeneratedFile, D:\my_Projects\Electronic\STM32\CubeIDE\LCDI2C\USB_DEVICE\Target\usbd_conf.h_save
2021-02-14 18:50:27,436 [INFO] CodeEngine:247 - Generated code: D:\my_Projects\Electronic\STM32\CubeIDE\LCDI2C\USB_DEVICE\Target\usbd_conf.h
2021-02-14 18:50:27,451 [INFO] CodeEngine:229 - oldGeneratedFile, D:\my_Projects\Electronic\STM32\CubeIDE\LCDI2C\USB_DEVICE\Target\usbd_conf.c_save
2021-02-14 18:50:27,637 [INFO] CodeEngine:247 - Generated code: D:\my_Projects\Electronic\STM32\CubeIDE\LCDI2C\USB_DEVICE\Target\usbd_conf.c
2021-02-14 18:50:27,641 [INFO] CodeEngine:229 - oldGeneratedFile, D:\my_Projects\Electronic\STM32\CubeIDE\LCDI2C\USB_DEVICE\App\usbd_desc.h_save
2021-02-14 18:50:27,722 [INFO] CodeEngine:247 - Generated code: D:\my_Projects\Electronic\STM32\CubeIDE\LCDI2C\USB_DEVICE\App\usbd_desc.h
2021-02-14 18:50:27,740 [INFO] CodeEngine:229 - oldGeneratedFile, D:\my_Projects\Electronic\STM32\CubeIDE\LCDI2C\USB_DEVICE\App\usbd_desc.c_save
2021-02-14 18:50:27,847 [INFO] CodeEngine:247 - Generated code: D:\my_Projects\Electronic\STM32\CubeIDE\LCDI2C\USB_DEVICE\App\usbd_desc.c
2021-02-14 18:50:27,852 [INFO] CodeEngine:229 - oldGeneratedFile, D:\my_Projects\Electronic\STM32\CubeIDE\LCDI2C\USB_DEVICE\App\usbd_cdc_if.h_save
2021-02-14 18:50:27,922 [INFO] CodeEngine:247 - Generated code: D:\my_Projects\Electronic\STM32\CubeIDE\LCDI2C\USB_DEVICE\App\usbd_cdc_if.h
2021-02-14 18:50:27,938 [INFO] CodeEngine:229 - oldGeneratedFile, D:\my_Projects\Electronic\STM32\CubeIDE\LCDI2C\USB_DEVICE\App\usbd_cdc_if.c_save
2021-02-14 18:50:28,044 [INFO] CodeEngine:247 - Generated code: D:\my_Projects\Electronic\STM32\CubeIDE\LCDI2C\USB_DEVICE\App\usbd_cdc_if.c
2021-02-14 18:50:28,095 [INFO] CodeEngine:229 - oldGeneratedFile, D:\my_Projects\Electronic\STM32\CubeIDE\LCDI2C\Core\Src\stm32f1xx_it.c_save
2021-02-14 18:50:28,221 [INFO] CodeEngine:247 - Generated code: D:\my_Projects\Electronic\STM32\CubeIDE\LCDI2C\Core\Src\stm32f1xx_it.c
2021-02-14 18:50:28,227 [INFO] CodeEngine:229 - oldGeneratedFile, D:\my_Projects\Electronic\STM32\CubeIDE\LCDI2C\Core\Inc\stm32f1xx_it.h_save
2021-02-14 18:50:28,305 [INFO] CodeEngine:247 - Generated code: D:\my_Projects\Electronic\STM32\CubeIDE\LCDI2C\Core\Inc\stm32f1xx_it.h
2021-02-14 18:50:28,354 [INFO] CodeEngine:229 - oldGeneratedFile, D:\my_Projects\Electronic\STM32\CubeIDE\LCDI2C\Core\Src\stm32f1xx_hal_msp.c_save
2021-02-14 18:50:28,476 [INFO] CodeEngine:247 - Generated code: D:\my_Projects\Electronic\STM32\CubeIDE\LCDI2C\Core\Src\stm32f1xx_hal_msp.c
2021-02-14 18:50:28,480 [INFO] CodeEngine:229 - oldGeneratedFile, D:\my_Projects\Electronic\STM32\CubeIDE\LCDI2C\MXTmpFiles\system.tmp_save
2021-02-14 18:50:28,537 [INFO] CodeEngine:247 - Generated code: D:\my_Projects\Electronic\STM32\CubeIDE\LCDI2C\MXTmpFiles\system.tmp
2021-02-14 18:50:28,578 [INFO] CodeEngine:229 - oldGeneratedFile, D:\my_Projects\Electronic\STM32\CubeIDE\LCDI2C\Core\Inc\stm32f1xx_hal_conf.h_save
2021-02-14 18:50:28,706 [INFO] CodeEngine:247 - Generated code: D:\my_Projects\Electronic\STM32\CubeIDE\LCDI2C\Core\Inc\stm32f1xx_hal_conf.h
2021-02-14 18:50:28,783 [INFO] CodeEngine:229 - oldGeneratedFile, D:\my_Projects\Electronic\STM32\CubeIDE\LCDI2C\Core\Inc\main.h_save
2021-02-14 18:50:28,865 [INFO] CodeEngine:247 - Generated code: D:\my_Projects\Electronic\STM32\CubeIDE\LCDI2C\Core\Inc\main.h
2021-02-14 18:50:28,890 [INFO] CodeEngine:229 - oldGeneratedFile, D:\my_Projects\Electronic\STM32\CubeIDE\LCDI2C\Core\Src\main.c_save
2021-02-14 18:50:29,054 [INFO] CodeEngine:247 - Generated code: D:\my_Projects\Electronic\STM32\CubeIDE\LCDI2C\Core\Src\main.c
2021-02-14 18:50:30,250 [INFO] ProjectBuilder:2328 - Time for Copy HAL[1] : 765mS.
2021-02-14 18:50:30,255 [INFO] ProjectBuilder:3259 - Project Generator version: 3.11.2
2021-02-14 18:50:30,682 [INFO] ConfigFileManager:1238 - The Die is : DIE410
2021-02-14 18:50:33,156 [INFO] ProjectBuilder:3425 - Time for Generating toolchain IDE Files: 2901mS.
2021-02-14 18:50:33,157 [INFO] ProjectBuilder:2207 - Time for Copy CMSIS : 0mS.
2021-02-14 18:50:33,161 [INFO] ProjectBuilder:2207 - Time for Copy CMSIS : 0mS.
2021-02-18 20:49:33,981 [INFO] Activator:170 - 


2021-02-18 20:49:34,003 [INFO] Activator:171 - !SESSION log4j initialized
2021-02-18 20:50:28,112 [INFO] McuFinderGlobals:40 - Set McuFinder mode to 2 (CubeIDE integrated)
2021-02-18 20:50:28,914 [INFO] ApplicationProperties:181 - Using Application install path: C:\ST\STM32CubeIDE_1.5.1\STM32CubeIDE\plugins\com.st.stm32cube.common.mx_6.1.1.202012091304
2021-02-18 20:50:28,933 [INFO] DbMcusXml:71 - Set database path to: C:\ST\STM32CubeIDE_1.5.1\STM32CubeIDE\plugins\com.st.stm32cube.common.mx_6.1.1.202012091304\\db\/mcu/
2021-02-18 20:50:28,937 [INFO] DbBoardsPdsc:57 - Set plugin database path to: C:\ST\STM32CubeIDE_1.5.1\STM32CubeIDE\plugins\com.st.stm32cube.common.mx_6.1.1.202012091304\\db\/plugins/boardmanager/
2021-02-18 20:50:28,937 [INFO] DbMcus:259 - Set plugin images path to: C:\ST\STM32CubeIDE_1.5.1\STM32CubeIDE\plugins\com.st.stm32cube.common.mx_6.1.1.202012091304\\db\/plugins/mcufinder/images/
2021-02-18 20:50:28,938 [INFO] DbBoards:265 - Set plugin images path to: C:\ST\STM32CubeIDE_1.5.1\STM32CubeIDE\plugins\com.st.stm32cube.common.mx_6.1.1.202012091304\\db\/plugins/mcufinder/images/
2021-02-18 20:50:28,941 [INFO] DbExamples:329 - Set plugin images path to: C:\ST\STM32CubeIDE_1.5.1\STM32CubeIDE\plugins\com.st.stm32cube.common.mx_6.1.1.202012091304\\db\/plugins/mcufinder/images/
2021-02-18 20:50:28,957 [INFO] DbMcusDocs:112 - Set database path to: C:\Users\alina\.stmcufinder\plugins\mcufinder//mcu/
2021-02-18 20:50:28,959 [INFO] DbMcusJson:63 - Set database path to: C:\Users\alina\.stmcufinder\plugins\mcufinder//mcu/
2021-02-18 20:50:28,960 [INFO] DbBoardsDocs:112 - Set database path to: C:\Users\alina\.stmcufinder\plugins\mcufinder//mcu/
2021-02-18 20:50:28,961 [INFO] DbBoardsJson:56 - Set database path to: C:\Users\alina\.stmcufinder\plugins\mcufinder//mcu/
2021-02-18 20:50:29,008 [INFO] CrossReferenceDbSqlite:196 - Set database path to: C:\Users\alina\.stmcufinder\plugins\mcufinder//mcu/cs/
2021-02-18 20:50:29,013 [INFO] DbExamplesSqlite:699 - Set database path to: C:\Users\alina\.stmcufinder\plugins\mcufinder//mcu/
2021-02-18 20:50:29,226 [INFO] RulesReader:52 - Compatibility file has been processed (228 Rules)
2021-02-18 20:50:29,566 [INFO] MicroXplorer:565 - Detected Java Version = 1.8.0_272
2021-02-18 20:50:29,566 [INFO] DbMcusXml:71 - Set database path to: C:\ST\STM32CubeIDE_1.5.1\STM32CubeIDE\plugins\com.st.stm32cube.common.mx_6.1.1.202012091304\\db\/mcu/
2021-02-18 20:50:29,567 [INFO] DbBoardsPdsc:57 - Set plugin database path to: C:\ST\STM32CubeIDE_1.5.1\STM32CubeIDE\plugins\com.st.stm32cube.common.mx_6.1.1.202012091304\\db\/plugins/boardmanager/
2021-02-18 20:50:29,568 [INFO] DbMcus:259 - Set plugin images path to: C:\ST\STM32CubeIDE_1.5.1\STM32CubeIDE\plugins\com.st.stm32cube.common.mx_6.1.1.202012091304\\db\/plugins/mcufinder/images/
2021-02-18 20:50:29,568 [INFO] DbBoards:265 - Set plugin images path to: C:\ST\STM32CubeIDE_1.5.1\STM32CubeIDE\plugins\com.st.stm32cube.common.mx_6.1.1.202012091304\\db\/plugins/mcufinder/images/
2021-02-18 20:50:29,568 [INFO] DbExamples:329 - Set plugin images path to: C:\ST\STM32CubeIDE_1.5.1\STM32CubeIDE\plugins\com.st.stm32cube.common.mx_6.1.1.202012091304\\db\/plugins/mcufinder/images/
2021-02-18 20:50:29,569 [WARN] DbFile:36 - Overriding database path with different value: C:\Users\alina\.stmcufinder\plugins\mcufinder/ => C:\Users\alina\.stmcufinder\plugins\mcufinder
2021-02-18 20:50:29,569 [INFO] DbMcusDocs:112 - Set database path to: C:\Users\alina\.stmcufinder\plugins\mcufinder//mcu/
2021-02-18 20:50:29,569 [WARN] DbFile:36 - Overriding database path with different value: C:\Users\alina\.stmcufinder\plugins\mcufinder/ => C:\Users\alina\.stmcufinder\plugins\mcufinder
2021-02-18 20:50:29,569 [INFO] DbMcusJson:63 - Set database path to: C:\Users\alina\.stmcufinder\plugins\mcufinder//mcu/
2021-02-18 20:50:29,569 [WARN] DbFile:36 - Overriding database path with different value: C:\Users\alina\.stmcufinder\plugins\mcufinder/ => C:\Users\alina\.stmcufinder\plugins\mcufinder
2021-02-18 20:50:29,570 [INFO] DbBoardsDocs:112 - Set database path to: C:\Users\alina\.stmcufinder\plugins\mcufinder//mcu/
2021-02-18 20:50:29,570 [WARN] DbFile:36 - Overriding database path with different value: C:\Users\alina\.stmcufinder\plugins\mcufinder/ => C:\Users\alina\.stmcufinder\plugins\mcufinder
2021-02-18 20:50:29,570 [INFO] DbBoardsJson:56 - Set database path to: C:\Users\alina\.stmcufinder\plugins\mcufinder//mcu/
2021-02-18 20:50:29,571 [WARN] DbFile:36 - Overriding database path with different value: C:\Users\alina\.stmcufinder\plugins\mcufinder/ => C:\Users\alina\.stmcufinder\plugins\mcufinder
2021-02-18 20:50:29,571 [WARN] DbFile:36 - Overriding database path with different value: C:\Users\alina\.stmcufinder\plugins\mcufinder/ => C:\Users\alina\.stmcufinder\plugins\mcufinder
2021-02-18 20:50:29,571 [INFO] CrossReferenceDbSqlite:196 - Set database path to: C:\Users\alina\.stmcufinder\plugins\mcufinder//mcu/cs/
2021-02-18 20:50:29,571 [WARN] DbFile:36 - Overriding database path with different value: C:\Users\alina\.stmcufinder\plugins\mcufinder/ => C:\Users\alina\.stmcufinder\plugins\mcufinder
2021-02-18 20:50:29,571 [INFO] DbExamplesSqlite:699 - Set database path to: C:\Users\alina\.stmcufinder\plugins\mcufinder//mcu/
2021-02-18 20:50:29,742 [INFO] MainPanel:190 - HeapMemory: 268435456
2021-02-18 20:50:29,909 [INFO] DbMcusXml:71 - Set database path to: C:\ST\STM32CubeIDE_1.5.1\STM32CubeIDE\plugins\com.st.stm32cube.common.mx_6.1.1.202012091304\\db\/mcu/
2021-02-18 20:50:29,909 [INFO] DbBoardsPdsc:57 - Set plugin database path to: C:\ST\STM32CubeIDE_1.5.1\STM32CubeIDE\plugins\com.st.stm32cube.common.mx_6.1.1.202012091304\\db\/plugins/boardmanager/
2021-02-18 20:50:29,910 [INFO] DbMcus:259 - Set plugin images path to: C:\ST\STM32CubeIDE_1.5.1\STM32CubeIDE\plugins\com.st.stm32cube.common.mx_6.1.1.202012091304\\db\/plugins/mcufinder/images/
2021-02-18 20:50:29,910 [INFO] DbBoards:265 - Set plugin images path to: C:\ST\STM32CubeIDE_1.5.1\STM32CubeIDE\plugins\com.st.stm32cube.common.mx_6.1.1.202012091304\\db\/plugins/mcufinder/images/
2021-02-18 20:50:29,910 [INFO] DbExamples:329 - Set plugin images path to: C:\ST\STM32CubeIDE_1.5.1\STM32CubeIDE\plugins\com.st.stm32cube.common.mx_6.1.1.202012091304\\db\/plugins/mcufinder/images/
2021-02-18 20:50:29,912 [WARN] DbFile:36 - Overriding database path with different value: C:\Users\alina\.stmcufinder\plugins\mcufinder/ => C:\Users\alina\.stmcufinder\plugins\mcufinder
2021-02-18 20:50:29,912 [INFO] DbMcusDocs:112 - Set database path to: C:\Users\alina\.stmcufinder\plugins\mcufinder//mcu/
2021-02-18 20:50:29,913 [WARN] DbFile:36 - Overriding database path with different value: C:\Users\alina\.stmcufinder\plugins\mcufinder/ => C:\Users\alina\.stmcufinder\plugins\mcufinder
2021-02-18 20:50:29,914 [INFO] DbMcusJson:63 - Set database path to: C:\Users\alina\.stmcufinder\plugins\mcufinder//mcu/
2021-02-18 20:50:29,914 [WARN] DbFile:36 - Overriding database path with different value: C:\Users\alina\.stmcufinder\plugins\mcufinder/ => C:\Users\alina\.stmcufinder\plugins\mcufinder
2021-02-18 20:50:29,915 [INFO] DbBoardsDocs:112 - Set database path to: C:\Users\alina\.stmcufinder\plugins\mcufinder//mcu/
2021-02-18 20:50:29,915 [WARN] DbFile:36 - Overriding database path with different value: C:\Users\alina\.stmcufinder\plugins\mcufinder/ => C:\Users\alina\.stmcufinder\plugins\mcufinder
2021-02-18 20:50:29,916 [INFO] DbBoardsJson:56 - Set database path to: C:\Users\alina\.stmcufinder\plugins\mcufinder//mcu/
2021-02-18 20:50:29,916 [WARN] DbFile:36 - Overriding database path with different value: C:\Users\alina\.stmcufinder\plugins\mcufinder/ => C:\Users\alina\.stmcufinder\plugins\mcufinder
2021-02-18 20:50:29,917 [WARN] DbFile:36 - Overriding database path with different value: C:\Users\alina\.stmcufinder\plugins\mcufinder/ => C:\Users\alina\.stmcufinder\plugins\mcufinder
2021-02-18 20:50:29,917 [INFO] CrossReferenceDbSqlite:196 - Set database path to: C:\Users\alina\.stmcufinder\plugins\mcufinder//mcu/cs/
2021-02-18 20:50:29,918 [WARN] DbFile:36 - Overriding database path with different value: C:\Users\alina\.stmcufinder\plugins\mcufinder/ => C:\Users\alina\.stmcufinder\plugins\mcufinder
2021-02-18 20:50:29,918 [INFO] DbExamplesSqlite:699 - Set database path to: C:\Users\alina\.stmcufinder\plugins\mcufinder//mcu/
2021-02-18 20:50:29,964 [INFO] ApplicationProperties:181 - Using Application install path: C:\ST\STM32CubeIDE_1.5.1\STM32CubeIDE\plugins\com.st.stm32cube.common.mx_6.1.1.202012091304
2021-02-18 20:50:29,967 [INFO] PluginManage:178 - Search for loadable plugins [exclusion list=, ]
2021-02-18 20:50:29,969 [INFO] PluginManage:292 - Check plugin analytics
2021-02-18 20:50:30,318 [INFO] AnalyticsPlugin:225 - Accepted Software Licenses: STM32CubeMX.6.1.0,STM32CubeMX.6.1.1
2021-02-18 20:50:30,320 [INFO] AnalyticsPlugin:227 - Accepted CMSIS Pack Licenses: 
2021-02-18 20:50:30,320 [INFO] AnalyticsPlugin:229 - Accepted Firmware Licenses: 
2021-02-18 20:50:30,320 [INFO] PluginManage:342 - Loaded plugin analytics (category:tool,tabindex:-1)
2021-02-18 20:50:30,320 [INFO] PluginManage:292 - Check plugin clock
2021-02-18 20:50:30,379 [INFO] PluginManage:342 - Loaded plugin clock (category:base,tabindex:2)
2021-02-18 20:50:30,393 [INFO] PluginManage:292 - Check plugin ddr
2021-02-18 20:50:30,397 [INFO] PluginManage:342 - Loaded plugin ddr (category:tool,tabindex:6)
2021-02-18 20:50:30,397 [INFO] PluginManage:292 - Check plugin filemanager
2021-02-18 20:50:30,626 [INFO] PluginManage:342 - Loaded plugin filemanager (category:base,tabindex:10)
2021-02-18 20:50:30,626 [INFO] PluginManage:292 - Check plugin ipmanager
2021-02-18 20:50:30,663 [INFO] PluginManage:342 - Loaded plugin ipmanager (category:base,tabindex:5)
2021-02-18 20:50:30,663 [INFO] PluginManage:292 - Check plugin pinoutandconfiguration
2021-02-18 20:50:30,690 [INFO] PluginManage:342 - Loaded plugin pinoutandconfiguration (category:base,tabindex:1)
2021-02-18 20:50:30,690 [INFO] PluginManage:292 - Check plugin pinoutconfig
2021-02-18 20:50:30,758 [INFO] PluginManage:342 - Loaded plugin pinoutconfig (category:base,tabindex:0)
2021-02-18 20:50:30,759 [INFO] PluginManage:292 - Check plugin power
2021-02-18 20:50:30,799 [INFO] PluginManage:342 - Loaded plugin power (category:power,tabindex:4)
2021-02-18 20:50:30,799 [INFO] PluginManage:292 - Check plugin projectmanager
2021-02-18 20:50:30,821 [INFO] PluginManage:342 - Loaded plugin projectmanager (category:projectmanager,tabindex:3)
2021-02-18 20:50:30,822 [INFO] PluginManage:292 - Check plugin thirdparty
2021-02-18 20:50:31,232 [INFO] PluginManage:342 - Loaded plugin thirdparty (category:base,tabindex:-1)
2021-02-18 20:50:31,233 [WARN] IntegrityCheckThread:59 - waiting for thirdparty lock release [integrity check]
2021-02-18 20:50:31,233 [INFO] PluginManage:292 - Check plugin tools
2021-02-18 20:50:31,234 [INFO] IntegrityCheckThread:61 - entering critical section [integrity check]
2021-02-18 20:50:31,235 [INFO] ThirdPartyUpdaterWithRetryManager:56 - Updater plugin not ready yet. [1/15]
2021-02-18 20:50:31,327 [INFO] PluginManage:342 - Loaded plugin tools (category:base,tabindex:7)
2021-02-18 20:50:31,327 [INFO] PluginManage:292 - Check plugin tutovideos
2021-02-18 20:50:32,164 [INFO] PluginManage:342 - Loaded plugin tutovideos (category:base,tabindex:-1)
2021-02-18 20:50:32,166 [INFO] PluginManage:292 - Check plugin updater
2021-02-18 20:50:32,201 [INFO] PluginManage:342 - Loaded plugin updater (category:base,tabindex:12)
2021-02-18 20:50:32,202 [INFO] PluginManage:265 - PluginManage : Loaded plugins [13]
2021-02-18 20:50:32,723 [INFO] PinOutPanel:1434 - setPackage(No Configuration,No Configuration)
2021-02-18 20:50:33,044 [INFO] IPUIPlugin:64 - create IPUIPlugin
2021-02-18 20:50:33,045 [INFO] PluginManager:203 - loadIPPluginJar : add adc
2021-02-18 20:50:33,122 [INFO] IPUIPlugin:64 - create IPUIPlugin
2021-02-18 20:50:33,122 [INFO] PluginManager:203 - loadIPPluginJar : add aes
2021-02-18 20:50:33,215 [INFO] IPUIPlugin:64 - create IPUIPlugin
2021-02-18 20:50:33,216 [INFO] PluginManager:203 - loadIPPluginJar : add can
2021-02-18 20:50:33,268 [INFO] IPUIPlugin:64 - create IPUIPlugin
2021-02-18 20:50:33,268 [INFO] PluginManager:203 - loadIPPluginJar : add comp
2021-02-18 20:50:33,329 [INFO] IPUIPlugin:64 - create IPUIPlugin
2021-02-18 20:50:33,330 [INFO] PluginManager:203 - loadIPPluginJar : add cryp
2021-02-18 20:50:33,391 [INFO] IPUIPlugin:64 - create IPUIPlugin
2021-02-18 20:50:33,391 [INFO] PluginManager:203 - loadIPPluginJar : add dfsdm
2021-02-18 20:50:33,412 [INFO] IPUIPlugin:64 - create IPUIPlugin
2021-02-18 20:50:33,413 [INFO] PluginManager:203 - loadIPPluginJar : add dma
2021-02-18 20:50:33,467 [INFO] IPUIPlugin:64 - create IPUIPlugin
2021-02-18 20:50:33,467 [INFO] PluginManager:203 - loadIPPluginJar : add fatfs
2021-02-18 20:50:33,551 [INFO] IPUIPlugin:64 - create IPUIPlugin
2021-02-18 20:50:33,551 [INFO] PluginManager:203 - loadIPPluginJar : add fmc
2021-02-18 20:50:33,588 [INFO] IPUIPlugin:64 - create IPUIPlugin
2021-02-18 20:50:33,588 [INFO] PluginManager:203 - loadIPPluginJar : add freertos
2021-02-18 20:50:33,658 [INFO] IPUIPlugin:64 - create IPUIPlugin
2021-02-18 20:50:33,660 [INFO] PluginManager:203 - loadIPPluginJar : add genericplugin
2021-02-18 20:50:33,807 [INFO] IPUIPlugin:64 - create IPUIPlugin
2021-02-18 20:50:33,808 [INFO] PluginManager:203 - loadIPPluginJar : add gfxmmu
2021-02-18 20:50:34,011 [INFO] IPUIPlugin:64 - create IPUIPlugin
2021-02-18 20:50:34,011 [INFO] PluginManager:203 - loadIPPluginJar : add gic
2021-02-18 20:50:34,041 [INFO] IPUIPlugin:64 - create IPUIPlugin
2021-02-18 20:50:34,041 [INFO] PluginManager:203 - loadIPPluginJar : add gpio
2021-02-18 20:50:34,143 [INFO] IPUIPlugin:64 - create IPUIPlugin
2021-02-18 20:50:34,144 [INFO] PluginManager:203 - loadIPPluginJar : add gtzc
2021-02-18 20:50:34,193 [INFO] IPUIPlugin:64 - create IPUIPlugin
2021-02-18 20:50:34,194 [INFO] PluginManager:203 - loadIPPluginJar : add hash
2021-02-18 20:50:34,241 [INFO] ThirdPartyUpdaterWithRetryManager:56 - Updater plugin not ready yet. [2/15]
2021-02-18 20:50:34,287 [INFO] IPUIPlugin:64 - create IPUIPlugin
2021-02-18 20:50:34,287 [INFO] PluginManager:203 - loadIPPluginJar : add i2c
2021-02-18 20:50:34,348 [INFO] IPUIPlugin:64 - create IPUIPlugin
2021-02-18 20:50:34,348 [INFO] PluginManager:203 - loadIPPluginJar : add i2s
2021-02-18 20:50:34,370 [INFO] IPUIPlugin:64 - create IPUIPlugin
2021-02-18 20:50:34,371 [INFO] PluginManager:203 - loadIPPluginJar : add ipddr
2021-02-18 20:50:34,440 [INFO] IPUIPlugin:64 - create IPUIPlugin
2021-02-18 20:50:34,441 [INFO] PluginManager:203 - loadIPPluginJar : add lorawan
2021-02-18 20:50:34,522 [INFO] IPUIPlugin:64 - create IPUIPlugin
2021-02-18 20:50:34,523 [INFO] PluginManager:203 - loadIPPluginJar : add ltdc
2021-02-18 20:50:34,645 [INFO] IPUIPlugin:64 - create IPUIPlugin
2021-02-18 20:50:34,645 [INFO] PluginManager:203 - loadIPPluginJar : add mdma
2021-02-18 20:50:34,666 [INFO] IPUIPlugin:64 - create IPUIPlugin
2021-02-18 20:50:34,666 [INFO] PluginManager:203 - loadIPPluginJar : add nvic
2021-02-18 20:50:34,742 [INFO] IPUIPlugin:64 - create IPUIPlugin
2021-02-18 20:50:34,742 [INFO] PluginManager:203 - loadIPPluginJar : add opamp
2021-02-18 20:50:34,833 [INFO] IPUIPlugin:64 - create IPUIPlugin
2021-02-18 20:50:34,833 [INFO] PluginManager:203 - loadIPPluginJar : add openamp
2021-02-18 20:50:34,910 [INFO] IPUIPlugin:64 - create IPUIPlugin
2021-02-18 20:50:34,910 [INFO] PluginManager:203 - loadIPPluginJar : add pdm2pcm
2021-02-18 20:50:34,930 [INFO] IPUIPlugin:64 - create IPUIPlugin
2021-02-18 20:50:34,942 [INFO] PluginManager:203 - loadIPPluginJar : add plateformsettings
2021-02-18 20:50:34,990 [INFO] IPUIPlugin:64 - create IPUIPlugin
2021-02-18 20:50:34,991 [INFO] PluginManager:203 - loadIPPluginJar : add quadspi
2021-02-18 20:50:35,012 [INFO] IPUIPlugin:64 - create IPUIPlugin
2021-02-18 20:50:35,012 [INFO] PluginManager:203 - loadIPPluginJar : add resmgrutility
2021-02-18 20:50:35,138 [INFO] IPUIPlugin:64 - create IPUIPlugin
2021-02-18 20:50:35,138 [INFO] PluginManager:203 - loadIPPluginJar : add sai
2021-02-18 20:50:35,198 [INFO] IPUIPlugin:64 - create IPUIPlugin
2021-02-18 20:50:35,198 [INFO] PluginManager:203 - loadIPPluginJar : add spi
2021-02-18 20:50:35,281 [INFO] IPUIPlugin:64 - create IPUIPlugin
2021-02-18 20:50:35,282 [INFO] PluginManager:203 - loadIPPluginJar : add stm32_wpan
2021-02-18 20:50:35,325 [INFO] IPUIPlugin:64 - create IPUIPlugin
2021-02-18 20:50:35,325 [INFO] PluginManager:203 - loadIPPluginJar : add tim
2021-02-18 20:50:35,419 [INFO] IPUIPlugin:64 - create IPUIPlugin
2021-02-18 20:50:35,419 [INFO] PluginManager:203 - loadIPPluginJar : add touchsensing
2021-02-18 20:50:35,478 [INFO] IPUIPlugin:64 - create IPUIPlugin
2021-02-18 20:50:35,478 [INFO] PluginManager:203 - loadIPPluginJar : add tracer_emb
2021-02-18 20:50:35,532 [INFO] IPUIPlugin:64 - create IPUIPlugin
2021-02-18 20:50:35,533 [INFO] PluginManager:203 - loadIPPluginJar : add ts
2021-02-18 20:50:35,572 [INFO] IPUIPlugin:64 - create IPUIPlugin
2021-02-18 20:50:35,572 [INFO] PluginManager:203 - loadIPPluginJar : add tsc
2021-02-18 20:50:35,627 [INFO] IPUIPlugin:64 - create IPUIPlugin
2021-02-18 20:50:35,628 [INFO] PluginManager:203 - loadIPPluginJar : add ucpd
2021-02-18 20:50:35,703 [INFO] IPUIPlugin:64 - create IPUIPlugin
2021-02-18 20:50:35,704 [INFO] PluginManager:203 - loadIPPluginJar : add usart
2021-02-18 20:50:36,218 [FATAL] Updater:284 - Updater called before beeing initialized
2021-02-18 20:50:36,501 [FATAL] Updater:284 - Updater called before beeing initialized
2021-02-18 20:50:36,658 [WARN] DetailPanel:347 - Failed to get advertising image, set to default
2021-02-18 20:50:36,661 [FATAL] Updater:284 - Updater called before beeing initialized
2021-02-18 20:50:36,662 [WARN] DetailPanel:347 - Failed to get advertising image, set to default
2021-02-18 20:50:36,943 [FATAL] Updater:284 - Updater called before beeing initialized
2021-02-18 20:50:36,947 [WARN] ThirdParty:783 - waiting for thirdparty lock release [close project]
2021-02-18 20:50:37,282 [INFO] ThirdPartyUpdaterWithRetryManager:56 - Updater plugin not ready yet. [3/15]
2021-02-18 20:50:40,295 [FATAL] Updater:284 - Updater called before beeing initialized
2021-02-18 20:50:40,296 [ERROR] AbstractThirdPartyUpdaterManager:153 - java.lang.Integer cannot be cast to java.util.List
2021-02-18 20:50:40,296 [INFO] ThirdParty:887 - Integrity check success = false
2021-02-18 20:50:40,297 [INFO] IntegrityCheckThread:75 - exiting critical section [integrity check]
2021-02-18 20:50:40,297 [INFO] IntegrityCheckThread:78 - End integrity checks thread
2021-02-18 20:50:40,297 [INFO] ThirdParty:785 - entering critical section [close project]
2021-02-18 20:50:40,299 [INFO] ThirdParty:796 - exiting critical section [close project]
2021-02-18 20:50:40,302 [INFO] PinOutPanel:1434 - setPackage(No Configuration,No Configuration)
2021-02-18 20:50:40,303 [FATAL] Updater:284 - Updater called before beeing initialized
2021-02-18 20:50:40,334 [ERROR] Updater:1065 - MainUpdater not yet initialized. External WinMGr cannot be set.
2021-02-18 20:50:40,355 [INFO] Updater:1002 - Updater Version found : 6.1.1
2021-02-18 20:50:40,388 [INFO] ApplicationProperties:181 - Using Application install path: C:\ST\STM32CubeIDE_1.5.1\STM32CubeIDE\plugins\com.st.stm32cube.common.mx_6.1.1.202012091304
2021-02-18 20:50:41,014 [INFO] MainUpdater:2644 - connection check result : 10
2021-02-18 20:50:41,016 [INFO] MainUpdater:249 - Updater Check For Update Now.
2021-02-18 20:50:41,016 [INFO] MicroXplorer:415 - Change Database Version : DB.6.0.10
2021-02-18 20:50:41,178 [INFO] CheckServerUpdateThread:102 - End of CheckServer Thread
2021-02-18 20:50:41,249 [INFO] MainUpdater:2644 - connection check result : 10
2021-02-18 20:50:44,393 [INFO] CrossSelectorPresenter:1330 - Cross Selector saved comparison directory: C:\Users\alina\.stmcufinder\plugins\mcufinder\mcu\cs_comparisons_mx
2021-02-18 20:50:44,404 [INFO] MultiScanPanel:198 - Auto-refresh data requested => check proxy status ongoing
2021-02-18 20:50:44,416 [INFO] FinderPluginLoader:87 - Searching for filters in installed packs
2021-02-18 20:50:44,418 [INFO] DbMcusXml:97 - Load MCU database from C:\ST\STM32CubeIDE_1.5.1\STM32CubeIDE\plugins\com.st.stm32cube.common.mx_6.1.1.202012091304\\db\/mcu/families.xml
2021-02-18 20:50:46,951 [INFO] DbMcusJson:92 - JSON generation date=Mon Feb 08 17:05:07 IRST 2021 (1612791307)
2021-02-18 20:50:49,379 [INFO] DbMcus:176 - Found 1835 MCUs (1796 are supported by CubeMX, 1804 are visible in CubeMX)
2021-02-18 20:50:49,382 [INFO] ApiDb:238 - Load user favorites file C:\Users\alina/.stm32cubeide/favorites.mcus.txt: 0 item(s)
2021-02-18 20:50:49,383 [INFO] ApiDb:242 - User favorites MCUs=[]
2021-02-18 20:50:49,384 [INFO] DbMcus:188 - Set 0 / 0 favorites MCUs
2021-02-18 20:50:50,528 [INFO] DetailPanel:344 - Set advertising image to C:/Users/alina/STM32Cube/Repository/\stm32cubemx-promo_image.jpg
2021-02-18 20:50:51,282 [INFO] McuFilterPanel:245 - Update 0 favorites MCUs
2021-02-18 20:50:51,641 [INFO] DbBoardsPdsc:91 - Found 24 items
2021-02-18 20:50:51,683 [INFO] DbBoardsPdsc:91 - Found 9 items
2021-02-18 20:50:51,710 [INFO] DbBoardsPdsc:91 - Found 32 items
2021-02-18 20:50:51,733 [INFO] DbBoardsPdsc:91 - Found 1 items
2021-02-18 20:50:51,753 [INFO] DbBoardsPdsc:91 - Found 45 items
2021-02-18 20:50:51,779 [INFO] DbBoardsPdsc:91 - Found 41 items
2021-02-18 20:50:51,808 [INFO] DbBoardsPdsc:91 - Found 2 items
2021-02-18 20:50:51,832 [INFO] DbBoardsPdsc:91 - Found 4 items
2021-02-18 20:50:51,873 [WARN] DbBoardsPdsc:255 - Board STM32H7B3I-DK: unknown feature type=Audio, name=, username=Audio stereo codec with Headphone Amp (CS42L51-CNZ), n=1
2021-02-18 20:50:51,876 [WARN] DbBoardsPdsc:255 - Board STM32H735G-DK: unknown feature type=Audio, name=, username=Audio stereo codec with Headphone Amp (WM8994ECS/R), n=1
2021-02-18 20:50:51,878 [WARN] DbBoardsPdsc:255 - Board STM32H7B3I-EVAL: unknown feature type=Audio, name=, username=Multi-Channel Audio Codec (CS42L51-CNZ), n=1
2021-02-18 20:50:51,879 [WARN] DbBoardsPdsc:255 - Board STM32H7B3I-EVAL: unknown feature type=Meter, name=, username=Power-metering and Temperature-monitoring with sigma-delta modulators, n=1
2021-02-18 20:50:51,879 [WARN] DbBoardsPdsc:255 - Board STM32H7B3I-EVAL: unknown feature type=Motor, name=, username=Motor Control, n=1
2021-02-18 20:50:51,938 [INFO] DbBoardsJson:85 - JSON generation date=Thu Feb 04 20:23:45 IRST 2021 (1612457625)
2021-02-18 20:50:51,946 [INFO] DbBoards:118 - Found 160 boards (155 are supported by CubeMX)
2021-02-18 20:50:52,017 [INFO] DbBoardsDocs:145 - JSON generation date=Mon Feb 08 17:05:07 IRST 2021 (1612791307)
2021-02-18 20:50:52,124 [INFO] DbBoardsDocs:81 - Found 193 boards documents
2021-02-18 20:50:52,125 [WARN] DbBoards:128 - board B-L462E-CELL1 has no document id list !
2021-02-18 20:50:52,126 [WARN] DbBoards:128 - board B-L475E-IOT01A2 has no document id list !
2021-02-18 20:50:52,127 [WARN] DbBoards:128 - board NUCLEO-G0B1RE has no document id list !
2021-02-18 20:50:52,128 [WARN] DbBoards:128 - board NUCLEO-H743ZI2 has no document id list !
2021-02-18 20:50:52,129 [WARN] DbBoards:128 - board NUCLEO-L4A6ZG has no document id list !
2021-02-18 20:50:52,129 [WARN] DbBoards:128 - board NUCLEO-WB55RG has no document id list !
2021-02-18 20:50:52,130 [WARN] DbBoards:128 - board NUCLEO-WL55JC1 has no document id list !
2021-02-18 20:50:52,130 [WARN] DbBoards:128 - board NUCLEO-WL55JC2 has no document id list !
2021-02-18 20:50:52,130 [WARN] DbBoards:128 - board P-NUCLEO-WB55-Nucleo has no document id list !
2021-02-18 20:50:52,130 [WARN] DbBoards:128 - board P-NUCLEO-WB55-USBDongle has no document id list !
2021-02-18 20:50:52,130 [WARN] DbBoards:128 - board STEVAL-BFA001V1B has no document id list !
2021-02-18 20:50:52,130 [WARN] DbBoards:128 - board STEVAL-BFA001V2B has no document id list !
2021-02-18 20:50:52,131 [WARN] DbBoards:128 - board STEVAL-IDP005V1 has no document id list !
2021-02-18 20:50:52,131 [WARN] DbBoards:128 - board STEVAL-IDP005V2 has no document id list !
2021-02-18 20:50:52,131 [WARN] DbBoards:128 - board STEVAL-MKSBOX1V1 has no document id list !
2021-02-18 20:50:52,131 [WARN] DbBoards:128 - board STEVAL-STWINKT1 has no document id list !
2021-02-18 20:50:52,131 [WARN] DbBoards:128 - board STEVAL-STWINKT1B has no document id list !
2021-02-18 20:50:52,131 [WARN] DbBoards:128 - board STM32F401C-DISCO has no document id list !
2021-02-18 20:50:52,137 [WARN] DbBoards:128 - board STM32F769I-DISC1 has no document id list !
2021-02-18 20:50:52,138 [WARN] DbBoards:128 - board STM32G0C1E-EV has no document id list !
2021-02-18 20:50:52,138 [WARN] DbBoards:128 - board STM32G474E-EVAL1 has no document id list !
2021-02-18 20:50:52,139 [WARN] DbBoards:128 - board STM32H743I-EVAL2 has no document id list !
2021-02-18 20:50:52,139 [WARN] DbBoards:128 - board STM32H747I-DISC1 has no document id list !
2021-02-18 20:50:52,139 [WARN] DbBoards:128 - board STM32H753I-EVAL2 has no document id list !
2021-02-18 20:50:52,139 [WARN] DbBoards:128 - board STM32L-DISCOVERY has no document id list !
2021-02-18 20:50:52,140 [WARN] DbBoards:128 - board STM32MP157A-DK1 has no document id list !
2021-02-18 20:50:52,140 [WARN] DbBoards:128 - board STM32MP157F-DK2 has no document id list !
2021-02-18 20:50:52,141 [WARN] DbBoards:128 - board STM32MP157F-EV1 has no document id list !
2021-02-18 20:50:53,510 [ERROR] DbBoards:190 - Image file not found for board NUCLEO-WL55JC: C:\ST\STM32CubeIDE_1.5.1\STM32CubeIDE\plugins\com.st.stm32cube.common.mx_6.1.1.202012091304\\db\/plugins/mcufinder/images/boards/nucleo-wl55jc-small.jpg
2021-02-18 20:50:54,134 [ERROR] DbBoards:190 - Image file not found for board STEVAL-STWINKT1B: C:\ST\STM32CubeIDE_1.5.1\STM32CubeIDE\plugins\com.st.stm32cube.common.mx_6.1.1.202012091304\\db\/plugins/mcufinder/images/boards/steval-stwinkt1b_small.jpg
2021-02-18 20:50:56,091 [ERROR] DbBoards:190 - Image file not found for board STM32H7B3I-EVAL: C:\ST\STM32CubeIDE_1.5.1\STM32CubeIDE\plugins\com.st.stm32cube.common.mx_6.1.1.202012091304\\db\/plugins/mcufinder/images/boards/stm32h7b3ieval_small.jpg
2021-02-18 20:50:56,880 [INFO] ApiDb:229 - User favorites file not found: C:\Users\alina/.stm32cubeide/favorites.boards.txt
2021-02-18 20:50:56,880 [INFO] DbBoards:207 - Set 0 / 0 favorites Boards
2021-02-18 20:51:10,439 [INFO] DbMcusDocs:145 - JSON generation date=Mon Feb 08 17:05:07 IRST 2021 (1612791307)
2021-02-18 20:51:10,920 [INFO] DbMcusDocs:81 - Found 617 MCUs documents
2021-02-18 20:52:34,015 [INFO] MainUpdater:2644 - connection check result : 10
2021-02-18 20:52:34,016 [INFO] MainUpdater:2644 - connection check result : 10
2021-02-18 20:52:34,105 [INFO] MicroXplorer:385 - Change Database Path : 
2021-02-18 20:52:34,105 [INFO] MicroXplorer:415 - Change Database Version : DB.6.0.10
2021-02-18 20:52:34,106 [WARN] ThirdParty:783 - waiting for thirdparty lock release [close project]
2021-02-18 20:52:34,106 [INFO] ThirdParty:785 - entering critical section [close project]
2021-02-18 20:52:34,106 [INFO] ThirdParty:796 - exiting critical section [close project]
2021-02-18 20:52:34,113 [INFO] PinOutPanel:1434 - setPackage(No Configuration,No Configuration)
2021-02-18 20:52:34,115 [INFO] UtilMem:74 - Begin LoadConfig() Used Memory: 316660448 Bytes (457179136)
2021-02-18 20:52:34,116 [INFO] MicroXplorer:385 - Change Database Path : 
2021-02-18 20:52:34,116 [INFO] MicroXplorer:415 - Change Database Version : DB.6.0.10
2021-02-18 20:52:34,116 [INFO] OpenFileManager:274 - Change cursor
2021-02-18 20:52:34,119 [WARN] ThirdParty:204 - Use empty third party IP manager
2021-02-18 20:52:34,179 [WARN] IntegrityCheckThread:59 - waiting for thirdparty lock release [integrity check]
2021-02-18 20:52:34,179 [INFO] IntegrityCheckThread:61 - entering critical section [integrity check]
2021-02-18 20:52:34,492 [WARN] ConditionMgr:437 - getConditionDescription Invalid condition id : SIGFOX STM32 LIB Condition cause : null
2021-02-18 20:52:34,510 [WARN] ConditionMgr:437 - getConditionDescription Invalid condition id : Sigfox Third Party LIB Condition cause : null
2021-02-18 20:52:34,517 [WARN] ConditionMgr:1040 - genDependencies : Invalid condition id : SIGFOX STM32 LIB Condition cause : null
2021-02-18 20:52:34,518 [WARN] ConditionMgr:1040 - genDependencies : Invalid condition id : Sigfox Third Party LIB Condition cause : null
2021-02-18 20:52:34,520 [WARN] ConditionMgr:1040 - genDependencies : Invalid condition id : Sigfox Third Party LIB Condition cause : null
2021-02-18 20:52:34,520 [WARN] ConditionMgr:1040 - genDependencies : Invalid condition id : SIGFOX STM32 LIB Condition cause : null
2021-02-18 20:52:34,521 [WARN] ConditionMgr:1040 - genDependencies : Invalid condition id : SIGFOX STM32 LIB Condition cause : null
2021-02-18 20:52:34,521 [WARN] ConditionMgr:1040 - genDependencies : Invalid condition id : Sigfox Third Party LIB Condition cause : null
2021-02-18 20:52:35,844 [INFO] ThirdParty:887 - Integrity check success = true
2021-02-18 20:52:35,844 [INFO] IntegrityCheckThread:75 - exiting critical section [integrity check]
2021-02-18 20:52:35,844 [INFO] IntegrityCheckThread:78 - End integrity checks thread
2021-02-18 20:52:42,968 [INFO] ImportTextPane:162 - (OptionalMessage_ERROR) Unable to find key (Mcu.ThirdPartyNb) in loaded IOC file
2021-02-18 20:52:42,969 [INFO] ImportTextPane:162 - (OptionalMessage_ERROR) Unable to find key (Mcu.PinsNb) in loaded IOC file
2021-02-18 20:52:42,970 [INFO] ImportTextPane:162 - (OptionalMessage_ERROR) Unable to find key (Mcu.IPNb) in loaded IOC file
2021-02-18 20:52:43,113 [WARN] ApiManager:294 - Cannot register API 'Board Extension:S2868A1' from pack STMicroelectronics.X-CUBE-SUBG2.3.0.1: no header file found
2021-02-18 20:52:43,114 [WARN] ApiManager:294 - Cannot register API 'Board Extension:S2868A2' from pack STMicroelectronics.X-CUBE-SUBG2.3.0.1: no header file found
2021-02-18 20:52:43,114 [WARN] ApiManager:294 - Cannot register API 'Board Extension:S2915A1' from pack STMicroelectronics.X-CUBE-SUBG2.3.0.1: no header file found
2021-02-18 20:52:43,128 [WARN] ApiManager:294 - Cannot register API 'Board Extension:S2868A1' from pack STMicroelectronics.X-CUBE-SUBG2.3.0.0: no header file found
2021-02-18 20:52:43,128 [WARN] ApiManager:294 - Cannot register API 'Board Extension:S2868A2' from pack STMicroelectronics.X-CUBE-SUBG2.3.0.0: no header file found
2021-02-18 20:52:43,129 [WARN] ApiManager:294 - Cannot register API 'Board Extension:S2915A1' from pack STMicroelectronics.X-CUBE-SUBG2.3.0.0: no header file found
2021-02-18 20:52:43,131 [WARN] ModelIntegratedComponent:51 - No mode defined for component null
2021-02-18 20:52:43,132 [WARN] ModelIntegratedComponent:51 - No mode defined for component null
2021-02-18 20:52:43,132 [WARN] ModelIntegratedComponent:51 - No mode defined for component null
2021-02-18 20:52:43,132 [WARN] ModelIntegratedComponent:51 - No mode defined for component null
2021-02-18 20:52:43,132 [WARN] ModelIntegratedComponent:51 - No mode defined for component null
2021-02-18 20:52:43,132 [WARN] ModelIntegratedComponent:51 - No mode defined for component null
2021-02-18 20:52:43,133 [WARN] ModelIntegratedComponent:51 - No mode defined for component null
2021-02-18 20:52:43,133 [WARN] ModelIntegratedComponent:51 - No mode defined for component null
2021-02-18 20:52:43,133 [WARN] ModelIntegratedComponent:51 - No mode defined for component null
2021-02-18 20:52:43,133 [WARN] ModelIntegratedComponent:51 - No mode defined for component null
2021-02-18 20:52:43,133 [WARN] ModelIntegratedComponent:51 - No mode defined for component null
2021-02-18 20:52:43,133 [WARN] ModelIntegratedComponent:51 - No mode defined for component null
2021-02-18 20:52:43,134 [WARN] ModelIntegratedComponent:51 - No mode defined for component null
2021-02-18 20:52:43,134 [WARN] ModelIntegratedComponent:51 - No mode defined for component null
2021-02-18 20:52:43,134 [WARN] ModelIntegratedComponent:51 - No mode defined for component null
2021-02-18 20:52:43,134 [WARN] ModelIntegratedComponent:51 - No mode defined for component null
2021-02-18 20:52:43,135 [WARN] ModelIntegratedComponent:51 - No mode defined for component null
2021-02-18 20:52:43,135 [WARN] ModelIntegratedComponent:51 - No mode defined for component null
2021-02-18 20:52:43,135 [WARN] ModelIntegratedComponent:51 - No mode defined for component null
2021-02-18 20:52:43,135 [WARN] ModelIntegratedComponent:51 - No mode defined for component null
2021-02-18 20:52:43,135 [WARN] ModelIntegratedComponent:51 - No mode defined for component null
2021-02-18 20:52:43,136 [WARN] ModelIntegratedComponent:51 - No mode defined for component null
2021-02-18 20:52:43,136 [WARN] ModelIntegratedComponent:51 - No mode defined for component null
2021-02-18 20:52:43,136 [WARN] ModelIntegratedComponent:51 - No mode defined for component null
2021-02-18 20:52:43,136 [WARN] ModelIntegratedComponent:51 - No mode defined for component null
2021-02-18 20:52:43,136 [WARN] ModelIntegratedComponent:51 - No mode defined for component null
2021-02-18 20:52:43,137 [WARN] ModelIntegratedComponent:51 - No mode defined for component null
2021-02-18 20:52:43,137 [WARN] ModelIntegratedComponent:51 - No mode defined for component null
2021-02-18 20:52:43,137 [WARN] ModelIntegratedComponent:51 - No mode defined for component null
2021-02-18 20:52:43,137 [WARN] ModelIntegratedComponent:51 - No mode defined for component null
2021-02-18 20:52:43,137 [WARN] ModelIntegratedComponent:51 - No mode defined for component null
2021-02-18 20:52:43,137 [WARN] ModelIntegratedComponent:51 - No mode defined for component null
2021-02-18 20:52:43,138 [WARN] ModelIntegratedComponent:51 - No mode defined for component null
2021-02-18 20:52:43,138 [WARN] ModelIntegratedComponent:51 - No mode defined for component null
2021-02-18 20:52:43,138 [WARN] ModelIntegratedComponent:51 - No mode defined for component null
2021-02-18 20:52:43,138 [WARN] ModelIntegratedComponent:51 - No mode defined for component null
2021-02-18 20:52:43,138 [WARN] ModelIntegratedComponent:51 - No mode defined for component null
2021-02-18 20:52:43,138 [WARN] ModelIntegratedComponent:51 - No mode defined for component null
2021-02-18 20:52:43,141 [WARN] ApiManager:294 - Cannot register API 'Board Extension:S2868A1' from pack STMicroelectronics.X-CUBE-SFXS2LP1.2.0.0: no header file found
2021-02-18 20:52:43,141 [WARN] ApiManager:294 - Cannot register API 'Board Extension:S2868A2' from pack STMicroelectronics.X-CUBE-SFXS2LP1.2.0.0: no header file found
2021-02-18 20:52:43,141 [WARN] ApiManager:294 - Cannot register API 'Board Extension:S2915A1' from pack STMicroelectronics.X-CUBE-SFXS2LP1.2.0.0: no header file found
2021-02-18 20:52:43,217 [WARN] ApiManager:294 - Cannot register API 'Board Extension:IKS01A3' from pack STMicroelectronics.X-CUBE-MEMS1.8.2.0: no header file found
2021-02-18 20:52:43,218 [WARN] ApiManager:294 - Cannot register API 'Board Extension:IKS01A2' from pack STMicroelectronics.X-CUBE-MEMS1.8.2.0: no header file found
2021-02-18 20:52:43,218 [WARN] ApiManager:294 - Cannot register API 'Board Extension:IKS02A1' from pack STMicroelectronics.X-CUBE-MEMS1.8.2.0: no header file found
2021-02-18 20:52:43,233 [WARN] ApiManager:294 - Cannot register API 'Board Extension:EEPRMA1' from pack STMicroelectronics.X-CUBE-EEPRMA1.3.0.0: no header file found
2021-02-18 20:52:43,235 [WARN] ApiManager:294 - Cannot register API 'Board Extension:EEPRMA2' from pack STMicroelectronics.X-CUBE-EEPRMA1.3.0.0: no header file found
2021-02-18 20:52:43,238 [INFO] RtosManager:464 - Registered RTOS mode: class=CMSIS, group=RTOS, mode=CMSIS_V1, owner=FREERTOS
2021-02-18 20:52:43,239 [INFO] RtosManager:464 - Registered RTOS mode: class=CMSIS, group=RTOS2, mode=CMSIS_V2, owner=FREERTOS
2021-02-18 20:52:43,239 [INFO] RtosManager:464 - Registered RTOS mode: class=RTOS, group=Core, mode=CMSIS_V1, owner=FREERTOS
2021-02-18 20:52:43,239 [INFO] RtosManager:464 - Registered RTOS mode: class=RTOS, group=Core, mode=CMSIS_V2, owner=FREERTOS
2021-02-18 20:52:43,240 [WARN] ModelIntegratedComponent:182 - Missing modes for component STMicroelectronics:FreeRTOS:0.0.1:STMicroelectronics:RTOS:FreeRTOS:Core:::10.2.0:
2021-02-18 20:52:43,246 [WARN] ApiManager:294 - Cannot register API 'Board Extension:GNSS1A1' from pack STMicroelectronics.X-CUBE-GNSS1.5.1.0: no header file found
2021-02-18 20:52:43,246 [WARN] ApiManager:294 - Cannot register API 'Board Support:Custom' from pack STMicroelectronics.X-CUBE-GNSS1.5.1.0: no header file found
2021-02-18 20:52:43,246 [WARN] ApiManager:294 - Cannot register API 'Data Exchange:lib_gnss' from pack STMicroelectronics.X-CUBE-GNSS1.5.1.0: no header file found
2021-02-18 20:52:43,248 [WARN] ApiManager:294 - Cannot register API 'Wireless:BlueNRG-MS' from pack STMicroelectronics.X-CUBE-BLE1.6.1.0: no header file found
2021-02-18 20:52:43,251 [WARN] ApiManager:294 - Cannot register API 'Board Extension:NFC04A1' from pack STMicroelectronics.X-CUBE-NFC4.2.0.1: no header file found
2021-02-18 20:52:43,253 [WARN] ApiManager:294 - Cannot register API 'Wireless:BlueNRG-2' from pack STMicroelectronics.X-CUBE-BLE2.3.1.0: no header file found
2021-02-18 20:52:44,389 [INFO] UtilMem:74 - End LoadConfig() Used Memory: 406152720 Bytes (759169024)
2021-02-18 20:52:44,411 [WARN] ThirdParty:749 - waiting for thirdparty lock release [change project]
2021-02-18 20:52:44,412 [INFO] ThirdParty:751 - entering critical section [change project]
2021-02-18 20:52:44,412 [INFO] ThirdParty:939 - CMSIS Pack Vendor :STMicroelectronics USB_HOST 2.0.0
2021-02-18 20:52:44,412 [INFO] ThirdParty:939 - CMSIS Pack Vendor :STMicroelectronics X-CUBE-SUBG2 3.0.1
2021-02-18 20:52:44,412 [INFO] ThirdParty:939 - CMSIS Pack Vendor :STMicroelectronics X-CUBE-SUBG2 3.0.0
2021-02-18 20:52:44,412 [INFO] ThirdParty:939 - CMSIS Pack Vendor :STMicroelectronics USB_DEVICE 3.0.0
2021-02-18 20:52:44,412 [INFO] ThirdParty:939 - CMSIS Pack Vendor :STMicroelectronics HAL Drivers 0.0.0
2021-02-18 20:52:44,413 [INFO] ThirdParty:939 - CMSIS Pack Vendor :STMicroelectronics MBEDTLS 2.16.2
2021-02-18 20:52:44,413 [INFO] ThirdParty:939 - CMSIS Pack Vendor :STMicroelectronics X-CUBE-SFXS2LP1 2.0.0
2021-02-18 20:52:44,413 [INFO] ThirdParty:939 - CMSIS Pack Vendor :STMicroelectronics MBEDTLS 2.14.1
2021-02-18 20:52:44,413 [INFO] ThirdParty:939 - CMSIS Pack Vendor :STMicroelectronics USB_DEVICE 2.0.0
2021-02-18 20:52:44,413 [INFO] ThirdParty:939 - CMSIS Pack Vendor :STMicroelectronics X-CUBE-MEMS1 8.2.0
2021-02-18 20:52:44,413 [INFO] ThirdParty:939 - CMSIS Pack Vendor :STMicroelectronics X-CUBE-EEPRMA1 3.0.0
2021-02-18 20:52:44,413 [INFO] ThirdParty:939 - CMSIS Pack Vendor :STMicroelectronics X-CUBE-DISPLAY 1.0.0
2021-02-18 20:52:44,413 [INFO] ThirdParty:939 - CMSIS Pack Vendor :STMicroelectronics FreeRTOS 0.0.1
2021-02-18 20:52:44,413 [INFO] ThirdParty:939 - CMSIS Pack Vendor :STMicroelectronics USB_DEVICE 1.0.0
2021-02-18 20:52:44,414 [INFO] ThirdParty:939 - CMSIS Pack Vendor :STMicroelectronics X-CUBE-ALGOBUILD 1.1.0
2021-02-18 20:52:44,414 [INFO] ThirdParty:939 - CMSIS Pack Vendor :STMicroelectronics X-CUBE-GNSS1 5.1.0
2021-02-18 20:52:44,414 [INFO] ThirdParty:939 - CMSIS Pack Vendor :STMicroelectronics X-CUBE-BLE1 6.1.0
2021-02-18 20:52:44,414 [INFO] ThirdParty:939 - CMSIS Pack Vendor :STMicroelectronics lwIP 2.0.3
2021-02-18 20:52:44,414 [INFO] ThirdParty:939 - CMSIS Pack Vendor :STMicroelectronics lwIP 2.1.2
2021-02-18 20:52:44,414 [INFO] ThirdParty:939 - CMSIS Pack Vendor :STMicroelectronics USB_HOST 1.0.0
2021-02-18 20:52:44,414 [INFO] ThirdParty:939 - CMSIS Pack Vendor :STMicroelectronics X-CUBE-TOUCHGFX 4.15.0
2021-02-18 20:52:44,414 [INFO] ThirdParty:939 - CMSIS Pack Vendor :STMicroelectronics X-CUBE-NFC4 2.0.1
2021-02-18 20:52:44,416 [INFO] ThirdParty:939 - CMSIS Pack Vendor :STMicroelectronics X-CUBE-AI 5.2.0
2021-02-18 20:52:44,416 [INFO] ThirdParty:939 - CMSIS Pack Vendor :STMicroelectronics PDM2PCM 3.1.0
2021-02-18 20:52:44,416 [INFO] ThirdParty:939 - CMSIS Pack Vendor :STMicroelectronics X-CUBE-TOUCHGFX 4.16.0
2021-02-18 20:52:44,416 [INFO] ThirdParty:939 - CMSIS Pack Vendor :STMicroelectronics PDM2PCM 3.2.0
2021-02-18 20:52:44,416 [INFO] ThirdParty:939 - CMSIS Pack Vendor :STMicroelectronics X-CUBE-BLE2 3.1.0
2021-02-18 20:52:44,417 [INFO] ThirdParty:939 - CMSIS Pack Vendor :STMicroelectronics PDM2PCM 3.3.0
2021-02-18 20:52:44,417 [INFO] ThirdParty:757 - exiting critical section [change project]
2021-02-18 20:52:45,103 [INFO] PinOutPanel:1434 - setPackage(No Configuration,No Configuration)
2021-02-18 20:52:45,105 [INFO] PinOutPanel:1434 - setPackage(STM32L476RGTx,LQFP64)
2021-02-18 20:52:46,152 [INFO] UtilMem:74 - Before build in PCC Used Memory: 512339960 Bytes (759169024)
2021-02-18 20:52:47,158 [INFO] SharedServices:72 - Folder for power plug-in: C:/Users/alina/.stm32cubemx/plugins/power
2021-02-18 20:52:47,275 [INFO] SharedServices:72 - Folder for power plug-in: C:/Users/alina/.stm32cubemx/plugins/power
2021-02-18 20:52:47,400 [INFO] SharedServices:72 - Folder for power plug-in: C:/Users/alina/.stm32cubemx/plugins/power
2021-02-18 20:52:47,428 [INFO] SharedServices:72 - Folder for power plug-in: C:/Users/alina/.stm32cubemx/plugins/power
2021-02-18 20:52:47,801 [INFO] UtilMem:74 - After build in PCC Used Memory: 603566072 Bytes (759169024)
2021-02-18 20:52:47,852 [INFO] IPUIPlugin:64 - create IPUIPlugin
2021-02-18 20:52:47,852 [INFO] IPUIPlugin:64 - create IPUIPlugin
2021-02-18 20:52:47,853 [INFO] IPUIPlugin:64 - create IPUIPlugin
2021-02-18 20:52:47,853 [INFO] IPUIPlugin:64 - create IPUIPlugin
2021-02-18 20:52:47,853 [INFO] IPUIPlugin:64 - create IPUIPlugin
2021-02-18 20:52:47,853 [INFO] IPUIPlugin:64 - create IPUIPlugin
2021-02-18 20:52:47,855 [INFO] IPUIPlugin:64 - create IPUIPlugin
2021-02-18 20:52:47,857 [INFO] IPUIPlugin:64 - create IPUIPlugin
2021-02-18 20:52:47,858 [INFO] IPUIPlugin:64 - create IPUIPlugin
2021-02-18 20:52:47,858 [INFO] IPUIPlugin:64 - create IPUIPlugin
2021-02-18 20:52:47,859 [INFO] IPUIPlugin:64 - create IPUIPlugin
2021-02-18 20:52:47,860 [INFO] IPUIPlugin:64 - create IPUIPlugin
2021-02-18 20:52:47,860 [INFO] IPUIPlugin:64 - create IPUIPlugin
2021-02-18 20:52:47,861 [INFO] IPUIPlugin:64 - create IPUIPlugin
2021-02-18 20:52:47,862 [INFO] IPUIPlugin:64 - create IPUIPlugin
2021-02-18 20:52:47,862 [INFO] IPUIPlugin:64 - create IPUIPlugin
2021-02-18 20:52:47,862 [INFO] IPUIPlugin:64 - create IPUIPlugin
2021-02-18 20:52:47,863 [INFO] IPUIPlugin:64 - create IPUIPlugin
2021-02-18 20:52:47,863 [INFO] IPUIPlugin:64 - create IPUIPlugin
2021-02-18 20:52:47,863 [INFO] IPUIPlugin:64 - create IPUIPlugin
2021-02-18 20:52:47,866 [INFO] IPUIPlugin:64 - create IPUIPlugin
2021-02-18 20:52:47,867 [INFO] IPUIPlugin:64 - create IPUIPlugin
2021-02-18 20:52:47,867 [INFO] IPUIPlugin:64 - create IPUIPlugin
2021-02-18 20:52:47,868 [INFO] IPUIPlugin:64 - create IPUIPlugin
2021-02-18 20:52:47,868 [INFO] IPUIPlugin:64 - create IPUIPlugin
2021-02-18 20:52:47,868 [INFO] IPUIPlugin:64 - create IPUIPlugin
2021-02-18 20:52:47,869 [INFO] IPUIPlugin:64 - create IPUIPlugin
2021-02-18 20:52:47,869 [INFO] IPUIPlugin:64 - create IPUIPlugin
2021-02-18 20:52:47,870 [INFO] IPUIPlugin:64 - create IPUIPlugin
2021-02-18 20:52:47,870 [INFO] IPUIPlugin:64 - create IPUIPlugin
2021-02-18 20:52:47,870 [INFO] IPUIPlugin:64 - create IPUIPlugin
2021-02-18 20:52:47,871 [INFO] IPUIPlugin:64 - create IPUIPlugin
2021-02-18 20:52:47,871 [INFO] IPUIPlugin:64 - create IPUIPlugin
2021-02-18 20:52:47,873 [INFO] IPUIPlugin:64 - create IPUIPlugin
2021-02-18 20:52:47,873 [INFO] IPUIPlugin:64 - create IPUIPlugin
2021-02-18 20:52:47,875 [INFO] IPUIPlugin:64 - create IPUIPlugin
2021-02-18 20:52:47,876 [INFO] IPUIPlugin:64 - create IPUIPlugin
2021-02-18 20:52:47,876 [INFO] IPUIPlugin:64 - create IPUIPlugin
2021-02-18 20:52:47,877 [INFO] IPUIPlugin:64 - create IPUIPlugin
2021-02-18 20:52:47,878 [INFO] IPUIPlugin:64 - create IPUIPlugin
2021-02-18 20:52:47,878 [INFO] IPUIPlugin:64 - create IPUIPlugin
2021-02-18 20:52:47,879 [INFO] IPUIPlugin:64 - create IPUIPlugin
2021-02-18 20:52:47,880 [INFO] IPUIPlugin:64 - create IPUIPlugin
2021-02-18 20:52:47,883 [INFO] IPUIPlugin:64 - create IPUIPlugin
2021-02-18 20:52:47,883 [INFO] IPUIPlugin:64 - create IPUIPlugin
2021-02-18 20:52:47,884 [INFO] IPUIPlugin:64 - create IPUIPlugin
2021-02-18 20:52:47,885 [INFO] IPUIPlugin:64 - create IPUIPlugin
2021-02-18 20:52:47,885 [INFO] IPUIPlugin:64 - create IPUIPlugin
2021-02-18 20:52:47,887 [INFO] IPUIPlugin:64 - create IPUIPlugin
2021-02-18 20:52:47,888 [INFO] IPUIPlugin:64 - create IPUIPlugin
2021-02-18 20:52:47,891 [INFO] IPUIPlugin:64 - create IPUIPlugin
2021-02-18 20:52:47,892 [INFO] IPUIPlugin:64 - create IPUIPlugin
2021-02-18 20:52:47,893 [INFO] IPUIPlugin:64 - create IPUIPlugin
2021-02-18 20:52:47,894 [INFO] IPUIPlugin:64 - create IPUIPlugin
2021-02-18 20:52:47,896 [INFO] IPUIPlugin:64 - create IPUIPlugin
2021-02-18 20:52:47,897 [INFO] IPUIPlugin:64 - create IPUIPlugin
2021-02-18 20:52:47,899 [INFO] IPUIPlugin:64 - create IPUIPlugin
2021-02-18 20:52:47,901 [INFO] IPUIPlugin:64 - create IPUIPlugin
2021-02-18 20:52:47,902 [INFO] IPUIPlugin:64 - create IPUIPlugin
2021-02-18 20:52:47,965 [INFO] LogOutputStream:76 - [STDOUT_REDIRECT] toolchainItems.length=====1
2021-02-18 20:52:48,179 [INFO] OpenFileManager:294 - Restore cursor
2021-02-18 20:52:48,930 [INFO] UtilMem:74 - End SaveConfig() Used Memory: 366589944 Bytes (759169024)
2021-02-18 20:52:49,635 [INFO] ServerAccessManage:348 - Download File stm32cube_fw_l4_v1160.zip
2021-02-18 20:52:57,650 [ERROR] ServerAccessManage:517 - User Cancel Download : stm32cube_fw_l4_v1160.zip.
2021-02-18 20:52:57,658 [INFO] LoadServerPackagesThread:169 - End of LoadServerPackages Thread
2021-02-18 20:52:57,922 [INFO] CheckServerUpdateThread:102 - End of CheckServer Thread
2021-02-18 20:53:18,260 [INFO] ApiDb:263 - Save user favorites file C:\Users\alina/.stm32cubeide/favorites.mcus.txt: 0 item(s)
2021-02-18 20:53:18,260 [INFO] ApiDb:267 - User favorites MCUs=[]
2021-02-18 20:53:19,255 [ERROR] LogOutputStream:74 - [STDERR_REDIRECT] Exception in thread "AWT-EventQueue-0" java.lang.NullPointerException
2021-02-18 20:53:19,258 [ERROR] LogOutputStream:74 - [STDERR_REDIRECT] 	at com.st.stm32cube.common.mx.targetselector.TargetSelectorAdapter$7.run(TargetSelectorAdapter.java:470)
2021-02-18 20:53:19,260 [ERROR] LogOutputStream:74 - [STDERR_REDIRECT] 	at com.st.stm32cube.common.mx.oss.core.awtswtbridge.AwtEnvironment$2.run(AwtEnvironment.java:166)
2021-02-18 20:53:19,262 [ERROR] LogOutputStream:74 - [STDERR_REDIRECT] 	at java.awt.event.InvocationEvent.dispatch(InvocationEvent.java:311)
2021-02-18 20:53:19,264 [ERROR] LogOutputStream:74 - [STDERR_REDIRECT] 	at java.awt.EventQueue.dispatchEventImpl(EventQueue.java:758)
2021-02-18 20:53:19,268 [ERROR] LogOutputStream:74 - [STDERR_REDIRECT] 	at java.awt.EventQueue.access$500(EventQueue.java:97)
2021-02-18 20:53:19,270 [ERROR] LogOutputStream:74 - [STDERR_REDIRECT] 	at java.awt.EventQueue$3.run(EventQueue.java:709)
2021-02-18 20:53:19,271 [ERROR] LogOutputStream:74 - [STDERR_REDIRECT] 	at java.awt.EventQueue$3.run(EventQueue.java:703)
2021-02-18 20:53:19,278 [ERROR] LogOutputStream:74 - [STDERR_REDIRECT] 	at java.security.AccessController.doPrivileged(Native Method)
2021-02-18 20:53:19,284 [ERROR] LogOutputStream:74 - [STDERR_REDIRECT] 	at java.security.ProtectionDomain$JavaSecurityAccessImpl.doIntersectionPrivilege(ProtectionDomain.java:74)
2021-02-18 20:53:19,286 [ERROR] LogOutputStream:74 - [STDERR_REDIRECT] 	at java.awt.EventQueue.dispatchEvent(EventQueue.java:728)
2021-02-18 20:53:19,289 [ERROR] LogOutputStream:74 - [STDERR_REDIRECT] 	at java.awt.EventDispatchThread.pumpOneEventForFilters(EventDispatchThread.java:205)
2021-02-18 20:53:19,292 [ERROR] LogOutputStream:74 - [STDERR_REDIRECT] 	at java.awt.EventDispatchThread.pumpEventsForFilter(EventDispatchThread.java:116)
2021-02-18 20:53:19,295 [ERROR] LogOutputStream:74 - [STDERR_REDIRECT] 	at java.awt.EventDispatchThread.pumpEventsForHierarchy(EventDispatchThread.java:105)
2021-02-18 20:53:19,302 [ERROR] LogOutputStream:74 - [STDERR_REDIRECT] 	at java.awt.EventDispatchThread.pumpEvents(EventDispatchThread.java:101)
2021-02-18 20:53:19,303 [ERROR] LogOutputStream:74 - [STDERR_REDIRECT] 	at java.awt.EventDispatchThread.pumpEvents(EventDispatchThread.java:93)
2021-02-18 20:53:19,305 [ERROR] LogOutputStream:74 - [STDERR_REDIRECT] 	at java.awt.EventDispatchThread.run(EventDispatchThread.java:82)
2021-02-18 20:53:19,310 [ERROR] LogOutputStream:74 - [STDERR_REDIRECT] Exception in thread "AWT-EventQueue-0" java.lang.NullPointerException
2021-02-18 20:53:19,312 [ERROR] LogOutputStream:74 - [STDERR_REDIRECT] 	at com.st.stm32cube.common.mx.targetselector.TargetSelectorAdapter$6.run(TargetSelectorAdapter.java:298)
2021-02-18 20:53:19,314 [ERROR] LogOutputStream:74 - [STDERR_REDIRECT] 	at com.st.stm32cube.common.mx.oss.core.awtswtbridge.AwtEnvironment$2.run(AwtEnvironment.java:166)
2021-02-18 20:53:19,317 [ERROR] LogOutputStream:74 - [STDERR_REDIRECT] 	at java.awt.event.InvocationEvent.dispatch(InvocationEvent.java:311)
2021-02-18 20:53:19,318 [ERROR] LogOutputStream:74 - [STDERR_REDIRECT] 	at java.awt.EventQueue.dispatchEventImpl(EventQueue.java:758)
2021-02-18 20:53:19,320 [ERROR] LogOutputStream:74 - [STDERR_REDIRECT] 	at java.awt.EventQueue.access$500(EventQueue.java:97)
2021-02-18 20:53:19,321 [ERROR] LogOutputStream:74 - [STDERR_REDIRECT] 	at java.awt.EventQueue$3.run(EventQueue.java:709)
2021-02-18 20:53:19,323 [ERROR] LogOutputStream:74 - [STDERR_REDIRECT] 	at java.awt.EventQueue$3.run(EventQueue.java:703)
2021-02-18 20:53:19,325 [ERROR] LogOutputStream:74 - [STDERR_REDIRECT] 	at java.security.AccessController.doPrivileged(Native Method)
2021-02-18 20:53:19,334 [ERROR] LogOutputStream:74 - [STDERR_REDIRECT] 	at java.security.ProtectionDomain$JavaSecurityAccessImpl.doIntersectionPrivilege(ProtectionDomain.java:74)
2021-02-18 20:53:19,337 [ERROR] LogOutputStream:74 - [STDERR_REDIRECT] 	at java.awt.EventQueue.dispatchEvent(EventQueue.java:728)
2021-02-18 20:53:19,340 [ERROR] LogOutputStream:74 - [STDERR_REDIRECT] 	at java.awt.EventDispatchThread.pumpOneEventForFilters(EventDispatchThread.java:205)
2021-02-18 20:53:19,342 [ERROR] LogOutputStream:74 - [STDERR_REDIRECT] 	at java.awt.EventDispatchThread.pumpEventsForFilter(EventDispatchThread.java:116)
2021-02-18 20:53:19,345 [ERROR] LogOutputStream:74 - [STDERR_REDIRECT] 	at java.awt.EventDispatchThread.pumpEventsForHierarchy(EventDispatchThread.java:105)
2021-02-18 20:53:19,348 [ERROR] LogOutputStream:74 - [STDERR_REDIRECT] 	at java.awt.EventDispatchThread.pumpEvents(EventDispatchThread.java:101)
2021-02-18 20:53:19,351 [ERROR] LogOutputStream:74 - [STDERR_REDIRECT] 	at java.awt.EventDispatchThread.pumpEvents(EventDispatchThread.java:93)
2021-02-18 20:53:19,354 [ERROR] LogOutputStream:74 - [STDERR_REDIRECT] 	at java.awt.EventDispatchThread.run(EventDispatchThread.java:82)
2021-02-18 20:53:27,375 [INFO] MainUpdater:2644 - connection check result : 10
2021-02-18 20:53:27,992 [INFO] ServerAccessManage:348 - Download File mcusDocs.json._tmp_
2021-02-18 20:53:28,284 [INFO] LoadUrlFilesThread:135 - End of LoadUrlFiles Thread
2021-02-18 20:53:28,567 [INFO] ServerAccessManage:348 - Download File mcusFeaturesAndDescription.json._tmp_
2021-02-18 20:53:29,709 [ERROR] WebUtils:616 - Updater is busy
2021-02-18 20:53:29,709 [ERROR] WebUtils:616 - Updater is busy
2021-02-18 20:53:29,709 [ERROR] WebUtils:616 - Updater is busy
2021-02-18 20:53:29,724 [ERROR] ServerAccessManage:517 - User Cancel Download : mcusFeaturesAndDescription.json._tmp_.
2021-02-18 20:53:29,724 [INFO] LoadUrlFilesThread:135 - End of LoadUrlFiles Thread
2021-02-18 20:53:30,368 [INFO] ServerAccessManage:348 - Download File crdb.zip
2021-02-18 20:53:30,775 [ERROR] WebUtils:616 - Updater is busy
2021-02-18 20:53:30,800 [ERROR] ServerAccessManage:517 - User Cancel Download : crdb.zip.
2021-02-18 20:53:30,801 [INFO] LoadUrlFilesThread:135 - End of LoadUrlFiles Thread
2021-02-18 20:53:30,802 [INFO] DbMcusDocs:145 - JSON generation date=Mon Feb 08 17:05:07 IRST 2021 (1612791307)
2021-02-18 20:53:30,969 [INFO] DbMcusDocs:81 - Found 617 MCUs documents
2021-02-18 20:53:30,972 [INFO] ApiDb:263 - Save user favorites file C:\Users\alina/.stm32cubeide/favorites.mcus.txt: 0 item(s)
2021-02-18 20:53:30,972 [INFO] ApiDb:267 - User favorites MCUs=[]
2021-02-18 20:53:30,972 [INFO] DbMcusXml:97 - Load MCU database from C:\ST\STM32CubeIDE_1.5.1\STM32CubeIDE\plugins\com.st.stm32cube.common.mx_6.1.1.202012091304\\db\/mcu/families.xml
2021-02-18 20:53:31,243 [ERROR] DbUtils:114 - File not found: C:\Users\alina\.stmcufinder\plugins\mcufinder//mcu/mcusFeaturesAndDescription.json._tmp_
2021-02-18 20:53:31,243 [WARN] DbUtils:163 - success is not a boolean!
2021-02-18 20:53:31,243 [ERROR] DbFile:108 - Temporary file not found: C:\Users\alina\.stmcufinder\plugins\mcufinder\mcu\mcusFeaturesAndDescription.json._tmp_
2021-02-18 20:53:31,253 [INFO] DbMcus:176 - Found 1835 MCUs (1796 are supported by CubeMX, 1796 are visible in CubeMX)
2021-02-18 20:53:31,253 [INFO] ApiDb:238 - Load user favorites file C:\Users\alina/.stm32cubeide/favorites.mcus.txt: 0 item(s)
2021-02-18 20:53:31,253 [INFO] ApiDb:242 - User favorites MCUs=[]
2021-02-18 20:53:31,253 [INFO] DbMcus:188 - Set 0 / 0 favorites MCUs
2021-02-18 20:53:31,256 [ERROR] DbUtils:114 - File not found: C:\Users\alina\.stmcufinder\plugins\mcufinder//mcu/boardsDocs.json._tmp_
2021-02-18 20:53:31,256 [WARN] DbUtils:163 - success is not a boolean!
2021-02-18 20:53:31,256 [ERROR] DbBoardsDocs:83 - No boards documents found !
2021-02-18 20:53:31,256 [ERROR] DbFile:108 - Temporary file not found: C:\Users\alina\.stmcufinder\plugins\mcufinder\mcu\boardsDocs.json._tmp_
2021-02-18 20:53:31,262 [INFO] DbBoardsDocs:145 - JSON generation date=Mon Feb 08 17:05:07 IRST 2021 (1612791307)
2021-02-18 20:53:31,278 [INFO] DbBoardsDocs:81 - Found 193 boards documents
2021-02-18 20:53:31,279 [INFO] ApiDb:263 - Save user favorites file C:\Users\alina/.stm32cubeide/favorites.boards.txt: 0 item(s)
2021-02-18 20:53:31,279 [INFO] ApiDb:267 - User favorites Boards=[]
2021-02-18 20:53:31,285 [INFO] DbBoardsPdsc:91 - Found 24 items
2021-02-18 20:53:31,287 [INFO] DbBoardsPdsc:91 - Found 9 items
2021-02-18 20:53:31,290 [INFO] DbBoardsPdsc:91 - Found 32 items
2021-02-18 20:53:31,296 [INFO] DbBoardsPdsc:91 - Found 1 items
2021-02-18 20:53:31,305 [INFO] DbBoardsPdsc:91 - Found 45 items
2021-02-18 20:53:31,311 [INFO] DbBoardsPdsc:91 - Found 41 items
2021-02-18 20:53:31,312 [INFO] DbBoardsPdsc:91 - Found 2 items
2021-02-18 20:53:31,314 [INFO] DbBoardsPdsc:91 - Found 4 items
2021-02-18 20:53:31,317 [WARN] DbBoardsPdsc:255 - Board STM32H7B3I-DK: unknown feature type=Audio, name=, username=Audio stereo codec with Headphone Amp (CS42L51-CNZ), n=1
2021-02-18 20:53:31,317 [WARN] DbBoardsPdsc:255 - Board STM32H735G-DK: unknown feature type=Audio, name=, username=Audio stereo codec with Headphone Amp (WM8994ECS/R), n=1
2021-02-18 20:53:31,323 [WARN] DbBoardsPdsc:255 - Board STM32H7B3I-EVAL: unknown feature type=Audio, name=, username=Multi-Channel Audio Codec (CS42L51-CNZ), n=1
2021-02-18 20:53:31,324 [WARN] DbBoardsPdsc:255 - Board STM32H7B3I-EVAL: unknown feature type=Meter, name=, username=Power-metering and Temperature-monitoring with sigma-delta modulators, n=1
2021-02-18 20:53:31,325 [WARN] DbBoardsPdsc:255 - Board STM32H7B3I-EVAL: unknown feature type=Motor, name=, username=Motor Control, n=1
2021-02-18 20:53:31,331 [ERROR] DbUtils:114 - File not found: C:\Users\alina\.stmcufinder\plugins\mcufinder//mcu/boards.json._tmp_
2021-02-18 20:53:31,332 [WARN] DbUtils:163 - success is not a boolean!
2021-02-18 20:53:31,332 [ERROR] DbFile:108 - Temporary file not found: C:\Users\alina\.stmcufinder\plugins\mcufinder\mcu\boards.json._tmp_
2021-02-18 20:53:31,332 [INFO] DbBoards:118 - Found 158 boards (155 are supported by CubeMX)
2021-02-18 20:53:31,333 [WARN] DbBoards:128 - board B-G474E-DPOW1 has no document id list !
2021-02-18 20:53:31,333 [WARN] DbBoards:128 - board B-L072Z-LRWAN1 has no document id list !
2021-02-18 20:53:31,333 [WARN] DbBoards:128 - board B-L462E-CELL1 has no document id list !
2021-02-18 20:53:31,333 [WARN] DbBoards:128 - board B-L475E-IOT01A1 has no document id list !
2021-02-18 20:53:31,333 [WARN] DbBoards:128 - board B-L475E-IOT01A2 has no document id list !
2021-02-18 20:53:31,333 [WARN] DbBoards:128 - board B-L4S5I-IOT01A has no document id list !
2021-02-18 20:53:31,333 [WARN] DbBoards:128 - board NUCLEO-F030R8 has no document id list !
2021-02-18 20:53:31,333 [WARN] DbBoards:128 - board NUCLEO-F031K6 has no document id list !
2021-02-18 20:53:31,333 [WARN] DbBoards:128 - board NUCLEO-F042K6 has no document id list !
2021-02-18 20:53:31,333 [WARN] DbBoards:128 - board NUCLEO-F070RB has no document id list !
2021-02-18 20:53:31,333 [WARN] DbBoards:128 - board NUCLEO-F072RB has no document id list !
2021-02-18 20:53:31,333 [WARN] DbBoards:128 - board NUCLEO-F091RC has no document id list !
2021-02-18 20:53:31,333 [WARN] DbBoards:128 - board NUCLEO-F103RB has no document id list !
2021-02-18 20:53:31,334 [WARN] DbBoards:128 - board NUCLEO-F207ZG has no document id list !
2021-02-18 20:53:31,334 [WARN] DbBoards:128 - board NUCLEO-F302R8 has no document id list !
2021-02-18 20:53:31,334 [WARN] DbBoards:128 - board NUCLEO-F303K8 has no document id list !
2021-02-18 20:53:31,334 [WARN] DbBoards:128 - board NUCLEO-F303RE has no document id list !
2021-02-18 20:53:31,334 [WARN] DbBoards:128 - board NUCLEO-F303ZE has no document id list !
2021-02-18 20:53:31,335 [WARN] DbBoards:128 - board NUCLEO-F334R8 has no document id list !
2021-02-18 20:53:31,335 [WARN] DbBoards:128 - board NUCLEO-F401RE has no document id list !
2021-02-18 20:53:31,336 [WARN] DbBoards:128 - board NUCLEO-F410RB has no document id list !
2021-02-18 20:53:31,336 [WARN] DbBoards:128 - board NUCLEO-F411RE has no document id list !
2021-02-18 20:53:31,336 [WARN] DbBoards:128 - board NUCLEO-F412ZG has no document id list !
2021-02-18 20:53:31,336 [WARN] DbBoards:128 - board NUCLEO-F413ZH has no document id list !
2021-02-18 20:53:31,336 [WARN] DbBoards:128 - board NUCLEO-F429ZI has no document id list !
2021-02-18 20:53:31,336 [WARN] DbBoards:128 - board NUCLEO-F439ZI has no document id list !
2021-02-18 20:53:31,336 [WARN] DbBoards:128 - board NUCLEO-F446RE has no document id list !
2021-02-18 20:53:31,336 [WARN] DbBoards:128 - board NUCLEO-F446ZE has no document id list !
2021-02-18 20:53:31,336 [WARN] DbBoards:128 - board NUCLEO-F722ZE has no document id list !
2021-02-18 20:53:31,336 [WARN] DbBoards:128 - board NUCLEO-F746ZG has no document id list !
2021-02-18 20:53:31,336 [WARN] DbBoards:128 - board NUCLEO-F767ZI has no document id list !
2021-02-18 20:53:31,336 [WARN] DbBoards:128 - board NUCLEO-G031K8 has no document id list !
2021-02-18 20:53:31,336 [WARN] DbBoards:128 - board NUCLEO-G070RB has no document id list !
2021-02-18 20:53:31,336 [WARN] DbBoards:128 - board NUCLEO-G071RB has no document id list !
2021-02-18 20:53:31,336 [WARN] DbBoards:128 - board NUCLEO-G0B1RE has no document id list !
2021-02-18 20:53:31,337 [WARN] DbBoards:128 - board NUCLEO-G431KB has no document id list !
2021-02-18 20:53:31,337 [WARN] DbBoards:128 - board NUCLEO-G431RB has no document id list !
2021-02-18 20:53:31,337 [WARN] DbBoards:128 - board NUCLEO-G474RE has no document id list !
2021-02-18 20:53:31,337 [WARN] DbBoards:128 - board NUCLEO-G491RE has no document id list !
2021-02-18 20:53:31,337 [WARN] DbBoards:128 - board NUCLEO-H723ZG has no document id list !
2021-02-18 20:53:31,337 [WARN] DbBoards:128 - board NUCLEO-H743ZI has no document id list !
2021-02-18 20:53:31,337 [WARN] DbBoards:128 - board NUCLEO-H743ZI2 has no document id list !
2021-02-18 20:53:31,337 [WARN] DbBoards:128 - board NUCLEO-H745ZI-Q has no document id list !
2021-02-18 20:53:31,337 [WARN] DbBoards:128 - board NUCLEO-H753ZI has no document id list !
2021-02-18 20:53:31,337 [WARN] DbBoards:128 - board NUCLEO-H755ZI-Q has no document id list !
2021-02-18 20:53:31,337 [WARN] DbBoards:128 - board NUCLEO-H7A3ZI-Q has no document id list !
2021-02-18 20:53:31,337 [WARN] DbBoards:128 - board NUCLEO-L010RB has no document id list !
2021-02-18 20:53:31,337 [WARN] DbBoards:128 - board NUCLEO-L011K4 has no document id list !
2021-02-18 20:53:31,337 [WARN] DbBoards:128 - board NUCLEO-L031K6 has no document id list !
2021-02-18 20:53:31,337 [WARN] DbBoards:128 - board NUCLEO-L053R8 has no document id list !
2021-02-18 20:53:31,337 [WARN] DbBoards:128 - board NUCLEO-L073RZ has no document id list !
2021-02-18 20:53:31,338 [WARN] DbBoards:128 - board NUCLEO-L152RE has no document id list !
2021-02-18 20:53:31,338 [WARN] DbBoards:128 - board NUCLEO-L412KB has no document id list !
2021-02-18 20:53:31,338 [WARN] DbBoards:128 - board NUCLEO-L412RB-P has no document id list !
2021-02-18 20:53:31,338 [WARN] DbBoards:128 - board NUCLEO-L432KC has no document id list !
2021-02-18 20:53:31,338 [WARN] DbBoards:128 - board NUCLEO-L433RC-P has no document id list !
2021-02-18 20:53:31,338 [WARN] DbBoards:128 - board NUCLEO-L452RE has no document id list !
2021-02-18 20:53:31,338 [WARN] DbBoards:128 - board NUCLEO-L452RE-P has no document id list !
2021-02-18 20:53:31,338 [WARN] DbBoards:128 - board NUCLEO-L476RG has no document id list !
2021-02-18 20:53:31,338 [WARN] DbBoards:128 - board NUCLEO-L496ZG has no document id list !
2021-02-18 20:53:31,338 [WARN] DbBoards:128 - board NUCLEO-L496ZG-P has no document id list !
2021-02-18 20:53:31,338 [WARN] DbBoards:128 - board NUCLEO-L4A6ZG has no document id list !
2021-02-18 20:53:31,338 [WARN] DbBoards:128 - board NUCLEO-L4P5ZG has no document id list !
2021-02-18 20:53:31,338 [WARN] DbBoards:128 - board NUCLEO-L4R5ZI has no document id list !
2021-02-18 20:53:31,338 [WARN] DbBoards:128 - board NUCLEO-L4R5ZI-P has no document id list !
2021-02-18 20:53:31,338 [WARN] DbBoards:128 - board NUCLEO-L552ZE-Q has no document id list !
2021-02-18 20:53:31,339 [WARN] DbBoards:128 - board NUCLEO-WB55RG has no document id list !
2021-02-18 20:53:31,339 [WARN] DbBoards:128 - board NUCLEO-WL55JC1 has no document id list !
2021-02-18 20:53:31,339 [WARN] DbBoards:128 - board NUCLEO-WL55JC2 has no document id list !
2021-02-18 20:53:31,339 [WARN] DbBoards:128 - board P-NUCLEO-WB55 has no document id list !
2021-02-18 20:53:31,339 [WARN] DbBoards:128 - board P-NUCLEO-WB55-Nucleo has no document id list !
2021-02-18 20:53:31,339 [WARN] DbBoards:128 - board P-NUCLEO-WB55-USBDongle has no document id list !
2021-02-18 20:53:31,339 [WARN] DbBoards:128 - board STEVAL-BFA001V1B has no document id list !
2021-02-18 20:53:31,339 [WARN] DbBoards:128 - board STEVAL-BFA001V2B has no document id list !
2021-02-18 20:53:31,339 [WARN] DbBoards:128 - board STEVAL-IDP005V1 has no document id list !
2021-02-18 20:53:31,339 [WARN] DbBoards:128 - board STEVAL-IDP005V2 has no document id list !
2021-02-18 20:53:31,339 [WARN] DbBoards:128 - board STEVAL-MKSBOX1V1 has no document id list !
2021-02-18 20:53:31,339 [WARN] DbBoards:128 - board STEVAL-STWINKT1 has no document id list !
2021-02-18 20:53:31,339 [WARN] DbBoards:128 - board STM32072B-EVAL has no document id list !
2021-02-18 20:53:31,339 [WARN] DbBoards:128 - board STM32091C-EVAL has no document id list !
2021-02-18 20:53:31,339 [WARN] DbBoards:128 - board STM32100E-EVAL has no document id list !
2021-02-18 20:53:31,340 [WARN] DbBoards:128 - board STM3210C-EVAL has no document id list !
2021-02-18 20:53:31,340 [WARN] DbBoards:128 - board STM3210E-EVAL has no document id list !
2021-02-18 20:53:31,340 [WARN] DbBoards:128 - board STM3220G-EVAL has no document id list !
2021-02-18 20:53:31,340 [WARN] DbBoards:128 - board STM3221G-EVAL has no document id list !
2021-02-18 20:53:31,340 [WARN] DbBoards:128 - board STM32303C-EVAL has no document id list !
2021-02-18 20:53:31,340 [WARN] DbBoards:128 - board STM32303E-EVAL has no document id list !
2021-02-18 20:53:31,340 [WARN] DbBoards:128 - board STM32373C-EVAL has no document id list !
2021-02-18 20:53:31,340 [WARN] DbBoards:128 - board STM3240G-EVAL has no document id list !
2021-02-18 20:53:31,340 [WARN] DbBoards:128 - board STM3241G-EVAL has no document id list !
2021-02-18 20:53:31,340 [WARN] DbBoards:128 - board STM32429I-EVAL1 has no document id list !
2021-02-18 20:53:31,340 [WARN] DbBoards:128 - board STM32439I-EVAL2 has no document id list !
2021-02-18 20:53:31,340 [WARN] DbBoards:128 - board STM32446E-EVAL has no document id list !
2021-02-18 20:53:31,340 [WARN] DbBoards:128 - board STM32469I-EVAL has no document id list !
2021-02-18 20:53:31,340 [WARN] DbBoards:128 - board STM32479I-EVAL has no document id list !
2021-02-18 20:53:31,340 [WARN] DbBoards:128 - board STM32746G-EVAL2 has no document id list !
2021-02-18 20:53:31,340 [WARN] DbBoards:128 - board STM32756G-EVAL2 has no document id list !
2021-02-18 20:53:31,340 [WARN] DbBoards:128 - board STM32F0308-DISCO has no document id list !
2021-02-18 20:53:31,340 [WARN] DbBoards:128 - board STM32F072B-DISCO has no document id list !
2021-02-18 20:53:31,341 [WARN] DbBoards:128 - board STM32F0DISCOVERY has no document id list !
2021-02-18 20:53:31,341 [WARN] DbBoards:128 - board STM32F3348-DISCO has no document id list !
2021-02-18 20:53:31,341 [WARN] DbBoards:128 - board STM32F3DISCOVERY has no document id list !
2021-02-18 20:53:31,341 [WARN] DbBoards:128 - board STM32F401C-DISCO has no document id list !
2021-02-18 20:53:31,341 [WARN] DbBoards:128 - board STM32F407G-DISC1 has no document id list !
2021-02-18 20:53:31,341 [WARN] DbBoards:128 - board STM32F411E-DISCO has no document id list !
2021-02-18 20:53:31,341 [WARN] DbBoards:128 - board STM32F412G-DISCO has no document id list !
2021-02-18 20:53:31,341 [WARN] DbBoards:128 - board STM32F413H-DISCO has no document id list !
2021-02-18 20:53:31,341 [WARN] DbBoards:128 - board STM32F429I-DISC1 has no document id list !
2021-02-18 20:53:31,341 [WARN] DbBoards:128 - board STM32F469I-DISCO has no document id list !
2021-02-18 20:53:31,341 [WARN] DbBoards:128 - board STM32F723E-DISCO has no document id list !
2021-02-18 20:53:31,341 [WARN] DbBoards:128 - board STM32F7308-DK has no document id list !
2021-02-18 20:53:31,342 [WARN] DbBoards:128 - board STM32F746G-DISCO has no document id list !
2021-02-18 20:53:31,342 [WARN] DbBoards:128 - board STM32F7508-DK has no document id list !
2021-02-18 20:53:31,342 [WARN] DbBoards:128 - board STM32F769I-DISC1 has no document id list !
2021-02-18 20:53:31,342 [WARN] DbBoards:128 - board STM32F769I-DISCO has no document id list !
2021-02-18 20:53:31,342 [WARN] DbBoards:128 - board STM32F769I-EVAL has no document id list !
2021-02-18 20:53:31,342 [WARN] DbBoards:128 - board STM32F779I-EVAL has no document id list !
2021-02-18 20:53:31,342 [WARN] DbBoards:128 - board STM32G0316-DISCO has no document id list !
2021-02-18 20:53:31,342 [WARN] DbBoards:128 - board STM32G071B-DISCO has no document id list !
2021-02-18 20:53:31,342 [WARN] DbBoards:128 - board STM32G081B-EVAL has no document id list !
2021-02-18 20:53:31,342 [WARN] DbBoards:128 - board STM32G0C1E-EV has no document id list !
2021-02-18 20:53:31,342 [WARN] DbBoards:128 - board STM32G474E-EVAL has no document id list !
2021-02-18 20:53:31,342 [WARN] DbBoards:128 - board STM32G474E-EVAL1 has no document id list !
2021-02-18 20:53:31,343 [WARN] DbBoards:128 - board STM32G484E-EVAL has no document id list !
2021-02-18 20:53:31,343 [WARN] DbBoards:128 - board STM32H735G-DK has no document id list !
2021-02-18 20:53:31,343 [WARN] DbBoards:128 - board STM32H743I-EVAL has no document id list !
2021-02-18 20:53:31,343 [WARN] DbBoards:128 - board STM32H743I-EVAL2 has no document id list !
2021-02-18 20:53:31,343 [WARN] DbBoards:128 - board STM32H745I-DISCO has no document id list !
2021-02-18 20:53:31,343 [WARN] DbBoards:128 - board STM32H747I-DISC1 has no document id list !
2021-02-18 20:53:31,343 [WARN] DbBoards:128 - board STM32H747I-DISCO has no document id list !
2021-02-18 20:53:31,343 [WARN] DbBoards:128 - board STM32H747I-EVAL has no document id list !
2021-02-18 20:53:31,343 [WARN] DbBoards:128 - board STM32H750B-DK has no document id list !
2021-02-18 20:53:31,343 [WARN] DbBoards:128 - board STM32H753I-EVAL has no document id list !
2021-02-18 20:53:31,343 [WARN] DbBoards:128 - board STM32H753I-EVAL2 has no document id list !
2021-02-18 20:53:31,343 [WARN] DbBoards:128 - board STM32H757I-EVAL has no document id list !
2021-02-18 20:53:31,343 [WARN] DbBoards:128 - board STM32H7B3I-DK has no document id list !
2021-02-18 20:53:31,343 [WARN] DbBoards:128 - board STM32H7B3I-EVAL has no document id list !
2021-02-18 20:53:31,343 [WARN] DbBoards:128 - board STM32L-DISCOVERY has no document id list !
2021-02-18 20:53:31,344 [WARN] DbBoards:128 - board STM32L0538-DISCO has no document id list !
2021-02-18 20:53:31,344 [WARN] DbBoards:128 - board STM32L073Z-EVAL has no document id list !
2021-02-18 20:53:31,344 [WARN] DbBoards:128 - board STM32L100C-DISCO has no document id list !
2021-02-18 20:53:31,344 [WARN] DbBoards:128 - board STM32L152C-DISCO has no document id list !
2021-02-18 20:53:31,344 [WARN] DbBoards:128 - board STM32L152D-EVAL has no document id list !
2021-02-18 20:53:31,344 [WARN] DbBoards:128 - board STM32L476G-DISCO has no document id list !
2021-02-18 20:53:31,344 [WARN] DbBoards:128 - board STM32L476G-EVAL has no document id list !
2021-02-18 20:53:31,344 [WARN] DbBoards:128 - board STM32L496G-DISCO has no document id list !
2021-02-18 20:53:31,344 [WARN] DbBoards:128 - board STM32L4P5G-DK has no document id list !
2021-02-18 20:53:31,344 [WARN] DbBoards:128 - board STM32L4R9I-DISCO has no document id list !
2021-02-18 20:53:31,344 [WARN] DbBoards:128 - board STM32L4R9I-EVAL has no document id list !
2021-02-18 20:53:31,344 [WARN] DbBoards:128 - board STM32L552E-EV has no document id list !
2021-02-18 20:53:31,345 [WARN] DbBoards:128 - board STM32L562E-DK has no document id list !
2021-02-18 20:53:31,345 [WARN] DbBoards:128 - board STM32MP157A-DK1 has no document id list !
2021-02-18 20:53:31,345 [WARN] DbBoards:128 - board STM32MP157A-EV1 has no document id list !
2021-02-18 20:53:31,345 [WARN] DbBoards:128 - board STM32MP157C-DK2 has no document id list !
2021-02-18 20:53:31,345 [WARN] DbBoards:128 - board STM32MP157C-EV1 has no document id list !
2021-02-18 20:53:31,345 [WARN] DbBoards:128 - board STM32MP157F-DK2 has no document id list !
2021-02-18 20:53:31,345 [WARN] DbBoards:128 - board STM32MP157F-EV1 has no document id list !
2021-02-18 20:53:31,345 [WARN] DbBoards:128 - board STM32VLDISCOVERY has no document id list !
2021-02-18 20:53:32,875 [INFO] ApiDb:238 - Load user favorites file C:\Users\alina/.stm32cubeide/favorites.boards.txt: 0 item(s)
2021-02-18 20:53:32,875 [INFO] ApiDb:242 - User favorites Boards=[]
2021-02-18 20:53:32,875 [INFO] DbBoards:207 - Set 0 / 0 favorites Boards
2021-02-18 20:53:32,984 [INFO] CrossSelectorPresenter:1330 - Cross Selector saved comparison directory: C:\Users\alina\.stmcufinder\plugins\mcufinder\mcu\cs_comparisons_mx
2021-02-18 20:53:32,993 [INFO] MultiScanPanel:198 - Auto-refresh data requested => check proxy status ongoing
2021-02-18 20:53:32,994 [INFO] FinderPluginLoader:87 - Searching for filters in installed packs
2021-02-18 20:53:33,349 [INFO] DetailPanel:344 - Set advertising image to C:/Users/alina/STM32Cube/Repository/\stm32cubemx-promo_image.jpg
2021-02-18 20:53:33,682 [INFO] McuFilterPanel:245 - Update 0 favorites MCUs
2021-02-18 20:53:54,563 [INFO] MainUpdater:2644 - connection check result : 10
2021-02-18 20:53:54,563 [INFO] MainUpdater:2644 - connection check result : 10
2021-02-18 20:53:54,616 [INFO] MicroXplorer:385 - Change Database Path : 
2021-02-18 20:53:54,617 [INFO] MicroXplorer:415 - Change Database Version : DB.6.0.10
2021-02-18 20:53:54,617 [WARN] ThirdParty:783 - waiting for thirdparty lock release [close project]
2021-02-18 20:53:54,617 [INFO] ThirdParty:785 - entering critical section [close project]
2021-02-18 20:53:54,617 [INFO] ThirdParty:796 - exiting critical section [close project]
2021-02-18 20:53:54,619 [INFO] PinOutPanel:1434 - setPackage(No Configuration,No Configuration)
2021-02-18 20:53:54,627 [INFO] UtilMem:74 - Begin LoadConfig() Used Memory: 361011216 Bytes (759169024)
2021-02-18 20:53:54,627 [INFO] MicroXplorer:385 - Change Database Path : 
2021-02-18 20:53:54,627 [INFO] MicroXplorer:415 - Change Database Version : DB.6.0.10
2021-02-18 20:53:54,627 [INFO] OpenFileManager:274 - Change cursor
2021-02-18 20:53:54,630 [WARN] ThirdParty:204 - Use empty third party IP manager
2021-02-18 20:53:54,643 [INFO] RulesReader:52 - Compatibility file has been processed (228 Rules)
2021-02-18 20:53:56,955 [INFO] ImportTextPane:162 - (OptionalMessage_ERROR) Unable to find key (Mcu.ThirdPartyNb) in loaded IOC file
2021-02-18 20:53:56,955 [INFO] ImportTextPane:162 - (OptionalMessage_ERROR) Unable to find key (Mcu.PinsNb) in loaded IOC file
2021-02-18 20:53:56,955 [INFO] ImportTextPane:162 - (OptionalMessage_ERROR) Unable to find key (Mcu.IPNb) in loaded IOC file
2021-02-18 20:53:56,978 [WARN] ApiManager:294 - Cannot register API 'Board Extension:S2868A1' from pack STMicroelectronics.X-CUBE-SUBG2.3.0.1: no header file found
2021-02-18 20:53:56,978 [WARN] ApiManager:294 - Cannot register API 'Board Extension:S2868A2' from pack STMicroelectronics.X-CUBE-SUBG2.3.0.1: no header file found
2021-02-18 20:53:56,978 [WARN] ApiManager:294 - Cannot register API 'Board Extension:S2915A1' from pack STMicroelectronics.X-CUBE-SUBG2.3.0.1: no header file found
2021-02-18 20:53:56,981 [WARN] ApiManager:294 - Cannot register API 'Board Extension:S2868A1' from pack STMicroelectronics.X-CUBE-SUBG2.3.0.0: no header file found
2021-02-18 20:53:56,981 [WARN] ApiManager:294 - Cannot register API 'Board Extension:S2868A2' from pack STMicroelectronics.X-CUBE-SUBG2.3.0.0: no header file found
2021-02-18 20:53:56,982 [WARN] ApiManager:294 - Cannot register API 'Board Extension:S2915A1' from pack STMicroelectronics.X-CUBE-SUBG2.3.0.0: no header file found
2021-02-18 20:53:56,982 [WARN] ModelIntegratedComponent:51 - No mode defined for component null
2021-02-18 20:53:56,983 [WARN] ModelIntegratedComponent:51 - No mode defined for component null
2021-02-18 20:53:56,983 [WARN] ModelIntegratedComponent:51 - No mode defined for component null
2021-02-18 20:53:56,983 [WARN] ModelIntegratedComponent:51 - No mode defined for component null
2021-02-18 20:53:56,983 [WARN] ModelIntegratedComponent:51 - No mode defined for component null
2021-02-18 20:53:56,983 [WARN] ModelIntegratedComponent:51 - No mode defined for component null
2021-02-18 20:53:56,983 [WARN] ModelIntegratedComponent:51 - No mode defined for component null
2021-02-18 20:53:56,983 [WARN] ModelIntegratedComponent:51 - No mode defined for component null
2021-02-18 20:53:56,984 [WARN] ModelIntegratedComponent:51 - No mode defined for component null
2021-02-18 20:53:56,984 [WARN] ModelIntegratedComponent:51 - No mode defined for component null
2021-02-18 20:53:56,984 [WARN] ModelIntegratedComponent:51 - No mode defined for component null
2021-02-18 20:53:56,984 [WARN] ModelIntegratedComponent:51 - No mode defined for component null
2021-02-18 20:53:56,984 [WARN] ModelIntegratedComponent:51 - No mode defined for component null
2021-02-18 20:53:56,985 [WARN] ModelIntegratedComponent:51 - No mode defined for component null
2021-02-18 20:53:56,985 [WARN] ModelIntegratedComponent:51 - No mode defined for component null
2021-02-18 20:53:56,985 [WARN] ModelIntegratedComponent:51 - No mode defined for component null
2021-02-18 20:53:56,985 [WARN] ModelIntegratedComponent:51 - No mode defined for component null
2021-02-18 20:53:56,985 [WARN] ModelIntegratedComponent:51 - No mode defined for component null
2021-02-18 20:53:56,985 [WARN] ModelIntegratedComponent:51 - No mode defined for component null
2021-02-18 20:53:56,986 [WARN] ModelIntegratedComponent:51 - No mode defined for component null
2021-02-18 20:53:56,986 [WARN] ModelIntegratedComponent:51 - No mode defined for component null
2021-02-18 20:53:56,986 [WARN] ModelIntegratedComponent:51 - No mode defined for component null
2021-02-18 20:53:56,986 [WARN] ModelIntegratedComponent:51 - No mode defined for component null
2021-02-18 20:53:56,986 [WARN] ModelIntegratedComponent:51 - No mode defined for component null
2021-02-18 20:53:56,987 [WARN] ModelIntegratedComponent:51 - No mode defined for component null
2021-02-18 20:53:56,987 [WARN] ModelIntegratedComponent:51 - No mode defined for component null
2021-02-18 20:53:56,987 [WARN] ModelIntegratedComponent:51 - No mode defined for component null
2021-02-18 20:53:56,987 [WARN] ModelIntegratedComponent:51 - No mode defined for component null
2021-02-18 20:53:56,987 [WARN] ModelIntegratedComponent:51 - No mode defined for component null
2021-02-18 20:53:56,987 [WARN] ModelIntegratedComponent:51 - No mode defined for component null
2021-02-18 20:53:56,987 [WARN] ModelIntegratedComponent:51 - No mode defined for component null
2021-02-18 20:53:56,987 [WARN] ModelIntegratedComponent:51 - No mode defined for component null
2021-02-18 20:53:56,987 [WARN] ModelIntegratedComponent:51 - No mode defined for component null
2021-02-18 20:53:56,988 [WARN] ModelIntegratedComponent:51 - No mode defined for component null
2021-02-18 20:53:56,988 [WARN] ModelIntegratedComponent:51 - No mode defined for component null
2021-02-18 20:53:56,988 [WARN] ModelIntegratedComponent:51 - No mode defined for component null
2021-02-18 20:53:56,988 [WARN] ModelIntegratedComponent:51 - No mode defined for component null
2021-02-18 20:53:56,988 [WARN] ModelIntegratedComponent:51 - No mode defined for component null
2021-02-18 20:53:56,989 [WARN] ApiManager:294 - Cannot register API 'Board Extension:S2868A1' from pack STMicroelectronics.X-CUBE-SFXS2LP1.2.0.0: no header file found
2021-02-18 20:53:56,989 [WARN] ApiManager:294 - Cannot register API 'Board Extension:S2868A2' from pack STMicroelectronics.X-CUBE-SFXS2LP1.2.0.0: no header file found
2021-02-18 20:53:56,989 [WARN] ApiManager:294 - Cannot register API 'Board Extension:S2915A1' from pack STMicroelectronics.X-CUBE-SFXS2LP1.2.0.0: no header file found
2021-02-18 20:53:57,085 [WARN] ApiManager:294 - Cannot register API 'Board Extension:IKS01A3' from pack STMicroelectronics.X-CUBE-MEMS1.8.2.0: no header file found
2021-02-18 20:53:57,086 [WARN] ApiManager:294 - Cannot register API 'Board Extension:IKS01A2' from pack STMicroelectronics.X-CUBE-MEMS1.8.2.0: no header file found
2021-02-18 20:53:57,086 [WARN] ApiManager:294 - Cannot register API 'Board Extension:IKS02A1' from pack STMicroelectronics.X-CUBE-MEMS1.8.2.0: no header file found
2021-02-18 20:53:57,093 [WARN] ApiManager:294 - Cannot register API 'Board Extension:EEPRMA1' from pack STMicroelectronics.X-CUBE-EEPRMA1.3.0.0: no header file found
2021-02-18 20:53:57,093 [WARN] ApiManager:294 - Cannot register API 'Board Extension:EEPRMA2' from pack STMicroelectronics.X-CUBE-EEPRMA1.3.0.0: no header file found
2021-02-18 20:53:57,098 [INFO] RtosManager:464 - Registered RTOS mode: class=CMSIS, group=RTOS, mode=CMSIS_V1, owner=FREERTOS
2021-02-18 20:53:57,098 [INFO] RtosManager:464 - Registered RTOS mode: class=CMSIS, group=RTOS2, mode=CMSIS_V2, owner=FREERTOS
2021-02-18 20:53:57,099 [INFO] RtosManager:464 - Registered RTOS mode: class=RTOS, group=Core, mode=CMSIS_V1, owner=FREERTOS
2021-02-18 20:53:57,099 [INFO] RtosManager:464 - Registered RTOS mode: class=RTOS, group=Core, mode=CMSIS_V2, owner=FREERTOS
2021-02-18 20:53:57,099 [WARN] ModelIntegratedComponent:182 - Missing modes for component STMicroelectronics:FreeRTOS:0.0.1:STMicroelectronics:RTOS:FreeRTOS:Core:::10.2.0:
2021-02-18 20:53:57,100 [WARN] ApiManager:294 - Cannot register API 'Board Extension:GNSS1A1' from pack STMicroelectronics.X-CUBE-GNSS1.5.1.0: no header file found
2021-02-18 20:53:57,100 [WARN] ApiManager:294 - Cannot register API 'Board Support:Custom' from pack STMicroelectronics.X-CUBE-GNSS1.5.1.0: no header file found
2021-02-18 20:53:57,100 [WARN] ApiManager:294 - Cannot register API 'Data Exchange:lib_gnss' from pack STMicroelectronics.X-CUBE-GNSS1.5.1.0: no header file found
2021-02-18 20:53:57,102 [WARN] ApiManager:294 - Cannot register API 'Wireless:BlueNRG-MS' from pack STMicroelectronics.X-CUBE-BLE1.6.1.0: no header file found
2021-02-18 20:53:57,103 [WARN] ApiManager:294 - Cannot register API 'Board Extension:NFC04A1' from pack STMicroelectronics.X-CUBE-NFC4.2.0.1: no header file found
2021-02-18 20:53:57,105 [WARN] ApiManager:294 - Cannot register API 'Wireless:BlueNRG-2' from pack STMicroelectronics.X-CUBE-BLE2.3.1.0: no header file found
2021-02-18 20:53:57,653 [INFO] UtilMem:74 - End LoadConfig() Used Memory: 354072704 Bytes (759169024)
2021-02-18 20:53:57,654 [WARN] ThirdParty:749 - waiting for thirdparty lock release [change project]
2021-02-18 20:53:57,654 [INFO] ThirdParty:751 - entering critical section [change project]
2021-02-18 20:53:57,654 [INFO] ThirdParty:939 - CMSIS Pack Vendor :STMicroelectronics USB_HOST 2.0.0
2021-02-18 20:53:57,655 [INFO] ThirdParty:939 - CMSIS Pack Vendor :STMicroelectronics X-CUBE-SUBG2 3.0.1
2021-02-18 20:53:57,655 [INFO] ThirdParty:939 - CMSIS Pack Vendor :STMicroelectronics X-CUBE-SUBG2 3.0.0
2021-02-18 20:53:57,655 [INFO] ThirdParty:939 - CMSIS Pack Vendor :STMicroelectronics USB_DEVICE 3.0.0
2021-02-18 20:53:57,655 [INFO] ThirdParty:939 - CMSIS Pack Vendor :STMicroelectronics HAL Drivers 0.0.0
2021-02-18 20:53:57,655 [INFO] ThirdParty:939 - CMSIS Pack Vendor :STMicroelectronics MBEDTLS 2.16.2
2021-02-18 20:53:57,655 [INFO] ThirdParty:939 - CMSIS Pack Vendor :STMicroelectronics X-CUBE-SFXS2LP1 2.0.0
2021-02-18 20:53:57,655 [INFO] ThirdParty:939 - CMSIS Pack Vendor :STMicroelectronics MBEDTLS 2.14.1
2021-02-18 20:53:57,655 [INFO] ThirdParty:939 - CMSIS Pack Vendor :STMicroelectronics USB_DEVICE 2.0.0
2021-02-18 20:53:57,655 [INFO] ThirdParty:939 - CMSIS Pack Vendor :STMicroelectronics X-CUBE-MEMS1 8.2.0
2021-02-18 20:53:57,655 [INFO] ThirdParty:939 - CMSIS Pack Vendor :STMicroelectronics X-CUBE-EEPRMA1 3.0.0
2021-02-18 20:53:57,656 [INFO] ThirdParty:939 - CMSIS Pack Vendor :STMicroelectronics X-CUBE-DISPLAY 1.0.0
2021-02-18 20:53:57,656 [INFO] ThirdParty:939 - CMSIS Pack Vendor :STMicroelectronics FreeRTOS 0.0.1
2021-02-18 20:53:57,656 [INFO] ThirdParty:939 - CMSIS Pack Vendor :STMicroelectronics USB_DEVICE 1.0.0
2021-02-18 20:53:57,656 [INFO] ThirdParty:939 - CMSIS Pack Vendor :STMicroelectronics X-CUBE-ALGOBUILD 1.1.0
2021-02-18 20:53:57,656 [INFO] ThirdParty:939 - CMSIS Pack Vendor :STMicroelectronics X-CUBE-GNSS1 5.1.0
2021-02-18 20:53:57,656 [INFO] ThirdParty:939 - CMSIS Pack Vendor :STMicroelectronics X-CUBE-BLE1 6.1.0
2021-02-18 20:53:57,656 [INFO] ThirdParty:939 - CMSIS Pack Vendor :STMicroelectronics lwIP 2.0.3
2021-02-18 20:53:57,656 [INFO] ThirdParty:939 - CMSIS Pack Vendor :STMicroelectronics lwIP 2.1.2
2021-02-18 20:53:57,656 [INFO] ThirdParty:939 - CMSIS Pack Vendor :STMicroelectronics USB_HOST 1.0.0
2021-02-18 20:53:57,656 [INFO] ThirdParty:939 - CMSIS Pack Vendor :STMicroelectronics X-CUBE-TOUCHGFX 4.15.0
2021-02-18 20:53:57,657 [INFO] ThirdParty:939 - CMSIS Pack Vendor :STMicroelectronics X-CUBE-NFC4 2.0.1
2021-02-18 20:53:57,657 [INFO] ThirdParty:939 - CMSIS Pack Vendor :STMicroelectronics X-CUBE-AI 5.2.0
2021-02-18 20:53:57,657 [INFO] ThirdParty:939 - CMSIS Pack Vendor :STMicroelectronics PDM2PCM 3.1.0
2021-02-18 20:53:57,657 [INFO] ThirdParty:939 - CMSIS Pack Vendor :STMicroelectronics X-CUBE-TOUCHGFX 4.16.0
2021-02-18 20:53:57,657 [INFO] ThirdParty:939 - CMSIS Pack Vendor :STMicroelectronics PDM2PCM 3.2.0
2021-02-18 20:53:57,657 [INFO] ThirdParty:939 - CMSIS Pack Vendor :STMicroelectronics X-CUBE-BLE2 3.1.0
2021-02-18 20:53:57,657 [INFO] ThirdParty:939 - CMSIS Pack Vendor :STMicroelectronics PDM2PCM 3.3.0
2021-02-18 20:53:57,657 [INFO] ThirdParty:757 - exiting critical section [change project]
2021-02-18 20:53:57,832 [INFO] PinOutPanel:1434 - setPackage(No Configuration,No Configuration)
2021-02-18 20:53:57,833 [INFO] PinOutPanel:1434 - setPackage(STM32F103C8Tx,LQFP48)
2021-02-18 20:53:58,231 [INFO] UtilMem:74 - Before build in PCC Used Memory: 341447016 Bytes (759169024)
2021-02-18 20:53:58,552 [INFO] SharedServices:72 - Folder for power plug-in: C:/Users/alina/.stm32cubemx/plugins/power
2021-02-18 20:53:58,598 [INFO] SharedServices:72 - Folder for power plug-in: C:/Users/alina/.stm32cubemx/plugins/power
2021-02-18 20:53:58,632 [INFO] SharedServices:72 - Folder for power plug-in: C:/Users/alina/.stm32cubemx/plugins/power
2021-02-18 20:53:58,637 [INFO] SharedServices:72 - Folder for power plug-in: C:/Users/alina/.stm32cubemx/plugins/power
2021-02-18 20:53:58,712 [INFO] UtilMem:74 - After build in PCC Used Memory: 382863728 Bytes (759169024)
2021-02-18 20:53:58,737 [INFO] IPUIPlugin:64 - create IPUIPlugin
2021-02-18 20:53:58,737 [INFO] IPUIPlugin:64 - create IPUIPlugin
2021-02-18 20:53:58,737 [INFO] IPUIPlugin:64 - create IPUIPlugin
2021-02-18 20:53:58,738 [INFO] IPUIPlugin:64 - create IPUIPlugin
2021-02-18 20:53:58,738 [INFO] IPUIPlugin:64 - create IPUIPlugin
2021-02-18 20:53:58,738 [INFO] IPUIPlugin:64 - create IPUIPlugin
2021-02-18 20:53:58,739 [INFO] IPUIPlugin:64 - create IPUIPlugin
2021-02-18 20:53:58,739 [INFO] IPUIPlugin:64 - create IPUIPlugin
2021-02-18 20:53:58,740 [INFO] IPUIPlugin:64 - create IPUIPlugin
2021-02-18 20:53:58,741 [INFO] IPUIPlugin:64 - create IPUIPlugin
2021-02-18 20:53:58,742 [INFO] IPUIPlugin:64 - create IPUIPlugin
2021-02-18 20:53:58,742 [INFO] IPUIPlugin:64 - create IPUIPlugin
2021-02-18 20:53:58,743 [INFO] IPUIPlugin:64 - create IPUIPlugin
2021-02-18 20:53:58,745 [INFO] IPUIPlugin:64 - create IPUIPlugin
2021-02-18 20:53:58,746 [INFO] IPUIPlugin:64 - create IPUIPlugin
2021-02-18 20:53:58,747 [INFO] IPUIPlugin:64 - create IPUIPlugin
2021-02-18 20:53:58,748 [INFO] IPUIPlugin:64 - create IPUIPlugin
2021-02-18 20:53:58,749 [INFO] IPUIPlugin:64 - create IPUIPlugin
2021-02-18 20:53:58,750 [INFO] IPUIPlugin:64 - create IPUIPlugin
2021-02-18 20:53:58,751 [INFO] IPUIPlugin:64 - create IPUIPlugin
2021-02-18 20:53:58,752 [INFO] IPUIPlugin:64 - create IPUIPlugin
2021-02-18 20:53:58,753 [INFO] IPUIPlugin:64 - create IPUIPlugin
2021-02-18 20:53:58,753 [INFO] IPUIPlugin:64 - create IPUIPlugin
2021-02-18 20:53:58,754 [INFO] IPUIPlugin:64 - create IPUIPlugin
2021-02-18 20:53:58,754 [INFO] IPUIPlugin:64 - create IPUIPlugin
2021-02-18 20:53:58,755 [INFO] IPUIPlugin:64 - create IPUIPlugin
2021-02-18 20:53:58,756 [INFO] IPUIPlugin:64 - create IPUIPlugin
2021-02-18 20:53:58,780 [INFO] OpenFileManager:294 - Restore cursor
2021-02-18 20:53:59,113 [INFO] UtilMem:74 - End SaveConfig() Used Memory: 413798760 Bytes (759169024)
2021-02-18 20:53:59,249 [INFO] UtilMem:74 - End SaveConfig() Used Memory: 419563888 Bytes (759169024)
2021-02-18 20:54:00,057 [INFO] BlockDiagram:2735 - set Specific Code input for plugin: SYS
2021-02-18 20:54:00,058 [INFO] BlockDiagram:2735 - set Specific Code input for plugin: RCC
2021-02-18 20:54:00,058 [INFO] BlockDiagram:2735 - set Specific Code input for plugin: NVIC
2021-02-18 20:54:00,059 [INFO] CodeGenerator:639 - code generatio: config db path: C:\ST\STM32CubeIDE_1.5.1\STM32CubeIDE\plugins\com.st.stm32cube.common.mx_6.1.1.202012091304\\db\
2021-02-18 20:54:00,850 [INFO] CodeEngine:229 - oldGeneratedFile, D:\my_Projects\Electronic\STM32\CubeIDE\GPIO\MXTmpFiles\license.tmp_save
2021-02-18 20:54:01,518 [INFO] CodeEngine:247 - Generated code: D:\my_Projects\Electronic\STM32\CubeIDE\GPIO\MXTmpFiles\license.tmp
2021-02-18 20:54:01,855 [INFO] CodeEngine:229 - oldGeneratedFile, D:\my_Projects\Electronic\STM32\CubeIDE\GPIO\Core\Src\stm32f1xx_it.c_save
2021-02-18 20:54:02,123 [INFO] CodeEngine:247 - Generated code: D:\my_Projects\Electronic\STM32\CubeIDE\GPIO\Core\Src\stm32f1xx_it.c
2021-02-18 20:54:02,148 [INFO] CodeEngine:229 - oldGeneratedFile, D:\my_Projects\Electronic\STM32\CubeIDE\GPIO\Core\Inc\stm32f1xx_it.h_save
2021-02-18 20:54:02,357 [INFO] CodeEngine:247 - Generated code: D:\my_Projects\Electronic\STM32\CubeIDE\GPIO\Core\Inc\stm32f1xx_it.h
2021-02-18 20:54:02,452 [INFO] CodeEngine:229 - oldGeneratedFile, D:\my_Projects\Electronic\STM32\CubeIDE\GPIO\Core\Src\stm32f1xx_hal_msp.c_save
2021-02-18 20:54:02,701 [INFO] CodeEngine:247 - Generated code: D:\my_Projects\Electronic\STM32\CubeIDE\GPIO\Core\Src\stm32f1xx_hal_msp.c
2021-02-18 20:54:02,769 [INFO] CodeEngine:229 - oldGeneratedFile, D:\my_Projects\Electronic\STM32\CubeIDE\GPIO\MXTmpFiles\system.tmp_save
2021-02-18 20:54:02,902 [INFO] CodeEngine:247 - Generated code: D:\my_Projects\Electronic\STM32\CubeIDE\GPIO\MXTmpFiles\system.tmp
2021-02-18 20:54:02,979 [INFO] CodeEngine:229 - oldGeneratedFile, D:\my_Projects\Electronic\STM32\CubeIDE\GPIO\Core\Inc\stm32f1xx_hal_conf.h_save
2021-02-18 20:54:03,198 [INFO] CodeEngine:247 - Generated code: D:\my_Projects\Electronic\STM32\CubeIDE\GPIO\Core\Inc\stm32f1xx_hal_conf.h
2021-02-18 20:54:03,346 [INFO] CodeEngine:229 - oldGeneratedFile, D:\my_Projects\Electronic\STM32\CubeIDE\GPIO\Core\Inc\main.h_save
2021-02-18 20:54:03,508 [INFO] CodeEngine:247 - Generated code: D:\my_Projects\Electronic\STM32\CubeIDE\GPIO\Core\Inc\main.h
2021-02-18 20:54:03,545 [INFO] CodeEngine:229 - oldGeneratedFile, D:\my_Projects\Electronic\STM32\CubeIDE\GPIO\Core\Src\main.c_save
2021-02-18 20:54:04,148 [INFO] CodeEngine:247 - Generated code: D:\my_Projects\Electronic\STM32\CubeIDE\GPIO\Core\Src\main.c
2021-02-18 20:54:06,658 [INFO] ProjectBuilder:2328 - Time for Copy HAL[1] : 1485mS.
2021-02-18 20:54:06,677 [INFO] ProjectBuilder:3259 - Project Generator version: 3.11.2
2021-02-18 20:54:07,536 [INFO] ConfigFileManager:1238 - The Die is : DIE410
2021-02-18 20:54:07,573 [INFO] ApiDbMcu:456 - Load IP Config File for FATFS
2021-02-18 20:54:07,607 [INFO] ApiDbMcu:456 - Load IP Config File for FREERTOS
2021-02-18 20:54:07,636 [INFO] ApiDbMcu:456 - Load IP Config File for USB_DEVICE
2021-02-18 20:54:18,513 [INFO] ProjectBuilder:3425 - Time for Generating toolchain IDE Files: 11836mS.
2021-02-18 20:54:18,514 [INFO] ProjectBuilder:2207 - Time for Copy CMSIS : 1mS.
2021-02-18 20:54:18,515 [INFO] ProjectBuilder:2207 - Time for Copy CMSIS : 0mS.
2021-02-18 20:54:20,269 [INFO] ApiDb:263 - Save user favorites file C:\Users\alina/.stm32cubeide/favorites.mcus.txt: 0 item(s)
2021-02-18 20:54:20,270 [INFO] ApiDb:267 - User favorites MCUs=[]
2021-02-18 20:57:30,443 [INFO] UtilMem:74 - End SaveConfig() Used Memory: 544031528 Bytes (822083584)
2021-02-18 20:57:30,525 [INFO] UtilMem:74 - End SaveConfig() Used Memory: 549791992 Bytes (822083584)
2021-02-18 20:57:31,666 [INFO] UtilMem:74 - End SaveConfig() Used Memory: 608913168 Bytes (822083584)
2021-02-18 20:57:32,048 [INFO] BlockDiagram:2735 - set Specific Code input for plugin: SYS
2021-02-18 20:57:32,048 [INFO] BlockDiagram:2735 - set Specific Code input for plugin: RCC
2021-02-18 20:57:32,048 [INFO] BlockDiagram:2735 - set Specific Code input for plugin: NVIC
2021-02-18 20:57:32,049 [INFO] BlockDiagram:2735 - set Specific Code input for plugin: GPIO
2021-02-18 20:57:32,049 [INFO] CodeGenerator:639 - code generatio: config db path: C:\ST\STM32CubeIDE_1.5.1\STM32CubeIDE\plugins\com.st.stm32cube.common.mx_6.1.1.202012091304\\db\
2021-02-18 20:57:32,601 [INFO] CodeEngine:229 - oldGeneratedFile, D:\my_Projects\Electronic\STM32\CubeIDE\GPIO\MXTmpFiles\license.tmp_save
2021-02-18 20:57:32,839 [INFO] CodeEngine:247 - Generated code: D:\my_Projects\Electronic\STM32\CubeIDE\GPIO\MXTmpFiles\license.tmp
2021-02-18 20:57:33,181 [INFO] CodeEngine:229 - oldGeneratedFile, D:\my_Projects\Electronic\STM32\CubeIDE\GPIO\MXTmpFiles\gpio.tmp_save
2021-02-18 20:57:33,509 [INFO] CodeEngine:247 - Generated code: D:\my_Projects\Electronic\STM32\CubeIDE\GPIO\MXTmpFiles\gpio.tmp
2021-02-18 20:57:33,605 [INFO] CodeEngine:229 - oldGeneratedFile, D:\my_Projects\Electronic\STM32\CubeIDE\GPIO\Core\Src\stm32f1xx_it.c_save
2021-02-18 20:57:35,884 [INFO] CodeEngine:247 - Generated code: D:\my_Projects\Electronic\STM32\CubeIDE\GPIO\Core\Src\stm32f1xx_it.c
2021-02-18 20:57:35,897 [INFO] CodeEngine:229 - oldGeneratedFile, D:\my_Projects\Electronic\STM32\CubeIDE\GPIO\Core\Inc\stm32f1xx_it.h_save
2021-02-18 20:57:36,015 [INFO] CodeEngine:247 - Generated code: D:\my_Projects\Electronic\STM32\CubeIDE\GPIO\Core\Inc\stm32f1xx_it.h
2021-02-18 20:57:36,089 [INFO] CodeEngine:229 - oldGeneratedFile, D:\my_Projects\Electronic\STM32\CubeIDE\GPIO\Core\Src\stm32f1xx_hal_msp.c_save
2021-02-18 20:57:36,247 [INFO] CodeEngine:247 - Generated code: D:\my_Projects\Electronic\STM32\CubeIDE\GPIO\Core\Src\stm32f1xx_hal_msp.c
2021-02-18 20:57:36,252 [INFO] CodeEngine:229 - oldGeneratedFile, D:\my_Projects\Electronic\STM32\CubeIDE\GPIO\MXTmpFiles\system.tmp_save
2021-02-18 20:57:36,345 [INFO] CodeEngine:247 - Generated code: D:\my_Projects\Electronic\STM32\CubeIDE\GPIO\MXTmpFiles\system.tmp
2021-02-18 20:57:36,396 [INFO] CodeEngine:229 - oldGeneratedFile, D:\my_Projects\Electronic\STM32\CubeIDE\GPIO\Core\Inc\stm32f1xx_hal_conf.h_save
2021-02-18 20:57:36,549 [INFO] CodeEngine:247 - Generated code: D:\my_Projects\Electronic\STM32\CubeIDE\GPIO\Core\Inc\stm32f1xx_hal_conf.h
2021-02-18 20:57:36,657 [INFO] CodeEngine:229 - oldGeneratedFile, D:\my_Projects\Electronic\STM32\CubeIDE\GPIO\Core\Inc\main.h_save
2021-02-18 20:57:36,795 [INFO] CodeEngine:247 - Generated code: D:\my_Projects\Electronic\STM32\CubeIDE\GPIO\Core\Inc\main.h
2021-02-18 20:57:36,822 [INFO] CodeEngine:229 - oldGeneratedFile, D:\my_Projects\Electronic\STM32\CubeIDE\GPIO\Core\Src\main.c_save
2021-02-18 20:57:37,022 [INFO] CodeEngine:247 - Generated code: D:\my_Projects\Electronic\STM32\CubeIDE\GPIO\Core\Src\main.c
2021-02-18 20:57:38,780 [INFO] ProjectBuilder:2328 - Time for Copy HAL[1] : 856mS.
2021-02-18 20:57:38,783 [INFO] ProjectBuilder:3259 - Project Generator version: 3.11.2
2021-02-18 20:57:39,071 [INFO] ConfigFileManager:1238 - The Die is : DIE410
2021-02-18 20:57:43,559 [INFO] ProjectBuilder:3425 - Time for Generating toolchain IDE Files: 4776mS.
2021-02-18 20:57:43,560 [INFO] ProjectBuilder:2207 - Time for Copy CMSIS : 1mS.
2021-02-18 20:57:43,561 [INFO] ProjectBuilder:2207 - Time for Copy CMSIS : 0mS.
2021-02-18 21:14:44,043 [INFO] MainUpdater:2644 - connection check result : 10
2021-02-18 21:14:44,637 [INFO] ServerAccessManage:348 - Download File mcusDocs.json._tmp_
2021-02-18 21:14:44,929 [INFO] LoadUrlFilesThread:135 - End of LoadUrlFiles Thread
2021-02-18 21:14:45,147 [INFO] ServerAccessManage:348 - Download File mcusFeaturesAndDescription.json._tmp_
2021-02-18 21:14:54,357 [INFO] LoadUrlFilesThread:135 - End of LoadUrlFiles Thread
2021-02-18 21:14:54,636 [INFO] ServerAccessManage:348 - Download File boardsDocs.json._tmp_
2021-02-18 21:14:54,989 [INFO] LoadUrlFilesThread:135 - End of LoadUrlFiles Thread
2021-02-18 21:14:55,226 [INFO] ServerAccessManage:348 - Download File boards.json._tmp_
2021-02-18 21:14:55,653 [INFO] LoadUrlFilesThread:135 - End of LoadUrlFiles Thread
2021-02-18 21:14:57,085 [INFO] ServerAccessManage:348 - Download File cube-finder-db.zip
2021-02-18 21:15:00,917 [ERROR] ServerAccessManage:517 - User Cancel Download : cube-finder-db.zip.
2021-02-18 21:15:00,918 [INFO] LoadUrlFilesThread:135 - End of LoadUrlFiles Thread
2021-02-18 21:15:01,681 [INFO] ServerAccessManage:348 - Download File crdb.zip
2021-02-18 21:15:02,192 [INFO] FileExtend:225 - Unzip File : crdb.zip
2021-02-18 21:15:02,192 [INFO] FileExtend:240 - Standard Zip Deflate
2021-02-18 21:15:02,260 [INFO] LoadUrlFilesThread:135 - End of LoadUrlFiles Thread
2021-02-18 21:15:02,656 [INFO] ServerAccessManage:348 - Download File tutoVideoDB.zip
2021-02-18 21:15:03,076 [INFO] FileExtend:225 - Unzip File : tutoVideoDB.zip
2021-02-18 21:15:03,077 [INFO] FileExtend:240 - Standard Zip Deflate
2021-02-18 21:15:03,118 [INFO] LoadUrlFilesThread:135 - End of LoadUrlFiles Thread
2021-02-18 21:15:03,144 [INFO] DbMcusDocs:145 - JSON generation date=Mon Feb 08 17:05:07 IRST 2021 (1612791307)
2021-02-18 21:15:03,145 [ERROR] DbMcusDocs:83 - No MCUs documents found !
2021-02-18 21:15:03,171 [INFO] DbMcusDocs:145 - JSON generation date=Mon Feb 08 17:05:07 IRST 2021 (1612791307)
2021-02-18 21:15:03,172 [ERROR] DbMcusDocs:83 - No MCUs documents found !
2021-02-18 21:15:03,173 [INFO] ApiDb:263 - Save user favorites file C:\Users\alina/.stm32cubeide/favorites.mcus.txt: 0 item(s)
2021-02-18 21:15:03,173 [INFO] ApiDb:267 - User favorites MCUs=[]
2021-02-18 21:15:03,174 [INFO] DbMcusXml:97 - Load MCU database from C:\ST\STM32CubeIDE_1.5.1\STM32CubeIDE\plugins\com.st.stm32cube.common.mx_6.1.1.202012091304\\db\/mcu/families.xml
2021-02-18 21:15:03,929 [INFO] DbMcusJson:92 - JSON generation date=Mon Feb 08 17:05:07 IRST 2021 (1612791307)
2021-02-18 21:15:04,937 [INFO] DbMcus:176 - Found 1835 MCUs (1796 are supported by CubeMX, 1804 are visible in CubeMX)
2021-02-18 21:15:04,939 [INFO] ApiDb:238 - Load user favorites file C:\Users\alina/.stm32cubeide/favorites.mcus.txt: 0 item(s)
2021-02-18 21:15:04,939 [INFO] ApiDb:242 - User favorites MCUs=[]
2021-02-18 21:15:04,939 [INFO] DbMcus:188 - Set 0 / 0 favorites MCUs
2021-02-18 21:15:04,988 [INFO] DbBoardsDocs:145 - JSON generation date=Mon Feb 08 17:05:07 IRST 2021 (1612791307)
2021-02-18 21:15:04,999 [ERROR] DbBoardsDocs:83 - No boards documents found !
2021-02-18 21:15:05,037 [INFO] DbBoardsDocs:145 - JSON generation date=Mon Feb 08 17:05:07 IRST 2021 (1612791307)
2021-02-18 21:15:05,047 [ERROR] DbBoardsDocs:83 - No boards documents found !
2021-02-18 21:15:05,048 [INFO] ApiDb:263 - Save user favorites file C:\Users\alina/.stm32cubeide/favorites.boards.txt: 0 item(s)
2021-02-18 21:15:05,048 [INFO] ApiDb:267 - User favorites Boards=[]
2021-02-18 21:15:05,053 [INFO] DbBoardsPdsc:91 - Found 24 items
2021-02-18 21:15:05,055 [INFO] DbBoardsPdsc:91 - Found 9 items
2021-02-18 21:15:05,059 [INFO] DbBoardsPdsc:91 - Found 32 items
2021-02-18 21:15:05,060 [INFO] DbBoardsPdsc:91 - Found 1 items
2021-02-18 21:15:05,067 [INFO] DbBoardsPdsc:91 - Found 45 items
2021-02-18 21:15:05,076 [INFO] DbBoardsPdsc:91 - Found 41 items
2021-02-18 21:15:05,078 [INFO] DbBoardsPdsc:91 - Found 2 items
2021-02-18 21:15:05,079 [INFO] DbBoardsPdsc:91 - Found 4 items
2021-02-18 21:15:05,085 [WARN] DbBoardsPdsc:255 - Board STM32H7B3I-DK: unknown feature type=Audio, name=, username=Audio stereo codec with Headphone Amp (CS42L51-CNZ), n=1
2021-02-18 21:15:05,086 [WARN] DbBoardsPdsc:255 - Board STM32H735G-DK: unknown feature type=Audio, name=, username=Audio stereo codec with Headphone Amp (WM8994ECS/R), n=1
2021-02-18 21:15:05,087 [WARN] DbBoardsPdsc:255 - Board STM32H7B3I-EVAL: unknown feature type=Audio, name=, username=Multi-Channel Audio Codec (CS42L51-CNZ), n=1
2021-02-18 21:15:05,087 [WARN] DbBoardsPdsc:255 - Board STM32H7B3I-EVAL: unknown feature type=Meter, name=, username=Power-metering and Temperature-monitoring with sigma-delta modulators, n=1
2021-02-18 21:15:05,087 [WARN] DbBoardsPdsc:255 - Board STM32H7B3I-EVAL: unknown feature type=Motor, name=, username=Motor Control, n=1
2021-02-18 21:15:05,168 [INFO] DbBoardsJson:85 - JSON generation date=Thu Feb 04 20:23:45 IRST 2021 (1612457625)
2021-02-18 21:15:05,175 [INFO] DbBoards:118 - Found 160 boards (155 are supported by CubeMX)
2021-02-18 21:15:05,189 [INFO] DbBoardsDocs:145 - JSON generation date=Mon Feb 08 17:05:07 IRST 2021 (1612791307)
2021-02-18 21:15:05,207 [INFO] DbBoardsDocs:81 - Found 193 boards documents
2021-02-18 21:15:05,208 [WARN] DbBoards:128 - board B-L462E-CELL1 has no document id list !
2021-02-18 21:15:05,208 [WARN] DbBoards:128 - board B-L475E-IOT01A2 has no document id list !
2021-02-18 21:15:05,210 [WARN] DbBoards:128 - board NUCLEO-G0B1RE has no document id list !
2021-02-18 21:15:05,211 [WARN] DbBoards:128 - board NUCLEO-H743ZI2 has no document id list !
2021-02-18 21:15:05,212 [WARN] DbBoards:128 - board NUCLEO-L4A6ZG has no document id list !
2021-02-18 21:15:05,212 [WARN] DbBoards:128 - board NUCLEO-WB55RG has no document id list !
2021-02-18 21:15:05,212 [WARN] DbBoards:128 - board NUCLEO-WL55JC1 has no document id list !
2021-02-18 21:15:05,212 [WARN] DbBoards:128 - board NUCLEO-WL55JC2 has no document id list !
2021-02-18 21:15:05,213 [WARN] DbBoards:128 - board P-NUCLEO-WB55-Nucleo has no document id list !
2021-02-18 21:15:05,213 [WARN] DbBoards:128 - board P-NUCLEO-WB55-USBDongle has no document id list !
2021-02-18 21:15:05,213 [WARN] DbBoards:128 - board STEVAL-BFA001V1B has no document id list !
2021-02-18 21:15:05,213 [WARN] DbBoards:128 - board STEVAL-BFA001V2B has no document id list !
2021-02-18 21:15:05,213 [WARN] DbBoards:128 - board STEVAL-IDP005V1 has no document id list !
2021-02-18 21:15:05,213 [WARN] DbBoards:128 - board STEVAL-IDP005V2 has no document id list !
2021-02-18 21:15:05,213 [WARN] DbBoards:128 - board STEVAL-MKSBOX1V1 has no document id list !
2021-02-18 21:15:05,213 [WARN] DbBoards:128 - board STEVAL-STWINKT1 has no document id list !
2021-02-18 21:15:05,213 [WARN] DbBoards:128 - board STEVAL-STWINKT1B has no document id list !
2021-02-18 21:15:05,214 [WARN] DbBoards:128 - board STM32F401C-DISCO has no document id list !
2021-02-18 21:15:05,215 [WARN] DbBoards:128 - board STM32F769I-DISC1 has no document id list !
2021-02-18 21:15:05,216 [WARN] DbBoards:128 - board STM32G0C1E-EV has no document id list !
2021-02-18 21:15:05,216 [WARN] DbBoards:128 - board STM32G474E-EVAL1 has no document id list !
2021-02-18 21:15:05,216 [WARN] DbBoards:128 - board STM32H743I-EVAL2 has no document id list !
2021-02-18 21:15:05,216 [WARN] DbBoards:128 - board STM32H747I-DISC1 has no document id list !
2021-02-18 21:15:05,217 [WARN] DbBoards:128 - board STM32H753I-EVAL2 has no document id list !
2021-02-18 21:15:05,217 [WARN] DbBoards:128 - board STM32L-DISCOVERY has no document id list !
2021-02-18 21:15:05,218 [WARN] DbBoards:128 - board STM32MP157A-DK1 has no document id list !
2021-02-18 21:15:05,218 [WARN] DbBoards:128 - board STM32MP157F-DK2 has no document id list !
2021-02-18 21:15:05,218 [WARN] DbBoards:128 - board STM32MP157F-EV1 has no document id list !
2021-02-18 21:15:05,754 [ERROR] DbBoards:190 - Image file not found for board NUCLEO-WL55JC: C:\ST\STM32CubeIDE_1.5.1\STM32CubeIDE\plugins\com.st.stm32cube.common.mx_6.1.1.202012091304\\db\/plugins/mcufinder/images/boards/nucleo-wl55jc-small.jpg
2021-02-18 21:15:05,981 [ERROR] DbBoards:190 - Image file not found for board STEVAL-STWINKT1B: C:\ST\STM32CubeIDE_1.5.1\STM32CubeIDE\plugins\com.st.stm32cube.common.mx_6.1.1.202012091304\\db\/plugins/mcufinder/images/boards/steval-stwinkt1b_small.jpg
2021-02-18 21:15:06,520 [ERROR] DbBoards:190 - Image file not found for board STM32H7B3I-EVAL: C:\ST\STM32CubeIDE_1.5.1\STM32CubeIDE\plugins\com.st.stm32cube.common.mx_6.1.1.202012091304\\db\/plugins/mcufinder/images/boards/stm32h7b3ieval_small.jpg
2021-02-18 21:15:06,750 [INFO] ApiDb:238 - Load user favorites file C:\Users\alina/.stm32cubeide/favorites.boards.txt: 0 item(s)
2021-02-18 21:15:06,751 [INFO] ApiDb:242 - User favorites Boards=[]
2021-02-18 21:15:06,751 [INFO] DbBoards:207 - Set 0 / 0 favorites Boards
2021-02-18 21:15:06,920 [INFO] CrossSelectorPresenter:1330 - Cross Selector saved comparison directory: C:\Users\alina\.stmcufinder\plugins\mcufinder\mcu\cs_comparisons_mx
2021-02-18 21:15:06,921 [INFO] MultiScanPanel:198 - Auto-refresh data requested => check proxy status ongoing
2021-02-18 21:15:06,921 [INFO] FinderPluginLoader:87 - Searching for filters in installed packs
2021-02-18 21:15:07,307 [INFO] DetailPanel:344 - Set advertising image to C:/Users/alina/STM32Cube/Repository/\stm32cubemx-promo_image.jpg
2021-02-18 21:15:07,510 [INFO] McuFilterPanel:245 - Update 0 favorites MCUs
2021-02-18 21:15:19,197 [INFO] DbMcusDocs:145 - JSON generation date=Mon Feb 08 17:05:07 IRST 2021 (1612791307)
2021-02-18 21:15:19,510 [INFO] DbMcusDocs:81 - Found 617 MCUs documents
2021-02-18 21:15:37,478 [INFO] MainUpdater:2644 - connection check result : 10
2021-02-18 21:15:37,478 [INFO] MainUpdater:2644 - connection check result : 10
2021-02-18 21:15:37,512 [INFO] MicroXplorer:385 - Change Database Path : 
2021-02-18 21:15:37,512 [INFO] MicroXplorer:415 - Change Database Version : DB.6.0.10
2021-02-18 21:15:37,513 [WARN] ThirdParty:783 - waiting for thirdparty lock release [close project]
2021-02-18 21:15:37,513 [INFO] ThirdParty:785 - entering critical section [close project]
2021-02-18 21:15:37,513 [INFO] ThirdParty:796 - exiting critical section [close project]
2021-02-18 21:15:37,517 [INFO] PinOutPanel:1434 - setPackage(No Configuration,No Configuration)
2021-02-18 21:15:37,520 [INFO] UtilMem:74 - Begin LoadConfig() Used Memory: 420867496 Bytes (945815552)
2021-02-18 21:15:37,520 [INFO] MicroXplorer:385 - Change Database Path : 
2021-02-18 21:15:37,520 [INFO] MicroXplorer:415 - Change Database Version : DB.6.0.10
2021-02-18 21:15:37,521 [INFO] OpenFileManager:274 - Change cursor
2021-02-18 21:15:37,521 [WARN] ThirdParty:204 - Use empty third party IP manager
2021-02-18 21:15:37,555 [INFO] RulesReader:52 - Compatibility file has been processed (228 Rules)
2021-02-18 21:15:39,097 [INFO] ImportTextPane:162 - (OptionalMessage_ERROR) Unable to find key (Mcu.ThirdPartyNb) in loaded IOC file
2021-02-18 21:15:39,097 [INFO] ImportTextPane:162 - (OptionalMessage_ERROR) Unable to find key (Mcu.PinsNb) in loaded IOC file
2021-02-18 21:15:39,097 [INFO] ImportTextPane:162 - (OptionalMessage_ERROR) Unable to find key (Mcu.IPNb) in loaded IOC file
2021-02-18 21:15:39,114 [WARN] ApiManager:294 - Cannot register API 'Board Extension:S2868A1' from pack STMicroelectronics.X-CUBE-SUBG2.3.0.1: no header file found
2021-02-18 21:15:39,115 [WARN] ApiManager:294 - Cannot register API 'Board Extension:S2868A2' from pack STMicroelectronics.X-CUBE-SUBG2.3.0.1: no header file found
2021-02-18 21:15:39,115 [WARN] ApiManager:294 - Cannot register API 'Board Extension:S2915A1' from pack STMicroelectronics.X-CUBE-SUBG2.3.0.1: no header file found
2021-02-18 21:15:39,121 [WARN] ApiManager:294 - Cannot register API 'Board Extension:S2868A1' from pack STMicroelectronics.X-CUBE-SUBG2.3.0.0: no header file found
2021-02-18 21:15:39,121 [WARN] ApiManager:294 - Cannot register API 'Board Extension:S2868A2' from pack STMicroelectronics.X-CUBE-SUBG2.3.0.0: no header file found
2021-02-18 21:15:39,121 [WARN] ApiManager:294 - Cannot register API 'Board Extension:S2915A1' from pack STMicroelectronics.X-CUBE-SUBG2.3.0.0: no header file found
2021-02-18 21:15:39,122 [WARN] ModelIntegratedComponent:51 - No mode defined for component null
2021-02-18 21:15:39,123 [WARN] ModelIntegratedComponent:51 - No mode defined for component null
2021-02-18 21:15:39,123 [WARN] ModelIntegratedComponent:51 - No mode defined for component null
2021-02-18 21:15:39,123 [WARN] ModelIntegratedComponent:51 - No mode defined for component null
2021-02-18 21:15:39,123 [WARN] ModelIntegratedComponent:51 - No mode defined for component null
2021-02-18 21:15:39,123 [WARN] ModelIntegratedComponent:51 - No mode defined for component null
2021-02-18 21:15:39,123 [WARN] ModelIntegratedComponent:51 - No mode defined for component null
2021-02-18 21:15:39,124 [WARN] ModelIntegratedComponent:51 - No mode defined for component null
2021-02-18 21:15:39,124 [WARN] ModelIntegratedComponent:51 - No mode defined for component null
2021-02-18 21:15:39,124 [WARN] ModelIntegratedComponent:51 - No mode defined for component null
2021-02-18 21:15:39,124 [WARN] ModelIntegratedComponent:51 - No mode defined for component null
2021-02-18 21:15:39,124 [WARN] ModelIntegratedComponent:51 - No mode defined for component null
2021-02-18 21:15:39,124 [WARN] ModelIntegratedComponent:51 - No mode defined for component null
2021-02-18 21:15:39,124 [WARN] ModelIntegratedComponent:51 - No mode defined for component null
2021-02-18 21:15:39,125 [WARN] ModelIntegratedComponent:51 - No mode defined for component null
2021-02-18 21:15:39,125 [WARN] ModelIntegratedComponent:51 - No mode defined for component null
2021-02-18 21:15:39,125 [WARN] ModelIntegratedComponent:51 - No mode defined for component null
2021-02-18 21:15:39,125 [WARN] ModelIntegratedComponent:51 - No mode defined for component null
2021-02-18 21:15:39,125 [WARN] ModelIntegratedComponent:51 - No mode defined for component null
2021-02-18 21:15:39,125 [WARN] ModelIntegratedComponent:51 - No mode defined for component null
2021-02-18 21:15:39,125 [WARN] ModelIntegratedComponent:51 - No mode defined for component null
2021-02-18 21:15:39,125 [WARN] ModelIntegratedComponent:51 - No mode defined for component null
2021-02-18 21:15:39,126 [WARN] ModelIntegratedComponent:51 - No mode defined for component null
2021-02-18 21:15:39,126 [WARN] ModelIntegratedComponent:51 - No mode defined for component null
2021-02-18 21:15:39,126 [WARN] ModelIntegratedComponent:51 - No mode defined for component null
2021-02-18 21:15:39,126 [WARN] ModelIntegratedComponent:51 - No mode defined for component null
2021-02-18 21:15:39,126 [WARN] ModelIntegratedComponent:51 - No mode defined for component null
2021-02-18 21:15:39,126 [WARN] ModelIntegratedComponent:51 - No mode defined for component null
2021-02-18 21:15:39,127 [WARN] ModelIntegratedComponent:51 - No mode defined for component null
2021-02-18 21:15:39,127 [WARN] ModelIntegratedComponent:51 - No mode defined for component null
2021-02-18 21:15:39,127 [WARN] ModelIntegratedComponent:51 - No mode defined for component null
2021-02-18 21:15:39,128 [WARN] ModelIntegratedComponent:51 - No mode defined for component null
2021-02-18 21:15:39,129 [WARN] ModelIntegratedComponent:51 - No mode defined for component null
2021-02-18 21:15:39,129 [WARN] ModelIntegratedComponent:51 - No mode defined for component null
2021-02-18 21:15:39,130 [WARN] ModelIntegratedComponent:51 - No mode defined for component null
2021-02-18 21:15:39,130 [WARN] ModelIntegratedComponent:51 - No mode defined for component null
2021-02-18 21:15:39,131 [WARN] ModelIntegratedComponent:51 - No mode defined for component null
2021-02-18 21:15:39,131 [WARN] ModelIntegratedComponent:51 - No mode defined for component null
2021-02-18 21:15:39,133 [WARN] ApiManager:294 - Cannot register API 'Board Extension:S2868A1' from pack STMicroelectronics.X-CUBE-SFXS2LP1.2.0.0: no header file found
2021-02-18 21:15:39,134 [WARN] ApiManager:294 - Cannot register API 'Board Extension:S2868A2' from pack STMicroelectronics.X-CUBE-SFXS2LP1.2.0.0: no header file found
2021-02-18 21:15:39,134 [WARN] ApiManager:294 - Cannot register API 'Board Extension:S2915A1' from pack STMicroelectronics.X-CUBE-SFXS2LP1.2.0.0: no header file found
2021-02-18 21:15:39,238 [WARN] ApiManager:294 - Cannot register API 'Board Extension:IKS01A3' from pack STMicroelectronics.X-CUBE-MEMS1.8.2.0: no header file found
2021-02-18 21:15:39,238 [WARN] ApiManager:294 - Cannot register API 'Board Extension:IKS01A2' from pack STMicroelectronics.X-CUBE-MEMS1.8.2.0: no header file found
2021-02-18 21:15:39,238 [WARN] ApiManager:294 - Cannot register API 'Board Extension:IKS02A1' from pack STMicroelectronics.X-CUBE-MEMS1.8.2.0: no header file found
2021-02-18 21:15:39,248 [WARN] ApiManager:294 - Cannot register API 'Board Extension:EEPRMA1' from pack STMicroelectronics.X-CUBE-EEPRMA1.3.0.0: no header file found
2021-02-18 21:15:39,248 [WARN] ApiManager:294 - Cannot register API 'Board Extension:EEPRMA2' from pack STMicroelectronics.X-CUBE-EEPRMA1.3.0.0: no header file found
2021-02-18 21:15:39,249 [INFO] RtosManager:464 - Registered RTOS mode: class=CMSIS, group=RTOS, mode=CMSIS_V1, owner=FREERTOS
2021-02-18 21:15:39,249 [INFO] RtosManager:464 - Registered RTOS mode: class=CMSIS, group=RTOS2, mode=CMSIS_V2, owner=FREERTOS
2021-02-18 21:15:39,250 [INFO] RtosManager:464 - Registered RTOS mode: class=RTOS, group=Core, mode=CMSIS_V1, owner=FREERTOS
2021-02-18 21:15:39,250 [INFO] RtosManager:464 - Registered RTOS mode: class=RTOS, group=Core, mode=CMSIS_V2, owner=FREERTOS
2021-02-18 21:15:39,250 [WARN] ModelIntegratedComponent:182 - Missing modes for component STMicroelectronics:FreeRTOS:0.0.1:STMicroelectronics:RTOS:FreeRTOS:Core:::10.2.0:
2021-02-18 21:15:39,251 [WARN] ApiManager:294 - Cannot register API 'Board Extension:GNSS1A1' from pack STMicroelectronics.X-CUBE-GNSS1.5.1.0: no header file found
2021-02-18 21:15:39,251 [WARN] ApiManager:294 - Cannot register API 'Board Support:Custom' from pack STMicroelectronics.X-CUBE-GNSS1.5.1.0: no header file found
2021-02-18 21:15:39,251 [WARN] ApiManager:294 - Cannot register API 'Data Exchange:lib_gnss' from pack STMicroelectronics.X-CUBE-GNSS1.5.1.0: no header file found
2021-02-18 21:15:39,252 [WARN] ApiManager:294 - Cannot register API 'Wireless:BlueNRG-MS' from pack STMicroelectronics.X-CUBE-BLE1.6.1.0: no header file found
2021-02-18 21:15:39,253 [WARN] ApiManager:294 - Cannot register API 'Board Extension:NFC04A1' from pack STMicroelectronics.X-CUBE-NFC4.2.0.1: no header file found
2021-02-18 21:15:39,254 [WARN] ApiManager:294 - Cannot register API 'Wireless:BlueNRG-2' from pack STMicroelectronics.X-CUBE-BLE2.3.1.0: no header file found
2021-02-18 21:15:39,600 [INFO] UtilMem:74 - End LoadConfig() Used Memory: 691968992 Bytes (945815552)
2021-02-18 21:15:39,602 [WARN] ThirdParty:749 - waiting for thirdparty lock release [change project]
2021-02-18 21:15:39,603 [INFO] ThirdParty:751 - entering critical section [change project]
2021-02-18 21:15:39,603 [INFO] ThirdParty:939 - CMSIS Pack Vendor :STMicroelectronics USB_HOST 2.0.0
2021-02-18 21:15:39,604 [INFO] ThirdParty:939 - CMSIS Pack Vendor :STMicroelectronics X-CUBE-SUBG2 3.0.1
2021-02-18 21:15:39,604 [INFO] ThirdParty:939 - CMSIS Pack Vendor :STMicroelectronics X-CUBE-SUBG2 3.0.0
2021-02-18 21:15:39,604 [INFO] ThirdParty:939 - CMSIS Pack Vendor :STMicroelectronics USB_DEVICE 3.0.0
2021-02-18 21:15:39,604 [INFO] ThirdParty:939 - CMSIS Pack Vendor :STMicroelectronics HAL Drivers 0.0.0
2021-02-18 21:15:39,605 [INFO] ThirdParty:939 - CMSIS Pack Vendor :STMicroelectronics MBEDTLS 2.16.2
2021-02-18 21:15:39,605 [INFO] ThirdParty:939 - CMSIS Pack Vendor :STMicroelectronics X-CUBE-SFXS2LP1 2.0.0
2021-02-18 21:15:39,605 [INFO] ThirdParty:939 - CMSIS Pack Vendor :STMicroelectronics MBEDTLS 2.14.1
2021-02-18 21:15:39,605 [INFO] ThirdParty:939 - CMSIS Pack Vendor :STMicroelectronics USB_DEVICE 2.0.0
2021-02-18 21:15:39,607 [INFO] ThirdParty:939 - CMSIS Pack Vendor :STMicroelectronics X-CUBE-MEMS1 8.2.0
2021-02-18 21:15:39,607 [INFO] ThirdParty:939 - CMSIS Pack Vendor :STMicroelectronics X-CUBE-EEPRMA1 3.0.0
2021-02-18 21:15:39,608 [INFO] ThirdParty:939 - CMSIS Pack Vendor :STMicroelectronics X-CUBE-DISPLAY 1.0.0
2021-02-18 21:15:39,608 [INFO] ThirdParty:939 - CMSIS Pack Vendor :STMicroelectronics FreeRTOS 0.0.1
2021-02-18 21:15:39,608 [INFO] ThirdParty:939 - CMSIS Pack Vendor :STMicroelectronics USB_DEVICE 1.0.0
2021-02-18 21:15:39,609 [INFO] ThirdParty:939 - CMSIS Pack Vendor :STMicroelectronics X-CUBE-ALGOBUILD 1.1.0
2021-02-18 21:15:39,609 [INFO] ThirdParty:939 - CMSIS Pack Vendor :STMicroelectronics X-CUBE-GNSS1 5.1.0
2021-02-18 21:15:39,609 [INFO] ThirdParty:939 - CMSIS Pack Vendor :STMicroelectronics X-CUBE-BLE1 6.1.0
2021-02-18 21:15:39,609 [INFO] ThirdParty:939 - CMSIS Pack Vendor :STMicroelectronics lwIP 2.0.3
2021-02-18 21:15:39,609 [INFO] ThirdParty:939 - CMSIS Pack Vendor :STMicroelectronics lwIP 2.1.2
2021-02-18 21:15:39,609 [INFO] ThirdParty:939 - CMSIS Pack Vendor :STMicroelectronics USB_HOST 1.0.0
2021-02-18 21:15:39,609 [INFO] ThirdParty:939 - CMSIS Pack Vendor :STMicroelectronics X-CUBE-TOUCHGFX 4.15.0
2021-02-18 21:15:39,609 [INFO] ThirdParty:939 - CMSIS Pack Vendor :STMicroelectronics X-CUBE-NFC4 2.0.1
2021-02-18 21:15:39,609 [INFO] ThirdParty:939 - CMSIS Pack Vendor :STMicroelectronics X-CUBE-AI 5.2.0
2021-02-18 21:15:39,609 [INFO] ThirdParty:939 - CMSIS Pack Vendor :STMicroelectronics PDM2PCM 3.1.0
2021-02-18 21:15:39,609 [INFO] ThirdParty:939 - CMSIS Pack Vendor :STMicroelectronics X-CUBE-TOUCHGFX 4.16.0
2021-02-18 21:15:39,609 [INFO] ThirdParty:939 - CMSIS Pack Vendor :STMicroelectronics PDM2PCM 3.2.0
2021-02-18 21:15:39,610 [INFO] ThirdParty:939 - CMSIS Pack Vendor :STMicroelectronics X-CUBE-BLE2 3.1.0
2021-02-18 21:15:39,610 [INFO] ThirdParty:939 - CMSIS Pack Vendor :STMicroelectronics PDM2PCM 3.3.0
2021-02-18 21:15:39,610 [INFO] ThirdParty:757 - exiting critical section [change project]
2021-02-18 21:15:39,698 [INFO] PinOutPanel:1434 - setPackage(No Configuration,No Configuration)
2021-02-18 21:15:39,699 [INFO] PinOutPanel:1434 - setPackage(STM32F103C8Tx,LQFP48)
2021-02-18 21:15:39,958 [INFO] UtilMem:74 - Before build in PCC Used Memory: 720580416 Bytes (945815552)
2021-02-18 21:15:40,150 [INFO] SharedServices:72 - Folder for power plug-in: C:/Users/alina/.stm32cubemx/plugins/power
2021-02-18 21:15:40,188 [INFO] SharedServices:72 - Folder for power plug-in: C:/Users/alina/.stm32cubemx/plugins/power
2021-02-18 21:15:40,207 [INFO] SharedServices:72 - Folder for power plug-in: C:/Users/alina/.stm32cubemx/plugins/power
2021-02-18 21:15:40,210 [INFO] SharedServices:72 - Folder for power plug-in: C:/Users/alina/.stm32cubemx/plugins/power
2021-02-18 21:15:40,264 [INFO] UtilMem:74 - After build in PCC Used Memory: 761997128 Bytes (945815552)
2021-02-18 21:15:40,276 [INFO] IPUIPlugin:64 - create IPUIPlugin
2021-02-18 21:15:40,276 [INFO] IPUIPlugin:64 - create IPUIPlugin
2021-02-18 21:15:40,277 [INFO] IPUIPlugin:64 - create IPUIPlugin
2021-02-18 21:15:40,278 [INFO] IPUIPlugin:64 - create IPUIPlugin
2021-02-18 21:15:40,278 [INFO] IPUIPlugin:64 - create IPUIPlugin
2021-02-18 21:15:40,278 [INFO] IPUIPlugin:64 - create IPUIPlugin
2021-02-18 21:15:40,278 [INFO] IPUIPlugin:64 - create IPUIPlugin
2021-02-18 21:15:40,278 [INFO] IPUIPlugin:64 - create IPUIPlugin
2021-02-18 21:15:40,279 [INFO] IPUIPlugin:64 - create IPUIPlugin
2021-02-18 21:15:40,281 [INFO] IPUIPlugin:64 - create IPUIPlugin
2021-02-18 21:15:40,281 [INFO] IPUIPlugin:64 - create IPUIPlugin
2021-02-18 21:15:40,282 [INFO] IPUIPlugin:64 - create IPUIPlugin
2021-02-18 21:15:40,282 [INFO] IPUIPlugin:64 - create IPUIPlugin
2021-02-18 21:15:40,283 [INFO] IPUIPlugin:64 - create IPUIPlugin
2021-02-18 21:15:40,284 [INFO] IPUIPlugin:64 - create IPUIPlugin
2021-02-18 21:15:40,285 [INFO] IPUIPlugin:64 - create IPUIPlugin
2021-02-18 21:15:40,285 [INFO] IPUIPlugin:64 - create IPUIPlugin
2021-02-18 21:15:40,286 [INFO] IPUIPlugin:64 - create IPUIPlugin
2021-02-18 21:15:40,286 [INFO] IPUIPlugin:64 - create IPUIPlugin
2021-02-18 21:15:40,287 [INFO] IPUIPlugin:64 - create IPUIPlugin
2021-02-18 21:15:40,288 [INFO] IPUIPlugin:64 - create IPUIPlugin
2021-02-18 21:15:40,288 [INFO] IPUIPlugin:64 - create IPUIPlugin
2021-02-18 21:15:40,289 [INFO] IPUIPlugin:64 - create IPUIPlugin
2021-02-18 21:15:40,289 [INFO] IPUIPlugin:64 - create IPUIPlugin
2021-02-18 21:15:40,290 [INFO] IPUIPlugin:64 - create IPUIPlugin
2021-02-18 21:15:40,291 [INFO] IPUIPlugin:64 - create IPUIPlugin
2021-02-18 21:15:40,292 [INFO] IPUIPlugin:64 - create IPUIPlugin
2021-02-18 21:15:40,317 [INFO] OpenFileManager:294 - Restore cursor
2021-02-18 21:15:40,610 [INFO] UtilMem:74 - End SaveConfig() Used Memory: 791883584 Bytes (945815552)
2021-02-18 21:15:40,759 [INFO] UtilMem:74 - End SaveConfig() Used Memory: 349442760 Bytes (945815552)
2021-02-18 21:15:40,993 [INFO] BlockDiagram:2735 - set Specific Code input for plugin: SYS
2021-02-18 21:15:40,993 [INFO] BlockDiagram:2735 - set Specific Code input for plugin: RCC
2021-02-18 21:15:40,993 [INFO] BlockDiagram:2735 - set Specific Code input for plugin: NVIC
2021-02-18 21:15:40,993 [INFO] CodeGenerator:639 - code generatio: config db path: C:\ST\STM32CubeIDE_1.5.1\STM32CubeIDE\plugins\com.st.stm32cube.common.mx_6.1.1.202012091304\\db\
2021-02-18 21:15:41,222 [INFO] CodeEngine:229 - oldGeneratedFile, D:\my_Projects\Electronic\STM32\CubeIDE\ReadPin\MXTmpFiles\license.tmp_save
2021-02-18 21:15:41,288 [INFO] CodeEngine:247 - Generated code: D:\my_Projects\Electronic\STM32\CubeIDE\ReadPin\MXTmpFiles\license.tmp
2021-02-18 21:15:41,367 [INFO] CodeEngine:229 - oldGeneratedFile, D:\my_Projects\Electronic\STM32\CubeIDE\ReadPin\Core\Src\stm32f1xx_it.c_save
2021-02-18 21:15:41,464 [INFO] CodeEngine:247 - Generated code: D:\my_Projects\Electronic\STM32\CubeIDE\ReadPin\Core\Src\stm32f1xx_it.c
2021-02-18 21:15:41,471 [INFO] CodeEngine:229 - oldGeneratedFile, D:\my_Projects\Electronic\STM32\CubeIDE\ReadPin\Core\Inc\stm32f1xx_it.h_save
2021-02-18 21:15:41,543 [INFO] CodeEngine:247 - Generated code: D:\my_Projects\Electronic\STM32\CubeIDE\ReadPin\Core\Inc\stm32f1xx_it.h
2021-02-18 21:15:41,583 [INFO] CodeEngine:229 - oldGeneratedFile, D:\my_Projects\Electronic\STM32\CubeIDE\ReadPin\Core\Src\stm32f1xx_hal_msp.c_save
2021-02-18 21:15:41,673 [INFO] CodeEngine:247 - Generated code: D:\my_Projects\Electronic\STM32\CubeIDE\ReadPin\Core\Src\stm32f1xx_hal_msp.c
2021-02-18 21:15:41,680 [INFO] CodeEngine:229 - oldGeneratedFile, D:\my_Projects\Electronic\STM32\CubeIDE\ReadPin\MXTmpFiles\system.tmp_save
2021-02-18 21:15:41,728 [INFO] CodeEngine:247 - Generated code: D:\my_Projects\Electronic\STM32\CubeIDE\ReadPin\MXTmpFiles\system.tmp
2021-02-18 21:15:41,767 [INFO] CodeEngine:229 - oldGeneratedFile, D:\my_Projects\Electronic\STM32\CubeIDE\ReadPin\Core\Inc\stm32f1xx_hal_conf.h_save
2021-02-18 21:15:41,872 [INFO] CodeEngine:247 - Generated code: D:\my_Projects\Electronic\STM32\CubeIDE\ReadPin\Core\Inc\stm32f1xx_hal_conf.h
2021-02-18 21:15:41,963 [INFO] CodeEngine:229 - oldGeneratedFile, D:\my_Projects\Electronic\STM32\CubeIDE\ReadPin\Core\Inc\main.h_save
2021-02-18 21:15:42,052 [INFO] CodeEngine:247 - Generated code: D:\my_Projects\Electronic\STM32\CubeIDE\ReadPin\Core\Inc\main.h
2021-02-18 21:15:42,071 [INFO] CodeEngine:229 - oldGeneratedFile, D:\my_Projects\Electronic\STM32\CubeIDE\ReadPin\Core\Src\main.c_save
2021-02-18 21:15:42,168 [INFO] CodeEngine:247 - Generated code: D:\my_Projects\Electronic\STM32\CubeIDE\ReadPin\Core\Src\main.c
2021-02-18 21:15:43,527 [INFO] ProjectBuilder:2328 - Time for Copy HAL[1] : 765mS.
2021-02-18 21:15:43,542 [INFO] ProjectBuilder:3259 - Project Generator version: 3.11.2
2021-02-18 21:15:44,621 [INFO] ConfigFileManager:1238 - The Die is : DIE410
2021-02-18 21:15:44,624 [INFO] ApiDbMcu:456 - Load IP Config File for FATFS
2021-02-18 21:15:44,629 [INFO] ApiDbMcu:456 - Load IP Config File for FREERTOS
2021-02-18 21:15:44,639 [INFO] ApiDbMcu:456 - Load IP Config File for USB_DEVICE
2021-02-18 21:15:48,567 [INFO] ProjectBuilder:3425 - Time for Generating toolchain IDE Files: 5025mS.
2021-02-18 21:15:48,567 [INFO] ProjectBuilder:2207 - Time for Copy CMSIS : 0mS.
2021-02-18 21:15:48,569 [INFO] ProjectBuilder:2207 - Time for Copy CMSIS : 0mS.
2021-02-18 21:15:51,561 [INFO] ApiDb:263 - Save user favorites file C:\Users\alina/.stm32cubeide/favorites.mcus.txt: 0 item(s)
2021-02-18 21:15:51,561 [INFO] ApiDb:267 - User favorites MCUs=[]
2021-02-18 21:16:34,396 [INFO] Gpio:248 - dependency for GPIO [SYS]
2021-02-18 21:22:22,040 [INFO] UtilMem:74 - End SaveConfig() Used Memory: 487963512 Bytes (805306368)
2021-02-18 21:22:22,124 [INFO] UtilMem:74 - End SaveConfig() Used Memory: 493243136 Bytes (805306368)
2021-02-18 21:22:23,003 [INFO] UtilMem:74 - End SaveConfig() Used Memory: 582270512 Bytes (805306368)
2021-02-18 21:22:23,320 [INFO] BlockDiagram:2735 - set Specific Code input for plugin: SYS
2021-02-18 21:22:23,320 [INFO] BlockDiagram:2735 - set Specific Code input for plugin: RCC
2021-02-18 21:22:23,320 [INFO] BlockDiagram:2735 - set Specific Code input for plugin: NVIC
2021-02-18 21:22:23,320 [INFO] BlockDiagram:2735 - set Specific Code input for plugin: GPIO
2021-02-18 21:22:23,321 [INFO] CodeGenerator:639 - code generatio: config db path: C:\ST\STM32CubeIDE_1.5.1\STM32CubeIDE\plugins\com.st.stm32cube.common.mx_6.1.1.202012091304\\db\
2021-02-18 21:22:23,729 [INFO] CodeEngine:229 - oldGeneratedFile, D:\my_Projects\Electronic\STM32\CubeIDE\ReadPin\MXTmpFiles\license.tmp_save
2021-02-18 21:22:23,794 [INFO] CodeEngine:247 - Generated code: D:\my_Projects\Electronic\STM32\CubeIDE\ReadPin\MXTmpFiles\license.tmp
2021-02-18 21:22:23,854 [INFO] CodeEngine:229 - oldGeneratedFile, D:\my_Projects\Electronic\STM32\CubeIDE\ReadPin\MXTmpFiles\gpio.tmp_save
2021-02-18 21:22:26,062 [INFO] CodeEngine:247 - Generated code: D:\my_Projects\Electronic\STM32\CubeIDE\ReadPin\MXTmpFiles\gpio.tmp
2021-02-18 21:22:26,139 [INFO] CodeEngine:229 - oldGeneratedFile, D:\my_Projects\Electronic\STM32\CubeIDE\ReadPin\Core\Src\stm32f1xx_it.c_save
2021-02-18 21:22:26,278 [INFO] CodeEngine:247 - Generated code: D:\my_Projects\Electronic\STM32\CubeIDE\ReadPin\Core\Src\stm32f1xx_it.c
2021-02-18 21:22:26,289 [INFO] CodeEngine:229 - oldGeneratedFile, D:\my_Projects\Electronic\STM32\CubeIDE\ReadPin\Core\Inc\stm32f1xx_it.h_save
2021-02-18 21:22:26,381 [INFO] CodeEngine:247 - Generated code: D:\my_Projects\Electronic\STM32\CubeIDE\ReadPin\Core\Inc\stm32f1xx_it.h
2021-02-18 21:22:26,437 [INFO] CodeEngine:229 - oldGeneratedFile, D:\my_Projects\Electronic\STM32\CubeIDE\ReadPin\Core\Src\stm32f1xx_hal_msp.c_save
2021-02-18 21:22:26,555 [INFO] CodeEngine:247 - Generated code: D:\my_Projects\Electronic\STM32\CubeIDE\ReadPin\Core\Src\stm32f1xx_hal_msp.c
2021-02-18 21:22:26,577 [INFO] CodeEngine:229 - oldGeneratedFile, D:\my_Projects\Electronic\STM32\CubeIDE\ReadPin\MXTmpFiles\system.tmp_save
2021-02-18 21:22:26,673 [INFO] CodeEngine:247 - Generated code: D:\my_Projects\Electronic\STM32\CubeIDE\ReadPin\MXTmpFiles\system.tmp
2021-02-18 21:22:26,759 [INFO] CodeEngine:229 - oldGeneratedFile, D:\my_Projects\Electronic\STM32\CubeIDE\ReadPin\Core\Inc\stm32f1xx_hal_conf.h_save
2021-02-18 21:22:26,922 [INFO] CodeEngine:247 - Generated code: D:\my_Projects\Electronic\STM32\CubeIDE\ReadPin\Core\Inc\stm32f1xx_hal_conf.h
2021-02-18 21:22:27,030 [INFO] CodeEngine:229 - oldGeneratedFile, D:\my_Projects\Electronic\STM32\CubeIDE\ReadPin\Core\Inc\main.h_save
2021-02-18 21:22:27,132 [INFO] CodeEngine:247 - Generated code: D:\my_Projects\Electronic\STM32\CubeIDE\ReadPin\Core\Inc\main.h
2021-02-18 21:22:27,162 [INFO] CodeEngine:229 - oldGeneratedFile, D:\my_Projects\Electronic\STM32\CubeIDE\ReadPin\Core\Src\main.c_save
2021-02-18 21:22:27,328 [INFO] CodeEngine:247 - Generated code: D:\my_Projects\Electronic\STM32\CubeIDE\ReadPin\Core\Src\main.c
2021-02-18 21:22:28,410 [INFO] ProjectBuilder:2328 - Time for Copy HAL[1] : 618mS.
2021-02-18 21:22:28,414 [INFO] ProjectBuilder:3259 - Project Generator version: 3.11.2
2021-02-18 21:22:29,404 [INFO] ConfigFileManager:1238 - The Die is : DIE410
2021-02-18 21:22:32,018 [INFO] ProjectBuilder:3425 - Time for Generating toolchain IDE Files: 3604mS.
2021-02-18 21:22:32,018 [INFO] ProjectBuilder:2207 - Time for Copy CMSIS : 0mS.
2021-02-18 21:22:32,020 [INFO] ProjectBuilder:2207 - Time for Copy CMSIS : 1mS.
2021-02-18 21:33:20,022 [INFO] MainUpdater:2644 - connection check result : 10
2021-02-18 21:33:20,561 [INFO] ServerAccessManage:348 - Download File mcusDocs.json._tmp_
2021-02-18 21:33:20,872 [INFO] LoadUrlFilesThread:135 - End of LoadUrlFiles Thread
2021-02-18 21:33:23,109 [INFO] ServerAccessManage:348 - Download File mcusFeaturesAndDescription.json._tmp_
2021-02-18 21:33:25,677 [ERROR] ServerAccessManage:517 - User Cancel Download : mcusFeaturesAndDescription.json._tmp_.
2021-02-18 21:33:25,683 [INFO] LoadUrlFilesThread:135 - End of LoadUrlFiles Thread
2021-02-18 21:33:26,137 [INFO] ServerAccessManage:348 - Download File boardsDocs.json._tmp_
2021-02-18 21:33:26,524 [INFO] LoadUrlFilesThread:135 - End of LoadUrlFiles Thread
2021-02-18 21:33:26,790 [INFO] ServerAccessManage:348 - Download File boards.json._tmp_
2021-02-18 21:33:27,037 [INFO] LoadUrlFilesThread:135 - End of LoadUrlFiles Thread
2021-02-18 21:33:27,532 [INFO] ServerAccessManage:348 - Download File cube-finder-db.zip
2021-02-18 21:33:28,232 [ERROR] WebUtils:616 - Updater is busy
2021-02-18 21:33:28,232 [ERROR] WebUtils:616 - Updater is busy
2021-02-18 21:33:28,252 [INFO] DbMcusDocs:145 - JSON generation date=Mon Feb 08 17:05:07 IRST 2021 (1612791307)
2021-02-18 21:33:28,384 [ERROR] ServerAccessManage:517 - User Cancel Download : cube-finder-db.zip.
2021-02-18 21:33:28,384 [INFO] LoadUrlFilesThread:135 - End of LoadUrlFiles Thread
2021-02-18 21:33:28,429 [INFO] DbMcusDocs:81 - Found 617 MCUs documents
2021-02-18 21:33:28,431 [INFO] ApiDb:263 - Save user favorites file C:\Users\alina/.stm32cubeide/favorites.mcus.txt: 0 item(s)
2021-02-18 21:33:28,431 [INFO] ApiDb:267 - User favorites MCUs=[]
2021-02-18 21:33:28,432 [INFO] DbMcusXml:97 - Load MCU database from C:\ST\STM32CubeIDE_1.5.1\STM32CubeIDE\plugins\com.st.stm32cube.common.mx_6.1.1.202012091304\\db\/mcu/families.xml
2021-02-18 21:33:28,756 [ERROR] DbUtils:114 - File not found: C:\Users\alina\.stmcufinder\plugins\mcufinder//mcu/mcusFeaturesAndDescription.json._tmp_
2021-02-18 21:33:28,756 [WARN] DbUtils:163 - success is not a boolean!
2021-02-18 21:33:28,756 [ERROR] DbFile:108 - Temporary file not found: C:\Users\alina\.stmcufinder\plugins\mcufinder\mcu\mcusFeaturesAndDescription.json._tmp_
2021-02-18 21:33:28,759 [INFO] DbMcus:176 - Found 1835 MCUs (1796 are supported by CubeMX, 1796 are visible in CubeMX)
2021-02-18 21:33:28,759 [INFO] ApiDb:238 - Load user favorites file C:\Users\alina/.stm32cubeide/favorites.mcus.txt: 0 item(s)
2021-02-18 21:33:28,759 [INFO] ApiDb:242 - User favorites MCUs=[]
2021-02-18 21:33:28,759 [INFO] DbMcus:188 - Set 0 / 0 favorites MCUs
2021-02-18 21:33:28,793 [INFO] DbBoardsDocs:145 - JSON generation date=Mon Feb 08 17:05:07 IRST 2021 (1612791307)
2021-02-18 21:33:28,809 [INFO] DbBoardsDocs:81 - Found 193 boards documents
2021-02-18 21:33:28,810 [INFO] ApiDb:263 - Save user favorites file C:\Users\alina/.stm32cubeide/favorites.boards.txt: 0 item(s)
2021-02-18 21:33:28,811 [INFO] ApiDb:267 - User favorites Boards=[]
2021-02-18 21:33:28,814 [INFO] DbBoardsPdsc:91 - Found 24 items
2021-02-18 21:33:28,816 [INFO] DbBoardsPdsc:91 - Found 9 items
2021-02-18 21:33:28,822 [INFO] DbBoardsPdsc:91 - Found 32 items
2021-02-18 21:33:28,824 [INFO] DbBoardsPdsc:91 - Found 1 items
2021-02-18 21:33:28,828 [INFO] DbBoardsPdsc:91 - Found 45 items
2021-02-18 21:33:28,832 [INFO] DbBoardsPdsc:91 - Found 41 items
2021-02-18 21:33:28,833 [INFO] DbBoardsPdsc:91 - Found 2 items
2021-02-18 21:33:28,835 [INFO] DbBoardsPdsc:91 - Found 4 items
2021-02-18 21:33:28,836 [WARN] DbBoardsPdsc:255 - Board STM32H7B3I-DK: unknown feature type=Audio, name=, username=Audio stereo codec with Headphone Amp (CS42L51-CNZ), n=1
2021-02-18 21:33:28,837 [WARN] DbBoardsPdsc:255 - Board STM32H735G-DK: unknown feature type=Audio, name=, username=Audio stereo codec with Headphone Amp (WM8994ECS/R), n=1
2021-02-18 21:33:28,839 [WARN] DbBoardsPdsc:255 - Board STM32H7B3I-EVAL: unknown feature type=Audio, name=, username=Multi-Channel Audio Codec (CS42L51-CNZ), n=1
2021-02-18 21:33:28,839 [WARN] DbBoardsPdsc:255 - Board STM32H7B3I-EVAL: unknown feature type=Meter, name=, username=Power-metering and Temperature-monitoring with sigma-delta modulators, n=1
2021-02-18 21:33:28,839 [WARN] DbBoardsPdsc:255 - Board STM32H7B3I-EVAL: unknown feature type=Motor, name=, username=Motor Control, n=1
2021-02-18 21:33:28,872 [INFO] DbBoardsJson:85 - JSON generation date=Thu Feb 04 20:23:45 IRST 2021 (1612457625)
2021-02-18 21:33:28,877 [INFO] DbBoards:118 - Found 160 boards (155 are supported by CubeMX)
2021-02-18 21:33:28,877 [WARN] DbBoards:128 - board B-L462E-CELL1 has no document id list !
2021-02-18 21:33:28,878 [WARN] DbBoards:128 - board B-L475E-IOT01A2 has no document id list !
2021-02-18 21:33:28,878 [WARN] DbBoards:128 - board NUCLEO-G0B1RE has no document id list !
2021-02-18 21:33:28,878 [WARN] DbBoards:128 - board NUCLEO-H743ZI2 has no document id list !
2021-02-18 21:33:28,878 [WARN] DbBoards:128 - board NUCLEO-L4A6ZG has no document id list !
2021-02-18 21:33:28,878 [WARN] DbBoards:128 - board NUCLEO-WB55RG has no document id list !
2021-02-18 21:33:28,878 [WARN] DbBoards:128 - board NUCLEO-WL55JC1 has no document id list !
2021-02-18 21:33:28,878 [WARN] DbBoards:128 - board NUCLEO-WL55JC2 has no document id list !
2021-02-18 21:33:28,878 [WARN] DbBoards:128 - board P-NUCLEO-WB55-Nucleo has no document id list !
2021-02-18 21:33:28,878 [WARN] DbBoards:128 - board P-NUCLEO-WB55-USBDongle has no document id list !
2021-02-18 21:33:28,878 [WARN] DbBoards:128 - board STEVAL-BFA001V1B has no document id list !
2021-02-18 21:33:28,878 [WARN] DbBoards:128 - board STEVAL-BFA001V2B has no document id list !
2021-02-18 21:33:28,878 [WARN] DbBoards:128 - board STEVAL-IDP005V1 has no document id list !
2021-02-18 21:33:28,878 [WARN] DbBoards:128 - board STEVAL-IDP005V2 has no document id list !
2021-02-18 21:33:28,878 [WARN] DbBoards:128 - board STEVAL-MKSBOX1V1 has no document id list !
2021-02-18 21:33:28,878 [WARN] DbBoards:128 - board STEVAL-STWINKT1 has no document id list !
2021-02-18 21:33:28,878 [WARN] DbBoards:128 - board STEVAL-STWINKT1B has no document id list !
2021-02-18 21:33:28,879 [WARN] DbBoards:128 - board STM32F401C-DISCO has no document id list !
2021-02-18 21:33:28,879 [WARN] DbBoards:128 - board STM32F769I-DISC1 has no document id list !
2021-02-18 21:33:28,879 [WARN] DbBoards:128 - board STM32G0C1E-EV has no document id list !
2021-02-18 21:33:28,879 [WARN] DbBoards:128 - board STM32G474E-EVAL1 has no document id list !
2021-02-18 21:33:28,879 [WARN] DbBoards:128 - board STM32H743I-EVAL2 has no document id list !
2021-02-18 21:33:28,879 [WARN] DbBoards:128 - board STM32H747I-DISC1 has no document id list !
2021-02-18 21:33:28,879 [WARN] DbBoards:128 - board STM32H753I-EVAL2 has no document id list !
2021-02-18 21:33:28,879 [WARN] DbBoards:128 - board STM32L-DISCOVERY has no document id list !
2021-02-18 21:33:28,879 [WARN] DbBoards:128 - board STM32MP157A-DK1 has no document id list !
2021-02-18 21:33:28,879 [WARN] DbBoards:128 - board STM32MP157F-DK2 has no document id list !
2021-02-18 21:33:28,879 [WARN] DbBoards:128 - board STM32MP157F-EV1 has no document id list !
2021-02-18 21:33:29,299 [ERROR] DbBoards:190 - Image file not found for board NUCLEO-WL55JC: C:\ST\STM32CubeIDE_1.5.1\STM32CubeIDE\plugins\com.st.stm32cube.common.mx_6.1.1.202012091304\\db\/plugins/mcufinder/images/boards/nucleo-wl55jc-small.jpg
2021-02-18 21:33:29,441 [ERROR] DbBoards:190 - Image file not found for board STEVAL-STWINKT1B: C:\ST\STM32CubeIDE_1.5.1\STM32CubeIDE\plugins\com.st.stm32cube.common.mx_6.1.1.202012091304\\db\/plugins/mcufinder/images/boards/steval-stwinkt1b_small.jpg
2021-02-18 21:33:29,819 [ERROR] DbBoards:190 - Image file not found for board STM32H7B3I-EVAL: C:\ST\STM32CubeIDE_1.5.1\STM32CubeIDE\plugins\com.st.stm32cube.common.mx_6.1.1.202012091304\\db\/plugins/mcufinder/images/boards/stm32h7b3ieval_small.jpg
2021-02-18 21:33:29,987 [INFO] ApiDb:238 - Load user favorites file C:\Users\alina/.stm32cubeide/favorites.boards.txt: 0 item(s)
2021-02-18 21:33:29,987 [INFO] ApiDb:242 - User favorites Boards=[]
2021-02-18 21:33:29,988 [INFO] DbBoards:207 - Set 0 / 0 favorites Boards
2021-02-18 21:33:30,055 [INFO] CrossSelectorPresenter:1330 - Cross Selector saved comparison directory: C:\Users\alina\.stmcufinder\plugins\mcufinder\mcu\cs_comparisons_mx
2021-02-18 21:33:30,058 [INFO] MultiScanPanel:198 - Auto-refresh data requested => check proxy status ongoing
2021-02-18 21:33:30,058 [INFO] FinderPluginLoader:87 - Searching for filters in installed packs
2021-02-18 21:33:30,244 [INFO] DetailPanel:344 - Set advertising image to C:/Users/alina/STM32Cube/Repository/\stm32cubemx-promo_image.jpg
2021-02-18 21:33:30,428 [INFO] McuFilterPanel:245 - Update 0 favorites MCUs
2021-02-18 21:36:20,578 [INFO] MainUpdater:2644 - connection check result : 10
2021-02-18 21:36:20,579 [INFO] MainUpdater:2644 - connection check result : 10
2021-02-18 21:36:20,614 [INFO] MicroXplorer:385 - Change Database Path : 
2021-02-18 21:36:20,615 [INFO] MicroXplorer:415 - Change Database Version : DB.6.0.10
2021-02-18 21:36:20,615 [WARN] ThirdParty:783 - waiting for thirdparty lock release [close project]
2021-02-18 21:36:20,615 [INFO] ThirdParty:785 - entering critical section [close project]
2021-02-18 21:36:20,615 [INFO] ThirdParty:796 - exiting critical section [close project]
2021-02-18 21:36:20,616 [INFO] PinOutPanel:1434 - setPackage(No Configuration,No Configuration)
2021-02-18 21:36:20,618 [INFO] UtilMem:74 - Begin LoadConfig() Used Memory: 624469688 Bytes (830472192)
2021-02-18 21:36:20,618 [INFO] MicroXplorer:385 - Change Database Path : 
2021-02-18 21:36:20,619 [INFO] MicroXplorer:415 - Change Database Version : DB.6.0.10
2021-02-18 21:36:20,619 [INFO] OpenFileManager:274 - Change cursor
2021-02-18 21:36:20,619 [WARN] ThirdParty:204 - Use empty third party IP manager
2021-02-18 21:36:20,640 [INFO] RulesReader:52 - Compatibility file has been processed (228 Rules)
2021-02-18 21:36:21,561 [INFO] ImportTextPane:162 - (OptionalMessage_ERROR) Unable to find key (Mcu.ThirdPartyNb) in loaded IOC file
2021-02-18 21:36:21,561 [INFO] ImportTextPane:162 - (OptionalMessage_ERROR) Unable to find key (Mcu.PinsNb) in loaded IOC file
2021-02-18 21:36:21,562 [INFO] ImportTextPane:162 - (OptionalMessage_ERROR) Unable to find key (Mcu.IPNb) in loaded IOC file
2021-02-18 21:36:21,577 [WARN] ApiManager:294 - Cannot register API 'Board Extension:S2868A1' from pack STMicroelectronics.X-CUBE-SUBG2.3.0.1: no header file found
2021-02-18 21:36:21,577 [WARN] ApiManager:294 - Cannot register API 'Board Extension:S2868A2' from pack STMicroelectronics.X-CUBE-SUBG2.3.0.1: no header file found
2021-02-18 21:36:21,577 [WARN] ApiManager:294 - Cannot register API 'Board Extension:S2915A1' from pack STMicroelectronics.X-CUBE-SUBG2.3.0.1: no header file found
2021-02-18 21:36:21,580 [WARN] ApiManager:294 - Cannot register API 'Board Extension:S2868A1' from pack STMicroelectronics.X-CUBE-SUBG2.3.0.0: no header file found
2021-02-18 21:36:21,580 [WARN] ApiManager:294 - Cannot register API 'Board Extension:S2868A2' from pack STMicroelectronics.X-CUBE-SUBG2.3.0.0: no header file found
2021-02-18 21:36:21,580 [WARN] ApiManager:294 - Cannot register API 'Board Extension:S2915A1' from pack STMicroelectronics.X-CUBE-SUBG2.3.0.0: no header file found
2021-02-18 21:36:21,581 [WARN] ModelIntegratedComponent:51 - No mode defined for component null
2021-02-18 21:36:21,581 [WARN] ModelIntegratedComponent:51 - No mode defined for component null
2021-02-18 21:36:21,581 [WARN] ModelIntegratedComponent:51 - No mode defined for component null
2021-02-18 21:36:21,581 [WARN] ModelIntegratedComponent:51 - No mode defined for component null
2021-02-18 21:36:21,582 [WARN] ModelIntegratedComponent:51 - No mode defined for component null
2021-02-18 21:36:21,583 [WARN] ModelIntegratedComponent:51 - No mode defined for component null
2021-02-18 21:36:21,584 [WARN] ModelIntegratedComponent:51 - No mode defined for component null
2021-02-18 21:36:21,585 [WARN] ModelIntegratedComponent:51 - No mode defined for component null
2021-02-18 21:36:21,586 [WARN] ModelIntegratedComponent:51 - No mode defined for component null
2021-02-18 21:36:21,587 [WARN] ModelIntegratedComponent:51 - No mode defined for component null
2021-02-18 21:36:21,587 [WARN] ModelIntegratedComponent:51 - No mode defined for component null
2021-02-18 21:36:21,587 [WARN] ModelIntegratedComponent:51 - No mode defined for component null
2021-02-18 21:36:21,587 [WARN] ModelIntegratedComponent:51 - No mode defined for component null
2021-02-18 21:36:21,587 [WARN] ModelIntegratedComponent:51 - No mode defined for component null
2021-02-18 21:36:21,587 [WARN] ModelIntegratedComponent:51 - No mode defined for component null
2021-02-18 21:36:21,587 [WARN] ModelIntegratedComponent:51 - No mode defined for component null
2021-02-18 21:36:21,587 [WARN] ModelIntegratedComponent:51 - No mode defined for component null
2021-02-18 21:36:21,588 [WARN] ModelIntegratedComponent:51 - No mode defined for component null
2021-02-18 21:36:21,588 [WARN] ModelIntegratedComponent:51 - No mode defined for component null
2021-02-18 21:36:21,588 [WARN] ModelIntegratedComponent:51 - No mode defined for component null
2021-02-18 21:36:21,588 [WARN] ModelIntegratedComponent:51 - No mode defined for component null
2021-02-18 21:36:21,588 [WARN] ModelIntegratedComponent:51 - No mode defined for component null
2021-02-18 21:36:21,588 [WARN] ModelIntegratedComponent:51 - No mode defined for component null
2021-02-18 21:36:21,588 [WARN] ModelIntegratedComponent:51 - No mode defined for component null
2021-02-18 21:36:21,588 [WARN] ModelIntegratedComponent:51 - No mode defined for component null
2021-02-18 21:36:21,588 [WARN] ModelIntegratedComponent:51 - No mode defined for component null
2021-02-18 21:36:21,589 [WARN] ModelIntegratedComponent:51 - No mode defined for component null
2021-02-18 21:36:21,589 [WARN] ModelIntegratedComponent:51 - No mode defined for component null
2021-02-18 21:36:21,589 [WARN] ModelIntegratedComponent:51 - No mode defined for component null
2021-02-18 21:36:21,589 [WARN] ModelIntegratedComponent:51 - No mode defined for component null
2021-02-18 21:36:21,589 [WARN] ModelIntegratedComponent:51 - No mode defined for component null
2021-02-18 21:36:21,589 [WARN] ModelIntegratedComponent:51 - No mode defined for component null
2021-02-18 21:36:21,589 [WARN] ModelIntegratedComponent:51 - No mode defined for component null
2021-02-18 21:36:21,589 [WARN] ModelIntegratedComponent:51 - No mode defined for component null
2021-02-18 21:36:21,589 [WARN] ModelIntegratedComponent:51 - No mode defined for component null
2021-02-18 21:36:21,589 [WARN] ModelIntegratedComponent:51 - No mode defined for component null
2021-02-18 21:36:21,590 [WARN] ModelIntegratedComponent:51 - No mode defined for component null
2021-02-18 21:36:21,590 [WARN] ModelIntegratedComponent:51 - No mode defined for component null
2021-02-18 21:36:21,591 [WARN] ApiManager:294 - Cannot register API 'Board Extension:S2868A1' from pack STMicroelectronics.X-CUBE-SFXS2LP1.2.0.0: no header file found
2021-02-18 21:36:21,591 [WARN] ApiManager:294 - Cannot register API 'Board Extension:S2868A2' from pack STMicroelectronics.X-CUBE-SFXS2LP1.2.0.0: no header file found
2021-02-18 21:36:21,591 [WARN] ApiManager:294 - Cannot register API 'Board Extension:S2915A1' from pack STMicroelectronics.X-CUBE-SFXS2LP1.2.0.0: no header file found
2021-02-18 21:36:21,691 [WARN] ApiManager:294 - Cannot register API 'Board Extension:IKS01A3' from pack STMicroelectronics.X-CUBE-MEMS1.8.2.0: no header file found
2021-02-18 21:36:21,692 [WARN] ApiManager:294 - Cannot register API 'Board Extension:IKS01A2' from pack STMicroelectronics.X-CUBE-MEMS1.8.2.0: no header file found
2021-02-18 21:36:21,692 [WARN] ApiManager:294 - Cannot register API 'Board Extension:IKS02A1' from pack STMicroelectronics.X-CUBE-MEMS1.8.2.0: no header file found
2021-02-18 21:36:21,706 [WARN] ApiManager:294 - Cannot register API 'Board Extension:EEPRMA1' from pack STMicroelectronics.X-CUBE-EEPRMA1.3.0.0: no header file found
2021-02-18 21:36:21,707 [WARN] ApiManager:294 - Cannot register API 'Board Extension:EEPRMA2' from pack STMicroelectronics.X-CUBE-EEPRMA1.3.0.0: no header file found
2021-02-18 21:36:21,707 [INFO] RtosManager:464 - Registered RTOS mode: class=CMSIS, group=RTOS, mode=CMSIS_V1, owner=FREERTOS
2021-02-18 21:36:21,708 [INFO] RtosManager:464 - Registered RTOS mode: class=CMSIS, group=RTOS2, mode=CMSIS_V2, owner=FREERTOS
2021-02-18 21:36:21,708 [INFO] RtosManager:464 - Registered RTOS mode: class=RTOS, group=Core, mode=CMSIS_V1, owner=FREERTOS
2021-02-18 21:36:21,708 [INFO] RtosManager:464 - Registered RTOS mode: class=RTOS, group=Core, mode=CMSIS_V2, owner=FREERTOS
2021-02-18 21:36:21,708 [WARN] ModelIntegratedComponent:182 - Missing modes for component STMicroelectronics:FreeRTOS:0.0.1:STMicroelectronics:RTOS:FreeRTOS:Core:::10.2.0:
2021-02-18 21:36:21,709 [WARN] ApiManager:294 - Cannot register API 'Board Extension:GNSS1A1' from pack STMicroelectronics.X-CUBE-GNSS1.5.1.0: no header file found
2021-02-18 21:36:21,709 [WARN] ApiManager:294 - Cannot register API 'Board Support:Custom' from pack STMicroelectronics.X-CUBE-GNSS1.5.1.0: no header file found
2021-02-18 21:36:21,709 [WARN] ApiManager:294 - Cannot register API 'Data Exchange:lib_gnss' from pack STMicroelectronics.X-CUBE-GNSS1.5.1.0: no header file found
2021-02-18 21:36:21,710 [WARN] ApiManager:294 - Cannot register API 'Wireless:BlueNRG-MS' from pack STMicroelectronics.X-CUBE-BLE1.6.1.0: no header file found
2021-02-18 21:36:21,711 [WARN] ApiManager:294 - Cannot register API 'Board Extension:NFC04A1' from pack STMicroelectronics.X-CUBE-NFC4.2.0.1: no header file found
2021-02-18 21:36:21,712 [WARN] ApiManager:294 - Cannot register API 'Wireless:BlueNRG-2' from pack STMicroelectronics.X-CUBE-BLE2.3.1.0: no header file found
2021-02-18 21:36:22,198 [INFO] UtilMem:74 - End LoadConfig() Used Memory: 519602768 Bytes (830472192)
2021-02-18 21:36:22,199 [WARN] ThirdParty:749 - waiting for thirdparty lock release [change project]
2021-02-18 21:36:22,199 [INFO] ThirdParty:751 - entering critical section [change project]
2021-02-18 21:36:22,199 [INFO] ThirdParty:939 - CMSIS Pack Vendor :STMicroelectronics USB_HOST 2.0.0
2021-02-18 21:36:22,199 [INFO] ThirdParty:939 - CMSIS Pack Vendor :STMicroelectronics X-CUBE-SUBG2 3.0.1
2021-02-18 21:36:22,199 [INFO] ThirdParty:939 - CMSIS Pack Vendor :STMicroelectronics X-CUBE-SUBG2 3.0.0
2021-02-18 21:36:22,199 [INFO] ThirdParty:939 - CMSIS Pack Vendor :STMicroelectronics USB_DEVICE 3.0.0
2021-02-18 21:36:22,199 [INFO] ThirdParty:939 - CMSIS Pack Vendor :STMicroelectronics HAL Drivers 0.0.0
2021-02-18 21:36:22,199 [INFO] ThirdParty:939 - CMSIS Pack Vendor :STMicroelectronics MBEDTLS 2.16.2
2021-02-18 21:36:22,199 [INFO] ThirdParty:939 - CMSIS Pack Vendor :STMicroelectronics X-CUBE-SFXS2LP1 2.0.0
2021-02-18 21:36:22,199 [INFO] ThirdParty:939 - CMSIS Pack Vendor :STMicroelectronics MBEDTLS 2.14.1
2021-02-18 21:36:22,199 [INFO] ThirdParty:939 - CMSIS Pack Vendor :STMicroelectronics USB_DEVICE 2.0.0
2021-02-18 21:36:22,199 [INFO] ThirdParty:939 - CMSIS Pack Vendor :STMicroelectronics X-CUBE-MEMS1 8.2.0
2021-02-18 21:36:22,199 [INFO] ThirdParty:939 - CMSIS Pack Vendor :STMicroelectronics X-CUBE-EEPRMA1 3.0.0
2021-02-18 21:36:22,199 [INFO] ThirdParty:939 - CMSIS Pack Vendor :STMicroelectronics X-CUBE-DISPLAY 1.0.0
2021-02-18 21:36:22,199 [INFO] ThirdParty:939 - CMSIS Pack Vendor :STMicroelectronics FreeRTOS 0.0.1
2021-02-18 21:36:22,199 [INFO] ThirdParty:939 - CMSIS Pack Vendor :STMicroelectronics USB_DEVICE 1.0.0
2021-02-18 21:36:22,200 [INFO] ThirdParty:939 - CMSIS Pack Vendor :STMicroelectronics X-CUBE-ALGOBUILD 1.1.0
2021-02-18 21:36:22,200 [INFO] ThirdParty:939 - CMSIS Pack Vendor :STMicroelectronics X-CUBE-GNSS1 5.1.0
2021-02-18 21:36:22,200 [INFO] ThirdParty:939 - CMSIS Pack Vendor :STMicroelectronics X-CUBE-BLE1 6.1.0
2021-02-18 21:36:22,200 [INFO] ThirdParty:939 - CMSIS Pack Vendor :STMicroelectronics lwIP 2.0.3
2021-02-18 21:36:22,200 [INFO] ThirdParty:939 - CMSIS Pack Vendor :STMicroelectronics lwIP 2.1.2
2021-02-18 21:36:22,200 [INFO] ThirdParty:939 - CMSIS Pack Vendor :STMicroelectronics USB_HOST 1.0.0
2021-02-18 21:36:22,200 [INFO] ThirdParty:939 - CMSIS Pack Vendor :STMicroelectronics X-CUBE-TOUCHGFX 4.15.0
2021-02-18 21:36:22,200 [INFO] ThirdParty:939 - CMSIS Pack Vendor :STMicroelectronics X-CUBE-NFC4 2.0.1
2021-02-18 21:36:22,200 [INFO] ThirdParty:939 - CMSIS Pack Vendor :STMicroelectronics X-CUBE-AI 5.2.0
2021-02-18 21:36:22,200 [INFO] ThirdParty:939 - CMSIS Pack Vendor :STMicroelectronics PDM2PCM 3.1.0
2021-02-18 21:36:22,200 [INFO] ThirdParty:939 - CMSIS Pack Vendor :STMicroelectronics X-CUBE-TOUCHGFX 4.16.0
2021-02-18 21:36:22,200 [INFO] ThirdParty:939 - CMSIS Pack Vendor :STMicroelectronics PDM2PCM 3.2.0
2021-02-18 21:36:22,200 [INFO] ThirdParty:939 - CMSIS Pack Vendor :STMicroelectronics X-CUBE-BLE2 3.1.0
2021-02-18 21:36:22,200 [INFO] ThirdParty:939 - CMSIS Pack Vendor :STMicroelectronics PDM2PCM 3.3.0
2021-02-18 21:36:22,200 [INFO] ThirdParty:757 - exiting critical section [change project]
2021-02-18 21:36:22,307 [INFO] PinOutPanel:1434 - setPackage(No Configuration,No Configuration)
2021-02-18 21:36:22,308 [INFO] PinOutPanel:1434 - setPackage(STM32F103C8Tx,LQFP48)
2021-02-18 21:36:22,492 [INFO] UtilMem:74 - Before build in PCC Used Memory: 548212144 Bytes (830472192)
2021-02-18 21:36:22,674 [INFO] SharedServices:72 - Folder for power plug-in: C:/Users/alina/.stm32cubemx/plugins/power
2021-02-18 21:36:22,696 [INFO] SharedServices:72 - Folder for power plug-in: C:/Users/alina/.stm32cubemx/plugins/power
2021-02-18 21:36:22,709 [INFO] SharedServices:72 - Folder for power plug-in: C:/Users/alina/.stm32cubemx/plugins/power
2021-02-18 21:36:22,711 [INFO] SharedServices:72 - Folder for power plug-in: C:/Users/alina/.stm32cubemx/plugins/power
2021-02-18 21:36:22,748 [INFO] UtilMem:74 - After build in PCC Used Memory: 589628856 Bytes (830472192)
2021-02-18 21:36:22,759 [INFO] IPUIPlugin:64 - create IPUIPlugin
2021-02-18 21:36:22,759 [INFO] IPUIPlugin:64 - create IPUIPlugin
2021-02-18 21:36:22,759 [INFO] IPUIPlugin:64 - create IPUIPlugin
2021-02-18 21:36:22,759 [INFO] IPUIPlugin:64 - create IPUIPlugin
2021-02-18 21:36:22,759 [INFO] IPUIPlugin:64 - create IPUIPlugin
2021-02-18 21:36:22,759 [INFO] IPUIPlugin:64 - create IPUIPlugin
2021-02-18 21:36:22,760 [INFO] IPUIPlugin:64 - create IPUIPlugin
2021-02-18 21:36:22,760 [INFO] IPUIPlugin:64 - create IPUIPlugin
2021-02-18 21:36:22,760 [INFO] IPUIPlugin:64 - create IPUIPlugin
2021-02-18 21:36:22,760 [INFO] IPUIPlugin:64 - create IPUIPlugin
2021-02-18 21:36:22,760 [INFO] IPUIPlugin:64 - create IPUIPlugin
2021-02-18 21:36:22,760 [INFO] IPUIPlugin:64 - create IPUIPlugin
2021-02-18 21:36:22,761 [INFO] IPUIPlugin:64 - create IPUIPlugin
2021-02-18 21:36:22,761 [INFO] IPUIPlugin:64 - create IPUIPlugin
2021-02-18 21:36:22,761 [INFO] IPUIPlugin:64 - create IPUIPlugin
2021-02-18 21:36:22,761 [INFO] IPUIPlugin:64 - create IPUIPlugin
2021-02-18 21:36:22,761 [INFO] IPUIPlugin:64 - create IPUIPlugin
2021-02-18 21:36:22,761 [INFO] IPUIPlugin:64 - create IPUIPlugin
2021-02-18 21:36:22,762 [INFO] IPUIPlugin:64 - create IPUIPlugin
2021-02-18 21:36:22,762 [INFO] IPUIPlugin:64 - create IPUIPlugin
2021-02-18 21:36:22,762 [INFO] IPUIPlugin:64 - create IPUIPlugin
2021-02-18 21:36:22,763 [INFO] IPUIPlugin:64 - create IPUIPlugin
2021-02-18 21:36:22,763 [INFO] IPUIPlugin:64 - create IPUIPlugin
2021-02-18 21:36:22,765 [INFO] IPUIPlugin:64 - create IPUIPlugin
2021-02-18 21:36:22,765 [INFO] IPUIPlugin:64 - create IPUIPlugin
2021-02-18 21:36:22,766 [INFO] IPUIPlugin:64 - create IPUIPlugin
2021-02-18 21:36:22,766 [INFO] IPUIPlugin:64 - create IPUIPlugin
2021-02-18 21:36:22,776 [INFO] OpenFileManager:294 - Restore cursor
2021-02-18 21:36:22,937 [INFO] UtilMem:74 - End SaveConfig() Used Memory: 619792864 Bytes (830472192)
2021-02-18 21:36:25,102 [INFO] UtilMem:74 - End SaveConfig() Used Memory: 624231864 Bytes (830472192)
2021-02-18 21:36:25,300 [INFO] BlockDiagram:2735 - set Specific Code input for plugin: SYS
2021-02-18 21:36:25,300 [INFO] BlockDiagram:2735 - set Specific Code input for plugin: RCC
2021-02-18 21:36:25,300 [INFO] BlockDiagram:2735 - set Specific Code input for plugin: NVIC
2021-02-18 21:36:25,301 [INFO] CodeGenerator:639 - code generatio: config db path: C:\ST\STM32CubeIDE_1.5.1\STM32CubeIDE\plugins\com.st.stm32cube.common.mx_6.1.1.202012091304\\db\
2021-02-18 21:36:25,612 [INFO] CodeEngine:229 - oldGeneratedFile, D:\my_Projects\Electronic\STM32\CubeIDE\interrupt\MXTmpFiles\license.tmp_save
2021-02-18 21:36:25,676 [INFO] CodeEngine:247 - Generated code: D:\my_Projects\Electronic\STM32\CubeIDE\interrupt\MXTmpFiles\license.tmp
2021-02-18 21:36:25,738 [INFO] CodeEngine:229 - oldGeneratedFile, D:\my_Projects\Electronic\STM32\CubeIDE\interrupt\Core\Src\stm32f1xx_it.c_save
2021-02-18 21:36:25,836 [INFO] CodeEngine:247 - Generated code: D:\my_Projects\Electronic\STM32\CubeIDE\interrupt\Core\Src\stm32f1xx_it.c
2021-02-18 21:36:25,843 [INFO] CodeEngine:229 - oldGeneratedFile, D:\my_Projects\Electronic\STM32\CubeIDE\interrupt\Core\Inc\stm32f1xx_it.h_save
2021-02-18 21:36:25,928 [INFO] CodeEngine:247 - Generated code: D:\my_Projects\Electronic\STM32\CubeIDE\interrupt\Core\Inc\stm32f1xx_it.h
2021-02-18 21:36:25,971 [INFO] CodeEngine:229 - oldGeneratedFile, D:\my_Projects\Electronic\STM32\CubeIDE\interrupt\Core\Src\stm32f1xx_hal_msp.c_save
2021-02-18 21:36:26,085 [INFO] CodeEngine:247 - Generated code: D:\my_Projects\Electronic\STM32\CubeIDE\interrupt\Core\Src\stm32f1xx_hal_msp.c
2021-02-18 21:36:26,092 [INFO] CodeEngine:229 - oldGeneratedFile, D:\my_Projects\Electronic\STM32\CubeIDE\interrupt\MXTmpFiles\system.tmp_save
2021-02-18 21:36:26,143 [INFO] CodeEngine:247 - Generated code: D:\my_Projects\Electronic\STM32\CubeIDE\interrupt\MXTmpFiles\system.tmp
2021-02-18 21:36:26,191 [INFO] CodeEngine:229 - oldGeneratedFile, D:\my_Projects\Electronic\STM32\CubeIDE\interrupt\Core\Inc\stm32f1xx_hal_conf.h_save
2021-02-18 21:36:26,324 [INFO] CodeEngine:247 - Generated code: D:\my_Projects\Electronic\STM32\CubeIDE\interrupt\Core\Inc\stm32f1xx_hal_conf.h
2021-02-18 21:36:26,413 [INFO] CodeEngine:229 - oldGeneratedFile, D:\my_Projects\Electronic\STM32\CubeIDE\interrupt\Core\Inc\main.h_save
2021-02-18 21:36:26,483 [INFO] CodeEngine:247 - Generated code: D:\my_Projects\Electronic\STM32\CubeIDE\interrupt\Core\Inc\main.h
2021-02-18 21:36:26,502 [INFO] CodeEngine:229 - oldGeneratedFile, D:\my_Projects\Electronic\STM32\CubeIDE\interrupt\Core\Src\main.c_save
2021-02-18 21:36:26,631 [INFO] CodeEngine:247 - Generated code: D:\my_Projects\Electronic\STM32\CubeIDE\interrupt\Core\Src\main.c
2021-02-18 21:36:27,857 [INFO] ProjectBuilder:2328 - Time for Copy HAL[1] : 644mS.
2021-02-18 21:36:27,871 [INFO] ProjectBuilder:3259 - Project Generator version: 3.11.2
2021-02-18 21:36:28,874 [INFO] ConfigFileManager:1238 - The Die is : DIE410
2021-02-18 21:36:28,877 [INFO] ApiDbMcu:456 - Load IP Config File for FATFS
2021-02-18 21:36:28,882 [INFO] ApiDbMcu:456 - Load IP Config File for FREERTOS
2021-02-18 21:36:28,893 [INFO] ApiDbMcu:456 - Load IP Config File for USB_DEVICE
2021-02-18 21:36:33,500 [INFO] ProjectBuilder:3425 - Time for Generating toolchain IDE Files: 5629mS.
2021-02-18 21:36:33,502 [INFO] ProjectBuilder:2207 - Time for Copy CMSIS : 0mS.
2021-02-18 21:36:33,506 [INFO] ProjectBuilder:2207 - Time for Copy CMSIS : 2mS.
2021-02-18 21:36:36,598 [INFO] ApiDb:263 - Save user favorites file C:\Users\alina/.stm32cubeide/favorites.mcus.txt: 0 item(s)
2021-02-18 21:36:36,598 [INFO] ApiDb:267 - User favorites MCUs=[]
2021-02-18 21:46:36,165 [INFO] Gpio:248 - dependency for GPIO [SYS]
2021-02-18 21:49:50,014 [INFO] UtilMem:74 - End SaveConfig() Used Memory: 322509048 Bytes (780140544)
2021-02-18 21:49:50,101 [INFO] UtilMem:74 - End SaveConfig() Used Memory: 327892544 Bytes (780140544)
2021-02-18 21:49:51,090 [INFO] UtilMem:74 - End SaveConfig() Used Memory: 418978040 Bytes (780140544)
2021-02-18 21:49:51,445 [INFO] BlockDiagram:2735 - set Specific Code input for plugin: SYS
2021-02-18 21:49:51,445 [INFO] BlockDiagram:2735 - set Specific Code input for plugin: RCC
2021-02-18 21:49:51,445 [INFO] BlockDiagram:2735 - set Specific Code input for plugin: NVIC
2021-02-18 21:49:51,445 [INFO] BlockDiagram:2735 - set Specific Code input for plugin: GPIO
2021-02-18 21:49:51,446 [INFO] CodeGenerator:639 - code generatio: config db path: C:\ST\STM32CubeIDE_1.5.1\STM32CubeIDE\plugins\com.st.stm32cube.common.mx_6.1.1.202012091304\\db\
2021-02-18 21:49:51,724 [INFO] CodeEngine:229 - oldGeneratedFile, D:\my_Projects\Electronic\STM32\CubeIDE\interrupt\MXTmpFiles\license.tmp_save
2021-02-18 21:49:51,780 [INFO] CodeEngine:247 - Generated code: D:\my_Projects\Electronic\STM32\CubeIDE\interrupt\MXTmpFiles\license.tmp
2021-02-18 21:49:51,847 [INFO] CodeEngine:229 - oldGeneratedFile, D:\my_Projects\Electronic\STM32\CubeIDE\interrupt\MXTmpFiles\gpio.tmp_save
2021-02-18 21:49:51,937 [INFO] CodeEngine:247 - Generated code: D:\my_Projects\Electronic\STM32\CubeIDE\interrupt\MXTmpFiles\gpio.tmp
2021-02-18 21:49:51,996 [INFO] CodeEngine:229 - oldGeneratedFile, D:\my_Projects\Electronic\STM32\CubeIDE\interrupt\Core\Src\stm32f1xx_it.c_save
2021-02-18 21:49:54,268 [INFO] CodeEngine:247 - Generated code: D:\my_Projects\Electronic\STM32\CubeIDE\interrupt\Core\Src\stm32f1xx_it.c
2021-02-18 21:49:54,282 [INFO] CodeEngine:229 - oldGeneratedFile, D:\my_Projects\Electronic\STM32\CubeIDE\interrupt\Core\Inc\stm32f1xx_it.h_save
2021-02-18 21:49:54,392 [INFO] CodeEngine:247 - Generated code: D:\my_Projects\Electronic\STM32\CubeIDE\interrupt\Core\Inc\stm32f1xx_it.h
2021-02-18 21:49:54,455 [INFO] CodeEngine:229 - oldGeneratedFile, D:\my_Projects\Electronic\STM32\CubeIDE\interrupt\Core\Src\stm32f1xx_hal_msp.c_save
2021-02-18 21:49:54,553 [INFO] CodeEngine:247 - Generated code: D:\my_Projects\Electronic\STM32\CubeIDE\interrupt\Core\Src\stm32f1xx_hal_msp.c
2021-02-18 21:49:54,563 [INFO] CodeEngine:229 - oldGeneratedFile, D:\my_Projects\Electronic\STM32\CubeIDE\interrupt\MXTmpFiles\system.tmp_save
2021-02-18 21:49:54,651 [INFO] CodeEngine:247 - Generated code: D:\my_Projects\Electronic\STM32\CubeIDE\interrupt\MXTmpFiles\system.tmp
2021-02-18 21:49:54,709 [INFO] CodeEngine:229 - oldGeneratedFile, D:\my_Projects\Electronic\STM32\CubeIDE\interrupt\Core\Inc\stm32f1xx_hal_conf.h_save
2021-02-18 21:49:54,867 [INFO] CodeEngine:247 - Generated code: D:\my_Projects\Electronic\STM32\CubeIDE\interrupt\Core\Inc\stm32f1xx_hal_conf.h
2021-02-18 21:49:54,966 [INFO] CodeEngine:229 - oldGeneratedFile, D:\my_Projects\Electronic\STM32\CubeIDE\interrupt\Core\Inc\main.h_save
2021-02-18 21:49:55,217 [INFO] CodeEngine:247 - Generated code: D:\my_Projects\Electronic\STM32\CubeIDE\interrupt\Core\Inc\main.h
2021-02-18 21:49:55,242 [INFO] CodeEngine:229 - oldGeneratedFile, D:\my_Projects\Electronic\STM32\CubeIDE\interrupt\Core\Src\main.c_save
2021-02-18 21:49:55,396 [INFO] CodeEngine:247 - Generated code: D:\my_Projects\Electronic\STM32\CubeIDE\interrupt\Core\Src\main.c
2021-02-18 21:49:56,486 [INFO] ProjectBuilder:2328 - Time for Copy HAL[1] : 624mS.
2021-02-18 21:49:56,490 [INFO] ProjectBuilder:3259 - Project Generator version: 3.11.2
2021-02-18 21:49:56,799 [INFO] ConfigFileManager:1238 - The Die is : DIE410
2021-02-18 21:49:59,595 [INFO] ProjectBuilder:3425 - Time for Generating toolchain IDE Files: 3105mS.
2021-02-18 21:49:59,596 [INFO] ProjectBuilder:2207 - Time for Copy CMSIS : 1mS.
2021-02-18 21:49:59,597 [INFO] ProjectBuilder:2207 - Time for Copy CMSIS : 0mS.
2021-02-18 22:07:24,642 [INFO] MainUpdater:2644 - connection check result : 10
2021-02-18 22:07:25,335 [INFO] ServerAccessManage:348 - Download File mcusDocs.json._tmp_
2021-02-18 22:07:25,701 [INFO] LoadUrlFilesThread:135 - End of LoadUrlFiles Thread
2021-02-18 22:07:25,958 [INFO] ServerAccessManage:348 - Download File mcusFeaturesAndDescription.json._tmp_
2021-02-18 22:07:26,680 [ERROR] WebUtils:616 - Updater is busy
2021-02-18 22:07:26,680 [ERROR] WebUtils:616 - Updater is busy
2021-02-18 22:07:26,680 [ERROR] WebUtils:616 - Updater is busy
2021-02-18 22:07:26,725 [ERROR] ServerAccessManage:517 - User Cancel Download : mcusFeaturesAndDescription.json._tmp_.
2021-02-18 22:07:26,725 [INFO] LoadUrlFilesThread:135 - End of LoadUrlFiles Thread
2021-02-18 22:07:27,540 [INFO] ServerAccessManage:348 - Download File crdb.zip
2021-02-18 22:07:27,603 [ERROR] WebUtils:616 - Updater is busy
2021-02-18 22:07:27,634 [INFO] DbMcusDocs:145 - JSON generation date=Mon Feb 08 17:05:07 IRST 2021 (1612791307)
2021-02-18 22:07:27,634 [ERROR] DbMcusDocs:83 - No MCUs documents found !
2021-02-18 22:07:27,660 [INFO] DbMcusDocs:145 - JSON generation date=Mon Feb 08 17:05:07 IRST 2021 (1612791307)
2021-02-18 22:07:27,660 [ERROR] DbMcusDocs:83 - No MCUs documents found !
2021-02-18 22:07:27,662 [INFO] ApiDb:263 - Save user favorites file C:\Users\alina/.stm32cubeide/favorites.mcus.txt: 0 item(s)
2021-02-18 22:07:27,662 [INFO] ApiDb:267 - User favorites MCUs=[]
2021-02-18 22:07:27,662 [INFO] DbMcusXml:97 - Load MCU database from C:\ST\STM32CubeIDE_1.5.1\STM32CubeIDE\plugins\com.st.stm32cube.common.mx_6.1.1.202012091304\\db\/mcu/families.xml
2021-02-18 22:07:27,700 [ERROR] ServerAccessManage:517 - User Cancel Download : crdb.zip.
2021-02-18 22:07:27,701 [INFO] LoadUrlFilesThread:135 - End of LoadUrlFiles Thread
2021-02-18 22:07:27,974 [ERROR] DbUtils:114 - File not found: C:\Users\alina\.stmcufinder\plugins\mcufinder//mcu/mcusFeaturesAndDescription.json._tmp_
2021-02-18 22:07:27,974 [WARN] DbUtils:163 - success is not a boolean!
2021-02-18 22:07:27,975 [ERROR] DbFile:108 - Temporary file not found: C:\Users\alina\.stmcufinder\plugins\mcufinder\mcu\mcusFeaturesAndDescription.json._tmp_
2021-02-18 22:07:27,977 [INFO] DbMcus:176 - Found 1835 MCUs (1796 are supported by CubeMX, 1796 are visible in CubeMX)
2021-02-18 22:07:27,978 [INFO] ApiDb:238 - Load user favorites file C:\Users\alina/.stm32cubeide/favorites.mcus.txt: 0 item(s)
2021-02-18 22:07:27,978 [INFO] ApiDb:242 - User favorites MCUs=[]
2021-02-18 22:07:27,978 [INFO] DbMcus:188 - Set 0 / 0 favorites MCUs
2021-02-18 22:07:27,979 [ERROR] DbUtils:114 - File not found: C:\Users\alina\.stmcufinder\plugins\mcufinder//mcu/boardsDocs.json._tmp_
2021-02-18 22:07:27,979 [WARN] DbUtils:163 - success is not a boolean!
2021-02-18 22:07:27,979 [ERROR] DbBoardsDocs:83 - No boards documents found !
2021-02-18 22:07:27,979 [ERROR] DbFile:108 - Temporary file not found: C:\Users\alina\.stmcufinder\plugins\mcufinder\mcu\boardsDocs.json._tmp_
2021-02-18 22:07:28,008 [INFO] DbBoardsDocs:145 - JSON generation date=Mon Feb 08 17:05:07 IRST 2021 (1612791307)
2021-02-18 22:07:28,020 [INFO] DbBoardsDocs:81 - Found 193 boards documents
2021-02-18 22:07:28,020 [INFO] ApiDb:263 - Save user favorites file C:\Users\alina/.stm32cubeide/favorites.boards.txt: 0 item(s)
2021-02-18 22:07:28,021 [INFO] ApiDb:267 - User favorites Boards=[]
2021-02-18 22:07:28,025 [INFO] DbBoardsPdsc:91 - Found 24 items
2021-02-18 22:07:28,026 [INFO] DbBoardsPdsc:91 - Found 9 items
2021-02-18 22:07:28,028 [INFO] DbBoardsPdsc:91 - Found 32 items
2021-02-18 22:07:28,029 [INFO] DbBoardsPdsc:91 - Found 1 items
2021-02-18 22:07:28,034 [INFO] DbBoardsPdsc:91 - Found 45 items
2021-02-18 22:07:28,040 [INFO] DbBoardsPdsc:91 - Found 41 items
2021-02-18 22:07:28,042 [INFO] DbBoardsPdsc:91 - Found 2 items
2021-02-18 22:07:28,051 [INFO] DbBoardsPdsc:91 - Found 4 items
2021-02-18 22:07:28,054 [WARN] DbBoardsPdsc:255 - Board STM32H7B3I-DK: unknown feature type=Audio, name=, username=Audio stereo codec with Headphone Amp (CS42L51-CNZ), n=1
2021-02-18 22:07:28,055 [WARN] DbBoardsPdsc:255 - Board STM32H735G-DK: unknown feature type=Audio, name=, username=Audio stereo codec with Headphone Amp (WM8994ECS/R), n=1
2021-02-18 22:07:28,056 [WARN] DbBoardsPdsc:255 - Board STM32H7B3I-EVAL: unknown feature type=Audio, name=, username=Multi-Channel Audio Codec (CS42L51-CNZ), n=1
2021-02-18 22:07:28,056 [WARN] DbBoardsPdsc:255 - Board STM32H7B3I-EVAL: unknown feature type=Meter, name=, username=Power-metering and Temperature-monitoring with sigma-delta modulators, n=1
2021-02-18 22:07:28,057 [WARN] DbBoardsPdsc:255 - Board STM32H7B3I-EVAL: unknown feature type=Motor, name=, username=Motor Control, n=1
2021-02-18 22:07:28,058 [ERROR] DbUtils:114 - File not found: C:\Users\alina\.stmcufinder\plugins\mcufinder//mcu/boards.json._tmp_
2021-02-18 22:07:28,058 [WARN] DbUtils:163 - success is not a boolean!
2021-02-18 22:07:28,058 [ERROR] DbFile:108 - Temporary file not found: C:\Users\alina\.stmcufinder\plugins\mcufinder\mcu\boards.json._tmp_
2021-02-18 22:07:28,058 [INFO] DbBoards:118 - Found 158 boards (155 are supported by CubeMX)
2021-02-18 22:07:28,058 [WARN] DbBoards:128 - board B-G474E-DPOW1 has no document id list !
2021-02-18 22:07:28,058 [WARN] DbBoards:128 - board B-L072Z-LRWAN1 has no document id list !
2021-02-18 22:07:28,059 [WARN] DbBoards:128 - board B-L462E-CELL1 has no document id list !
2021-02-18 22:07:28,059 [WARN] DbBoards:128 - board B-L475E-IOT01A1 has no document id list !
2021-02-18 22:07:28,059 [WARN] DbBoards:128 - board B-L475E-IOT01A2 has no document id list !
2021-02-18 22:07:28,059 [WARN] DbBoards:128 - board B-L4S5I-IOT01A has no document id list !
2021-02-18 22:07:28,059 [WARN] DbBoards:128 - board NUCLEO-F030R8 has no document id list !
2021-02-18 22:07:28,059 [WARN] DbBoards:128 - board NUCLEO-F031K6 has no document id list !
2021-02-18 22:07:28,059 [WARN] DbBoards:128 - board NUCLEO-F042K6 has no document id list !
2021-02-18 22:07:28,059 [WARN] DbBoards:128 - board NUCLEO-F070RB has no document id list !
2021-02-18 22:07:28,059 [WARN] DbBoards:128 - board NUCLEO-F072RB has no document id list !
2021-02-18 22:07:28,059 [WARN] DbBoards:128 - board NUCLEO-F091RC has no document id list !
2021-02-18 22:07:28,059 [WARN] DbBoards:128 - board NUCLEO-F103RB has no document id list !
2021-02-18 22:07:28,059 [WARN] DbBoards:128 - board NUCLEO-F207ZG has no document id list !
2021-02-18 22:07:28,059 [WARN] DbBoards:128 - board NUCLEO-F302R8 has no document id list !
2021-02-18 22:07:28,059 [WARN] DbBoards:128 - board NUCLEO-F303K8 has no document id list !
2021-02-18 22:07:28,059 [WARN] DbBoards:128 - board NUCLEO-F303RE has no document id list !
2021-02-18 22:07:28,059 [WARN] DbBoards:128 - board NUCLEO-F303ZE has no document id list !
2021-02-18 22:07:28,059 [WARN] DbBoards:128 - board NUCLEO-F334R8 has no document id list !
2021-02-18 22:07:28,059 [WARN] DbBoards:128 - board NUCLEO-F401RE has no document id list !
2021-02-18 22:07:28,060 [WARN] DbBoards:128 - board NUCLEO-F410RB has no document id list !
2021-02-18 22:07:28,060 [WARN] DbBoards:128 - board NUCLEO-F411RE has no document id list !
2021-02-18 22:07:28,060 [WARN] DbBoards:128 - board NUCLEO-F412ZG has no document id list !
2021-02-18 22:07:28,060 [WARN] DbBoards:128 - board NUCLEO-F413ZH has no document id list !
2021-02-18 22:07:28,060 [WARN] DbBoards:128 - board NUCLEO-F429ZI has no document id list !
2021-02-18 22:07:28,060 [WARN] DbBoards:128 - board NUCLEO-F439ZI has no document id list !
2021-02-18 22:07:28,060 [WARN] DbBoards:128 - board NUCLEO-F446RE has no document id list !
2021-02-18 22:07:28,060 [WARN] DbBoards:128 - board NUCLEO-F446ZE has no document id list !
2021-02-18 22:07:28,060 [WARN] DbBoards:128 - board NUCLEO-F722ZE has no document id list !
2021-02-18 22:07:28,060 [WARN] DbBoards:128 - board NUCLEO-F746ZG has no document id list !
2021-02-18 22:07:28,060 [WARN] DbBoards:128 - board NUCLEO-F767ZI has no document id list !
2021-02-18 22:07:28,060 [WARN] DbBoards:128 - board NUCLEO-G031K8 has no document id list !
2021-02-18 22:07:28,060 [WARN] DbBoards:128 - board NUCLEO-G070RB has no document id list !
2021-02-18 22:07:28,060 [WARN] DbBoards:128 - board NUCLEO-G071RB has no document id list !
2021-02-18 22:07:28,060 [WARN] DbBoards:128 - board NUCLEO-G0B1RE has no document id list !
2021-02-18 22:07:28,060 [WARN] DbBoards:128 - board NUCLEO-G431KB has no document id list !
2021-02-18 22:07:28,060 [WARN] DbBoards:128 - board NUCLEO-G431RB has no document id list !
2021-02-18 22:07:28,060 [WARN] DbBoards:128 - board NUCLEO-G474RE has no document id list !
2021-02-18 22:07:28,060 [WARN] DbBoards:128 - board NUCLEO-G491RE has no document id list !
2021-02-18 22:07:28,061 [WARN] DbBoards:128 - board NUCLEO-H723ZG has no document id list !
2021-02-18 22:07:28,061 [WARN] DbBoards:128 - board NUCLEO-H743ZI has no document id list !
2021-02-18 22:07:28,061 [WARN] DbBoards:128 - board NUCLEO-H743ZI2 has no document id list !
2021-02-18 22:07:28,061 [WARN] DbBoards:128 - board NUCLEO-H745ZI-Q has no document id list !
2021-02-18 22:07:28,061 [WARN] DbBoards:128 - board NUCLEO-H753ZI has no document id list !
2021-02-18 22:07:28,061 [WARN] DbBoards:128 - board NUCLEO-H755ZI-Q has no document id list !
2021-02-18 22:07:28,061 [WARN] DbBoards:128 - board NUCLEO-H7A3ZI-Q has no document id list !
2021-02-18 22:07:28,061 [WARN] DbBoards:128 - board NUCLEO-L010RB has no document id list !
2021-02-18 22:07:28,061 [WARN] DbBoards:128 - board NUCLEO-L011K4 has no document id list !
2021-02-18 22:07:28,061 [WARN] DbBoards:128 - board NUCLEO-L031K6 has no document id list !
2021-02-18 22:07:28,061 [WARN] DbBoards:128 - board NUCLEO-L053R8 has no document id list !
2021-02-18 22:07:28,061 [WARN] DbBoards:128 - board NUCLEO-L073RZ has no document id list !
2021-02-18 22:07:28,061 [WARN] DbBoards:128 - board NUCLEO-L152RE has no document id list !
2021-02-18 22:07:28,061 [WARN] DbBoards:128 - board NUCLEO-L412KB has no document id list !
2021-02-18 22:07:28,061 [WARN] DbBoards:128 - board NUCLEO-L412RB-P has no document id list !
2021-02-18 22:07:28,061 [WARN] DbBoards:128 - board NUCLEO-L432KC has no document id list !
2021-02-18 22:07:28,061 [WARN] DbBoards:128 - board NUCLEO-L433RC-P has no document id list !
2021-02-18 22:07:28,061 [WARN] DbBoards:128 - board NUCLEO-L452RE has no document id list !
2021-02-18 22:07:28,061 [WARN] DbBoards:128 - board NUCLEO-L452RE-P has no document id list !
2021-02-18 22:07:28,062 [WARN] DbBoards:128 - board NUCLEO-L476RG has no document id list !
2021-02-18 22:07:28,062 [WARN] DbBoards:128 - board NUCLEO-L496ZG has no document id list !
2021-02-18 22:07:28,062 [WARN] DbBoards:128 - board NUCLEO-L496ZG-P has no document id list !
2021-02-18 22:07:28,062 [WARN] DbBoards:128 - board NUCLEO-L4A6ZG has no document id list !
2021-02-18 22:07:28,062 [WARN] DbBoards:128 - board NUCLEO-L4P5ZG has no document id list !
2021-02-18 22:07:28,062 [WARN] DbBoards:128 - board NUCLEO-L4R5ZI has no document id list !
2021-02-18 22:07:28,062 [WARN] DbBoards:128 - board NUCLEO-L4R5ZI-P has no document id list !
2021-02-18 22:07:28,062 [WARN] DbBoards:128 - board NUCLEO-L552ZE-Q has no document id list !
2021-02-18 22:07:28,062 [WARN] DbBoards:128 - board NUCLEO-WB55RG has no document id list !
2021-02-18 22:07:28,063 [WARN] DbBoards:128 - board NUCLEO-WL55JC1 has no document id list !
2021-02-18 22:07:28,063 [WARN] DbBoards:128 - board NUCLEO-WL55JC2 has no document id list !
2021-02-18 22:07:28,063 [WARN] DbBoards:128 - board P-NUCLEO-WB55 has no document id list !
2021-02-18 22:07:28,063 [WARN] DbBoards:128 - board P-NUCLEO-WB55-Nucleo has no document id list !
2021-02-18 22:07:28,063 [WARN] DbBoards:128 - board P-NUCLEO-WB55-USBDongle has no document id list !
2021-02-18 22:07:28,063 [WARN] DbBoards:128 - board STEVAL-BFA001V1B has no document id list !
2021-02-18 22:07:28,063 [WARN] DbBoards:128 - board STEVAL-BFA001V2B has no document id list !
2021-02-18 22:07:28,063 [WARN] DbBoards:128 - board STEVAL-IDP005V1 has no document id list !
2021-02-18 22:07:28,063 [WARN] DbBoards:128 - board STEVAL-IDP005V2 has no document id list !
2021-02-18 22:07:28,063 [WARN] DbBoards:128 - board STEVAL-MKSBOX1V1 has no document id list !
2021-02-18 22:07:28,063 [WARN] DbBoards:128 - board STEVAL-STWINKT1 has no document id list !
2021-02-18 22:07:28,063 [WARN] DbBoards:128 - board STM32072B-EVAL has no document id list !
2021-02-18 22:07:28,063 [WARN] DbBoards:128 - board STM32091C-EVAL has no document id list !
2021-02-18 22:07:28,063 [WARN] DbBoards:128 - board STM32100E-EVAL has no document id list !
2021-02-18 22:07:28,063 [WARN] DbBoards:128 - board STM3210C-EVAL has no document id list !
2021-02-18 22:07:28,064 [WARN] DbBoards:128 - board STM3210E-EVAL has no document id list !
2021-02-18 22:07:28,064 [WARN] DbBoards:128 - board STM3220G-EVAL has no document id list !
2021-02-18 22:07:28,064 [WARN] DbBoards:128 - board STM3221G-EVAL has no document id list !
2021-02-18 22:07:28,064 [WARN] DbBoards:128 - board STM32303C-EVAL has no document id list !
2021-02-18 22:07:28,064 [WARN] DbBoards:128 - board STM32303E-EVAL has no document id list !
2021-02-18 22:07:28,064 [WARN] DbBoards:128 - board STM32373C-EVAL has no document id list !
2021-02-18 22:07:28,064 [WARN] DbBoards:128 - board STM3240G-EVAL has no document id list !
2021-02-18 22:07:28,064 [WARN] DbBoards:128 - board STM3241G-EVAL has no document id list !
2021-02-18 22:07:28,064 [WARN] DbBoards:128 - board STM32429I-EVAL1 has no document id list !
2021-02-18 22:07:28,064 [WARN] DbBoards:128 - board STM32439I-EVAL2 has no document id list !
2021-02-18 22:07:28,064 [WARN] DbBoards:128 - board STM32446E-EVAL has no document id list !
2021-02-18 22:07:28,064 [WARN] DbBoards:128 - board STM32469I-EVAL has no document id list !
2021-02-18 22:07:28,064 [WARN] DbBoards:128 - board STM32479I-EVAL has no document id list !
2021-02-18 22:07:28,064 [WARN] DbBoards:128 - board STM32746G-EVAL2 has no document id list !
2021-02-18 22:07:28,064 [WARN] DbBoards:128 - board STM32756G-EVAL2 has no document id list !
2021-02-18 22:07:28,064 [WARN] DbBoards:128 - board STM32F0308-DISCO has no document id list !
2021-02-18 22:07:28,064 [WARN] DbBoards:128 - board STM32F072B-DISCO has no document id list !
2021-02-18 22:07:28,064 [WARN] DbBoards:128 - board STM32F0DISCOVERY has no document id list !
2021-02-18 22:07:28,064 [WARN] DbBoards:128 - board STM32F3348-DISCO has no document id list !
2021-02-18 22:07:28,065 [WARN] DbBoards:128 - board STM32F3DISCOVERY has no document id list !
2021-02-18 22:07:28,065 [WARN] DbBoards:128 - board STM32F401C-DISCO has no document id list !
2021-02-18 22:07:28,065 [WARN] DbBoards:128 - board STM32F407G-DISC1 has no document id list !
2021-02-18 22:07:28,065 [WARN] DbBoards:128 - board STM32F411E-DISCO has no document id list !
2021-02-18 22:07:28,065 [WARN] DbBoards:128 - board STM32F412G-DISCO has no document id list !
2021-02-18 22:07:28,065 [WARN] DbBoards:128 - board STM32F413H-DISCO has no document id list !
2021-02-18 22:07:28,065 [WARN] DbBoards:128 - board STM32F429I-DISC1 has no document id list !
2021-02-18 22:07:28,065 [WARN] DbBoards:128 - board STM32F469I-DISCO has no document id list !
2021-02-18 22:07:28,065 [WARN] DbBoards:128 - board STM32F723E-DISCO has no document id list !
2021-02-18 22:07:28,065 [WARN] DbBoards:128 - board STM32F7308-DK has no document id list !
2021-02-18 22:07:28,065 [WARN] DbBoards:128 - board STM32F746G-DISCO has no document id list !
2021-02-18 22:07:28,065 [WARN] DbBoards:128 - board STM32F7508-DK has no document id list !
2021-02-18 22:07:28,065 [WARN] DbBoards:128 - board STM32F769I-DISC1 has no document id list !
2021-02-18 22:07:28,065 [WARN] DbBoards:128 - board STM32F769I-DISCO has no document id list !
2021-02-18 22:07:28,065 [WARN] DbBoards:128 - board STM32F769I-EVAL has no document id list !
2021-02-18 22:07:28,065 [WARN] DbBoards:128 - board STM32F779I-EVAL has no document id list !
2021-02-18 22:07:28,065 [WARN] DbBoards:128 - board STM32G0316-DISCO has no document id list !
2021-02-18 22:07:28,066 [WARN] DbBoards:128 - board STM32G071B-DISCO has no document id list !
2021-02-18 22:07:28,066 [WARN] DbBoards:128 - board STM32G081B-EVAL has no document id list !
2021-02-18 22:07:28,066 [WARN] DbBoards:128 - board STM32G0C1E-EV has no document id list !
2021-02-18 22:07:28,066 [WARN] DbBoards:128 - board STM32G474E-EVAL has no document id list !
2021-02-18 22:07:28,066 [WARN] DbBoards:128 - board STM32G474E-EVAL1 has no document id list !
2021-02-18 22:07:28,066 [WARN] DbBoards:128 - board STM32G484E-EVAL has no document id list !
2021-02-18 22:07:28,066 [WARN] DbBoards:128 - board STM32H735G-DK has no document id list !
2021-02-18 22:07:28,066 [WARN] DbBoards:128 - board STM32H743I-EVAL has no document id list !
2021-02-18 22:07:28,066 [WARN] DbBoards:128 - board STM32H743I-EVAL2 has no document id list !
2021-02-18 22:07:28,066 [WARN] DbBoards:128 - board STM32H745I-DISCO has no document id list !
2021-02-18 22:07:28,066 [WARN] DbBoards:128 - board STM32H747I-DISC1 has no document id list !
2021-02-18 22:07:28,066 [WARN] DbBoards:128 - board STM32H747I-DISCO has no document id list !
2021-02-18 22:07:28,066 [WARN] DbBoards:128 - board STM32H747I-EVAL has no document id list !
2021-02-18 22:07:28,066 [WARN] DbBoards:128 - board STM32H750B-DK has no document id list !
2021-02-18 22:07:28,066 [WARN] DbBoards:128 - board STM32H753I-EVAL has no document id list !
2021-02-18 22:07:28,066 [WARN] DbBoards:128 - board STM32H753I-EVAL2 has no document id list !
2021-02-18 22:07:28,066 [WARN] DbBoards:128 - board STM32H757I-EVAL has no document id list !
2021-02-18 22:07:28,066 [WARN] DbBoards:128 - board STM32H7B3I-DK has no document id list !
2021-02-18 22:07:28,067 [WARN] DbBoards:128 - board STM32H7B3I-EVAL has no document id list !
2021-02-18 22:07:28,067 [WARN] DbBoards:128 - board STM32L-DISCOVERY has no document id list !
2021-02-18 22:07:28,067 [WARN] DbBoards:128 - board STM32L0538-DISCO has no document id list !
2021-02-18 22:07:28,067 [WARN] DbBoards:128 - board STM32L073Z-EVAL has no document id list !
2021-02-18 22:07:28,067 [WARN] DbBoards:128 - board STM32L100C-DISCO has no document id list !
2021-02-18 22:07:28,067 [WARN] DbBoards:128 - board STM32L152C-DISCO has no document id list !
2021-02-18 22:07:28,067 [WARN] DbBoards:128 - board STM32L152D-EVAL has no document id list !
2021-02-18 22:07:28,067 [WARN] DbBoards:128 - board STM32L476G-DISCO has no document id list !
2021-02-18 22:07:28,067 [WARN] DbBoards:128 - board STM32L476G-EVAL has no document id list !
2021-02-18 22:07:28,067 [WARN] DbBoards:128 - board STM32L496G-DISCO has no document id list !
2021-02-18 22:07:28,067 [WARN] DbBoards:128 - board STM32L4P5G-DK has no document id list !
2021-02-18 22:07:28,067 [WARN] DbBoards:128 - board STM32L4R9I-DISCO has no document id list !
2021-02-18 22:07:28,067 [WARN] DbBoards:128 - board STM32L4R9I-EVAL has no document id list !
2021-02-18 22:07:28,067 [WARN] DbBoards:128 - board STM32L552E-EV has no document id list !
2021-02-18 22:07:28,067 [WARN] DbBoards:128 - board STM32L562E-DK has no document id list !
2021-02-18 22:07:28,067 [WARN] DbBoards:128 - board STM32MP157A-DK1 has no document id list !
2021-02-18 22:07:28,067 [WARN] DbBoards:128 - board STM32MP157A-EV1 has no document id list !
2021-02-18 22:07:28,067 [WARN] DbBoards:128 - board STM32MP157C-DK2 has no document id list !
2021-02-18 22:07:28,067 [WARN] DbBoards:128 - board STM32MP157C-EV1 has no document id list !
2021-02-18 22:07:28,068 [WARN] DbBoards:128 - board STM32MP157F-DK2 has no document id list !
2021-02-18 22:07:28,068 [WARN] DbBoards:128 - board STM32MP157F-EV1 has no document id list !
2021-02-18 22:07:28,068 [WARN] DbBoards:128 - board STM32VLDISCOVERY has no document id list !
2021-02-18 22:07:29,521 [INFO] ApiDb:238 - Load user favorites file C:\Users\alina/.stm32cubeide/favorites.boards.txt: 0 item(s)
2021-02-18 22:07:29,521 [INFO] ApiDb:242 - User favorites Boards=[]
2021-02-18 22:07:29,521 [INFO] DbBoards:207 - Set 0 / 0 favorites Boards
2021-02-18 22:07:29,674 [INFO] CrossSelectorPresenter:1330 - Cross Selector saved comparison directory: C:\Users\alina\.stmcufinder\plugins\mcufinder\mcu\cs_comparisons_mx
2021-02-18 22:07:29,675 [INFO] MultiScanPanel:198 - Auto-refresh data requested => check proxy status ongoing
2021-02-18 22:07:29,675 [INFO] FinderPluginLoader:87 - Searching for filters in installed packs
2021-02-18 22:07:30,001 [INFO] DetailPanel:344 - Set advertising image to C:/Users/alina/STM32Cube/Repository/\stm32cubemx-promo_image.jpg
2021-02-18 22:07:30,175 [INFO] McuFilterPanel:245 - Update 0 favorites MCUs
2021-02-18 22:08:15,330 [INFO] MainUpdater:2644 - connection check result : 10
2021-02-18 22:08:15,330 [INFO] MainUpdater:2644 - connection check result : 10
2021-02-18 22:08:15,359 [INFO] MicroXplorer:385 - Change Database Path : 
2021-02-18 22:08:15,360 [INFO] MicroXplorer:415 - Change Database Version : DB.6.0.10
2021-02-18 22:08:15,360 [WARN] ThirdParty:783 - waiting for thirdparty lock release [close project]
2021-02-18 22:08:15,360 [INFO] ThirdParty:785 - entering critical section [close project]
2021-02-18 22:08:15,360 [INFO] ThirdParty:796 - exiting critical section [close project]
2021-02-18 22:08:15,361 [INFO] PinOutPanel:1434 - setPackage(No Configuration,No Configuration)
2021-02-18 22:08:15,366 [INFO] UtilMem:74 - Begin LoadConfig() Used Memory: 531916080 Bytes (925892608)
2021-02-18 22:08:15,367 [INFO] MicroXplorer:385 - Change Database Path : 
2021-02-18 22:08:15,367 [INFO] MicroXplorer:415 - Change Database Version : DB.6.0.10
2021-02-18 22:08:15,367 [INFO] OpenFileManager:274 - Change cursor
2021-02-18 22:08:15,368 [WARN] ThirdParty:204 - Use empty third party IP manager
2021-02-18 22:08:15,381 [INFO] RulesReader:52 - Compatibility file has been processed (228 Rules)
2021-02-18 22:08:16,266 [INFO] ImportTextPane:162 - (OptionalMessage_ERROR) Unable to find key (Mcu.ThirdPartyNb) in loaded IOC file
2021-02-18 22:08:16,266 [INFO] ImportTextPane:162 - (OptionalMessage_ERROR) Unable to find key (Mcu.PinsNb) in loaded IOC file
2021-02-18 22:08:16,266 [INFO] ImportTextPane:162 - (OptionalMessage_ERROR) Unable to find key (Mcu.IPNb) in loaded IOC file
2021-02-18 22:08:16,292 [WARN] ApiManager:294 - Cannot register API 'Board Extension:S2868A1' from pack STMicroelectronics.X-CUBE-SUBG2.3.0.1: no header file found
2021-02-18 22:08:16,293 [WARN] ApiManager:294 - Cannot register API 'Board Extension:S2868A2' from pack STMicroelectronics.X-CUBE-SUBG2.3.0.1: no header file found
2021-02-18 22:08:16,293 [WARN] ApiManager:294 - Cannot register API 'Board Extension:S2915A1' from pack STMicroelectronics.X-CUBE-SUBG2.3.0.1: no header file found
2021-02-18 22:08:16,295 [WARN] ApiManager:294 - Cannot register API 'Board Extension:S2868A1' from pack STMicroelectronics.X-CUBE-SUBG2.3.0.0: no header file found
2021-02-18 22:08:16,295 [WARN] ApiManager:294 - Cannot register API 'Board Extension:S2868A2' from pack STMicroelectronics.X-CUBE-SUBG2.3.0.0: no header file found
2021-02-18 22:08:16,296 [WARN] ApiManager:294 - Cannot register API 'Board Extension:S2915A1' from pack STMicroelectronics.X-CUBE-SUBG2.3.0.0: no header file found
2021-02-18 22:08:16,297 [WARN] ModelIntegratedComponent:51 - No mode defined for component null
2021-02-18 22:08:16,297 [WARN] ModelIntegratedComponent:51 - No mode defined for component null
2021-02-18 22:08:16,297 [WARN] ModelIntegratedComponent:51 - No mode defined for component null
2021-02-18 22:08:16,297 [WARN] ModelIntegratedComponent:51 - No mode defined for component null
2021-02-18 22:08:16,297 [WARN] ModelIntegratedComponent:51 - No mode defined for component null
2021-02-18 22:08:16,297 [WARN] ModelIntegratedComponent:51 - No mode defined for component null
2021-02-18 22:08:16,297 [WARN] ModelIntegratedComponent:51 - No mode defined for component null
2021-02-18 22:08:16,298 [WARN] ModelIntegratedComponent:51 - No mode defined for component null
2021-02-18 22:08:16,298 [WARN] ModelIntegratedComponent:51 - No mode defined for component null
2021-02-18 22:08:16,298 [WARN] ModelIntegratedComponent:51 - No mode defined for component null
2021-02-18 22:08:16,298 [WARN] ModelIntegratedComponent:51 - No mode defined for component null
2021-02-18 22:08:16,298 [WARN] ModelIntegratedComponent:51 - No mode defined for component null
2021-02-18 22:08:16,298 [WARN] ModelIntegratedComponent:51 - No mode defined for component null
2021-02-18 22:08:16,298 [WARN] ModelIntegratedComponent:51 - No mode defined for component null
2021-02-18 22:08:16,298 [WARN] ModelIntegratedComponent:51 - No mode defined for component null
2021-02-18 22:08:16,299 [WARN] ModelIntegratedComponent:51 - No mode defined for component null
2021-02-18 22:08:16,299 [WARN] ModelIntegratedComponent:51 - No mode defined for component null
2021-02-18 22:08:16,299 [WARN] ModelIntegratedComponent:51 - No mode defined for component null
2021-02-18 22:08:16,299 [WARN] ModelIntegratedComponent:51 - No mode defined for component null
2021-02-18 22:08:16,299 [WARN] ModelIntegratedComponent:51 - No mode defined for component null
2021-02-18 22:08:16,299 [WARN] ModelIntegratedComponent:51 - No mode defined for component null
2021-02-18 22:08:16,299 [WARN] ModelIntegratedComponent:51 - No mode defined for component null
2021-02-18 22:08:16,299 [WARN] ModelIntegratedComponent:51 - No mode defined for component null
2021-02-18 22:08:16,299 [WARN] ModelIntegratedComponent:51 - No mode defined for component null
2021-02-18 22:08:16,300 [WARN] ModelIntegratedComponent:51 - No mode defined for component null
2021-02-18 22:08:16,300 [WARN] ModelIntegratedComponent:51 - No mode defined for component null
2021-02-18 22:08:16,300 [WARN] ModelIntegratedComponent:51 - No mode defined for component null
2021-02-18 22:08:16,300 [WARN] ModelIntegratedComponent:51 - No mode defined for component null
2021-02-18 22:08:16,300 [WARN] ModelIntegratedComponent:51 - No mode defined for component null
2021-02-18 22:08:16,300 [WARN] ModelIntegratedComponent:51 - No mode defined for component null
2021-02-18 22:08:16,300 [WARN] ModelIntegratedComponent:51 - No mode defined for component null
2021-02-18 22:08:16,300 [WARN] ModelIntegratedComponent:51 - No mode defined for component null
2021-02-18 22:08:16,300 [WARN] ModelIntegratedComponent:51 - No mode defined for component null
2021-02-18 22:08:16,300 [WARN] ModelIntegratedComponent:51 - No mode defined for component null
2021-02-18 22:08:16,301 [WARN] ModelIntegratedComponent:51 - No mode defined for component null
2021-02-18 22:08:16,301 [WARN] ModelIntegratedComponent:51 - No mode defined for component null
2021-02-18 22:08:16,301 [WARN] ModelIntegratedComponent:51 - No mode defined for component null
2021-02-18 22:08:16,301 [WARN] ModelIntegratedComponent:51 - No mode defined for component null
2021-02-18 22:08:16,302 [WARN] ApiManager:294 - Cannot register API 'Board Extension:S2868A1' from pack STMicroelectronics.X-CUBE-SFXS2LP1.2.0.0: no header file found
2021-02-18 22:08:16,302 [WARN] ApiManager:294 - Cannot register API 'Board Extension:S2868A2' from pack STMicroelectronics.X-CUBE-SFXS2LP1.2.0.0: no header file found
2021-02-18 22:08:16,302 [WARN] ApiManager:294 - Cannot register API 'Board Extension:S2915A1' from pack STMicroelectronics.X-CUBE-SFXS2LP1.2.0.0: no header file found
2021-02-18 22:08:16,403 [WARN] ApiManager:294 - Cannot register API 'Board Extension:IKS01A3' from pack STMicroelectronics.X-CUBE-MEMS1.8.2.0: no header file found
2021-02-18 22:08:16,403 [WARN] ApiManager:294 - Cannot register API 'Board Extension:IKS01A2' from pack STMicroelectronics.X-CUBE-MEMS1.8.2.0: no header file found
2021-02-18 22:08:16,404 [WARN] ApiManager:294 - Cannot register API 'Board Extension:IKS02A1' from pack STMicroelectronics.X-CUBE-MEMS1.8.2.0: no header file found
2021-02-18 22:08:16,410 [WARN] ApiManager:294 - Cannot register API 'Board Extension:EEPRMA1' from pack STMicroelectronics.X-CUBE-EEPRMA1.3.0.0: no header file found
2021-02-18 22:08:16,410 [WARN] ApiManager:294 - Cannot register API 'Board Extension:EEPRMA2' from pack STMicroelectronics.X-CUBE-EEPRMA1.3.0.0: no header file found
2021-02-18 22:08:16,411 [INFO] RtosManager:464 - Registered RTOS mode: class=CMSIS, group=RTOS, mode=CMSIS_V1, owner=FREERTOS
2021-02-18 22:08:16,412 [INFO] RtosManager:464 - Registered RTOS mode: class=CMSIS, group=RTOS2, mode=CMSIS_V2, owner=FREERTOS
2021-02-18 22:08:16,412 [INFO] RtosManager:464 - Registered RTOS mode: class=RTOS, group=Core, mode=CMSIS_V1, owner=FREERTOS
2021-02-18 22:08:16,412 [INFO] RtosManager:464 - Registered RTOS mode: class=RTOS, group=Core, mode=CMSIS_V2, owner=FREERTOS
2021-02-18 22:08:16,412 [WARN] ModelIntegratedComponent:182 - Missing modes for component STMicroelectronics:FreeRTOS:0.0.1:STMicroelectronics:RTOS:FreeRTOS:Core:::10.2.0:
2021-02-18 22:08:16,415 [WARN] ApiManager:294 - Cannot register API 'Board Extension:GNSS1A1' from pack STMicroelectronics.X-CUBE-GNSS1.5.1.0: no header file found
2021-02-18 22:08:16,416 [WARN] ApiManager:294 - Cannot register API 'Board Support:Custom' from pack STMicroelectronics.X-CUBE-GNSS1.5.1.0: no header file found
2021-02-18 22:08:16,416 [WARN] ApiManager:294 - Cannot register API 'Data Exchange:lib_gnss' from pack STMicroelectronics.X-CUBE-GNSS1.5.1.0: no header file found
2021-02-18 22:08:16,416 [WARN] ApiManager:294 - Cannot register API 'Wireless:BlueNRG-MS' from pack STMicroelectronics.X-CUBE-BLE1.6.1.0: no header file found
2021-02-18 22:08:16,417 [WARN] ApiManager:294 - Cannot register API 'Board Extension:NFC04A1' from pack STMicroelectronics.X-CUBE-NFC4.2.0.1: no header file found
2021-02-18 22:08:16,418 [WARN] ApiManager:294 - Cannot register API 'Wireless:BlueNRG-2' from pack STMicroelectronics.X-CUBE-BLE2.3.1.0: no header file found
2021-02-18 22:08:16,797 [INFO] UtilMem:74 - End LoadConfig() Used Memory: 411329840 Bytes (925892608)
2021-02-18 22:08:16,799 [WARN] ThirdParty:749 - waiting for thirdparty lock release [change project]
2021-02-18 22:08:16,800 [INFO] ThirdParty:751 - entering critical section [change project]
2021-02-18 22:08:16,800 [INFO] ThirdParty:939 - CMSIS Pack Vendor :STMicroelectronics USB_HOST 2.0.0
2021-02-18 22:08:16,800 [INFO] ThirdParty:939 - CMSIS Pack Vendor :STMicroelectronics X-CUBE-SUBG2 3.0.1
2021-02-18 22:08:16,800 [INFO] ThirdParty:939 - CMSIS Pack Vendor :STMicroelectronics X-CUBE-SUBG2 3.0.0
2021-02-18 22:08:16,800 [INFO] ThirdParty:939 - CMSIS Pack Vendor :STMicroelectronics USB_DEVICE 3.0.0
2021-02-18 22:08:16,800 [INFO] ThirdParty:939 - CMSIS Pack Vendor :STMicroelectronics HAL Drivers 0.0.0
2021-02-18 22:08:16,800 [INFO] ThirdParty:939 - CMSIS Pack Vendor :STMicroelectronics MBEDTLS 2.16.2
2021-02-18 22:08:16,800 [INFO] ThirdParty:939 - CMSIS Pack Vendor :STMicroelectronics X-CUBE-SFXS2LP1 2.0.0
2021-02-18 22:08:16,800 [INFO] ThirdParty:939 - CMSIS Pack Vendor :STMicroelectronics MBEDTLS 2.14.1
2021-02-18 22:08:16,801 [INFO] ThirdParty:939 - CMSIS Pack Vendor :STMicroelectronics USB_DEVICE 2.0.0
2021-02-18 22:08:16,801 [INFO] ThirdParty:939 - CMSIS Pack Vendor :STMicroelectronics X-CUBE-MEMS1 8.2.0
2021-02-18 22:08:16,801 [INFO] ThirdParty:939 - CMSIS Pack Vendor :STMicroelectronics X-CUBE-EEPRMA1 3.0.0
2021-02-18 22:08:16,801 [INFO] ThirdParty:939 - CMSIS Pack Vendor :STMicroelectronics X-CUBE-DISPLAY 1.0.0
2021-02-18 22:08:16,801 [INFO] ThirdParty:939 - CMSIS Pack Vendor :STMicroelectronics FreeRTOS 0.0.1
2021-02-18 22:08:16,801 [INFO] ThirdParty:939 - CMSIS Pack Vendor :STMicroelectronics USB_DEVICE 1.0.0
2021-02-18 22:08:16,801 [INFO] ThirdParty:939 - CMSIS Pack Vendor :STMicroelectronics X-CUBE-ALGOBUILD 1.1.0
2021-02-18 22:08:16,801 [INFO] ThirdParty:939 - CMSIS Pack Vendor :STMicroelectronics X-CUBE-GNSS1 5.1.0
2021-02-18 22:08:16,801 [INFO] ThirdParty:939 - CMSIS Pack Vendor :STMicroelectronics X-CUBE-BLE1 6.1.0
2021-02-18 22:08:16,802 [INFO] ThirdParty:939 - CMSIS Pack Vendor :STMicroelectronics lwIP 2.0.3
2021-02-18 22:08:16,803 [INFO] ThirdParty:939 - CMSIS Pack Vendor :STMicroelectronics lwIP 2.1.2
2021-02-18 22:08:16,803 [INFO] ThirdParty:939 - CMSIS Pack Vendor :STMicroelectronics USB_HOST 1.0.0
2021-02-18 22:08:16,804 [INFO] ThirdParty:939 - CMSIS Pack Vendor :STMicroelectronics X-CUBE-TOUCHGFX 4.15.0
2021-02-18 22:08:16,804 [INFO] ThirdParty:939 - CMSIS Pack Vendor :STMicroelectronics X-CUBE-NFC4 2.0.1
2021-02-18 22:08:16,805 [INFO] ThirdParty:939 - CMSIS Pack Vendor :STMicroelectronics X-CUBE-AI 5.2.0
2021-02-18 22:08:16,805 [INFO] ThirdParty:939 - CMSIS Pack Vendor :STMicroelectronics PDM2PCM 3.1.0
2021-02-18 22:08:16,805 [INFO] ThirdParty:939 - CMSIS Pack Vendor :STMicroelectronics X-CUBE-TOUCHGFX 4.16.0
2021-02-18 22:08:16,806 [INFO] ThirdParty:939 - CMSIS Pack Vendor :STMicroelectronics PDM2PCM 3.2.0
2021-02-18 22:08:16,806 [INFO] ThirdParty:939 - CMSIS Pack Vendor :STMicroelectronics X-CUBE-BLE2 3.1.0
2021-02-18 22:08:16,807 [INFO] ThirdParty:939 - CMSIS Pack Vendor :STMicroelectronics PDM2PCM 3.3.0
2021-02-18 22:08:16,807 [INFO] ThirdParty:757 - exiting critical section [change project]
2021-02-18 22:08:16,888 [INFO] PinOutPanel:1434 - setPackage(No Configuration,No Configuration)
2021-02-18 22:08:16,889 [INFO] PinOutPanel:1434 - setPackage(STM32F103C8Tx,LQFP48)
2021-02-18 22:08:17,087 [INFO] UtilMem:74 - Before build in PCC Used Memory: 439941264 Bytes (925892608)
2021-02-18 22:08:17,267 [INFO] SharedServices:72 - Folder for power plug-in: C:/Users/alina/.stm32cubemx/plugins/power
2021-02-18 22:08:17,315 [INFO] SharedServices:72 - Folder for power plug-in: C:/Users/alina/.stm32cubemx/plugins/power
2021-02-18 22:08:17,341 [INFO] SharedServices:72 - Folder for power plug-in: C:/Users/alina/.stm32cubemx/plugins/power
2021-02-18 22:08:17,344 [INFO] SharedServices:72 - Folder for power plug-in: C:/Users/alina/.stm32cubemx/plugins/power
2021-02-18 22:08:17,408 [INFO] UtilMem:74 - After build in PCC Used Memory: 481357976 Bytes (925892608)
2021-02-18 22:08:17,420 [INFO] IPUIPlugin:64 - create IPUIPlugin
2021-02-18 22:08:17,420 [INFO] IPUIPlugin:64 - create IPUIPlugin
2021-02-18 22:08:17,420 [INFO] IPUIPlugin:64 - create IPUIPlugin
2021-02-18 22:08:17,421 [INFO] IPUIPlugin:64 - create IPUIPlugin
2021-02-18 22:08:17,421 [INFO] IPUIPlugin:64 - create IPUIPlugin
2021-02-18 22:08:17,421 [INFO] IPUIPlugin:64 - create IPUIPlugin
2021-02-18 22:08:17,421 [INFO] IPUIPlugin:64 - create IPUIPlugin
2021-02-18 22:08:17,422 [INFO] IPUIPlugin:64 - create IPUIPlugin
2021-02-18 22:08:17,423 [INFO] IPUIPlugin:64 - create IPUIPlugin
2021-02-18 22:08:17,423 [INFO] IPUIPlugin:64 - create IPUIPlugin
2021-02-18 22:08:17,426 [INFO] IPUIPlugin:64 - create IPUIPlugin
2021-02-18 22:08:17,427 [INFO] IPUIPlugin:64 - create IPUIPlugin
2021-02-18 22:08:17,429 [INFO] IPUIPlugin:64 - create IPUIPlugin
2021-02-18 22:08:17,430 [INFO] IPUIPlugin:64 - create IPUIPlugin
2021-02-18 22:08:17,430 [INFO] IPUIPlugin:64 - create IPUIPlugin
2021-02-18 22:08:17,431 [INFO] IPUIPlugin:64 - create IPUIPlugin
2021-02-18 22:08:17,431 [INFO] IPUIPlugin:64 - create IPUIPlugin
2021-02-18 22:08:17,431 [INFO] IPUIPlugin:64 - create IPUIPlugin
2021-02-18 22:08:17,432 [INFO] IPUIPlugin:64 - create IPUIPlugin
2021-02-18 22:08:17,432 [INFO] IPUIPlugin:64 - create IPUIPlugin
2021-02-18 22:08:17,433 [INFO] IPUIPlugin:64 - create IPUIPlugin
2021-02-18 22:08:17,433 [INFO] IPUIPlugin:64 - create IPUIPlugin
2021-02-18 22:08:17,433 [INFO] IPUIPlugin:64 - create IPUIPlugin
2021-02-18 22:08:17,434 [INFO] IPUIPlugin:64 - create IPUIPlugin
2021-02-18 22:08:17,434 [INFO] IPUIPlugin:64 - create IPUIPlugin
2021-02-18 22:08:17,435 [INFO] IPUIPlugin:64 - create IPUIPlugin
2021-02-18 22:08:17,435 [INFO] IPUIPlugin:64 - create IPUIPlugin
2021-02-18 22:08:17,460 [INFO] OpenFileManager:294 - Restore cursor
2021-02-18 22:08:17,676 [INFO] UtilMem:74 - End SaveConfig() Used Memory: 510718104 Bytes (925892608)
2021-02-18 22:08:17,848 [INFO] UtilMem:74 - End SaveConfig() Used Memory: 517535888 Bytes (925892608)
2021-02-18 22:08:18,108 [INFO] BlockDiagram:2735 - set Specific Code input for plugin: SYS
2021-02-18 22:08:18,108 [INFO] BlockDiagram:2735 - set Specific Code input for plugin: RCC
2021-02-18 22:08:18,108 [INFO] BlockDiagram:2735 - set Specific Code input for plugin: NVIC
2021-02-18 22:08:18,109 [INFO] CodeGenerator:639 - code generatio: config db path: C:\ST\STM32CubeIDE_1.5.1\STM32CubeIDE\plugins\com.st.stm32cube.common.mx_6.1.1.202012091304\\db\
2021-02-18 22:08:18,338 [INFO] CodeEngine:229 - oldGeneratedFile, D:\my_Projects\Electronic\STM32\CubeIDE\Tick\MXTmpFiles\license.tmp_save
2021-02-18 22:08:18,411 [INFO] CodeEngine:247 - Generated code: D:\my_Projects\Electronic\STM32\CubeIDE\Tick\MXTmpFiles\license.tmp
2021-02-18 22:08:18,468 [INFO] CodeEngine:229 - oldGeneratedFile, D:\my_Projects\Electronic\STM32\CubeIDE\Tick\Core\Src\stm32f1xx_it.c_save
2021-02-18 22:08:18,607 [INFO] CodeEngine:247 - Generated code: D:\my_Projects\Electronic\STM32\CubeIDE\Tick\Core\Src\stm32f1xx_it.c
2021-02-18 22:08:18,612 [INFO] CodeEngine:229 - oldGeneratedFile, D:\my_Projects\Electronic\STM32\CubeIDE\Tick\Core\Inc\stm32f1xx_it.h_save
2021-02-18 22:08:18,678 [INFO] CodeEngine:247 - Generated code: D:\my_Projects\Electronic\STM32\CubeIDE\Tick\Core\Inc\stm32f1xx_it.h
2021-02-18 22:08:18,731 [INFO] CodeEngine:229 - oldGeneratedFile, D:\my_Projects\Electronic\STM32\CubeIDE\Tick\Core\Src\stm32f1xx_hal_msp.c_save
2021-02-18 22:08:18,834 [INFO] CodeEngine:247 - Generated code: D:\my_Projects\Electronic\STM32\CubeIDE\Tick\Core\Src\stm32f1xx_hal_msp.c
2021-02-18 22:08:18,842 [INFO] CodeEngine:229 - oldGeneratedFile, D:\my_Projects\Electronic\STM32\CubeIDE\Tick\MXTmpFiles\system.tmp_save
2021-02-18 22:08:18,926 [INFO] CodeEngine:247 - Generated code: D:\my_Projects\Electronic\STM32\CubeIDE\Tick\MXTmpFiles\system.tmp
2021-02-18 22:08:18,970 [INFO] CodeEngine:229 - oldGeneratedFile, D:\my_Projects\Electronic\STM32\CubeIDE\Tick\Core\Inc\stm32f1xx_hal_conf.h_save
2021-02-18 22:08:19,120 [INFO] CodeEngine:247 - Generated code: D:\my_Projects\Electronic\STM32\CubeIDE\Tick\Core\Inc\stm32f1xx_hal_conf.h
2021-02-18 22:08:19,196 [INFO] CodeEngine:229 - oldGeneratedFile, D:\my_Projects\Electronic\STM32\CubeIDE\Tick\Core\Inc\main.h_save
2021-02-18 22:08:19,292 [INFO] CodeEngine:247 - Generated code: D:\my_Projects\Electronic\STM32\CubeIDE\Tick\Core\Inc\main.h
2021-02-18 22:08:19,304 [INFO] CodeEngine:229 - oldGeneratedFile, D:\my_Projects\Electronic\STM32\CubeIDE\Tick\Core\Src\main.c_save
2021-02-18 22:08:19,428 [INFO] CodeEngine:247 - Generated code: D:\my_Projects\Electronic\STM32\CubeIDE\Tick\Core\Src\main.c
2021-02-18 22:08:21,404 [INFO] ProjectBuilder:2328 - Time for Copy HAL[1] : 753mS.
2021-02-18 22:08:21,419 [INFO] ProjectBuilder:3259 - Project Generator version: 3.11.2
2021-02-18 22:08:21,891 [INFO] ConfigFileManager:1238 - The Die is : DIE410
2021-02-18 22:08:21,893 [INFO] ApiDbMcu:456 - Load IP Config File for FATFS
2021-02-18 22:08:21,900 [INFO] ApiDbMcu:456 - Load IP Config File for FREERTOS
2021-02-18 22:08:21,906 [INFO] ApiDbMcu:456 - Load IP Config File for USB_DEVICE
2021-02-18 22:08:25,178 [INFO] ProjectBuilder:3425 - Time for Generating toolchain IDE Files: 3759mS.
2021-02-18 22:08:25,179 [INFO] ProjectBuilder:2207 - Time for Copy CMSIS : 0mS.
2021-02-18 22:08:25,180 [INFO] ProjectBuilder:2207 - Time for Copy CMSIS : 0mS.
2021-02-18 22:08:26,774 [INFO] ApiDb:263 - Save user favorites file C:\Users\alina/.stm32cubeide/favorites.mcus.txt: 0 item(s)
2021-02-18 22:08:26,774 [INFO] ApiDb:267 - User favorites MCUs=[]
2021-02-18 22:09:02,348 [INFO] Gpio:248 - dependency for GPIO [SYS]
2021-02-18 22:09:14,492 [INFO] UtilMem:74 - End SaveConfig() Used Memory: 360386416 Bytes (817889280)
2021-02-18 22:09:14,564 [INFO] UtilMem:74 - End SaveConfig() Used Memory: 365736128 Bytes (817889280)
2021-02-18 22:09:15,384 [INFO] UtilMem:74 - End SaveConfig() Used Memory: 456425568 Bytes (817889280)
2021-02-18 22:09:15,743 [INFO] BlockDiagram:2735 - set Specific Code input for plugin: SYS
2021-02-18 22:09:15,747 [INFO] BlockDiagram:2735 - set Specific Code input for plugin: RCC
2021-02-18 22:09:15,748 [INFO] BlockDiagram:2735 - set Specific Code input for plugin: NVIC
2021-02-18 22:09:15,748 [INFO] BlockDiagram:2735 - set Specific Code input for plugin: GPIO
2021-02-18 22:09:15,748 [INFO] CodeGenerator:639 - code generatio: config db path: C:\ST\STM32CubeIDE_1.5.1\STM32CubeIDE\plugins\com.st.stm32cube.common.mx_6.1.1.202012091304\\db\
2021-02-18 22:09:16,011 [INFO] CodeEngine:229 - oldGeneratedFile, D:\my_Projects\Electronic\STM32\CubeIDE\Tick\MXTmpFiles\license.tmp_save
2021-02-18 22:09:16,109 [INFO] CodeEngine:247 - Generated code: D:\my_Projects\Electronic\STM32\CubeIDE\Tick\MXTmpFiles\license.tmp
2021-02-18 22:09:16,168 [INFO] CodeEngine:229 - oldGeneratedFile, D:\my_Projects\Electronic\STM32\CubeIDE\Tick\MXTmpFiles\gpio.tmp_save
2021-02-18 22:09:16,365 [INFO] CodeEngine:247 - Generated code: D:\my_Projects\Electronic\STM32\CubeIDE\Tick\MXTmpFiles\gpio.tmp
2021-02-18 22:09:16,419 [INFO] CodeEngine:229 - oldGeneratedFile, D:\my_Projects\Electronic\STM32\CubeIDE\Tick\Core\Src\stm32f1xx_it.c_save
2021-02-18 22:09:16,547 [INFO] CodeEngine:247 - Generated code: D:\my_Projects\Electronic\STM32\CubeIDE\Tick\Core\Src\stm32f1xx_it.c
2021-02-18 22:09:16,558 [INFO] CodeEngine:229 - oldGeneratedFile, D:\my_Projects\Electronic\STM32\CubeIDE\Tick\Core\Inc\stm32f1xx_it.h_save
2021-02-18 22:09:16,635 [INFO] CodeEngine:247 - Generated code: D:\my_Projects\Electronic\STM32\CubeIDE\Tick\Core\Inc\stm32f1xx_it.h
2021-02-18 22:09:16,696 [INFO] CodeEngine:229 - oldGeneratedFile, D:\my_Projects\Electronic\STM32\CubeIDE\Tick\Core\Src\stm32f1xx_hal_msp.c_save
2021-02-18 22:09:16,827 [INFO] CodeEngine:247 - Generated code: D:\my_Projects\Electronic\STM32\CubeIDE\Tick\Core\Src\stm32f1xx_hal_msp.c
2021-02-18 22:09:16,833 [INFO] CodeEngine:229 - oldGeneratedFile, D:\my_Projects\Electronic\STM32\CubeIDE\Tick\MXTmpFiles\system.tmp_save
2021-02-18 22:09:16,891 [INFO] CodeEngine:247 - Generated code: D:\my_Projects\Electronic\STM32\CubeIDE\Tick\MXTmpFiles\system.tmp
2021-02-18 22:09:16,954 [INFO] CodeEngine:229 - oldGeneratedFile, D:\my_Projects\Electronic\STM32\CubeIDE\Tick\Core\Inc\stm32f1xx_hal_conf.h_save
2021-02-18 22:09:17,100 [INFO] CodeEngine:247 - Generated code: D:\my_Projects\Electronic\STM32\CubeIDE\Tick\Core\Inc\stm32f1xx_hal_conf.h
2021-02-18 22:09:17,195 [INFO] CodeEngine:229 - oldGeneratedFile, D:\my_Projects\Electronic\STM32\CubeIDE\Tick\Core\Inc\main.h_save
2021-02-18 22:09:17,322 [INFO] CodeEngine:247 - Generated code: D:\my_Projects\Electronic\STM32\CubeIDE\Tick\Core\Inc\main.h
2021-02-18 22:09:17,359 [INFO] CodeEngine:229 - oldGeneratedFile, D:\my_Projects\Electronic\STM32\CubeIDE\Tick\Core\Src\main.c_save
2021-02-18 22:09:17,541 [INFO] CodeEngine:247 - Generated code: D:\my_Projects\Electronic\STM32\CubeIDE\Tick\Core\Src\main.c
2021-02-18 22:09:18,684 [INFO] ProjectBuilder:2328 - Time for Copy HAL[1] : 663mS.
2021-02-18 22:09:18,688 [INFO] ProjectBuilder:3259 - Project Generator version: 3.11.2
2021-02-18 22:09:19,618 [INFO] ConfigFileManager:1238 - The Die is : DIE410
2021-02-18 22:09:22,034 [INFO] ProjectBuilder:3425 - Time for Generating toolchain IDE Files: 3346mS.
2021-02-18 22:09:22,035 [INFO] ProjectBuilder:2207 - Time for Copy CMSIS : 1mS.
2021-02-18 22:09:22,039 [INFO] ProjectBuilder:2207 - Time for Copy CMSIS : 1mS.
2021-02-18 22:15:16,210 [INFO] Activator:170 - 


2021-02-18 22:15:16,210 [INFO] Activator:171 - !SESSION log4j initialized
2021-03-01 20:37:51,210 [INFO] Activator:170 - 


2021-03-01 20:37:51,241 [INFO] Activator:171 - !SESSION log4j initialized
2021-03-01 20:39:23,822 [INFO] McuFinderGlobals:40 - Set McuFinder mode to 2 (CubeIDE integrated)
2021-03-01 20:39:25,165 [INFO] ApplicationProperties:181 - Using Application install path: C:\ST\STM32CubeIDE_1.5.1\STM32CubeIDE\plugins\com.st.stm32cube.common.mx_6.1.1.202012091304
2021-03-01 20:39:25,184 [INFO] DbMcusXml:71 - Set database path to: C:\ST\STM32CubeIDE_1.5.1\STM32CubeIDE\plugins\com.st.stm32cube.common.mx_6.1.1.202012091304\\db\/mcu/
2021-03-01 20:39:25,192 [INFO] DbBoardsPdsc:57 - Set plugin database path to: C:\ST\STM32CubeIDE_1.5.1\STM32CubeIDE\plugins\com.st.stm32cube.common.mx_6.1.1.202012091304\\db\/plugins/boardmanager/
2021-03-01 20:39:25,193 [INFO] DbMcus:259 - Set plugin images path to: C:\ST\STM32CubeIDE_1.5.1\STM32CubeIDE\plugins\com.st.stm32cube.common.mx_6.1.1.202012091304\\db\/plugins/mcufinder/images/
2021-03-01 20:39:25,193 [INFO] DbBoards:265 - Set plugin images path to: C:\ST\STM32CubeIDE_1.5.1\STM32CubeIDE\plugins\com.st.stm32cube.common.mx_6.1.1.202012091304\\db\/plugins/mcufinder/images/
2021-03-01 20:39:25,200 [INFO] DbExamples:329 - Set plugin images path to: C:\ST\STM32CubeIDE_1.5.1\STM32CubeIDE\plugins\com.st.stm32cube.common.mx_6.1.1.202012091304\\db\/plugins/mcufinder/images/
2021-03-01 20:39:25,347 [INFO] DbMcusDocs:112 - Set database path to: C:\Users\alina\.stmcufinder\plugins\mcufinder//mcu/
2021-03-01 20:39:25,350 [INFO] DbMcusJson:63 - Set database path to: C:\Users\alina\.stmcufinder\plugins\mcufinder//mcu/
2021-03-01 20:39:25,352 [INFO] DbBoardsDocs:112 - Set database path to: C:\Users\alina\.stmcufinder\plugins\mcufinder//mcu/
2021-03-01 20:39:25,354 [INFO] DbBoardsJson:56 - Set database path to: C:\Users\alina\.stmcufinder\plugins\mcufinder//mcu/
2021-03-01 20:39:25,395 [INFO] CrossReferenceDbSqlite:196 - Set database path to: C:\Users\alina\.stmcufinder\plugins\mcufinder//mcu/cs/
2021-03-01 20:39:25,404 [INFO] DbExamplesSqlite:699 - Set database path to: C:\Users\alina\.stmcufinder\plugins\mcufinder//mcu/
2021-03-01 20:39:25,688 [INFO] RulesReader:52 - Compatibility file has been processed (228 Rules)
2021-03-01 20:39:26,289 [INFO] MicroXplorer:565 - Detected Java Version = 1.8.0_272
2021-03-01 20:39:26,290 [INFO] DbMcusXml:71 - Set database path to: C:\ST\STM32CubeIDE_1.5.1\STM32CubeIDE\plugins\com.st.stm32cube.common.mx_6.1.1.202012091304\\db\/mcu/
2021-03-01 20:39:26,292 [INFO] DbBoardsPdsc:57 - Set plugin database path to: C:\ST\STM32CubeIDE_1.5.1\STM32CubeIDE\plugins\com.st.stm32cube.common.mx_6.1.1.202012091304\\db\/plugins/boardmanager/
2021-03-01 20:39:26,293 [INFO] DbMcus:259 - Set plugin images path to: C:\ST\STM32CubeIDE_1.5.1\STM32CubeIDE\plugins\com.st.stm32cube.common.mx_6.1.1.202012091304\\db\/plugins/mcufinder/images/
2021-03-01 20:39:26,293 [INFO] DbBoards:265 - Set plugin images path to: C:\ST\STM32CubeIDE_1.5.1\STM32CubeIDE\plugins\com.st.stm32cube.common.mx_6.1.1.202012091304\\db\/plugins/mcufinder/images/
2021-03-01 20:39:26,293 [INFO] DbExamples:329 - Set plugin images path to: C:\ST\STM32CubeIDE_1.5.1\STM32CubeIDE\plugins\com.st.stm32cube.common.mx_6.1.1.202012091304\\db\/plugins/mcufinder/images/
2021-03-01 20:39:26,294 [WARN] DbFile:36 - Overriding database path with different value: C:\Users\alina\.stmcufinder\plugins\mcufinder/ => C:\Users\alina\.stmcufinder\plugins\mcufinder
2021-03-01 20:39:26,294 [INFO] DbMcusDocs:112 - Set database path to: C:\Users\alina\.stmcufinder\plugins\mcufinder//mcu/
2021-03-01 20:39:26,294 [WARN] DbFile:36 - Overriding database path with different value: C:\Users\alina\.stmcufinder\plugins\mcufinder/ => C:\Users\alina\.stmcufinder\plugins\mcufinder
2021-03-01 20:39:26,294 [INFO] DbMcusJson:63 - Set database path to: C:\Users\alina\.stmcufinder\plugins\mcufinder//mcu/
2021-03-01 20:39:26,295 [WARN] DbFile:36 - Overriding database path with different value: C:\Users\alina\.stmcufinder\plugins\mcufinder/ => C:\Users\alina\.stmcufinder\plugins\mcufinder
2021-03-01 20:39:26,295 [INFO] DbBoardsDocs:112 - Set database path to: C:\Users\alina\.stmcufinder\plugins\mcufinder//mcu/
2021-03-01 20:39:26,295 [WARN] DbFile:36 - Overriding database path with different value: C:\Users\alina\.stmcufinder\plugins\mcufinder/ => C:\Users\alina\.stmcufinder\plugins\mcufinder
2021-03-01 20:39:26,295 [INFO] DbBoardsJson:56 - Set database path to: C:\Users\alina\.stmcufinder\plugins\mcufinder//mcu/
2021-03-01 20:39:26,295 [WARN] DbFile:36 - Overriding database path with different value: C:\Users\alina\.stmcufinder\plugins\mcufinder/ => C:\Users\alina\.stmcufinder\plugins\mcufinder
2021-03-01 20:39:26,296 [WARN] DbFile:36 - Overriding database path with different value: C:\Users\alina\.stmcufinder\plugins\mcufinder/ => C:\Users\alina\.stmcufinder\plugins\mcufinder
2021-03-01 20:39:26,296 [INFO] CrossReferenceDbSqlite:196 - Set database path to: C:\Users\alina\.stmcufinder\plugins\mcufinder//mcu/cs/
2021-03-01 20:39:26,296 [WARN] DbFile:36 - Overriding database path with different value: C:\Users\alina\.stmcufinder\plugins\mcufinder/ => C:\Users\alina\.stmcufinder\plugins\mcufinder
2021-03-01 20:39:26,296 [INFO] DbExamplesSqlite:699 - Set database path to: C:\Users\alina\.stmcufinder\plugins\mcufinder//mcu/
2021-03-01 20:39:26,571 [INFO] MainPanel:190 - HeapMemory: 319815680
2021-03-01 20:39:26,712 [INFO] DbMcusXml:71 - Set database path to: C:\ST\STM32CubeIDE_1.5.1\STM32CubeIDE\plugins\com.st.stm32cube.common.mx_6.1.1.202012091304\\db\/mcu/
2021-03-01 20:39:26,713 [INFO] DbBoardsPdsc:57 - Set plugin database path to: C:\ST\STM32CubeIDE_1.5.1\STM32CubeIDE\plugins\com.st.stm32cube.common.mx_6.1.1.202012091304\\db\/plugins/boardmanager/
2021-03-01 20:39:26,713 [INFO] DbMcus:259 - Set plugin images path to: C:\ST\STM32CubeIDE_1.5.1\STM32CubeIDE\plugins\com.st.stm32cube.common.mx_6.1.1.202012091304\\db\/plugins/mcufinder/images/
2021-03-01 20:39:26,713 [INFO] DbBoards:265 - Set plugin images path to: C:\ST\STM32CubeIDE_1.5.1\STM32CubeIDE\plugins\com.st.stm32cube.common.mx_6.1.1.202012091304\\db\/plugins/mcufinder/images/
2021-03-01 20:39:26,713 [INFO] DbExamples:329 - Set plugin images path to: C:\ST\STM32CubeIDE_1.5.1\STM32CubeIDE\plugins\com.st.stm32cube.common.mx_6.1.1.202012091304\\db\/plugins/mcufinder/images/
2021-03-01 20:39:26,714 [WARN] DbFile:36 - Overriding database path with different value: C:\Users\alina\.stmcufinder\plugins\mcufinder/ => C:\Users\alina\.stmcufinder\plugins\mcufinder
2021-03-01 20:39:26,715 [INFO] DbMcusDocs:112 - Set database path to: C:\Users\alina\.stmcufinder\plugins\mcufinder//mcu/
2021-03-01 20:39:26,715 [WARN] DbFile:36 - Overriding database path with different value: C:\Users\alina\.stmcufinder\plugins\mcufinder/ => C:\Users\alina\.stmcufinder\plugins\mcufinder
2021-03-01 20:39:26,716 [INFO] DbMcusJson:63 - Set database path to: C:\Users\alina\.stmcufinder\plugins\mcufinder//mcu/
2021-03-01 20:39:26,716 [WARN] DbFile:36 - Overriding database path with different value: C:\Users\alina\.stmcufinder\plugins\mcufinder/ => C:\Users\alina\.stmcufinder\plugins\mcufinder
2021-03-01 20:39:26,716 [INFO] DbBoardsDocs:112 - Set database path to: C:\Users\alina\.stmcufinder\plugins\mcufinder//mcu/
2021-03-01 20:39:26,716 [WARN] DbFile:36 - Overriding database path with different value: C:\Users\alina\.stmcufinder\plugins\mcufinder/ => C:\Users\alina\.stmcufinder\plugins\mcufinder
2021-03-01 20:39:26,716 [INFO] DbBoardsJson:56 - Set database path to: C:\Users\alina\.stmcufinder\plugins\mcufinder//mcu/
2021-03-01 20:39:26,716 [WARN] DbFile:36 - Overriding database path with different value: C:\Users\alina\.stmcufinder\plugins\mcufinder/ => C:\Users\alina\.stmcufinder\plugins\mcufinder
2021-03-01 20:39:26,716 [WARN] DbFile:36 - Overriding database path with different value: C:\Users\alina\.stmcufinder\plugins\mcufinder/ => C:\Users\alina\.stmcufinder\plugins\mcufinder
2021-03-01 20:39:26,717 [INFO] CrossReferenceDbSqlite:196 - Set database path to: C:\Users\alina\.stmcufinder\plugins\mcufinder//mcu/cs/
2021-03-01 20:39:26,717 [WARN] DbFile:36 - Overriding database path with different value: C:\Users\alina\.stmcufinder\plugins\mcufinder/ => C:\Users\alina\.stmcufinder\plugins\mcufinder
2021-03-01 20:39:26,717 [INFO] DbExamplesSqlite:699 - Set database path to: C:\Users\alina\.stmcufinder\plugins\mcufinder//mcu/
2021-03-01 20:39:26,753 [INFO] ApplicationProperties:181 - Using Application install path: C:\ST\STM32CubeIDE_1.5.1\STM32CubeIDE\plugins\com.st.stm32cube.common.mx_6.1.1.202012091304
2021-03-01 20:39:26,756 [INFO] PluginManage:178 - Search for loadable plugins [exclusion list=, ]
2021-03-01 20:39:26,758 [INFO] PluginManage:292 - Check plugin analytics
2021-03-01 20:39:27,274 [INFO] AnalyticsPlugin:225 - Accepted Software Licenses: STM32CubeMX.6.1.0,STM32CubeMX.6.1.1
2021-03-01 20:39:27,275 [INFO] AnalyticsPlugin:227 - Accepted CMSIS Pack Licenses: 
2021-03-01 20:39:27,276 [INFO] AnalyticsPlugin:229 - Accepted Firmware Licenses: 
2021-03-01 20:39:27,277 [INFO] PluginManage:342 - Loaded plugin analytics (category:tool,tabindex:-1)
2021-03-01 20:39:27,278 [INFO] PluginManage:292 - Check plugin clock
2021-03-01 20:39:27,396 [INFO] PluginManage:342 - Loaded plugin clock (category:base,tabindex:2)
2021-03-01 20:39:27,401 [INFO] PluginManage:292 - Check plugin ddr
2021-03-01 20:39:27,412 [INFO] PluginManage:342 - Loaded plugin ddr (category:tool,tabindex:6)
2021-03-01 20:39:27,413 [INFO] PluginManage:292 - Check plugin filemanager
2021-03-01 20:39:27,718 [INFO] PluginManage:342 - Loaded plugin filemanager (category:base,tabindex:10)
2021-03-01 20:39:27,719 [INFO] PluginManage:292 - Check plugin ipmanager
2021-03-01 20:39:27,995 [INFO] PluginManage:342 - Loaded plugin ipmanager (category:base,tabindex:5)
2021-03-01 20:39:27,995 [INFO] PluginManage:292 - Check plugin pinoutandconfiguration
2021-03-01 20:39:28,073 [INFO] PluginManage:342 - Loaded plugin pinoutandconfiguration (category:base,tabindex:1)
2021-03-01 20:39:28,073 [INFO] PluginManage:292 - Check plugin pinoutconfig
2021-03-01 20:39:28,245 [INFO] PluginManage:342 - Loaded plugin pinoutconfig (category:base,tabindex:0)
2021-03-01 20:39:28,246 [INFO] PluginManage:292 - Check plugin power
2021-03-01 20:39:28,297 [INFO] PluginManage:342 - Loaded plugin power (category:power,tabindex:4)
2021-03-01 20:39:28,297 [INFO] PluginManage:292 - Check plugin projectmanager
2021-03-01 20:39:28,327 [INFO] PluginManage:342 - Loaded plugin projectmanager (category:projectmanager,tabindex:3)
2021-03-01 20:39:28,327 [INFO] PluginManage:292 - Check plugin thirdparty
2021-03-01 20:39:29,059 [INFO] PluginManage:342 - Loaded plugin thirdparty (category:base,tabindex:-1)
2021-03-01 20:39:29,059 [INFO] PluginManage:292 - Check plugin tools
2021-03-01 20:39:29,059 [WARN] IntegrityCheckThread:59 - waiting for thirdparty lock release [integrity check]
2021-03-01 20:39:29,060 [INFO] IntegrityCheckThread:61 - entering critical section [integrity check]
2021-03-01 20:39:29,060 [INFO] ThirdPartyUpdaterWithRetryManager:56 - Updater plugin not ready yet. [1/15]
2021-03-01 20:39:29,188 [INFO] PluginManage:342 - Loaded plugin tools (category:base,tabindex:7)
2021-03-01 20:39:29,189 [INFO] PluginManage:292 - Check plugin tutovideos
2021-03-01 20:39:29,723 [INFO] PluginManage:342 - Loaded plugin tutovideos (category:base,tabindex:-1)
2021-03-01 20:39:29,723 [INFO] PluginManage:292 - Check plugin updater
2021-03-01 20:39:29,768 [INFO] PluginManage:342 - Loaded plugin updater (category:base,tabindex:12)
2021-03-01 20:39:29,769 [INFO] PluginManage:265 - PluginManage : Loaded plugins [13]
2021-03-01 20:39:30,967 [INFO] PinOutPanel:1434 - setPackage(No Configuration,No Configuration)
2021-03-01 20:39:31,721 [INFO] IPUIPlugin:64 - create IPUIPlugin
2021-03-01 20:39:31,722 [INFO] PluginManager:203 - loadIPPluginJar : add adc
2021-03-01 20:39:31,823 [INFO] IPUIPlugin:64 - create IPUIPlugin
2021-03-01 20:39:31,824 [INFO] PluginManager:203 - loadIPPluginJar : add aes
2021-03-01 20:39:31,955 [INFO] IPUIPlugin:64 - create IPUIPlugin
2021-03-01 20:39:31,955 [INFO] PluginManager:203 - loadIPPluginJar : add can
2021-03-01 20:39:32,034 [INFO] IPUIPlugin:64 - create IPUIPlugin
2021-03-01 20:39:32,034 [INFO] PluginManager:203 - loadIPPluginJar : add comp
2021-03-01 20:39:32,073 [INFO] ThirdPartyUpdaterWithRetryManager:56 - Updater plugin not ready yet. [2/15]
2021-03-01 20:39:32,131 [INFO] IPUIPlugin:64 - create IPUIPlugin
2021-03-01 20:39:32,132 [INFO] PluginManager:203 - loadIPPluginJar : add cryp
2021-03-01 20:39:32,225 [INFO] IPUIPlugin:64 - create IPUIPlugin
2021-03-01 20:39:32,225 [INFO] PluginManager:203 - loadIPPluginJar : add dfsdm
2021-03-01 20:39:32,266 [INFO] IPUIPlugin:64 - create IPUIPlugin
2021-03-01 20:39:32,268 [INFO] PluginManager:203 - loadIPPluginJar : add dma
2021-03-01 20:39:32,336 [INFO] IPUIPlugin:64 - create IPUIPlugin
2021-03-01 20:39:32,336 [INFO] PluginManager:203 - loadIPPluginJar : add fatfs
2021-03-01 20:39:32,540 [INFO] IPUIPlugin:64 - create IPUIPlugin
2021-03-01 20:39:32,541 [INFO] PluginManager:203 - loadIPPluginJar : add fmc
2021-03-01 20:39:32,603 [INFO] IPUIPlugin:64 - create IPUIPlugin
2021-03-01 20:39:32,604 [INFO] PluginManager:203 - loadIPPluginJar : add freertos
2021-03-01 20:39:32,682 [INFO] IPUIPlugin:64 - create IPUIPlugin
2021-03-01 20:39:32,682 [INFO] PluginManager:203 - loadIPPluginJar : add genericplugin
2021-03-01 20:39:32,960 [INFO] IPUIPlugin:64 - create IPUIPlugin
2021-03-01 20:39:32,960 [INFO] PluginManager:203 - loadIPPluginJar : add gfxmmu
2021-03-01 20:39:33,250 [INFO] IPUIPlugin:64 - create IPUIPlugin
2021-03-01 20:39:33,250 [INFO] PluginManager:203 - loadIPPluginJar : add gic
2021-03-01 20:39:33,279 [INFO] IPUIPlugin:64 - create IPUIPlugin
2021-03-01 20:39:33,279 [INFO] PluginManager:203 - loadIPPluginJar : add gpio
2021-03-01 20:39:33,426 [INFO] IPUIPlugin:64 - create IPUIPlugin
2021-03-01 20:39:33,426 [INFO] PluginManager:203 - loadIPPluginJar : add gtzc
2021-03-01 20:39:33,548 [INFO] IPUIPlugin:64 - create IPUIPlugin
2021-03-01 20:39:33,548 [INFO] PluginManager:203 - loadIPPluginJar : add hash
2021-03-01 20:39:33,830 [INFO] IPUIPlugin:64 - create IPUIPlugin
2021-03-01 20:39:33,831 [INFO] PluginManager:203 - loadIPPluginJar : add i2c
2021-03-01 20:39:33,984 [INFO] IPUIPlugin:64 - create IPUIPlugin
2021-03-01 20:39:33,985 [INFO] PluginManager:203 - loadIPPluginJar : add i2s
2021-03-01 20:39:34,021 [INFO] IPUIPlugin:64 - create IPUIPlugin
2021-03-01 20:39:34,022 [INFO] PluginManager:203 - loadIPPluginJar : add ipddr
2021-03-01 20:39:34,134 [INFO] IPUIPlugin:64 - create IPUIPlugin
2021-03-01 20:39:34,135 [INFO] PluginManager:203 - loadIPPluginJar : add lorawan
2021-03-01 20:39:34,347 [INFO] IPUIPlugin:64 - create IPUIPlugin
2021-03-01 20:39:34,348 [INFO] PluginManager:203 - loadIPPluginJar : add ltdc
2021-03-01 20:39:34,394 [INFO] IPUIPlugin:64 - create IPUIPlugin
2021-03-01 20:39:34,394 [INFO] PluginManager:203 - loadIPPluginJar : add mdma
2021-03-01 20:39:34,443 [INFO] IPUIPlugin:64 - create IPUIPlugin
2021-03-01 20:39:34,444 [INFO] PluginManager:203 - loadIPPluginJar : add nvic
2021-03-01 20:39:34,555 [INFO] IPUIPlugin:64 - create IPUIPlugin
2021-03-01 20:39:34,555 [INFO] PluginManager:203 - loadIPPluginJar : add opamp
2021-03-01 20:39:34,722 [INFO] IPUIPlugin:64 - create IPUIPlugin
2021-03-01 20:39:34,725 [INFO] PluginManager:203 - loadIPPluginJar : add openamp
2021-03-01 20:39:34,858 [INFO] IPUIPlugin:64 - create IPUIPlugin
2021-03-01 20:39:34,859 [INFO] PluginManager:203 - loadIPPluginJar : add pdm2pcm
2021-03-01 20:39:34,905 [INFO] IPUIPlugin:64 - create IPUIPlugin
2021-03-01 20:39:34,912 [INFO] PluginManager:203 - loadIPPluginJar : add plateformsettings
2021-03-01 20:39:34,991 [INFO] IPUIPlugin:64 - create IPUIPlugin
2021-03-01 20:39:34,992 [INFO] PluginManager:203 - loadIPPluginJar : add quadspi
2021-03-01 20:39:35,029 [INFO] IPUIPlugin:64 - create IPUIPlugin
2021-03-01 20:39:35,030 [INFO] PluginManager:203 - loadIPPluginJar : add resmgrutility
2021-03-01 20:39:35,174 [INFO] ThirdPartyUpdaterWithRetryManager:56 - Updater plugin not ready yet. [3/15]
2021-03-01 20:39:35,300 [INFO] IPUIPlugin:64 - create IPUIPlugin
2021-03-01 20:39:35,302 [INFO] PluginManager:203 - loadIPPluginJar : add sai
2021-03-01 20:39:35,497 [INFO] IPUIPlugin:64 - create IPUIPlugin
2021-03-01 20:39:35,497 [INFO] PluginManager:203 - loadIPPluginJar : add spi
2021-03-01 20:39:35,799 [INFO] IPUIPlugin:64 - create IPUIPlugin
2021-03-01 20:39:35,800 [INFO] PluginManager:203 - loadIPPluginJar : add stm32_wpan
2021-03-01 20:39:35,917 [INFO] IPUIPlugin:64 - create IPUIPlugin
2021-03-01 20:39:35,918 [INFO] PluginManager:203 - loadIPPluginJar : add tim
2021-03-01 20:39:36,109 [INFO] IPUIPlugin:64 - create IPUIPlugin
2021-03-01 20:39:36,109 [INFO] PluginManager:203 - loadIPPluginJar : add touchsensing
2021-03-01 20:39:36,221 [INFO] IPUIPlugin:64 - create IPUIPlugin
2021-03-01 20:39:36,222 [INFO] PluginManager:203 - loadIPPluginJar : add tracer_emb
2021-03-01 20:39:36,293 [INFO] IPUIPlugin:64 - create IPUIPlugin
2021-03-01 20:39:36,293 [INFO] PluginManager:203 - loadIPPluginJar : add ts
2021-03-01 20:39:36,440 [INFO] IPUIPlugin:64 - create IPUIPlugin
2021-03-01 20:39:36,441 [INFO] PluginManager:203 - loadIPPluginJar : add tsc
2021-03-01 20:39:36,526 [INFO] IPUIPlugin:64 - create IPUIPlugin
2021-03-01 20:39:36,529 [INFO] PluginManager:203 - loadIPPluginJar : add ucpd
2021-03-01 20:39:36,726 [INFO] IPUIPlugin:64 - create IPUIPlugin
2021-03-01 20:39:36,726 [INFO] PluginManager:203 - loadIPPluginJar : add usart
2021-03-01 20:39:37,840 [FATAL] Updater:284 - Updater called before beeing initialized
2021-03-01 20:39:38,191 [INFO] ThirdPartyUpdaterWithRetryManager:56 - Updater plugin not ready yet. [4/15]
2021-03-01 20:39:38,541 [FATAL] Updater:284 - Updater called before beeing initialized
2021-03-01 20:39:38,817 [WARN] DetailPanel:347 - Failed to get advertising image, set to default
2021-03-01 20:39:38,825 [FATAL] Updater:284 - Updater called before beeing initialized
2021-03-01 20:39:38,825 [WARN] DetailPanel:347 - Failed to get advertising image, set to default
2021-03-01 20:39:39,260 [FATAL] Updater:284 - Updater called before beeing initialized
2021-03-01 20:39:39,260 [WARN] ThirdParty:783 - waiting for thirdparty lock release [close project]
2021-03-01 20:39:41,198 [FATAL] Updater:284 - Updater called before beeing initialized
2021-03-01 20:39:41,199 [ERROR] AbstractThirdPartyUpdaterManager:153 - java.lang.Integer cannot be cast to java.util.List
2021-03-01 20:39:41,199 [INFO] ThirdParty:887 - Integrity check success = false
2021-03-01 20:39:41,199 [INFO] IntegrityCheckThread:75 - exiting critical section [integrity check]
2021-03-01 20:39:41,199 [INFO] IntegrityCheckThread:78 - End integrity checks thread
2021-03-01 20:39:41,199 [INFO] ThirdParty:785 - entering critical section [close project]
2021-03-01 20:39:41,201 [INFO] ThirdParty:796 - exiting critical section [close project]
2021-03-01 20:39:41,206 [INFO] PinOutPanel:1434 - setPackage(No Configuration,No Configuration)
2021-03-01 20:39:41,207 [FATAL] Updater:284 - Updater called before beeing initialized
2021-03-01 20:39:41,251 [ERROR] Updater:1065 - MainUpdater not yet initialized. External WinMGr cannot be set.
2021-03-01 20:39:41,281 [INFO] Updater:1002 - Updater Version found : 6.1.1
2021-03-01 20:39:41,317 [INFO] ApplicationProperties:181 - Using Application install path: C:\ST\STM32CubeIDE_1.5.1\STM32CubeIDE\plugins\com.st.stm32cube.common.mx_6.1.1.202012091304
2021-03-01 20:39:42,148 [INFO] MainUpdater:2644 - connection check result : 10
2021-03-01 20:39:42,149 [INFO] MainUpdater:249 - Updater Check For Update Now.
2021-03-01 20:39:42,149 [INFO] MicroXplorer:415 - Change Database Version : DB.6.0.10
2021-03-01 20:39:42,349 [INFO] CheckServerUpdateThread:102 - End of CheckServer Thread
2021-03-01 20:39:42,397 [INFO] MainUpdater:2644 - connection check result : 10
2021-03-01 20:39:46,391 [INFO] CrossSelectorPresenter:1330 - Cross Selector saved comparison directory: C:\Users\alina\.stmcufinder\plugins\mcufinder\mcu\cs_comparisons_mx
2021-03-01 20:39:46,401 [INFO] MultiScanPanel:198 - Auto-refresh data requested => check proxy status ongoing
2021-03-01 20:39:46,408 [INFO] FinderPluginLoader:87 - Searching for filters in installed packs
2021-03-01 20:39:46,410 [INFO] DbMcusXml:97 - Load MCU database from C:\ST\STM32CubeIDE_1.5.1\STM32CubeIDE\plugins\com.st.stm32cube.common.mx_6.1.1.202012091304\\db\/mcu/families.xml
2021-03-01 20:39:48,635 [INFO] DbMcusJson:92 - JSON generation date=Mon Feb 08 17:05:07 IRST 2021 (1612791307)
2021-03-01 20:39:51,285 [INFO] DbMcus:176 - Found 1835 MCUs (1796 are supported by CubeMX, 1804 are visible in CubeMX)
2021-03-01 20:39:51,286 [INFO] ApiDb:238 - Load user favorites file C:\Users\alina/.stm32cubeide/favorites.mcus.txt: 0 item(s)
2021-03-01 20:39:51,287 [INFO] ApiDb:242 - User favorites MCUs=[]
2021-03-01 20:39:51,287 [INFO] DbMcus:188 - Set 0 / 0 favorites MCUs
2021-03-01 20:39:52,587 [INFO] DetailPanel:344 - Set advertising image to C:/Users/alina/STM32Cube/Repository/\stm32cubemx-promo_image.jpg
2021-03-01 20:39:53,599 [INFO] McuFilterPanel:245 - Update 0 favorites MCUs
2021-03-01 20:39:53,798 [INFO] DbBoardsPdsc:91 - Found 24 items
2021-03-01 20:39:53,847 [INFO] DbBoardsPdsc:91 - Found 9 items
2021-03-01 20:39:53,909 [INFO] DbBoardsPdsc:91 - Found 32 items
2021-03-01 20:39:53,936 [INFO] DbBoardsPdsc:91 - Found 1 items
2021-03-01 20:39:53,994 [INFO] DbBoardsPdsc:91 - Found 45 items
2021-03-01 20:39:54,036 [INFO] DbBoardsPdsc:91 - Found 41 items
2021-03-01 20:39:54,064 [INFO] DbBoardsPdsc:91 - Found 2 items
2021-03-01 20:39:54,085 [INFO] DbBoardsPdsc:91 - Found 4 items
2021-03-01 20:39:54,092 [WARN] DbBoardsPdsc:255 - Board STM32H7B3I-DK: unknown feature type=Audio, name=, username=Audio stereo codec with Headphone Amp (CS42L51-CNZ), n=1
2021-03-01 20:39:54,093 [WARN] DbBoardsPdsc:255 - Board STM32H735G-DK: unknown feature type=Audio, name=, username=Audio stereo codec with Headphone Amp (WM8994ECS/R), n=1
2021-03-01 20:39:54,097 [WARN] DbBoardsPdsc:255 - Board STM32H7B3I-EVAL: unknown feature type=Audio, name=, username=Multi-Channel Audio Codec (CS42L51-CNZ), n=1
2021-03-01 20:39:54,097 [WARN] DbBoardsPdsc:255 - Board STM32H7B3I-EVAL: unknown feature type=Meter, name=, username=Power-metering and Temperature-monitoring with sigma-delta modulators, n=1
2021-03-01 20:39:54,097 [WARN] DbBoardsPdsc:255 - Board STM32H7B3I-EVAL: unknown feature type=Motor, name=, username=Motor Control, n=1
2021-03-01 20:39:54,164 [INFO] DbBoardsJson:85 - JSON generation date=Thu Feb 04 20:23:45 IRST 2021 (1612457625)
2021-03-01 20:39:54,176 [INFO] DbBoards:118 - Found 160 boards (155 are supported by CubeMX)
2021-03-01 20:39:54,231 [INFO] DbBoardsDocs:145 - JSON generation date=Mon Feb 08 17:05:07 IRST 2021 (1612791307)
2021-03-01 20:39:54,276 [INFO] DbBoardsDocs:81 - Found 193 boards documents
2021-03-01 20:39:54,277 [WARN] DbBoards:128 - board B-L462E-CELL1 has no document id list !
2021-03-01 20:39:54,277 [WARN] DbBoards:128 - board B-L475E-IOT01A2 has no document id list !
2021-03-01 20:39:54,279 [WARN] DbBoards:128 - board NUCLEO-G0B1RE has no document id list !
2021-03-01 20:39:54,279 [WARN] DbBoards:128 - board NUCLEO-H743ZI2 has no document id list !
2021-03-01 20:39:54,280 [WARN] DbBoards:128 - board NUCLEO-L4A6ZG has no document id list !
2021-03-01 20:39:54,281 [WARN] DbBoards:128 - board NUCLEO-WB55RG has no document id list !
2021-03-01 20:39:54,281 [WARN] DbBoards:128 - board NUCLEO-WL55JC1 has no document id list !
2021-03-01 20:39:54,281 [WARN] DbBoards:128 - board NUCLEO-WL55JC2 has no document id list !
2021-03-01 20:39:54,281 [WARN] DbBoards:128 - board P-NUCLEO-WB55-Nucleo has no document id list !
2021-03-01 20:39:54,282 [WARN] DbBoards:128 - board P-NUCLEO-WB55-USBDongle has no document id list !
2021-03-01 20:39:54,282 [WARN] DbBoards:128 - board STEVAL-BFA001V1B has no document id list !
2021-03-01 20:39:54,282 [WARN] DbBoards:128 - board STEVAL-BFA001V2B has no document id list !
2021-03-01 20:39:54,282 [WARN] DbBoards:128 - board STEVAL-IDP005V1 has no document id list !
2021-03-01 20:39:54,282 [WARN] DbBoards:128 - board STEVAL-IDP005V2 has no document id list !
2021-03-01 20:39:54,282 [WARN] DbBoards:128 - board STEVAL-MKSBOX1V1 has no document id list !
2021-03-01 20:39:54,283 [WARN] DbBoards:128 - board STEVAL-STWINKT1 has no document id list !
2021-03-01 20:39:54,283 [WARN] DbBoards:128 - board STEVAL-STWINKT1B has no document id list !
2021-03-01 20:39:54,284 [WARN] DbBoards:128 - board STM32F401C-DISCO has no document id list !
2021-03-01 20:39:54,286 [WARN] DbBoards:128 - board STM32F769I-DISC1 has no document id list !
2021-03-01 20:39:54,286 [WARN] DbBoards:128 - board STM32G0C1E-EV has no document id list !
2021-03-01 20:39:54,287 [WARN] DbBoards:128 - board STM32G474E-EVAL1 has no document id list !
2021-03-01 20:39:54,288 [WARN] DbBoards:128 - board STM32H743I-EVAL2 has no document id list !
2021-03-01 20:39:54,289 [WARN] DbBoards:128 - board STM32H747I-DISC1 has no document id list !
2021-03-01 20:39:54,290 [WARN] DbBoards:128 - board STM32H753I-EVAL2 has no document id list !
2021-03-01 20:39:54,290 [WARN] DbBoards:128 - board STM32L-DISCOVERY has no document id list !
2021-03-01 20:39:54,292 [WARN] DbBoards:128 - board STM32MP157A-DK1 has no document id list !
2021-03-01 20:39:54,293 [WARN] DbBoards:128 - board STM32MP157F-DK2 has no document id list !
2021-03-01 20:39:54,293 [WARN] DbBoards:128 - board STM32MP157F-EV1 has no document id list !
2021-03-01 20:39:55,189 [ERROR] DbBoards:190 - Image file not found for board NUCLEO-WL55JC: C:\ST\STM32CubeIDE_1.5.1\STM32CubeIDE\plugins\com.st.stm32cube.common.mx_6.1.1.202012091304\\db\/plugins/mcufinder/images/boards/nucleo-wl55jc-small.jpg
2021-03-01 20:39:55,782 [ERROR] DbBoards:190 - Image file not found for board STEVAL-STWINKT1B: C:\ST\STM32CubeIDE_1.5.1\STM32CubeIDE\plugins\com.st.stm32cube.common.mx_6.1.1.202012091304\\db\/plugins/mcufinder/images/boards/steval-stwinkt1b_small.jpg
2021-03-01 20:39:57,804 [ERROR] DbBoards:190 - Image file not found for board STM32H7B3I-EVAL: C:\ST\STM32CubeIDE_1.5.1\STM32CubeIDE\plugins\com.st.stm32cube.common.mx_6.1.1.202012091304\\db\/plugins/mcufinder/images/boards/stm32h7b3ieval_small.jpg
2021-03-01 20:39:58,785 [INFO] ApiDb:238 - Load user favorites file C:\Users\alina/.stm32cubeide/favorites.boards.txt: 0 item(s)
2021-03-01 20:39:58,786 [INFO] ApiDb:242 - User favorites Boards=[]
2021-03-01 20:39:58,786 [INFO] DbBoards:207 - Set 0 / 0 favorites Boards
2021-03-01 20:41:19,629 [INFO] DbMcusDocs:145 - JSON generation date=Mon Feb 08 17:05:07 IRST 2021 (1612791307)
2021-03-01 20:41:20,049 [INFO] DbMcusDocs:81 - Found 617 MCUs documents
2021-03-01 20:41:35,659 [INFO] MainUpdater:2644 - connection check result : 10
2021-03-01 20:41:35,660 [INFO] MainUpdater:2644 - connection check result : 10
2021-03-01 20:41:35,777 [INFO] MicroXplorer:385 - Change Database Path : 
2021-03-01 20:41:35,778 [INFO] MicroXplorer:415 - Change Database Version : DB.6.0.10
2021-03-01 20:41:35,779 [WARN] ThirdParty:783 - waiting for thirdparty lock release [close project]
2021-03-01 20:41:35,780 [INFO] ThirdParty:785 - entering critical section [close project]
2021-03-01 20:41:35,780 [INFO] ThirdParty:796 - exiting critical section [close project]
2021-03-01 20:41:35,797 [INFO] PinOutPanel:1434 - setPackage(No Configuration,No Configuration)
2021-03-01 20:41:35,799 [INFO] UtilMem:74 - Begin LoadConfig() Used Memory: 311372520 Bytes (470810624)
2021-03-01 20:41:35,806 [INFO] MicroXplorer:385 - Change Database Path : 
2021-03-01 20:41:35,807 [INFO] MicroXplorer:415 - Change Database Version : DB.6.0.10
2021-03-01 20:41:35,807 [INFO] OpenFileManager:274 - Change cursor
2021-03-01 20:41:35,813 [WARN] ThirdParty:204 - Use empty third party IP manager
2021-03-01 20:41:35,858 [WARN] IntegrityCheckThread:59 - waiting for thirdparty lock release [integrity check]
2021-03-01 20:41:35,862 [INFO] IntegrityCheckThread:61 - entering critical section [integrity check]
2021-03-01 20:41:36,134 [WARN] ConditionMgr:437 - getConditionDescription Invalid condition id : SIGFOX STM32 LIB Condition cause : null
2021-03-01 20:41:36,181 [WARN] ConditionMgr:437 - getConditionDescription Invalid condition id : Sigfox Third Party LIB Condition cause : null
2021-03-01 20:41:36,194 [WARN] ConditionMgr:1040 - genDependencies : Invalid condition id : SIGFOX STM32 LIB Condition cause : null
2021-03-01 20:41:36,194 [WARN] ConditionMgr:1040 - genDependencies : Invalid condition id : Sigfox Third Party LIB Condition cause : null
2021-03-01 20:41:36,203 [WARN] ConditionMgr:1040 - genDependencies : Invalid condition id : Sigfox Third Party LIB Condition cause : null
2021-03-01 20:41:36,203 [WARN] ConditionMgr:1040 - genDependencies : Invalid condition id : SIGFOX STM32 LIB Condition cause : null
2021-03-01 20:41:36,203 [WARN] ConditionMgr:1040 - genDependencies : Invalid condition id : SIGFOX STM32 LIB Condition cause : null
2021-03-01 20:41:36,203 [WARN] ConditionMgr:1040 - genDependencies : Invalid condition id : Sigfox Third Party LIB Condition cause : null
2021-03-01 20:41:37,830 [INFO] ThirdParty:887 - Integrity check success = true
2021-03-01 20:41:37,830 [INFO] IntegrityCheckThread:75 - exiting critical section [integrity check]
2021-03-01 20:41:37,830 [INFO] IntegrityCheckThread:78 - End integrity checks thread
2021-03-01 20:41:47,519 [INFO] ImportTextPane:162 - (OptionalMessage_ERROR) Unable to find key (Mcu.ThirdPartyNb) in loaded IOC file
2021-03-01 20:41:47,519 [INFO] ImportTextPane:162 - (OptionalMessage_ERROR) Unable to find key (Mcu.PinsNb) in loaded IOC file
2021-03-01 20:41:47,520 [INFO] ImportTextPane:162 - (OptionalMessage_ERROR) Unable to find key (Mcu.IPNb) in loaded IOC file
2021-03-01 20:41:47,814 [WARN] ApiManager:294 - Cannot register API 'Board Extension:S2868A1' from pack STMicroelectronics.X-CUBE-SUBG2.3.0.1: no header file found
2021-03-01 20:41:47,817 [WARN] ApiManager:294 - Cannot register API 'Board Extension:S2868A2' from pack STMicroelectronics.X-CUBE-SUBG2.3.0.1: no header file found
2021-03-01 20:41:47,818 [WARN] ApiManager:294 - Cannot register API 'Board Extension:S2915A1' from pack STMicroelectronics.X-CUBE-SUBG2.3.0.1: no header file found
2021-03-01 20:41:47,853 [WARN] ApiManager:294 - Cannot register API 'Board Extension:S2868A1' from pack STMicroelectronics.X-CUBE-SUBG2.3.0.0: no header file found
2021-03-01 20:41:47,856 [WARN] ApiManager:294 - Cannot register API 'Board Extension:S2868A2' from pack STMicroelectronics.X-CUBE-SUBG2.3.0.0: no header file found
2021-03-01 20:41:47,856 [WARN] ApiManager:294 - Cannot register API 'Board Extension:S2915A1' from pack STMicroelectronics.X-CUBE-SUBG2.3.0.0: no header file found
2021-03-01 20:41:47,860 [WARN] ModelIntegratedComponent:51 - No mode defined for component null
2021-03-01 20:41:47,860 [WARN] ModelIntegratedComponent:51 - No mode defined for component null
2021-03-01 20:41:47,860 [WARN] ModelIntegratedComponent:51 - No mode defined for component null
2021-03-01 20:41:47,860 [WARN] ModelIntegratedComponent:51 - No mode defined for component null
2021-03-01 20:41:47,861 [WARN] ModelIntegratedComponent:51 - No mode defined for component null
2021-03-01 20:41:47,861 [WARN] ModelIntegratedComponent:51 - No mode defined for component null
2021-03-01 20:41:47,861 [WARN] ModelIntegratedComponent:51 - No mode defined for component null
2021-03-01 20:41:47,861 [WARN] ModelIntegratedComponent:51 - No mode defined for component null
2021-03-01 20:41:47,861 [WARN] ModelIntegratedComponent:51 - No mode defined for component null
2021-03-01 20:41:47,861 [WARN] ModelIntegratedComponent:51 - No mode defined for component null
2021-03-01 20:41:47,861 [WARN] ModelIntegratedComponent:51 - No mode defined for component null
2021-03-01 20:41:47,862 [WARN] ModelIntegratedComponent:51 - No mode defined for component null
2021-03-01 20:41:47,862 [WARN] ModelIntegratedComponent:51 - No mode defined for component null
2021-03-01 20:41:47,864 [WARN] ModelIntegratedComponent:51 - No mode defined for component null
2021-03-01 20:41:47,864 [WARN] ModelIntegratedComponent:51 - No mode defined for component null
2021-03-01 20:41:47,864 [WARN] ModelIntegratedComponent:51 - No mode defined for component null
2021-03-01 20:41:47,864 [WARN] ModelIntegratedComponent:51 - No mode defined for component null
2021-03-01 20:41:47,865 [WARN] ModelIntegratedComponent:51 - No mode defined for component null
2021-03-01 20:41:47,865 [WARN] ModelIntegratedComponent:51 - No mode defined for component null
2021-03-01 20:41:47,866 [WARN] ModelIntegratedComponent:51 - No mode defined for component null
2021-03-01 20:41:47,867 [WARN] ModelIntegratedComponent:51 - No mode defined for component null
2021-03-01 20:41:47,868 [WARN] ModelIntegratedComponent:51 - No mode defined for component null
2021-03-01 20:41:47,869 [WARN] ModelIntegratedComponent:51 - No mode defined for component null
2021-03-01 20:41:47,869 [WARN] ModelIntegratedComponent:51 - No mode defined for component null
2021-03-01 20:41:47,870 [WARN] ModelIntegratedComponent:51 - No mode defined for component null
2021-03-01 20:41:47,871 [WARN] ModelIntegratedComponent:51 - No mode defined for component null
2021-03-01 20:41:47,871 [WARN] ModelIntegratedComponent:51 - No mode defined for component null
2021-03-01 20:41:47,871 [WARN] ModelIntegratedComponent:51 - No mode defined for component null
2021-03-01 20:41:47,871 [WARN] ModelIntegratedComponent:51 - No mode defined for component null
2021-03-01 20:41:47,872 [WARN] ModelIntegratedComponent:51 - No mode defined for component null
2021-03-01 20:41:47,872 [WARN] ModelIntegratedComponent:51 - No mode defined for component null
2021-03-01 20:41:47,872 [WARN] ModelIntegratedComponent:51 - No mode defined for component null
2021-03-01 20:41:47,872 [WARN] ModelIntegratedComponent:51 - No mode defined for component null
2021-03-01 20:41:47,872 [WARN] ModelIntegratedComponent:51 - No mode defined for component null
2021-03-01 20:41:47,872 [WARN] ModelIntegratedComponent:51 - No mode defined for component null
2021-03-01 20:41:47,873 [WARN] ModelIntegratedComponent:51 - No mode defined for component null
2021-03-01 20:41:47,873 [WARN] ModelIntegratedComponent:51 - No mode defined for component null
2021-03-01 20:41:47,873 [WARN] ModelIntegratedComponent:51 - No mode defined for component null
2021-03-01 20:41:47,886 [WARN] ApiManager:294 - Cannot register API 'Board Extension:S2868A1' from pack STMicroelectronics.X-CUBE-SFXS2LP1.2.0.0: no header file found
2021-03-01 20:41:47,886 [WARN] ApiManager:294 - Cannot register API 'Board Extension:S2868A2' from pack STMicroelectronics.X-CUBE-SFXS2LP1.2.0.0: no header file found
2021-03-01 20:41:47,887 [WARN] ApiManager:294 - Cannot register API 'Board Extension:S2915A1' from pack STMicroelectronics.X-CUBE-SFXS2LP1.2.0.0: no header file found
2021-03-01 20:41:48,139 [WARN] ApiManager:294 - Cannot register API 'Board Extension:IKS01A3' from pack STMicroelectronics.X-CUBE-MEMS1.8.2.0: no header file found
2021-03-01 20:41:48,139 [WARN] ApiManager:294 - Cannot register API 'Board Extension:IKS01A2' from pack STMicroelectronics.X-CUBE-MEMS1.8.2.0: no header file found
2021-03-01 20:41:48,139 [WARN] ApiManager:294 - Cannot register API 'Board Extension:IKS02A1' from pack STMicroelectronics.X-CUBE-MEMS1.8.2.0: no header file found
2021-03-01 20:41:48,158 [WARN] ApiManager:294 - Cannot register API 'Board Extension:EEPRMA1' from pack STMicroelectronics.X-CUBE-EEPRMA1.3.0.0: no header file found
2021-03-01 20:41:48,159 [WARN] ApiManager:294 - Cannot register API 'Board Extension:EEPRMA2' from pack STMicroelectronics.X-CUBE-EEPRMA1.3.0.0: no header file found
2021-03-01 20:41:48,163 [INFO] RtosManager:464 - Registered RTOS mode: class=CMSIS, group=RTOS, mode=CMSIS_V1, owner=FREERTOS
2021-03-01 20:41:48,163 [INFO] RtosManager:464 - Registered RTOS mode: class=CMSIS, group=RTOS2, mode=CMSIS_V2, owner=FREERTOS
2021-03-01 20:41:48,163 [INFO] RtosManager:464 - Registered RTOS mode: class=RTOS, group=Core, mode=CMSIS_V1, owner=FREERTOS
2021-03-01 20:41:48,164 [INFO] RtosManager:464 - Registered RTOS mode: class=RTOS, group=Core, mode=CMSIS_V2, owner=FREERTOS
2021-03-01 20:41:48,165 [WARN] ModelIntegratedComponent:182 - Missing modes for component STMicroelectronics:FreeRTOS:0.0.1:STMicroelectronics:RTOS:FreeRTOS:Core:::10.2.0:
2021-03-01 20:41:48,167 [WARN] ApiManager:294 - Cannot register API 'Board Extension:GNSS1A1' from pack STMicroelectronics.X-CUBE-GNSS1.5.1.0: no header file found
2021-03-01 20:41:48,167 [WARN] ApiManager:294 - Cannot register API 'Board Support:Custom' from pack STMicroelectronics.X-CUBE-GNSS1.5.1.0: no header file found
2021-03-01 20:41:48,168 [WARN] ApiManager:294 - Cannot register API 'Data Exchange:lib_gnss' from pack STMicroelectronics.X-CUBE-GNSS1.5.1.0: no header file found
2021-03-01 20:41:48,169 [WARN] ApiManager:294 - Cannot register API 'Wireless:BlueNRG-MS' from pack STMicroelectronics.X-CUBE-BLE1.6.1.0: no header file found
2021-03-01 20:41:48,170 [WARN] ApiManager:294 - Cannot register API 'Board Extension:NFC04A1' from pack STMicroelectronics.X-CUBE-NFC4.2.0.1: no header file found
2021-03-01 20:41:48,172 [WARN] ApiManager:294 - Cannot register API 'Wireless:BlueNRG-2' from pack STMicroelectronics.X-CUBE-BLE2.3.1.0: no header file found
2021-03-01 20:41:50,157 [INFO] UtilMem:74 - End LoadConfig() Used Memory: 317007000 Bytes (470810624)
2021-03-01 20:41:50,191 [WARN] ThirdParty:749 - waiting for thirdparty lock release [change project]
2021-03-01 20:41:50,192 [INFO] ThirdParty:751 - entering critical section [change project]
2021-03-01 20:41:50,192 [INFO] ThirdParty:939 - CMSIS Pack Vendor :STMicroelectronics USB_HOST 2.0.0
2021-03-01 20:41:50,192 [INFO] ThirdParty:939 - CMSIS Pack Vendor :STMicroelectronics X-CUBE-SUBG2 3.0.1
2021-03-01 20:41:50,192 [INFO] ThirdParty:939 - CMSIS Pack Vendor :STMicroelectronics X-CUBE-SUBG2 3.0.0
2021-03-01 20:41:50,192 [INFO] ThirdParty:939 - CMSIS Pack Vendor :STMicroelectronics USB_DEVICE 3.0.0
2021-03-01 20:41:50,192 [INFO] ThirdParty:939 - CMSIS Pack Vendor :STMicroelectronics HAL Drivers 0.0.0
2021-03-01 20:41:50,192 [INFO] ThirdParty:939 - CMSIS Pack Vendor :STMicroelectronics MBEDTLS 2.16.2
2021-03-01 20:41:50,192 [INFO] ThirdParty:939 - CMSIS Pack Vendor :STMicroelectronics X-CUBE-SFXS2LP1 2.0.0
2021-03-01 20:41:50,192 [INFO] ThirdParty:939 - CMSIS Pack Vendor :STMicroelectronics MBEDTLS 2.14.1
2021-03-01 20:41:50,193 [INFO] ThirdParty:939 - CMSIS Pack Vendor :STMicroelectronics USB_DEVICE 2.0.0
2021-03-01 20:41:50,193 [INFO] ThirdParty:939 - CMSIS Pack Vendor :STMicroelectronics X-CUBE-MEMS1 8.2.0
2021-03-01 20:41:50,193 [INFO] ThirdParty:939 - CMSIS Pack Vendor :STMicroelectronics X-CUBE-EEPRMA1 3.0.0
2021-03-01 20:41:50,193 [INFO] ThirdParty:939 - CMSIS Pack Vendor :STMicroelectronics X-CUBE-DISPLAY 1.0.0
2021-03-01 20:41:50,193 [INFO] ThirdParty:939 - CMSIS Pack Vendor :STMicroelectronics FreeRTOS 0.0.1
2021-03-01 20:41:50,194 [INFO] ThirdParty:939 - CMSIS Pack Vendor :STMicroelectronics USB_DEVICE 1.0.0
2021-03-01 20:41:50,196 [INFO] ThirdParty:939 - CMSIS Pack Vendor :STMicroelectronics X-CUBE-ALGOBUILD 1.1.0
2021-03-01 20:41:50,196 [INFO] ThirdParty:939 - CMSIS Pack Vendor :STMicroelectronics X-CUBE-GNSS1 5.1.0
2021-03-01 20:41:50,196 [INFO] ThirdParty:939 - CMSIS Pack Vendor :STMicroelectronics X-CUBE-BLE1 6.1.0
2021-03-01 20:41:50,196 [INFO] ThirdParty:939 - CMSIS Pack Vendor :STMicroelectronics lwIP 2.0.3
2021-03-01 20:41:50,196 [INFO] ThirdParty:939 - CMSIS Pack Vendor :STMicroelectronics lwIP 2.1.2
2021-03-01 20:41:50,196 [INFO] ThirdParty:939 - CMSIS Pack Vendor :STMicroelectronics USB_HOST 1.0.0
2021-03-01 20:41:50,196 [INFO] ThirdParty:939 - CMSIS Pack Vendor :STMicroelectronics X-CUBE-TOUCHGFX 4.15.0
2021-03-01 20:41:50,197 [INFO] ThirdParty:939 - CMSIS Pack Vendor :STMicroelectronics X-CUBE-NFC4 2.0.1
2021-03-01 20:41:50,197 [INFO] ThirdParty:939 - CMSIS Pack Vendor :STMicroelectronics X-CUBE-AI 5.2.0
2021-03-01 20:41:50,197 [INFO] ThirdParty:939 - CMSIS Pack Vendor :STMicroelectronics PDM2PCM 3.1.0
2021-03-01 20:41:50,197 [INFO] ThirdParty:939 - CMSIS Pack Vendor :STMicroelectronics X-CUBE-TOUCHGFX 4.16.0
2021-03-01 20:41:50,197 [INFO] ThirdParty:939 - CMSIS Pack Vendor :STMicroelectronics PDM2PCM 3.2.0
2021-03-01 20:41:50,197 [INFO] ThirdParty:939 - CMSIS Pack Vendor :STMicroelectronics X-CUBE-BLE2 3.1.0
2021-03-01 20:41:50,197 [INFO] ThirdParty:939 - CMSIS Pack Vendor :STMicroelectronics PDM2PCM 3.3.0
2021-03-01 20:41:50,197 [INFO] ThirdParty:757 - exiting critical section [change project]
2021-03-01 20:41:51,089 [INFO] PinOutPanel:1434 - setPackage(No Configuration,No Configuration)
2021-03-01 20:41:51,091 [INFO] PinOutPanel:1434 - setPackage(STM32L476RGTx,LQFP64)
2021-03-01 20:41:52,785 [INFO] UtilMem:74 - Before build in PCC Used Memory: 329857512 Bytes (470810624)
2021-03-01 20:41:54,375 [INFO] SharedServices:72 - Folder for power plug-in: C:/Users/alina/.stm32cubemx/plugins/power
2021-03-01 20:41:54,533 [INFO] SharedServices:72 - Folder for power plug-in: C:/Users/alina/.stm32cubemx/plugins/power
2021-03-01 20:41:54,818 [INFO] SharedServices:72 - Folder for power plug-in: C:/Users/alina/.stm32cubemx/plugins/power
2021-03-01 20:41:54,847 [INFO] SharedServices:72 - Folder for power plug-in: C:/Users/alina/.stm32cubemx/plugins/power
2021-03-01 20:41:55,363 [INFO] UtilMem:74 - After build in PCC Used Memory: 338004976 Bytes (470810624)
2021-03-01 20:41:55,417 [INFO] IPUIPlugin:64 - create IPUIPlugin
2021-03-01 20:41:55,418 [INFO] IPUIPlugin:64 - create IPUIPlugin
2021-03-01 20:41:55,418 [INFO] IPUIPlugin:64 - create IPUIPlugin
2021-03-01 20:41:55,418 [INFO] IPUIPlugin:64 - create IPUIPlugin
2021-03-01 20:41:55,418 [INFO] IPUIPlugin:64 - create IPUIPlugin
2021-03-01 20:41:55,418 [INFO] IPUIPlugin:64 - create IPUIPlugin
2021-03-01 20:41:55,419 [INFO] IPUIPlugin:64 - create IPUIPlugin
2021-03-01 20:41:55,419 [INFO] IPUIPlugin:64 - create IPUIPlugin
2021-03-01 20:41:55,419 [INFO] IPUIPlugin:64 - create IPUIPlugin
2021-03-01 20:41:55,420 [INFO] IPUIPlugin:64 - create IPUIPlugin
2021-03-01 20:41:55,420 [INFO] IPUIPlugin:64 - create IPUIPlugin
2021-03-01 20:41:55,420 [INFO] IPUIPlugin:64 - create IPUIPlugin
2021-03-01 20:41:55,420 [INFO] IPUIPlugin:64 - create IPUIPlugin
2021-03-01 20:41:55,421 [INFO] IPUIPlugin:64 - create IPUIPlugin
2021-03-01 20:41:55,421 [INFO] IPUIPlugin:64 - create IPUIPlugin
2021-03-01 20:41:55,421 [INFO] IPUIPlugin:64 - create IPUIPlugin
2021-03-01 20:41:55,421 [INFO] IPUIPlugin:64 - create IPUIPlugin
2021-03-01 20:41:55,422 [INFO] IPUIPlugin:64 - create IPUIPlugin
2021-03-01 20:41:55,423 [INFO] IPUIPlugin:64 - create IPUIPlugin
2021-03-01 20:41:55,423 [INFO] IPUIPlugin:64 - create IPUIPlugin
2021-03-01 20:41:55,423 [INFO] IPUIPlugin:64 - create IPUIPlugin
2021-03-01 20:41:55,428 [INFO] IPUIPlugin:64 - create IPUIPlugin
2021-03-01 20:41:55,431 [INFO] IPUIPlugin:64 - create IPUIPlugin
2021-03-01 20:41:55,434 [INFO] IPUIPlugin:64 - create IPUIPlugin
2021-03-01 20:41:55,434 [INFO] IPUIPlugin:64 - create IPUIPlugin
2021-03-01 20:41:55,436 [INFO] IPUIPlugin:64 - create IPUIPlugin
2021-03-01 20:41:55,437 [INFO] IPUIPlugin:64 - create IPUIPlugin
2021-03-01 20:41:55,437 [INFO] IPUIPlugin:64 - create IPUIPlugin
2021-03-01 20:41:55,439 [INFO] IPUIPlugin:64 - create IPUIPlugin
2021-03-01 20:41:55,440 [INFO] IPUIPlugin:64 - create IPUIPlugin
2021-03-01 20:41:55,440 [INFO] IPUIPlugin:64 - create IPUIPlugin
2021-03-01 20:41:55,441 [INFO] IPUIPlugin:64 - create IPUIPlugin
2021-03-01 20:41:55,442 [INFO] IPUIPlugin:64 - create IPUIPlugin
2021-03-01 20:41:55,442 [INFO] IPUIPlugin:64 - create IPUIPlugin
2021-03-01 20:41:55,443 [INFO] IPUIPlugin:64 - create IPUIPlugin
2021-03-01 20:41:55,443 [INFO] IPUIPlugin:64 - create IPUIPlugin
2021-03-01 20:41:55,444 [INFO] IPUIPlugin:64 - create IPUIPlugin
2021-03-01 20:41:55,445 [INFO] IPUIPlugin:64 - create IPUIPlugin
2021-03-01 20:41:55,445 [INFO] IPUIPlugin:64 - create IPUIPlugin
2021-03-01 20:41:55,446 [INFO] IPUIPlugin:64 - create IPUIPlugin
2021-03-01 20:41:55,446 [INFO] IPUIPlugin:64 - create IPUIPlugin
2021-03-01 20:41:55,447 [INFO] IPUIPlugin:64 - create IPUIPlugin
2021-03-01 20:41:55,447 [INFO] IPUIPlugin:64 - create IPUIPlugin
2021-03-01 20:41:55,448 [INFO] IPUIPlugin:64 - create IPUIPlugin
2021-03-01 20:41:55,449 [INFO] IPUIPlugin:64 - create IPUIPlugin
2021-03-01 20:41:55,450 [INFO] IPUIPlugin:64 - create IPUIPlugin
2021-03-01 20:41:55,450 [INFO] IPUIPlugin:64 - create IPUIPlugin
2021-03-01 20:41:55,451 [INFO] IPUIPlugin:64 - create IPUIPlugin
2021-03-01 20:41:55,452 [INFO] IPUIPlugin:64 - create IPUIPlugin
2021-03-01 20:41:55,454 [INFO] IPUIPlugin:64 - create IPUIPlugin
2021-03-01 20:41:55,457 [INFO] IPUIPlugin:64 - create IPUIPlugin
2021-03-01 20:41:55,458 [INFO] IPUIPlugin:64 - create IPUIPlugin
2021-03-01 20:41:55,459 [INFO] IPUIPlugin:64 - create IPUIPlugin
2021-03-01 20:41:55,460 [INFO] IPUIPlugin:64 - create IPUIPlugin
2021-03-01 20:41:55,461 [INFO] IPUIPlugin:64 - create IPUIPlugin
2021-03-01 20:41:55,462 [INFO] IPUIPlugin:64 - create IPUIPlugin
2021-03-01 20:41:55,466 [INFO] IPUIPlugin:64 - create IPUIPlugin
2021-03-01 20:41:55,467 [INFO] IPUIPlugin:64 - create IPUIPlugin
2021-03-01 20:41:55,468 [INFO] IPUIPlugin:64 - create IPUIPlugin
2021-03-01 20:41:55,562 [INFO] LogOutputStream:76 - [STDOUT_REDIRECT] toolchainItems.length=====1
2021-03-01 20:41:56,016 [INFO] OpenFileManager:294 - Restore cursor
2021-03-01 20:41:57,062 [INFO] UtilMem:74 - End SaveConfig() Used Memory: 335907824 Bytes (470810624)
2021-03-01 20:41:57,347 [INFO] UtilMem:74 - End SaveConfig() Used Memory: 345345008 Bytes (470810624)
2021-03-01 20:41:59,358 [INFO] BlockDiagram:2735 - set Specific Code input for plugin: SYS
2021-03-01 20:41:59,358 [INFO] BlockDiagram:2735 - set Specific Code input for plugin: RCC
2021-03-01 20:41:59,358 [INFO] BlockDiagram:2735 - set Specific Code input for plugin: NVIC
2021-03-01 20:41:59,360 [INFO] CodeGenerator:639 - code generatio: config db path: C:\ST\STM32CubeIDE_1.5.1\STM32CubeIDE\plugins\com.st.stm32cube.common.mx_6.1.1.202012091304\\db\
2021-03-01 20:42:00,746 [INFO] CodeEngine:229 - oldGeneratedFile, D:\my_Projects\Electronic\STM32\CubeIDE\Timer\MXTmpFiles\license.tmp_save
2021-03-01 20:42:01,772 [INFO] CodeEngine:247 - Generated code: D:\my_Projects\Electronic\STM32\CubeIDE\Timer\MXTmpFiles\license.tmp
2021-03-01 20:42:02,254 [INFO] CodeEngine:229 - oldGeneratedFile, D:\my_Projects\Electronic\STM32\CubeIDE\Timer\Core\Src\stm32l4xx_it.c_save
2021-03-01 20:42:02,823 [INFO] CodeEngine:247 - Generated code: D:\my_Projects\Electronic\STM32\CubeIDE\Timer\Core\Src\stm32l4xx_it.c
2021-03-01 20:42:02,862 [INFO] CodeEngine:229 - oldGeneratedFile, D:\my_Projects\Electronic\STM32\CubeIDE\Timer\Core\Inc\stm32l4xx_it.h_save
2021-03-01 20:42:03,129 [INFO] CodeEngine:247 - Generated code: D:\my_Projects\Electronic\STM32\CubeIDE\Timer\Core\Inc\stm32l4xx_it.h
2021-03-01 20:42:03,253 [INFO] CodeEngine:229 - oldGeneratedFile, D:\my_Projects\Electronic\STM32\CubeIDE\Timer\Core\Src\stm32l4xx_hal_msp.c_save
2021-03-01 20:42:03,579 [INFO] CodeEngine:247 - Generated code: D:\my_Projects\Electronic\STM32\CubeIDE\Timer\Core\Src\stm32l4xx_hal_msp.c
2021-03-01 20:42:03,644 [INFO] CodeEngine:229 - oldGeneratedFile, D:\my_Projects\Electronic\STM32\CubeIDE\Timer\MXTmpFiles\system.tmp_save
2021-03-01 20:42:03,828 [INFO] CodeEngine:247 - Generated code: D:\my_Projects\Electronic\STM32\CubeIDE\Timer\MXTmpFiles\system.tmp
2021-03-01 20:42:03,951 [INFO] CodeEngine:229 - oldGeneratedFile, D:\my_Projects\Electronic\STM32\CubeIDE\Timer\Core\Inc\stm32l4xx_hal_conf.h_save
2021-03-01 20:42:04,260 [INFO] CodeEngine:247 - Generated code: D:\my_Projects\Electronic\STM32\CubeIDE\Timer\Core\Inc\stm32l4xx_hal_conf.h
2021-03-01 20:42:04,564 [INFO] CodeEngine:229 - oldGeneratedFile, D:\my_Projects\Electronic\STM32\CubeIDE\Timer\Core\Inc\main.h_save
2021-03-01 20:42:04,978 [INFO] CodeEngine:247 - Generated code: D:\my_Projects\Electronic\STM32\CubeIDE\Timer\Core\Inc\main.h
2021-03-01 20:42:05,047 [INFO] CodeEngine:229 - oldGeneratedFile, D:\my_Projects\Electronic\STM32\CubeIDE\Timer\Core\Src\main.c_save
2021-03-01 20:42:05,502 [INFO] CodeEngine:247 - Generated code: D:\my_Projects\Electronic\STM32\CubeIDE\Timer\Core\Src\main.c
2021-03-01 20:42:10,602 [INFO] ProjectBuilder:2328 - Time for Copy HAL[1] : 3795mS.
2021-03-01 20:42:10,628 [INFO] ProjectBuilder:3259 - Project Generator version: 3.11.2
2021-03-01 20:42:11,766 [INFO] ConfigFileManager:1238 - The Die is : DIE415
2021-03-01 20:42:11,843 [INFO] ApiDbMcu:456 - Load IP Config File for FATFS
2021-03-01 20:42:12,079 [INFO] ApiDbMcu:456 - Load IP Config File for FREERTOS
2021-03-01 20:42:12,128 [INFO] ApiDbMcu:456 - Load IP Config File for TOUCHSENSING
2021-03-01 20:42:12,162 [INFO] ApiDbMcu:456 - Load IP Config File for USB_DEVICE
2021-03-01 20:42:12,206 [INFO] ApiDbMcu:456 - Load IP Config File for USB_HOST
2021-03-01 20:42:29,172 [INFO] ProjectBuilder:3425 - Time for Generating toolchain IDE Files: 18544mS.
2021-03-01 20:42:29,247 [INFO] ProjectBuilder:2207 - Time for Copy CMSIS : 4mS.
2021-03-01 20:42:29,249 [INFO] ProjectBuilder:2207 - Time for Copy CMSIS : 0mS.
2021-03-01 20:42:35,426 [INFO] ApiDb:263 - Save user favorites file C:\Users\alina/.stm32cubeide/favorites.mcus.txt: 0 item(s)
2021-03-01 20:42:35,427 [INFO] ApiDb:267 - User favorites MCUs=[]
2021-03-01 20:42:36,861 [INFO] UtilMem:74 - End SaveConfig() Used Memory: 351583736 Bytes (951058432)
2021-03-01 20:42:37,149 [INFO] UtilMem:74 - End SaveConfig() Used Memory: 406636016 Bytes (951058432)
2021-03-01 20:42:37,882 [INFO] BlockDiagram:2735 - set Specific Code input for plugin: SYS
2021-03-01 20:42:37,882 [INFO] BlockDiagram:2735 - set Specific Code input for plugin: RCC
2021-03-01 20:42:37,883 [INFO] BlockDiagram:2735 - set Specific Code input for plugin: NVIC
2021-03-01 20:42:37,884 [INFO] CodeGenerator:639 - code generatio: config db path: C:\ST\STM32CubeIDE_1.5.1\STM32CubeIDE\plugins\com.st.stm32cube.common.mx_6.1.1.202012091304\\db\
2021-03-01 20:42:38,556 [INFO] CodeEngine:229 - oldGeneratedFile, D:\my_Projects\Electronic\STM32\CubeIDE\Timer\MXTmpFiles\license.tmp_save
2021-03-01 20:42:38,571 [ERROR] IocParser:46 - java.io.FileNotFoundException: D:\my_Projects\Electronic\STM32\CubeIDE\Timer\Timer.ioc (The system cannot find the file specified)
2021-03-01 20:42:38,571 [ERROR] IocParser:48 - java.io.FileNotFoundException: D:\my_Projects\Electronic\STM32\CubeIDE\Timer\Timer.ioc (The system cannot find the file specified)
2021-03-01 20:42:38,571 [ERROR] PeripheralListParser:83 - Something went wrong with ioc file reading
2021-03-01 20:42:38,858 [INFO] CodeEngine:247 - Generated code: D:\my_Projects\Electronic\STM32\CubeIDE\Timer\MXTmpFiles\license.tmp
2021-03-01 20:42:39,000 [INFO] CodeEngine:229 - oldGeneratedFile, D:\my_Projects\Electronic\STM32\CubeIDE\Timer\Core\Src\stm32l4xx_it.c_save
2021-03-01 20:42:39,203 [INFO] CodeEngine:247 - Generated code: D:\my_Projects\Electronic\STM32\CubeIDE\Timer\Core\Src\stm32l4xx_it.c
2021-03-01 20:42:39,231 [INFO] CodeEngine:229 - oldGeneratedFile, D:\my_Projects\Electronic\STM32\CubeIDE\Timer\Core\Inc\stm32l4xx_it.h_save
2021-03-01 20:42:39,446 [INFO] CodeEngine:247 - Generated code: D:\my_Projects\Electronic\STM32\CubeIDE\Timer\Core\Inc\stm32l4xx_it.h
2021-03-01 20:42:39,552 [INFO] CodeEngine:229 - oldGeneratedFile, D:\my_Projects\Electronic\STM32\CubeIDE\Timer\Core\Src\stm32l4xx_hal_msp.c_save
2021-03-01 20:42:39,813 [INFO] CodeEngine:247 - Generated code: D:\my_Projects\Electronic\STM32\CubeIDE\Timer\Core\Src\stm32l4xx_hal_msp.c
2021-03-01 20:42:39,825 [INFO] CodeEngine:229 - oldGeneratedFile, D:\my_Projects\Electronic\STM32\CubeIDE\Timer\MXTmpFiles\system.tmp_save
2021-03-01 20:42:40,009 [INFO] CodeEngine:247 - Generated code: D:\my_Projects\Electronic\STM32\CubeIDE\Timer\MXTmpFiles\system.tmp
2021-03-01 20:42:40,119 [INFO] CodeEngine:229 - oldGeneratedFile, D:\my_Projects\Electronic\STM32\CubeIDE\Timer\Core\Inc\stm32l4xx_hal_conf.h_save
2021-03-01 20:42:40,497 [INFO] CodeEngine:247 - Generated code: D:\my_Projects\Electronic\STM32\CubeIDE\Timer\Core\Inc\stm32l4xx_hal_conf.h
2021-03-01 20:42:40,789 [INFO] CodeEngine:229 - oldGeneratedFile, D:\my_Projects\Electronic\STM32\CubeIDE\Timer\Core\Inc\main.h_save
2021-03-01 20:42:41,000 [INFO] CodeEngine:247 - Generated code: D:\my_Projects\Electronic\STM32\CubeIDE\Timer\Core\Inc\main.h
2021-03-01 20:42:41,042 [INFO] CodeEngine:229 - oldGeneratedFile, D:\my_Projects\Electronic\STM32\CubeIDE\Timer\Core\Src\main.c_save
2021-03-01 20:42:41,530 [INFO] CodeEngine:247 - Generated code: D:\my_Projects\Electronic\STM32\CubeIDE\Timer\Core\Src\main.c
2021-03-01 20:42:45,590 [INFO] ProjectBuilder:2328 - Time for Copy HAL[1] : 1490mS.
2021-03-01 20:42:45,612 [INFO] ProjectBuilder:3259 - Project Generator version: 3.11.2
2021-03-01 20:42:45,967 [INFO] ConfigFileManager:1238 - The Die is : DIE415
2021-03-01 20:42:47,522 [INFO] ProjectBuilder:3425 - Time for Generating toolchain IDE Files: 1910mS.
2021-03-01 20:42:47,523 [INFO] ProjectBuilder:2207 - Time for Copy CMSIS : 1mS.
2021-03-01 20:42:47,525 [INFO] ProjectBuilder:2207 - Time for Copy CMSIS : 0mS.
2021-03-01 20:43:23,557 [INFO] MainUpdater:2644 - connection check result : 10
2021-03-01 20:43:24,499 [INFO] ServerAccessManage:348 - Download File mcusDocs.json._tmp_
2021-03-01 20:43:24,900 [INFO] LoadUrlFilesThread:135 - End of LoadUrlFiles Thread
2021-03-01 20:43:25,233 [INFO] ServerAccessManage:348 - Download File mcusFeaturesAndDescription.json._tmp_
2021-03-01 20:43:34,840 [INFO] LoadUrlFilesThread:135 - End of LoadUrlFiles Thread
2021-03-01 20:43:35,108 [INFO] ServerAccessManage:348 - Download File boardsDocs.json._tmp_
2021-03-01 20:43:35,641 [INFO] LoadUrlFilesThread:135 - End of LoadUrlFiles Thread
2021-03-01 20:43:35,908 [INFO] ServerAccessManage:348 - Download File boards.json._tmp_
2021-03-01 20:43:36,513 [INFO] LoadUrlFilesThread:135 - End of LoadUrlFiles Thread
2021-03-01 20:43:37,154 [INFO] ServerAccessManage:348 - Download File cube-finder-db.zip
2021-03-01 20:44:32,379 [INFO] FileExtend:225 - Unzip File : cube-finder-db.zip
2021-03-01 20:44:32,380 [INFO] FileExtend:240 - Standard Zip Deflate
2021-03-01 20:44:33,159 [INFO] LoadUrlFilesThread:135 - End of LoadUrlFiles Thread
2021-03-01 20:44:33,928 [INFO] ServerAccessManage:348 - Download File crdb.zip
2021-03-01 20:44:35,857 [INFO] FileExtend:225 - Unzip File : crdb.zip
2021-03-01 20:44:35,858 [INFO] FileExtend:240 - Standard Zip Deflate
2021-03-01 20:44:35,977 [INFO] LoadUrlFilesThread:135 - End of LoadUrlFiles Thread
2021-03-01 20:44:36,238 [INFO] ServerAccessManage:348 - Download File tutoVideoDB.zip
2021-03-01 20:44:36,740 [INFO] FileExtend:225 - Unzip File : tutoVideoDB.zip
2021-03-01 20:44:36,741 [INFO] FileExtend:240 - Standard Zip Deflate
2021-03-01 20:44:36,822 [INFO] LoadUrlFilesThread:135 - End of LoadUrlFiles Thread
2021-03-01 20:44:36,871 [INFO] DbMcusDocs:145 - JSON generation date=Mon Feb 08 17:05:07 IRST 2021 (1612791307)
2021-03-01 20:44:37,081 [INFO] DbMcusDocs:81 - Found 617 MCUs documents
2021-03-01 20:44:37,084 [INFO] ApiDb:263 - Save user favorites file C:\Users\alina/.stm32cubeide/favorites.mcus.txt: 0 item(s)
2021-03-01 20:44:37,084 [INFO] ApiDb:267 - User favorites MCUs=[]
2021-03-01 20:44:37,084 [INFO] DbMcusXml:97 - Load MCU database from C:\ST\STM32CubeIDE_1.5.1\STM32CubeIDE\plugins\com.st.stm32cube.common.mx_6.1.1.202012091304\\db\/mcu/families.xml
2021-03-01 20:44:37,976 [INFO] DbMcusJson:92 - JSON generation date=Mon Feb 08 17:05:07 IRST 2021 (1612791307)
2021-03-01 20:44:38,998 [INFO] DbMcus:176 - Found 1835 MCUs (1796 are supported by CubeMX, 1804 are visible in CubeMX)
2021-03-01 20:44:38,999 [INFO] ApiDb:238 - Load user favorites file C:\Users\alina/.stm32cubeide/favorites.mcus.txt: 0 item(s)
2021-03-01 20:44:38,999 [INFO] ApiDb:242 - User favorites MCUs=[]
2021-03-01 20:44:38,999 [INFO] DbMcus:188 - Set 0 / 0 favorites MCUs
2021-03-01 20:44:39,082 [INFO] DbBoardsDocs:145 - JSON generation date=Mon Feb 08 17:05:07 IRST 2021 (1612791307)
2021-03-01 20:44:39,119 [INFO] DbBoardsDocs:81 - Found 193 boards documents
2021-03-01 20:44:39,122 [INFO] ApiDb:263 - Save user favorites file C:\Users\alina/.stm32cubeide/favorites.boards.txt: 0 item(s)
2021-03-01 20:44:39,122 [INFO] ApiDb:267 - User favorites Boards=[]
2021-03-01 20:44:39,127 [INFO] DbBoardsPdsc:91 - Found 24 items
2021-03-01 20:44:39,131 [INFO] DbBoardsPdsc:91 - Found 9 items
2021-03-01 20:44:39,140 [INFO] DbBoardsPdsc:91 - Found 32 items
2021-03-01 20:44:39,144 [INFO] DbBoardsPdsc:91 - Found 1 items
2021-03-01 20:44:39,160 [INFO] DbBoardsPdsc:91 - Found 45 items
2021-03-01 20:44:39,171 [INFO] DbBoardsPdsc:91 - Found 41 items
2021-03-01 20:44:39,174 [INFO] DbBoardsPdsc:91 - Found 2 items
2021-03-01 20:44:39,176 [INFO] DbBoardsPdsc:91 - Found 4 items
2021-03-01 20:44:39,182 [WARN] DbBoardsPdsc:255 - Board STM32H7B3I-DK: unknown feature type=Audio, name=, username=Audio stereo codec with Headphone Amp (CS42L51-CNZ), n=1
2021-03-01 20:44:39,182 [WARN] DbBoardsPdsc:255 - Board STM32H735G-DK: unknown feature type=Audio, name=, username=Audio stereo codec with Headphone Amp (WM8994ECS/R), n=1
2021-03-01 20:44:39,195 [WARN] DbBoardsPdsc:255 - Board STM32H7B3I-EVAL: unknown feature type=Audio, name=, username=Multi-Channel Audio Codec (CS42L51-CNZ), n=1
2021-03-01 20:44:39,195 [WARN] DbBoardsPdsc:255 - Board STM32H7B3I-EVAL: unknown feature type=Meter, name=, username=Power-metering and Temperature-monitoring with sigma-delta modulators, n=1
2021-03-01 20:44:39,196 [WARN] DbBoardsPdsc:255 - Board STM32H7B3I-EVAL: unknown feature type=Motor, name=, username=Motor Control, n=1
2021-03-01 20:44:39,262 [INFO] DbBoardsJson:85 - JSON generation date=Thu Feb 04 20:23:45 IRST 2021 (1612457625)
2021-03-01 20:44:39,281 [INFO] DbBoards:118 - Found 160 boards (155 are supported by CubeMX)
2021-03-01 20:44:39,290 [WARN] DbBoards:128 - board B-L462E-CELL1 has no document id list !
2021-03-01 20:44:39,290 [WARN] DbBoards:128 - board B-L475E-IOT01A2 has no document id list !
2021-03-01 20:44:39,291 [WARN] DbBoards:128 - board NUCLEO-G0B1RE has no document id list !
2021-03-01 20:44:39,292 [WARN] DbBoards:128 - board NUCLEO-H743ZI2 has no document id list !
2021-03-01 20:44:39,292 [WARN] DbBoards:128 - board NUCLEO-L4A6ZG has no document id list !
2021-03-01 20:44:39,293 [WARN] DbBoards:128 - board NUCLEO-WB55RG has no document id list !
2021-03-01 20:44:39,293 [WARN] DbBoards:128 - board NUCLEO-WL55JC1 has no document id list !
2021-03-01 20:44:39,293 [WARN] DbBoards:128 - board NUCLEO-WL55JC2 has no document id list !
2021-03-01 20:44:39,293 [WARN] DbBoards:128 - board P-NUCLEO-WB55-Nucleo has no document id list !
2021-03-01 20:44:39,293 [WARN] DbBoards:128 - board P-NUCLEO-WB55-USBDongle has no document id list !
2021-03-01 20:44:39,293 [WARN] DbBoards:128 - board STEVAL-BFA001V1B has no document id list !
2021-03-01 20:44:39,293 [WARN] DbBoards:128 - board STEVAL-BFA001V2B has no document id list !
2021-03-01 20:44:39,293 [WARN] DbBoards:128 - board STEVAL-IDP005V1 has no document id list !
2021-03-01 20:44:39,293 [WARN] DbBoards:128 - board STEVAL-IDP005V2 has no document id list !
2021-03-01 20:44:39,294 [WARN] DbBoards:128 - board STEVAL-MKSBOX1V1 has no document id list !
2021-03-01 20:44:39,294 [WARN] DbBoards:128 - board STEVAL-STWINKT1 has no document id list !
2021-03-01 20:44:39,294 [WARN] DbBoards:128 - board STEVAL-STWINKT1B has no document id list !
2021-03-01 20:44:39,295 [WARN] DbBoards:128 - board STM32F401C-DISCO has no document id list !
2021-03-01 20:44:39,297 [WARN] DbBoards:128 - board STM32F769I-DISC1 has no document id list !
2021-03-01 20:44:39,297 [WARN] DbBoards:128 - board STM32G0C1E-EV has no document id list !
2021-03-01 20:44:39,297 [WARN] DbBoards:128 - board STM32G474E-EVAL1 has no document id list !
2021-03-01 20:44:39,297 [WARN] DbBoards:128 - board STM32H743I-EVAL2 has no document id list !
2021-03-01 20:44:39,297 [WARN] DbBoards:128 - board STM32H747I-DISC1 has no document id list !
2021-03-01 20:44:39,298 [WARN] DbBoards:128 - board STM32H753I-EVAL2 has no document id list !
2021-03-01 20:44:39,298 [WARN] DbBoards:128 - board STM32L-DISCOVERY has no document id list !
2021-03-01 20:44:39,299 [WARN] DbBoards:128 - board STM32MP157A-DK1 has no document id list !
2021-03-01 20:44:39,299 [WARN] DbBoards:128 - board STM32MP157F-DK2 has no document id list !
2021-03-01 20:44:39,299 [WARN] DbBoards:128 - board STM32MP157F-EV1 has no document id list !
2021-03-01 20:44:39,939 [ERROR] DbBoards:190 - Image file not found for board NUCLEO-WL55JC: C:\ST\STM32CubeIDE_1.5.1\STM32CubeIDE\plugins\com.st.stm32cube.common.mx_6.1.1.202012091304\\db\/plugins/mcufinder/images/boards/nucleo-wl55jc-small.jpg
2021-03-01 20:44:40,222 [ERROR] DbBoards:190 - Image file not found for board STEVAL-STWINKT1B: C:\ST\STM32CubeIDE_1.5.1\STM32CubeIDE\plugins\com.st.stm32cube.common.mx_6.1.1.202012091304\\db\/plugins/mcufinder/images/boards/steval-stwinkt1b_small.jpg
2021-03-01 20:44:40,602 [ERROR] DbBoards:190 - Image file not found for board STM32H7B3I-EVAL: C:\ST\STM32CubeIDE_1.5.1\STM32CubeIDE\plugins\com.st.stm32cube.common.mx_6.1.1.202012091304\\db\/plugins/mcufinder/images/boards/stm32h7b3ieval_small.jpg
2021-03-01 20:44:40,788 [INFO] ApiDb:238 - Load user favorites file C:\Users\alina/.stm32cubeide/favorites.boards.txt: 0 item(s)
2021-03-01 20:44:40,789 [INFO] ApiDb:242 - User favorites Boards=[]
2021-03-01 20:44:40,789 [INFO] DbBoards:207 - Set 0 / 0 favorites Boards
2021-03-01 20:44:41,024 [INFO] ApiDb:466 - Connected to CubeFinder SQLite database (C:\Users\alina\.stmcufinder\plugins\mcufinder\mcu\cube-finder-db.db)
2021-03-01 20:44:41,789 [INFO] DbExamplesSqlite:410 - Ignored 35 examples not supported by CubeIDE
2021-03-01 20:44:41,789 [INFO] DbExamplesSqlite:411 - Found 4965 examples active
2021-03-01 20:44:41,789 [INFO] DbExamplesSqlite:412 - Found 130 examples obsolete
2021-03-01 20:44:41,789 [INFO] DbExamplesSqlite:413 - Found 0 examples under development
2021-03-01 20:44:41,789 [INFO] DbExamplesSqlite:414 - Found 76 examples not building
2021-03-01 20:44:41,823 [INFO] DbExamplesSqlite:106 - CubeFinder database Data Model version=2.1
2021-03-01 20:44:41,823 [INFO] DbExamplesSqlite:107 - CubeFinder database Configuration version=2.16
2021-03-01 20:44:41,823 [INFO] DbExamplesSqlite:108 - CubeFinder database generation date=2021-02-26 (1614349247)
2021-03-01 20:44:41,823 [INFO] DbExamplesSqlite:109 - CubeFinder database FW Pack versions=[STM32Cube_FW_F4_V1.26.0, STM32Cube_FW_F7_V1.16.0, STM32Cube_FW_G0_V1.4.0, STM32Cube_FW_G4_V1.4.0, STM32Cube_FW_H7_V1.9.0, STM32Cube_FW_L5_V1.4.0, STM32Cube_FW_WB_V1.11.0, STM32Cube_FW_WL_V1.0.0, X-CUBE-AZRTOS-H7_V1.0.0, X-CUBE-BLE2_V3.2.0, X-CUBE-GNSS1_V5.2.0]
2021-03-01 20:44:41,824 [INFO] DbExamples:126 - Found 5006 examples
2021-03-01 20:44:42,424 [ERROR] DbExamples:202 - Found 382 examples with invalid data (board or MCU)
2021-03-01 20:44:42,424 [INFO] DbExamples:218 - Found 62 boards with related examples
2021-03-01 20:44:42,451 [INFO] DbExamples:231 - Found 50 MCUs with related examples
2021-03-01 20:44:42,485 [INFO] ApiDb:229 - User favorites file not found: C:\Users\alina/.stm32cubeide/favorites.examples.txt
2021-03-01 20:44:42,485 [INFO] DbExamples:252 - Set 0 / 0 favorites Examples
2021-03-01 20:44:42,691 [INFO] CrossSelectorPresenter:1330 - Cross Selector saved comparison directory: C:\Users\alina\.stmcufinder\plugins\mcufinder\mcu\cs_comparisons_mx
2021-03-01 20:44:42,693 [INFO] MultiScanPanel:198 - Auto-refresh data requested => check proxy status ongoing
2021-03-01 20:44:42,698 [INFO] FinderPluginLoader:87 - Searching for filters in installed packs
2021-03-01 20:44:43,633 [INFO] DetailPanel:344 - Set advertising image to C:/Users/alina/STM32Cube/Repository/\stm32cubemx-promo_image.jpg
2021-03-01 20:44:43,942 [INFO] McuFilterPanel:245 - Update 0 favorites MCUs
2021-03-01 20:45:40,096 [INFO] MainUpdater:2644 - connection check result : 10
2021-03-01 20:45:40,097 [INFO] MainUpdater:2644 - connection check result : 10
2021-03-01 20:45:40,163 [INFO] MicroXplorer:385 - Change Database Path : 
2021-03-01 20:45:40,163 [INFO] MicroXplorer:415 - Change Database Version : DB.6.0.10
2021-03-01 20:45:40,163 [WARN] ThirdParty:783 - waiting for thirdparty lock release [close project]
2021-03-01 20:45:40,163 [INFO] ThirdParty:785 - entering critical section [close project]
2021-03-01 20:45:40,163 [INFO] ThirdParty:796 - exiting critical section [close project]
2021-03-01 20:45:40,169 [INFO] PinOutPanel:1434 - setPackage(No Configuration,No Configuration)
2021-03-01 20:45:40,180 [INFO] UtilMem:74 - Begin LoadConfig() Used Memory: 679761952 Bytes (951058432)
2021-03-01 20:45:40,181 [INFO] MicroXplorer:385 - Change Database Path : 
2021-03-01 20:45:40,181 [INFO] MicroXplorer:415 - Change Database Version : DB.6.0.10
2021-03-01 20:45:40,181 [INFO] OpenFileManager:274 - Change cursor
2021-03-01 20:45:40,188 [WARN] ThirdParty:204 - Use empty third party IP manager
2021-03-01 20:45:40,263 [INFO] RulesReader:52 - Compatibility file has been processed (228 Rules)
2021-03-01 20:45:45,449 [INFO] ImportTextPane:162 - (OptionalMessage_ERROR) Unable to find key (Mcu.ThirdPartyNb) in loaded IOC file
2021-03-01 20:45:45,450 [INFO] ImportTextPane:162 - (OptionalMessage_ERROR) Unable to find key (Mcu.PinsNb) in loaded IOC file
2021-03-01 20:45:45,450 [INFO] ImportTextPane:162 - (OptionalMessage_ERROR) Unable to find key (Mcu.IPNb) in loaded IOC file
2021-03-01 20:45:45,532 [WARN] ApiManager:294 - Cannot register API 'Board Extension:S2868A1' from pack STMicroelectronics.X-CUBE-SUBG2.3.0.1: no header file found
2021-03-01 20:45:45,532 [WARN] ApiManager:294 - Cannot register API 'Board Extension:S2868A2' from pack STMicroelectronics.X-CUBE-SUBG2.3.0.1: no header file found
2021-03-01 20:45:45,533 [WARN] ApiManager:294 - Cannot register API 'Board Extension:S2915A1' from pack STMicroelectronics.X-CUBE-SUBG2.3.0.1: no header file found
2021-03-01 20:45:45,542 [WARN] ApiManager:294 - Cannot register API 'Board Extension:S2868A1' from pack STMicroelectronics.X-CUBE-SUBG2.3.0.0: no header file found
2021-03-01 20:45:45,543 [WARN] ApiManager:294 - Cannot register API 'Board Extension:S2868A2' from pack STMicroelectronics.X-CUBE-SUBG2.3.0.0: no header file found
2021-03-01 20:45:45,544 [WARN] ApiManager:294 - Cannot register API 'Board Extension:S2915A1' from pack STMicroelectronics.X-CUBE-SUBG2.3.0.0: no header file found
2021-03-01 20:45:45,548 [WARN] ModelIntegratedComponent:51 - No mode defined for component null
2021-03-01 20:45:45,548 [WARN] ModelIntegratedComponent:51 - No mode defined for component null
2021-03-01 20:45:45,549 [WARN] ModelIntegratedComponent:51 - No mode defined for component null
2021-03-01 20:45:45,549 [WARN] ModelIntegratedComponent:51 - No mode defined for component null
2021-03-01 20:45:45,549 [WARN] ModelIntegratedComponent:51 - No mode defined for component null
2021-03-01 20:45:45,549 [WARN] ModelIntegratedComponent:51 - No mode defined for component null
2021-03-01 20:45:45,549 [WARN] ModelIntegratedComponent:51 - No mode defined for component null
2021-03-01 20:45:45,549 [WARN] ModelIntegratedComponent:51 - No mode defined for component null
2021-03-01 20:45:45,549 [WARN] ModelIntegratedComponent:51 - No mode defined for component null
2021-03-01 20:45:45,550 [WARN] ModelIntegratedComponent:51 - No mode defined for component null
2021-03-01 20:45:45,550 [WARN] ModelIntegratedComponent:51 - No mode defined for component null
2021-03-01 20:45:45,550 [WARN] ModelIntegratedComponent:51 - No mode defined for component null
2021-03-01 20:45:45,550 [WARN] ModelIntegratedComponent:51 - No mode defined for component null
2021-03-01 20:45:45,550 [WARN] ModelIntegratedComponent:51 - No mode defined for component null
2021-03-01 20:45:45,550 [WARN] ModelIntegratedComponent:51 - No mode defined for component null
2021-03-01 20:45:45,550 [WARN] ModelIntegratedComponent:51 - No mode defined for component null
2021-03-01 20:45:45,550 [WARN] ModelIntegratedComponent:51 - No mode defined for component null
2021-03-01 20:45:45,551 [WARN] ModelIntegratedComponent:51 - No mode defined for component null
2021-03-01 20:45:45,551 [WARN] ModelIntegratedComponent:51 - No mode defined for component null
2021-03-01 20:45:45,551 [WARN] ModelIntegratedComponent:51 - No mode defined for component null
2021-03-01 20:45:45,551 [WARN] ModelIntegratedComponent:51 - No mode defined for component null
2021-03-01 20:45:45,551 [WARN] ModelIntegratedComponent:51 - No mode defined for component null
2021-03-01 20:45:45,551 [WARN] ModelIntegratedComponent:51 - No mode defined for component null
2021-03-01 20:45:45,551 [WARN] ModelIntegratedComponent:51 - No mode defined for component null
2021-03-01 20:45:45,552 [WARN] ModelIntegratedComponent:51 - No mode defined for component null
2021-03-01 20:45:45,552 [WARN] ModelIntegratedComponent:51 - No mode defined for component null
2021-03-01 20:45:45,552 [WARN] ModelIntegratedComponent:51 - No mode defined for component null
2021-03-01 20:45:45,552 [WARN] ModelIntegratedComponent:51 - No mode defined for component null
2021-03-01 20:45:45,552 [WARN] ModelIntegratedComponent:51 - No mode defined for component null
2021-03-01 20:45:45,552 [WARN] ModelIntegratedComponent:51 - No mode defined for component null
2021-03-01 20:45:45,552 [WARN] ModelIntegratedComponent:51 - No mode defined for component null
2021-03-01 20:45:45,553 [WARN] ModelIntegratedComponent:51 - No mode defined for component null
2021-03-01 20:45:45,553 [WARN] ModelIntegratedComponent:51 - No mode defined for component null
2021-03-01 20:45:45,553 [WARN] ModelIntegratedComponent:51 - No mode defined for component null
2021-03-01 20:45:45,553 [WARN] ModelIntegratedComponent:51 - No mode defined for component null
2021-03-01 20:45:45,554 [WARN] ModelIntegratedComponent:51 - No mode defined for component null
2021-03-01 20:45:45,554 [WARN] ModelIntegratedComponent:51 - No mode defined for component null
2021-03-01 20:45:45,554 [WARN] ModelIntegratedComponent:51 - No mode defined for component null
2021-03-01 20:45:45,555 [WARN] ApiManager:294 - Cannot register API 'Board Extension:S2868A1' from pack STMicroelectronics.X-CUBE-SFXS2LP1.2.0.0: no header file found
2021-03-01 20:45:45,556 [WARN] ApiManager:294 - Cannot register API 'Board Extension:S2868A2' from pack STMicroelectronics.X-CUBE-SFXS2LP1.2.0.0: no header file found
2021-03-01 20:45:45,556 [WARN] ApiManager:294 - Cannot register API 'Board Extension:S2915A1' from pack STMicroelectronics.X-CUBE-SFXS2LP1.2.0.0: no header file found
2021-03-01 20:45:45,676 [WARN] ApiManager:294 - Cannot register API 'Board Extension:IKS01A3' from pack STMicroelectronics.X-CUBE-MEMS1.8.2.0: no header file found
2021-03-01 20:45:45,677 [WARN] ApiManager:294 - Cannot register API 'Board Extension:IKS01A2' from pack STMicroelectronics.X-CUBE-MEMS1.8.2.0: no header file found
2021-03-01 20:45:45,677 [WARN] ApiManager:294 - Cannot register API 'Board Extension:IKS02A1' from pack STMicroelectronics.X-CUBE-MEMS1.8.2.0: no header file found
2021-03-01 20:45:45,689 [WARN] ApiManager:294 - Cannot register API 'Board Extension:EEPRMA1' from pack STMicroelectronics.X-CUBE-EEPRMA1.3.0.0: no header file found
2021-03-01 20:45:45,690 [WARN] ApiManager:294 - Cannot register API 'Board Extension:EEPRMA2' from pack STMicroelectronics.X-CUBE-EEPRMA1.3.0.0: no header file found
2021-03-01 20:45:45,693 [INFO] RtosManager:464 - Registered RTOS mode: class=CMSIS, group=RTOS, mode=CMSIS_V1, owner=FREERTOS
2021-03-01 20:45:45,694 [INFO] RtosManager:464 - Registered RTOS mode: class=CMSIS, group=RTOS2, mode=CMSIS_V2, owner=FREERTOS
2021-03-01 20:45:45,694 [INFO] RtosManager:464 - Registered RTOS mode: class=RTOS, group=Core, mode=CMSIS_V1, owner=FREERTOS
2021-03-01 20:45:45,694 [INFO] RtosManager:464 - Registered RTOS mode: class=RTOS, group=Core, mode=CMSIS_V2, owner=FREERTOS
2021-03-01 20:45:45,695 [WARN] ModelIntegratedComponent:182 - Missing modes for component STMicroelectronics:FreeRTOS:0.0.1:STMicroelectronics:RTOS:FreeRTOS:Core:::10.2.0:
2021-03-01 20:45:45,696 [WARN] ApiManager:294 - Cannot register API 'Board Extension:GNSS1A1' from pack STMicroelectronics.X-CUBE-GNSS1.5.1.0: no header file found
2021-03-01 20:45:45,696 [WARN] ApiManager:294 - Cannot register API 'Board Support:Custom' from pack STMicroelectronics.X-CUBE-GNSS1.5.1.0: no header file found
2021-03-01 20:45:45,697 [WARN] ApiManager:294 - Cannot register API 'Data Exchange:lib_gnss' from pack STMicroelectronics.X-CUBE-GNSS1.5.1.0: no header file found
2021-03-01 20:45:45,698 [WARN] ApiManager:294 - Cannot register API 'Wireless:BlueNRG-MS' from pack STMicroelectronics.X-CUBE-BLE1.6.1.0: no header file found
2021-03-01 20:45:45,703 [WARN] ApiManager:294 - Cannot register API 'Board Extension:NFC04A1' from pack STMicroelectronics.X-CUBE-NFC4.2.0.1: no header file found
2021-03-01 20:45:45,705 [WARN] ApiManager:294 - Cannot register API 'Wireless:BlueNRG-2' from pack STMicroelectronics.X-CUBE-BLE2.3.1.0: no header file found
2021-03-01 20:45:46,710 [INFO] UtilMem:74 - End LoadConfig() Used Memory: 735862808 Bytes (951058432)
2021-03-01 20:45:46,712 [WARN] ThirdParty:749 - waiting for thirdparty lock release [change project]
2021-03-01 20:45:46,713 [INFO] ThirdParty:751 - entering critical section [change project]
2021-03-01 20:45:46,713 [INFO] ThirdParty:939 - CMSIS Pack Vendor :STMicroelectronics USB_HOST 2.0.0
2021-03-01 20:45:46,714 [INFO] ThirdParty:939 - CMSIS Pack Vendor :STMicroelectronics X-CUBE-SUBG2 3.0.1
2021-03-01 20:45:46,714 [INFO] ThirdParty:939 - CMSIS Pack Vendor :STMicroelectronics X-CUBE-SUBG2 3.0.0
2021-03-01 20:45:46,714 [INFO] ThirdParty:939 - CMSIS Pack Vendor :STMicroelectronics USB_DEVICE 3.0.0
2021-03-01 20:45:46,715 [INFO] ThirdParty:939 - CMSIS Pack Vendor :STMicroelectronics HAL Drivers 0.0.0
2021-03-01 20:45:46,715 [INFO] ThirdParty:939 - CMSIS Pack Vendor :STMicroelectronics MBEDTLS 2.16.2
2021-03-01 20:45:46,715 [INFO] ThirdParty:939 - CMSIS Pack Vendor :STMicroelectronics X-CUBE-SFXS2LP1 2.0.0
2021-03-01 20:45:46,715 [INFO] ThirdParty:939 - CMSIS Pack Vendor :STMicroelectronics MBEDTLS 2.14.1
2021-03-01 20:45:46,715 [INFO] ThirdParty:939 - CMSIS Pack Vendor :STMicroelectronics USB_DEVICE 2.0.0
2021-03-01 20:45:46,715 [INFO] ThirdParty:939 - CMSIS Pack Vendor :STMicroelectronics X-CUBE-MEMS1 8.2.0
2021-03-01 20:45:46,715 [INFO] ThirdParty:939 - CMSIS Pack Vendor :STMicroelectronics X-CUBE-EEPRMA1 3.0.0
2021-03-01 20:45:46,715 [INFO] ThirdParty:939 - CMSIS Pack Vendor :STMicroelectronics X-CUBE-DISPLAY 1.0.0
2021-03-01 20:45:46,716 [INFO] ThirdParty:939 - CMSIS Pack Vendor :STMicroelectronics FreeRTOS 0.0.1
2021-03-01 20:45:46,716 [INFO] ThirdParty:939 - CMSIS Pack Vendor :STMicroelectronics USB_DEVICE 1.0.0
2021-03-01 20:45:46,716 [INFO] ThirdParty:939 - CMSIS Pack Vendor :STMicroelectronics X-CUBE-ALGOBUILD 1.1.0
2021-03-01 20:45:46,716 [INFO] ThirdParty:939 - CMSIS Pack Vendor :STMicroelectronics X-CUBE-GNSS1 5.1.0
2021-03-01 20:45:46,716 [INFO] ThirdParty:939 - CMSIS Pack Vendor :STMicroelectronics X-CUBE-BLE1 6.1.0
2021-03-01 20:45:46,716 [INFO] ThirdParty:939 - CMSIS Pack Vendor :STMicroelectronics lwIP 2.0.3
2021-03-01 20:45:46,716 [INFO] ThirdParty:939 - CMSIS Pack Vendor :STMicroelectronics lwIP 2.1.2
2021-03-01 20:45:46,717 [INFO] ThirdParty:939 - CMSIS Pack Vendor :STMicroelectronics USB_HOST 1.0.0
2021-03-01 20:45:46,717 [INFO] ThirdParty:939 - CMSIS Pack Vendor :STMicroelectronics X-CUBE-TOUCHGFX 4.15.0
2021-03-01 20:45:46,717 [INFO] ThirdParty:939 - CMSIS Pack Vendor :STMicroelectronics X-CUBE-NFC4 2.0.1
2021-03-01 20:45:46,717 [INFO] ThirdParty:939 - CMSIS Pack Vendor :STMicroelectronics X-CUBE-AI 5.2.0
2021-03-01 20:45:46,717 [INFO] ThirdParty:939 - CMSIS Pack Vendor :STMicroelectronics PDM2PCM 3.1.0
2021-03-01 20:45:46,717 [INFO] ThirdParty:939 - CMSIS Pack Vendor :STMicroelectronics X-CUBE-TOUCHGFX 4.16.0
2021-03-01 20:45:46,717 [INFO] ThirdParty:939 - CMSIS Pack Vendor :STMicroelectronics PDM2PCM 3.2.0
2021-03-01 20:45:46,717 [INFO] ThirdParty:939 - CMSIS Pack Vendor :STMicroelectronics X-CUBE-BLE2 3.1.0
2021-03-01 20:45:46,718 [INFO] ThirdParty:939 - CMSIS Pack Vendor :STMicroelectronics PDM2PCM 3.3.0
2021-03-01 20:45:46,718 [INFO] ThirdParty:757 - exiting critical section [change project]
2021-03-01 20:45:47,086 [INFO] PinOutPanel:1434 - setPackage(No Configuration,No Configuration)
2021-03-01 20:45:47,087 [INFO] PinOutPanel:1434 - setPackage(STM32L476RGTx,LQFP64)
2021-03-01 20:45:47,640 [INFO] UtilMem:74 - Before build in PCC Used Memory: 442018296 Bytes (951058432)
2021-03-01 20:45:47,983 [INFO] SharedServices:72 - Folder for power plug-in: C:/Users/alina/.stm32cubemx/plugins/power
2021-03-01 20:45:48,028 [INFO] SharedServices:72 - Folder for power plug-in: C:/Users/alina/.stm32cubemx/plugins/power
2021-03-01 20:45:48,093 [INFO] SharedServices:72 - Folder for power plug-in: C:/Users/alina/.stm32cubemx/plugins/power
2021-03-01 20:45:48,103 [INFO] SharedServices:72 - Folder for power plug-in: C:/Users/alina/.stm32cubemx/plugins/power
2021-03-01 20:45:48,210 [INFO] UtilMem:74 - After build in PCC Used Memory: 520661496 Bytes (951058432)
2021-03-01 20:45:48,248 [INFO] IPUIPlugin:64 - create IPUIPlugin
2021-03-01 20:45:48,249 [INFO] IPUIPlugin:64 - create IPUIPlugin
2021-03-01 20:45:48,249 [INFO] IPUIPlugin:64 - create IPUIPlugin
2021-03-01 20:45:48,249 [INFO] IPUIPlugin:64 - create IPUIPlugin
2021-03-01 20:45:48,249 [INFO] IPUIPlugin:64 - create IPUIPlugin
2021-03-01 20:45:48,250 [INFO] IPUIPlugin:64 - create IPUIPlugin
2021-03-01 20:45:48,250 [INFO] IPUIPlugin:64 - create IPUIPlugin
2021-03-01 20:45:48,250 [INFO] IPUIPlugin:64 - create IPUIPlugin
2021-03-01 20:45:48,250 [INFO] IPUIPlugin:64 - create IPUIPlugin
2021-03-01 20:45:48,251 [INFO] IPUIPlugin:64 - create IPUIPlugin
2021-03-01 20:45:48,251 [INFO] IPUIPlugin:64 - create IPUIPlugin
2021-03-01 20:45:48,251 [INFO] IPUIPlugin:64 - create IPUIPlugin
2021-03-01 20:45:48,251 [INFO] IPUIPlugin:64 - create IPUIPlugin
2021-03-01 20:45:48,252 [INFO] IPUIPlugin:64 - create IPUIPlugin
2021-03-01 20:45:48,252 [INFO] IPUIPlugin:64 - create IPUIPlugin
2021-03-01 20:45:48,252 [INFO] IPUIPlugin:64 - create IPUIPlugin
2021-03-01 20:45:48,253 [INFO] IPUIPlugin:64 - create IPUIPlugin
2021-03-01 20:45:48,253 [INFO] IPUIPlugin:64 - create IPUIPlugin
2021-03-01 20:45:48,255 [INFO] IPUIPlugin:64 - create IPUIPlugin
2021-03-01 20:45:48,256 [INFO] IPUIPlugin:64 - create IPUIPlugin
2021-03-01 20:45:48,257 [INFO] IPUIPlugin:64 - create IPUIPlugin
2021-03-01 20:45:48,257 [INFO] IPUIPlugin:64 - create IPUIPlugin
2021-03-01 20:45:48,258 [INFO] IPUIPlugin:64 - create IPUIPlugin
2021-03-01 20:45:48,258 [INFO] IPUIPlugin:64 - create IPUIPlugin
2021-03-01 20:45:48,258 [INFO] IPUIPlugin:64 - create IPUIPlugin
2021-03-01 20:45:48,259 [INFO] IPUIPlugin:64 - create IPUIPlugin
2021-03-01 20:45:48,260 [INFO] IPUIPlugin:64 - create IPUIPlugin
2021-03-01 20:45:48,261 [INFO] IPUIPlugin:64 - create IPUIPlugin
2021-03-01 20:45:48,261 [INFO] IPUIPlugin:64 - create IPUIPlugin
2021-03-01 20:45:48,262 [INFO] IPUIPlugin:64 - create IPUIPlugin
2021-03-01 20:45:48,262 [INFO] IPUIPlugin:64 - create IPUIPlugin
2021-03-01 20:45:48,263 [INFO] IPUIPlugin:64 - create IPUIPlugin
2021-03-01 20:45:48,264 [INFO] IPUIPlugin:64 - create IPUIPlugin
2021-03-01 20:45:48,267 [INFO] IPUIPlugin:64 - create IPUIPlugin
2021-03-01 20:45:48,267 [INFO] IPUIPlugin:64 - create IPUIPlugin
2021-03-01 20:45:48,268 [INFO] IPUIPlugin:64 - create IPUIPlugin
2021-03-01 20:45:48,269 [INFO] IPUIPlugin:64 - create IPUIPlugin
2021-03-01 20:45:48,269 [INFO] IPUIPlugin:64 - create IPUIPlugin
2021-03-01 20:45:48,270 [INFO] IPUIPlugin:64 - create IPUIPlugin
2021-03-01 20:45:48,271 [INFO] IPUIPlugin:64 - create IPUIPlugin
2021-03-01 20:45:48,272 [INFO] IPUIPlugin:64 - create IPUIPlugin
2021-03-01 20:45:48,273 [INFO] IPUIPlugin:64 - create IPUIPlugin
2021-03-01 20:45:48,274 [INFO] IPUIPlugin:64 - create IPUIPlugin
2021-03-01 20:45:48,275 [INFO] IPUIPlugin:64 - create IPUIPlugin
2021-03-01 20:45:48,276 [INFO] IPUIPlugin:64 - create IPUIPlugin
2021-03-01 20:45:48,277 [INFO] IPUIPlugin:64 - create IPUIPlugin
2021-03-01 20:45:48,277 [INFO] IPUIPlugin:64 - create IPUIPlugin
2021-03-01 20:45:48,278 [INFO] IPUIPlugin:64 - create IPUIPlugin
2021-03-01 20:45:48,279 [INFO] IPUIPlugin:64 - create IPUIPlugin
2021-03-01 20:45:48,280 [INFO] IPUIPlugin:64 - create IPUIPlugin
2021-03-01 20:45:48,281 [INFO] IPUIPlugin:64 - create IPUIPlugin
2021-03-01 20:45:48,282 [INFO] IPUIPlugin:64 - create IPUIPlugin
2021-03-01 20:45:48,283 [INFO] IPUIPlugin:64 - create IPUIPlugin
2021-03-01 20:45:48,283 [INFO] IPUIPlugin:64 - create IPUIPlugin
2021-03-01 20:45:48,285 [INFO] IPUIPlugin:64 - create IPUIPlugin
2021-03-01 20:45:48,289 [INFO] IPUIPlugin:64 - create IPUIPlugin
2021-03-01 20:45:48,292 [INFO] IPUIPlugin:64 - create IPUIPlugin
2021-03-01 20:45:48,295 [INFO] IPUIPlugin:64 - create IPUIPlugin
2021-03-01 20:45:48,296 [INFO] IPUIPlugin:64 - create IPUIPlugin
2021-03-01 20:45:48,329 [INFO] OpenFileManager:294 - Restore cursor
2021-03-01 20:45:48,738 [INFO] UtilMem:74 - End SaveConfig() Used Memory: 583576056 Bytes (951058432)
2021-03-01 20:45:48,888 [INFO] UtilMem:74 - End SaveConfig() Used Memory: 593013240 Bytes (951058432)
2021-03-01 20:45:49,226 [INFO] BlockDiagram:2735 - set Specific Code input for plugin: SYS
2021-03-01 20:45:49,226 [INFO] BlockDiagram:2735 - set Specific Code input for plugin: RCC
2021-03-01 20:45:49,226 [INFO] BlockDiagram:2735 - set Specific Code input for plugin: NVIC
2021-03-01 20:45:49,231 [INFO] CodeGenerator:639 - code generatio: config db path: C:\ST\STM32CubeIDE_1.5.1\STM32CubeIDE\plugins\com.st.stm32cube.common.mx_6.1.1.202012091304\\db\
2021-03-01 20:45:49,657 [INFO] CodeEngine:229 - oldGeneratedFile, D:\my_Projects\Electronic\STM32\CubeIDE\Timer\MXTmpFiles\license.tmp_save
2021-03-01 20:45:49,752 [INFO] CodeEngine:247 - Generated code: D:\my_Projects\Electronic\STM32\CubeIDE\Timer\MXTmpFiles\license.tmp
2021-03-01 20:45:49,850 [INFO] CodeEngine:229 - oldGeneratedFile, D:\my_Projects\Electronic\STM32\CubeIDE\Timer\Core\Src\stm32l4xx_it.c_save
2021-03-01 20:45:49,948 [INFO] CodeEngine:247 - Generated code: D:\my_Projects\Electronic\STM32\CubeIDE\Timer\Core\Src\stm32l4xx_it.c
2021-03-01 20:45:49,955 [INFO] CodeEngine:229 - oldGeneratedFile, D:\my_Projects\Electronic\STM32\CubeIDE\Timer\Core\Inc\stm32l4xx_it.h_save
2021-03-01 20:45:50,042 [INFO] CodeEngine:247 - Generated code: D:\my_Projects\Electronic\STM32\CubeIDE\Timer\Core\Inc\stm32l4xx_it.h
2021-03-01 20:45:50,106 [INFO] CodeEngine:229 - oldGeneratedFile, D:\my_Projects\Electronic\STM32\CubeIDE\Timer\Core\Src\stm32l4xx_hal_msp.c_save
2021-03-01 20:45:50,233 [INFO] CodeEngine:247 - Generated code: D:\my_Projects\Electronic\STM32\CubeIDE\Timer\Core\Src\stm32l4xx_hal_msp.c
2021-03-01 20:45:50,242 [INFO] CodeEngine:229 - oldGeneratedFile, D:\my_Projects\Electronic\STM32\CubeIDE\Timer\MXTmpFiles\system.tmp_save
2021-03-01 20:45:50,325 [INFO] CodeEngine:247 - Generated code: D:\my_Projects\Electronic\STM32\CubeIDE\Timer\MXTmpFiles\system.tmp
2021-03-01 20:45:50,383 [INFO] CodeEngine:229 - oldGeneratedFile, D:\my_Projects\Electronic\STM32\CubeIDE\Timer\Core\Inc\stm32l4xx_hal_conf.h_save
2021-03-01 20:45:50,679 [INFO] CodeEngine:247 - Generated code: D:\my_Projects\Electronic\STM32\CubeIDE\Timer\Core\Inc\stm32l4xx_hal_conf.h
2021-03-01 20:45:50,897 [INFO] CodeEngine:229 - oldGeneratedFile, D:\my_Projects\Electronic\STM32\CubeIDE\Timer\Core\Inc\main.h_save
2021-03-01 20:45:51,306 [INFO] CodeEngine:247 - Generated code: D:\my_Projects\Electronic\STM32\CubeIDE\Timer\Core\Inc\main.h
2021-03-01 20:45:51,343 [INFO] CodeEngine:229 - oldGeneratedFile, D:\my_Projects\Electronic\STM32\CubeIDE\Timer\Core\Src\main.c_save
2021-03-01 20:45:51,535 [INFO] CodeEngine:247 - Generated code: D:\my_Projects\Electronic\STM32\CubeIDE\Timer\Core\Src\main.c
2021-03-01 20:45:54,010 [INFO] ProjectBuilder:2328 - Time for Copy HAL[1] : 1368mS.
2021-03-01 20:45:54,030 [INFO] ProjectBuilder:3259 - Project Generator version: 3.11.2
2021-03-01 20:45:54,377 [INFO] ConfigFileManager:1238 - The Die is : DIE415
2021-03-01 20:45:54,379 [INFO] ApiDbMcu:456 - Load IP Config File for FATFS
2021-03-01 20:45:54,384 [INFO] ApiDbMcu:456 - Load IP Config File for FREERTOS
2021-03-01 20:45:54,409 [INFO] ApiDbMcu:456 - Load IP Config File for TOUCHSENSING
2021-03-01 20:45:54,418 [INFO] ApiDbMcu:456 - Load IP Config File for USB_DEVICE
2021-03-01 20:45:54,428 [INFO] ApiDbMcu:456 - Load IP Config File for USB_HOST
2021-03-01 20:46:02,121 [INFO] ProjectBuilder:3425 - Time for Generating toolchain IDE Files: 8091mS.
2021-03-01 20:46:02,123 [INFO] ProjectBuilder:2207 - Time for Copy CMSIS : 1mS.
2021-03-01 20:46:02,125 [INFO] ProjectBuilder:2207 - Time for Copy CMSIS : 0mS.
2021-03-01 20:46:05,169 [INFO] ApiDb:263 - Save user favorites file C:\Users\alina/.stm32cubeide/favorites.mcus.txt: 0 item(s)
2021-03-01 20:46:05,169 [INFO] ApiDb:267 - User favorites MCUs=[]
2021-03-01 21:03:09,606 [INFO] Gpio:248 - dependency for GPIO [SYS]
2021-03-01 21:06:10,931 [INFO] Gpio:248 - dependency for GPIO [SYS]
2021-03-01 21:12:39,711 [INFO] NvicIntPanel:90 - NVIC parent = com.st.microxplorer.plugins.ip.nvic.MultiNvicIntPanel[,0,0,519x448,layout=javax.swing.BoxLayout,alignmentX=0.0,alignmentY=0.0,border=,flags=9,maximumSize=,minimumSize=,preferredSize=]
2021-03-01 21:23:32,304 [INFO] NvicIntPanel:90 - NVIC parent = com.st.microxplorer.plugins.ip.nvic.MultiNvicIntPanel[,0,0,0x0,invalid,layout=javax.swing.BoxLayout,alignmentX=0.0,alignmentY=0.0,border=,flags=9,maximumSize=,minimumSize=,preferredSize=]
2021-03-01 21:23:39,907 [INFO] UtilMem:74 - End SaveConfig() Used Memory: 559252296 Bytes (951058432)
2021-03-01 21:23:40,128 [INFO] UtilMem:74 - End SaveConfig() Used Memory: 569738056 Bytes (951058432)
2021-03-01 21:23:42,046 [INFO] UtilMem:74 - End SaveConfig() Used Memory: 713915216 Bytes (951058432)
2021-03-01 21:23:42,870 [INFO] BlockDiagram:2735 - set Specific Code input for plugin: TIM6_7L4
2021-03-01 21:23:42,871 [INFO] BlockDiagram:2735 - set Specific Code input for plugin: SYS
2021-03-01 21:23:42,871 [INFO] BlockDiagram:2735 - set Specific Code input for plugin: RCC
2021-03-01 21:23:42,871 [INFO] BlockDiagram:2735 - set Specific Code input for plugin: NVIC
2021-03-01 21:23:42,871 [INFO] BlockDiagram:2735 - set Specific Code input for plugin: GPIO
2021-03-01 21:23:42,872 [INFO] CodeGenerator:639 - code generatio: config db path: C:\ST\STM32CubeIDE_1.5.1\STM32CubeIDE\plugins\com.st.stm32cube.common.mx_6.1.1.202012091304\\db\
2021-03-01 21:23:43,554 [INFO] CodeEngine:229 - oldGeneratedFile, D:\my_Projects\Electronic\STM32\CubeIDE\Timer\MXTmpFiles\license.tmp_save
2021-03-01 21:23:43,652 [INFO] CodeEngine:247 - Generated code: D:\my_Projects\Electronic\STM32\CubeIDE\Timer\MXTmpFiles\license.tmp
2021-03-01 21:23:43,806 [INFO] CodeEngine:229 - oldGeneratedFile, D:\my_Projects\Electronic\STM32\CubeIDE\Timer\MXTmpFiles\gpio.tmp_save
2021-03-01 21:23:43,943 [INFO] CodeEngine:247 - Generated code: D:\my_Projects\Electronic\STM32\CubeIDE\Timer\MXTmpFiles\gpio.tmp
2021-03-01 21:23:44,149 [INFO] LogOutputStream:76 - [STDOUT_REDIRECT] Command line
2021-03-01 21:23:44,279 [INFO] CodeEngine:229 - oldGeneratedFile, D:\my_Projects\Electronic\STM32\CubeIDE\Timer\Core\Src\stm32l4xx_it.c_save
2021-03-01 21:23:44,526 [INFO] CodeEngine:247 - Generated code: D:\my_Projects\Electronic\STM32\CubeIDE\Timer\Core\Src\stm32l4xx_it.c
2021-03-01 21:23:44,540 [INFO] CodeEngine:229 - oldGeneratedFile, D:\my_Projects\Electronic\STM32\CubeIDE\Timer\Core\Inc\stm32l4xx_it.h_save
2021-03-01 21:23:44,676 [INFO] CodeEngine:247 - Generated code: D:\my_Projects\Electronic\STM32\CubeIDE\Timer\Core\Inc\stm32l4xx_it.h
2021-03-01 21:23:44,760 [INFO] CodeEngine:229 - oldGeneratedFile, D:\my_Projects\Electronic\STM32\CubeIDE\Timer\Core\Src\stm32l4xx_hal_msp.c_save
2021-03-01 21:23:44,953 [INFO] CodeEngine:247 - Generated code: D:\my_Projects\Electronic\STM32\CubeIDE\Timer\Core\Src\stm32l4xx_hal_msp.c
2021-03-01 21:23:44,962 [INFO] CodeEngine:229 - oldGeneratedFile, D:\my_Projects\Electronic\STM32\CubeIDE\Timer\MXTmpFiles\system.tmp_save
2021-03-01 21:23:45,055 [INFO] CodeEngine:247 - Generated code: D:\my_Projects\Electronic\STM32\CubeIDE\Timer\MXTmpFiles\system.tmp
2021-03-01 21:23:45,124 [INFO] CodeEngine:229 - oldGeneratedFile, D:\my_Projects\Electronic\STM32\CubeIDE\Timer\Core\Inc\stm32l4xx_hal_conf.h_save
2021-03-01 21:23:45,370 [INFO] CodeEngine:247 - Generated code: D:\my_Projects\Electronic\STM32\CubeIDE\Timer\Core\Inc\stm32l4xx_hal_conf.h
2021-03-01 21:23:45,430 [WARN] IPConfigManager:2967 - IP not found : TIM
2021-03-01 21:23:45,431 [WARN] CodeGenerator:3177 - IP not found : null
2021-03-01 21:23:45,506 [INFO] CodeEngine:229 - oldGeneratedFile, D:\my_Projects\Electronic\STM32\CubeIDE\Timer\Core\Inc\main.h_save
2021-03-01 21:23:45,665 [INFO] CodeEngine:247 - Generated code: D:\my_Projects\Electronic\STM32\CubeIDE\Timer\Core\Inc\main.h
2021-03-01 21:23:45,723 [INFO] CodeEngine:229 - oldGeneratedFile, D:\my_Projects\Electronic\STM32\CubeIDE\Timer\Core\Src\main.c_save
2021-03-01 21:23:45,955 [INFO] CodeEngine:247 - Generated code: D:\my_Projects\Electronic\STM32\CubeIDE\Timer\Core\Src\main.c
2021-03-01 21:23:47,819 [INFO] ProjectBuilder:2328 - Time for Copy HAL[1] : 1305mS.
2021-03-01 21:23:47,824 [INFO] ProjectBuilder:3259 - Project Generator version: 3.11.2
2021-03-01 21:23:48,918 [INFO] ConfigFileManager:1238 - The Die is : DIE415
2021-03-01 21:23:55,587 [INFO] ProjectBuilder:3425 - Time for Generating toolchain IDE Files: 7763mS.
2021-03-01 21:23:55,588 [INFO] ProjectBuilder:2207 - Time for Copy CMSIS : 1mS.
2021-03-01 21:23:55,595 [INFO] ProjectBuilder:2207 - Time for Copy CMSIS : 0mS.
2021-03-03 19:36:17,850 [INFO] Activator:170 - 


2021-03-03 19:36:17,882 [INFO] Activator:171 - !SESSION log4j initialized
2021-03-03 19:37:40,012 [INFO] RetryExec:97 - I/O exception (org.apache.http.NoHttpResponseException) caught when processing request to {}->http://sw-center.st.com:80: The target server failed to respond
2021-03-03 19:37:40,017 [INFO] RetryExec:113 - Retrying request to {}->http://sw-center.st.com:80
2021-03-29 23:30:25,043 [INFO] Activator:170 - 


2021-03-29 23:30:25,075 [INFO] Activator:171 - !SESSION log4j initialized
2021-03-29 23:31:07,390 [INFO] ApplicationProperties:181 - Using Application install path: C:\ST\STM32CubeIDE_1.5.1\STM32CubeIDE\plugins\com.st.stm32cube.common.mx_6.1.1.202012091304
2021-03-29 23:31:07,406 [INFO] DbMcusXml:71 - Set database path to: C:\ST\STM32CubeIDE_1.5.1\STM32CubeIDE\plugins\com.st.stm32cube.common.mx_6.1.1.202012091304\\db\/mcu/
2021-03-29 23:31:07,422 [INFO] DbBoardsPdsc:57 - Set plugin database path to: C:\ST\STM32CubeIDE_1.5.1\STM32CubeIDE\plugins\com.st.stm32cube.common.mx_6.1.1.202012091304\\db\/plugins/boardmanager/
2021-03-29 23:31:07,422 [INFO] DbMcus:259 - Set plugin images path to: C:\ST\STM32CubeIDE_1.5.1\STM32CubeIDE\plugins\com.st.stm32cube.common.mx_6.1.1.202012091304\\db\/plugins/mcufinder/images/
2021-03-29 23:31:07,422 [INFO] DbBoards:265 - Set plugin images path to: C:\ST\STM32CubeIDE_1.5.1\STM32CubeIDE\plugins\com.st.stm32cube.common.mx_6.1.1.202012091304\\db\/plugins/mcufinder/images/
2021-03-29 23:31:07,422 [INFO] DbExamples:329 - Set plugin images path to: C:\ST\STM32CubeIDE_1.5.1\STM32CubeIDE\plugins\com.st.stm32cube.common.mx_6.1.1.202012091304\\db\/plugins/mcufinder/images/
2021-03-29 23:31:07,453 [INFO] DbMcusDocs:112 - Set database path to: C:\Users\alina\.stmcufinder\plugins\mcufinder//mcu/
2021-03-29 23:31:07,453 [INFO] DbMcusJson:63 - Set database path to: C:\Users\alina\.stmcufinder\plugins\mcufinder//mcu/
2021-03-29 23:31:07,453 [INFO] DbBoardsDocs:112 - Set database path to: C:\Users\alina\.stmcufinder\plugins\mcufinder//mcu/
2021-03-29 23:31:07,453 [INFO] DbBoardsJson:56 - Set database path to: C:\Users\alina\.stmcufinder\plugins\mcufinder//mcu/
2021-03-29 23:31:07,453 [INFO] CrossReferenceDbSqlite:196 - Set database path to: C:\Users\alina\.stmcufinder\plugins\mcufinder//mcu/cs/
2021-03-29 23:31:07,469 [INFO] DbExamplesSqlite:699 - Set database path to: C:\Users\alina\.stmcufinder\plugins\mcufinder//mcu/
2021-03-29 23:31:07,672 [INFO] RulesReader:52 - Compatibility file has been processed (228 Rules)
2021-03-29 23:31:07,984 [INFO] MicroXplorer:565 - Detected Java Version = 1.8.0_272
2021-03-29 23:31:07,984 [INFO] DbMcusXml:71 - Set database path to: C:\ST\STM32CubeIDE_1.5.1\STM32CubeIDE\plugins\com.st.stm32cube.common.mx_6.1.1.202012091304\\db\/mcu/
2021-03-29 23:31:07,984 [INFO] DbBoardsPdsc:57 - Set plugin database path to: C:\ST\STM32CubeIDE_1.5.1\STM32CubeIDE\plugins\com.st.stm32cube.common.mx_6.1.1.202012091304\\db\/plugins/boardmanager/
2021-03-29 23:31:07,984 [INFO] DbMcus:259 - Set plugin images path to: C:\ST\STM32CubeIDE_1.5.1\STM32CubeIDE\plugins\com.st.stm32cube.common.mx_6.1.1.202012091304\\db\/plugins/mcufinder/images/
2021-03-29 23:31:07,984 [INFO] DbBoards:265 - Set plugin images path to: C:\ST\STM32CubeIDE_1.5.1\STM32CubeIDE\plugins\com.st.stm32cube.common.mx_6.1.1.202012091304\\db\/plugins/mcufinder/images/
2021-03-29 23:31:07,984 [INFO] DbExamples:329 - Set plugin images path to: C:\ST\STM32CubeIDE_1.5.1\STM32CubeIDE\plugins\com.st.stm32cube.common.mx_6.1.1.202012091304\\db\/plugins/mcufinder/images/
2021-03-29 23:31:07,984 [WARN] DbFile:36 - Overriding database path with different value: C:\Users\alina\.stmcufinder\plugins\mcufinder/ => C:\Users\alina\.stmcufinder\plugins\mcufinder
2021-03-29 23:31:07,984 [INFO] DbMcusDocs:112 - Set database path to: C:\Users\alina\.stmcufinder\plugins\mcufinder//mcu/
2021-03-29 23:31:07,984 [WARN] DbFile:36 - Overriding database path with different value: C:\Users\alina\.stmcufinder\plugins\mcufinder/ => C:\Users\alina\.stmcufinder\plugins\mcufinder
2021-03-29 23:31:07,984 [INFO] DbMcusJson:63 - Set database path to: C:\Users\alina\.stmcufinder\plugins\mcufinder//mcu/
2021-03-29 23:31:07,984 [WARN] DbFile:36 - Overriding database path with different value: C:\Users\alina\.stmcufinder\plugins\mcufinder/ => C:\Users\alina\.stmcufinder\plugins\mcufinder
2021-03-29 23:31:07,984 [INFO] DbBoardsDocs:112 - Set database path to: C:\Users\alina\.stmcufinder\plugins\mcufinder//mcu/
2021-03-29 23:31:07,984 [WARN] DbFile:36 - Overriding database path with different value: C:\Users\alina\.stmcufinder\plugins\mcufinder/ => C:\Users\alina\.stmcufinder\plugins\mcufinder
2021-03-29 23:31:07,984 [INFO] DbBoardsJson:56 - Set database path to: C:\Users\alina\.stmcufinder\plugins\mcufinder//mcu/
2021-03-29 23:31:07,984 [WARN] DbFile:36 - Overriding database path with different value: C:\Users\alina\.stmcufinder\plugins\mcufinder/ => C:\Users\alina\.stmcufinder\plugins\mcufinder
2021-03-29 23:31:07,984 [WARN] DbFile:36 - Overriding database path with different value: C:\Users\alina\.stmcufinder\plugins\mcufinder/ => C:\Users\alina\.stmcufinder\plugins\mcufinder
2021-03-29 23:31:07,984 [INFO] CrossReferenceDbSqlite:196 - Set database path to: C:\Users\alina\.stmcufinder\plugins\mcufinder//mcu/cs/
2021-03-29 23:31:07,984 [WARN] DbFile:36 - Overriding database path with different value: C:\Users\alina\.stmcufinder\plugins\mcufinder/ => C:\Users\alina\.stmcufinder\plugins\mcufinder
2021-03-29 23:31:07,984 [INFO] DbExamplesSqlite:699 - Set database path to: C:\Users\alina\.stmcufinder\plugins\mcufinder//mcu/
2021-03-29 23:31:08,203 [INFO] MainPanel:190 - HeapMemory: 268435456
2021-03-29 23:31:08,328 [INFO] DbMcusXml:71 - Set database path to: C:\ST\STM32CubeIDE_1.5.1\STM32CubeIDE\plugins\com.st.stm32cube.common.mx_6.1.1.202012091304\\db\/mcu/
2021-03-29 23:31:08,328 [INFO] DbBoardsPdsc:57 - Set plugin database path to: C:\ST\STM32CubeIDE_1.5.1\STM32CubeIDE\plugins\com.st.stm32cube.common.mx_6.1.1.202012091304\\db\/plugins/boardmanager/
2021-03-29 23:31:08,328 [INFO] DbMcus:259 - Set plugin images path to: C:\ST\STM32CubeIDE_1.5.1\STM32CubeIDE\plugins\com.st.stm32cube.common.mx_6.1.1.202012091304\\db\/plugins/mcufinder/images/
2021-03-29 23:31:08,328 [INFO] DbBoards:265 - Set plugin images path to: C:\ST\STM32CubeIDE_1.5.1\STM32CubeIDE\plugins\com.st.stm32cube.common.mx_6.1.1.202012091304\\db\/plugins/mcufinder/images/
2021-03-29 23:31:08,328 [INFO] DbExamples:329 - Set plugin images path to: C:\ST\STM32CubeIDE_1.5.1\STM32CubeIDE\plugins\com.st.stm32cube.common.mx_6.1.1.202012091304\\db\/plugins/mcufinder/images/
2021-03-29 23:31:08,328 [WARN] DbFile:36 - Overriding database path with different value: C:\Users\alina\.stmcufinder\plugins\mcufinder/ => C:\Users\alina\.stmcufinder\plugins\mcufinder
2021-03-29 23:31:08,328 [INFO] DbMcusDocs:112 - Set database path to: C:\Users\alina\.stmcufinder\plugins\mcufinder//mcu/
2021-03-29 23:31:08,328 [WARN] DbFile:36 - Overriding database path with different value: C:\Users\alina\.stmcufinder\plugins\mcufinder/ => C:\Users\alina\.stmcufinder\plugins\mcufinder
2021-03-29 23:31:08,328 [INFO] DbMcusJson:63 - Set database path to: C:\Users\alina\.stmcufinder\plugins\mcufinder//mcu/
2021-03-29 23:31:08,328 [WARN] DbFile:36 - Overriding database path with different value: C:\Users\alina\.stmcufinder\plugins\mcufinder/ => C:\Users\alina\.stmcufinder\plugins\mcufinder
2021-03-29 23:31:08,328 [INFO] DbBoardsDocs:112 - Set database path to: C:\Users\alina\.stmcufinder\plugins\mcufinder//mcu/
2021-03-29 23:31:08,328 [WARN] DbFile:36 - Overriding database path with different value: C:\Users\alina\.stmcufinder\plugins\mcufinder/ => C:\Users\alina\.stmcufinder\plugins\mcufinder
2021-03-29 23:31:08,328 [INFO] DbBoardsJson:56 - Set database path to: C:\Users\alina\.stmcufinder\plugins\mcufinder//mcu/
2021-03-29 23:31:08,328 [WARN] DbFile:36 - Overriding database path with different value: C:\Users\alina\.stmcufinder\plugins\mcufinder/ => C:\Users\alina\.stmcufinder\plugins\mcufinder
2021-03-29 23:31:08,328 [WARN] DbFile:36 - Overriding database path with different value: C:\Users\alina\.stmcufinder\plugins\mcufinder/ => C:\Users\alina\.stmcufinder\plugins\mcufinder
2021-03-29 23:31:08,328 [INFO] CrossReferenceDbSqlite:196 - Set database path to: C:\Users\alina\.stmcufinder\plugins\mcufinder//mcu/cs/
2021-03-29 23:31:08,328 [WARN] DbFile:36 - Overriding database path with different value: C:\Users\alina\.stmcufinder\plugins\mcufinder/ => C:\Users\alina\.stmcufinder\plugins\mcufinder
2021-03-29 23:31:08,328 [INFO] DbExamplesSqlite:699 - Set database path to: C:\Users\alina\.stmcufinder\plugins\mcufinder//mcu/
2021-03-29 23:31:08,359 [INFO] ApplicationProperties:181 - Using Application install path: C:\ST\STM32CubeIDE_1.5.1\STM32CubeIDE\plugins\com.st.stm32cube.common.mx_6.1.1.202012091304
2021-03-29 23:31:08,359 [INFO] PluginManage:178 - Search for loadable plugins [exclusion list=, ]
2021-03-29 23:31:08,359 [INFO] PluginManage:292 - Check plugin analytics
2021-03-29 23:31:19,880 [INFO] AnalyticsPlugin:225 - Accepted Software Licenses: STM32CubeMX.6.1.0,STM32CubeMX.6.1.1,STM32CubeMX.6.1.2,STM32CubeMX.6.2.0
2021-03-29 23:31:19,896 [INFO] AnalyticsPlugin:227 - Accepted CMSIS Pack Licenses: 
2021-03-29 23:31:19,896 [INFO] AnalyticsPlugin:229 - Accepted Firmware Licenses: 
2021-03-29 23:31:19,896 [INFO] PluginManage:342 - Loaded plugin analytics (category:tool,tabindex:-1)
2021-03-29 23:31:19,896 [INFO] PluginManage:292 - Check plugin clock
2021-03-29 23:31:19,943 [INFO] PluginManage:342 - Loaded plugin clock (category:base,tabindex:2)
2021-03-29 23:31:19,943 [INFO] PluginManage:292 - Check plugin ddr
2021-03-29 23:31:19,943 [INFO] PluginManage:342 - Loaded plugin ddr (category:tool,tabindex:6)
2021-03-29 23:31:19,943 [INFO] PluginManage:292 - Check plugin filemanager
2021-03-29 23:31:20,208 [INFO] PluginManage:342 - Loaded plugin filemanager (category:base,tabindex:10)
2021-03-29 23:31:20,208 [INFO] PluginManage:292 - Check plugin ipmanager
2021-03-29 23:31:20,240 [INFO] PluginManage:342 - Loaded plugin ipmanager (category:base,tabindex:5)
2021-03-29 23:31:20,240 [INFO] PluginManage:292 - Check plugin pinoutandconfiguration
2021-03-29 23:31:20,271 [INFO] PluginManage:342 - Loaded plugin pinoutandconfiguration (category:base,tabindex:1)
2021-03-29 23:31:20,271 [INFO] PluginManage:292 - Check plugin pinoutconfig
2021-03-29 23:31:20,333 [INFO] PluginManage:342 - Loaded plugin pinoutconfig (category:base,tabindex:0)
2021-03-29 23:31:20,333 [INFO] PluginManage:292 - Check plugin power
2021-03-29 23:31:20,365 [INFO] PluginManage:342 - Loaded plugin power (category:power,tabindex:4)
2021-03-29 23:31:20,365 [INFO] PluginManage:292 - Check plugin projectmanager
2021-03-29 23:31:20,396 [INFO] PluginManage:342 - Loaded plugin projectmanager (category:projectmanager,tabindex:3)
2021-03-29 23:31:20,396 [INFO] PluginManage:292 - Check plugin thirdparty
2021-03-29 23:31:20,802 [INFO] PluginManage:342 - Loaded plugin thirdparty (category:base,tabindex:-1)
2021-03-29 23:31:20,802 [WARN] IntegrityCheckThread:59 - waiting for thirdparty lock release [integrity check]
2021-03-29 23:31:20,802 [INFO] PluginManage:292 - Check plugin tools
2021-03-29 23:31:20,802 [INFO] IntegrityCheckThread:61 - entering critical section [integrity check]
2021-03-29 23:31:20,802 [INFO] ThirdPartyUpdaterWithRetryManager:56 - Updater plugin not ready yet. [1/15]
2021-03-29 23:31:20,880 [INFO] PluginManage:342 - Loaded plugin tools (category:base,tabindex:7)
2021-03-29 23:31:20,880 [INFO] PluginManage:292 - Check plugin tutovideos
2021-03-29 23:31:21,302 [INFO] PluginManage:342 - Loaded plugin tutovideos (category:base,tabindex:-1)
2021-03-29 23:31:21,302 [INFO] PluginManage:292 - Check plugin updater
2021-03-29 23:31:21,317 [INFO] PluginManage:342 - Loaded plugin updater (category:base,tabindex:12)
2021-03-29 23:31:21,317 [INFO] PluginManage:265 - PluginManage : Loaded plugins [13]
2021-03-29 23:31:21,974 [INFO] PinOutPanel:1434 - setPackage(No Configuration,No Configuration)
2021-03-29 23:31:22,270 [INFO] IPUIPlugin:64 - create IPUIPlugin
2021-03-29 23:31:22,286 [INFO] PluginManager:203 - loadIPPluginJar : add adc
2021-03-29 23:31:22,333 [INFO] IPUIPlugin:64 - create IPUIPlugin
2021-03-29 23:31:22,333 [INFO] PluginManager:203 - loadIPPluginJar : add aes
2021-03-29 23:31:22,411 [INFO] IPUIPlugin:64 - create IPUIPlugin
2021-03-29 23:31:22,411 [INFO] PluginManager:203 - loadIPPluginJar : add can
2021-03-29 23:31:22,458 [INFO] IPUIPlugin:64 - create IPUIPlugin
2021-03-29 23:31:22,458 [INFO] PluginManager:203 - loadIPPluginJar : add comp
2021-03-29 23:31:22,505 [INFO] IPUIPlugin:64 - create IPUIPlugin
2021-03-29 23:31:22,505 [INFO] PluginManager:203 - loadIPPluginJar : add cryp
2021-03-29 23:31:22,567 [INFO] IPUIPlugin:64 - create IPUIPlugin
2021-03-29 23:31:22,567 [INFO] PluginManager:203 - loadIPPluginJar : add dfsdm
2021-03-29 23:31:22,583 [INFO] IPUIPlugin:64 - create IPUIPlugin
2021-03-29 23:31:22,583 [INFO] PluginManager:203 - loadIPPluginJar : add dma
2021-03-29 23:31:22,630 [INFO] IPUIPlugin:64 - create IPUIPlugin
2021-03-29 23:31:22,630 [INFO] PluginManager:203 - loadIPPluginJar : add fatfs
2021-03-29 23:31:22,723 [INFO] IPUIPlugin:64 - create IPUIPlugin
2021-03-29 23:31:22,723 [INFO] PluginManager:203 - loadIPPluginJar : add fmc
2021-03-29 23:31:22,755 [INFO] IPUIPlugin:64 - create IPUIPlugin
2021-03-29 23:31:22,755 [INFO] PluginManager:203 - loadIPPluginJar : add freertos
2021-03-29 23:31:22,786 [INFO] IPUIPlugin:64 - create IPUIPlugin
2021-03-29 23:31:22,801 [INFO] PluginManager:203 - loadIPPluginJar : add genericplugin
2021-03-29 23:31:22,942 [INFO] IPUIPlugin:64 - create IPUIPlugin
2021-03-29 23:31:22,942 [INFO] PluginManager:203 - loadIPPluginJar : add gfxmmu
2021-03-29 23:31:23,145 [INFO] IPUIPlugin:64 - create IPUIPlugin
2021-03-29 23:31:23,145 [INFO] PluginManager:203 - loadIPPluginJar : add gic
2021-03-29 23:31:23,161 [INFO] IPUIPlugin:64 - create IPUIPlugin
2021-03-29 23:31:23,176 [INFO] PluginManager:203 - loadIPPluginJar : add gpio
2021-03-29 23:31:23,270 [INFO] IPUIPlugin:64 - create IPUIPlugin
2021-03-29 23:31:23,270 [INFO] PluginManager:203 - loadIPPluginJar : add gtzc
2021-03-29 23:31:23,333 [INFO] IPUIPlugin:64 - create IPUIPlugin
2021-03-29 23:31:23,333 [INFO] PluginManager:203 - loadIPPluginJar : add hash
2021-03-29 23:31:23,426 [INFO] IPUIPlugin:64 - create IPUIPlugin
2021-03-29 23:31:23,426 [INFO] PluginManager:203 - loadIPPluginJar : add i2c
2021-03-29 23:31:23,504 [INFO] IPUIPlugin:64 - create IPUIPlugin
2021-03-29 23:31:23,504 [INFO] PluginManager:203 - loadIPPluginJar : add i2s
2021-03-29 23:31:23,536 [INFO] IPUIPlugin:64 - create IPUIPlugin
2021-03-29 23:31:23,536 [INFO] PluginManager:203 - loadIPPluginJar : add ipddr
2021-03-29 23:31:23,583 [INFO] IPUIPlugin:64 - create IPUIPlugin
2021-03-29 23:31:23,583 [INFO] PluginManager:203 - loadIPPluginJar : add lorawan
2021-03-29 23:31:23,676 [INFO] IPUIPlugin:64 - create IPUIPlugin
2021-03-29 23:31:23,676 [INFO] PluginManager:203 - loadIPPluginJar : add ltdc
2021-03-29 23:31:23,708 [INFO] IPUIPlugin:64 - create IPUIPlugin
2021-03-29 23:31:23,708 [INFO] PluginManager:203 - loadIPPluginJar : add mdma
2021-03-29 23:31:23,723 [INFO] IPUIPlugin:64 - create IPUIPlugin
2021-03-29 23:31:23,723 [INFO] PluginManager:203 - loadIPPluginJar : add nvic
2021-03-29 23:31:23,786 [INFO] IPUIPlugin:64 - create IPUIPlugin
2021-03-29 23:31:23,786 [INFO] PluginManager:203 - loadIPPluginJar : add opamp
2021-03-29 23:31:23,817 [INFO] ThirdPartyUpdaterWithRetryManager:56 - Updater plugin not ready yet. [2/15]
2021-03-29 23:31:23,864 [INFO] IPUIPlugin:64 - create IPUIPlugin
2021-03-29 23:31:23,864 [INFO] PluginManager:203 - loadIPPluginJar : add openamp
2021-03-29 23:31:23,942 [INFO] IPUIPlugin:64 - create IPUIPlugin
2021-03-29 23:31:23,942 [INFO] PluginManager:203 - loadIPPluginJar : add pdm2pcm
2021-03-29 23:31:23,989 [INFO] IPUIPlugin:64 - create IPUIPlugin
2021-03-29 23:31:23,989 [INFO] PluginManager:203 - loadIPPluginJar : add plateformsettings
2021-03-29 23:31:24,036 [INFO] IPUIPlugin:64 - create IPUIPlugin
2021-03-29 23:31:24,036 [INFO] PluginManager:203 - loadIPPluginJar : add quadspi
2021-03-29 23:31:24,051 [INFO] IPUIPlugin:64 - create IPUIPlugin
2021-03-29 23:31:24,051 [INFO] PluginManager:203 - loadIPPluginJar : add resmgrutility
2021-03-29 23:31:24,145 [INFO] IPUIPlugin:64 - create IPUIPlugin
2021-03-29 23:31:24,145 [INFO] PluginManager:203 - loadIPPluginJar : add sai
2021-03-29 23:31:24,207 [INFO] IPUIPlugin:64 - create IPUIPlugin
2021-03-29 23:31:24,207 [INFO] PluginManager:203 - loadIPPluginJar : add spi
2021-03-29 23:31:24,317 [INFO] IPUIPlugin:64 - create IPUIPlugin
2021-03-29 23:31:24,317 [INFO] PluginManager:203 - loadIPPluginJar : add stm32_wpan
2021-03-29 23:31:24,348 [INFO] IPUIPlugin:64 - create IPUIPlugin
2021-03-29 23:31:24,348 [INFO] PluginManager:203 - loadIPPluginJar : add tim
2021-03-29 23:31:24,473 [INFO] IPUIPlugin:64 - create IPUIPlugin
2021-03-29 23:31:24,473 [INFO] PluginManager:203 - loadIPPluginJar : add touchsensing
2021-03-29 23:31:24,535 [INFO] IPUIPlugin:64 - create IPUIPlugin
2021-03-29 23:31:24,535 [INFO] PluginManager:203 - loadIPPluginJar : add tracer_emb
2021-03-29 23:31:24,582 [INFO] IPUIPlugin:64 - create IPUIPlugin
2021-03-29 23:31:24,582 [INFO] PluginManager:203 - loadIPPluginJar : add ts
2021-03-29 23:31:24,645 [INFO] IPUIPlugin:64 - create IPUIPlugin
2021-03-29 23:31:24,645 [INFO] PluginManager:203 - loadIPPluginJar : add tsc
2021-03-29 23:31:24,707 [INFO] IPUIPlugin:64 - create IPUIPlugin
2021-03-29 23:31:24,707 [INFO] PluginManager:203 - loadIPPluginJar : add ucpd
2021-03-29 23:31:24,785 [INFO] IPUIPlugin:64 - create IPUIPlugin
2021-03-29 23:31:24,785 [INFO] PluginManager:203 - loadIPPluginJar : add usart
2021-03-29 23:31:25,270 [FATAL] Updater:284 - Updater called before beeing initialized
2021-03-29 23:31:25,535 [FATAL] Updater:284 - Updater called before beeing initialized
2021-03-29 23:31:25,660 [WARN] DetailPanel:347 - Failed to get advertising image, set to default
2021-03-29 23:31:25,660 [FATAL] Updater:284 - Updater called before beeing initialized
2021-03-29 23:31:25,660 [WARN] DetailPanel:347 - Failed to get advertising image, set to default
2021-03-29 23:31:25,754 [FATAL] Updater:284 - Updater called before beeing initialized
2021-03-29 23:31:25,754 [WARN] ThirdParty:783 - waiting for thirdparty lock release [close project]
2021-03-29 23:31:26,822 [INFO] ThirdPartyUpdaterWithRetryManager:56 - Updater plugin not ready yet. [3/15]
2021-03-29 23:31:29,824 [FATAL] Updater:284 - Updater called before beeing initialized
2021-03-29 23:31:29,824 [ERROR] AbstractThirdPartyUpdaterManager:153 - java.lang.Integer cannot be cast to java.util.List
2021-03-29 23:31:29,824 [INFO] ThirdParty:887 - Integrity check success = false
2021-03-29 23:31:29,824 [INFO] IntegrityCheckThread:75 - exiting critical section [integrity check]
2021-03-29 23:31:29,824 [INFO] IntegrityCheckThread:78 - End integrity checks thread
2021-03-29 23:31:29,824 [INFO] ThirdParty:785 - entering critical section [close project]
2021-03-29 23:31:29,824 [INFO] ThirdParty:796 - exiting critical section [close project]
2021-03-29 23:31:29,824 [INFO] PinOutPanel:1434 - setPackage(No Configuration,No Configuration)
2021-03-29 23:31:29,824 [FATAL] Updater:284 - Updater called before beeing initialized
2021-03-29 23:31:29,839 [ERROR] Updater:1065 - MainUpdater not yet initialized. External WinMGr cannot be set.
2021-03-29 23:31:29,917 [INFO] Updater:1002 - Updater Version found : 6.1.1
2021-03-29 23:31:29,933 [INFO] ApplicationProperties:181 - Using Application install path: C:\ST\STM32CubeIDE_1.5.1\STM32CubeIDE\plugins\com.st.stm32cube.common.mx_6.1.1.202012091304
2021-03-29 23:31:30,105 [INFO] MainUpdater:473 - Copy updater definitions from MX database
2021-03-29 23:31:30,480 [INFO] MainUpdater:2644 - connection check result : 10
2021-03-29 23:31:30,480 [INFO] MainUpdater:3332 - Updater definition file requires update
2021-03-29 23:31:30,480 [INFO] MainUpdater:249 - Updater Check For Update Now.
2021-03-29 23:31:30,480 [INFO] MicroXplorer:415 - Change Database Version : DB.6.0.10
2021-03-29 23:31:30,761 [INFO] ServerAccessManage:348 - Download File updaters.zip
2021-03-29 23:31:31,261 [INFO] FileExtend:225 - Unzip File : updaters.zip
2021-03-29 23:31:31,261 [INFO] FileExtend:240 - Standard Zip Deflate
2021-03-29 23:31:35,557 [INFO] ServerAccessManage:348 - Download File PacksControlFlags.xml
2021-03-29 23:31:35,885 [INFO] ServerAccessManage:348 - Download File cubemx.pidx
2021-03-29 23:31:36,103 [INFO] LoadServerUpdatesThread:329 - End of LoadServerUpdate Thread
2021-03-29 23:31:36,150 [INFO] CheckServerUpdateThread:102 - End of CheckServer Thread
2021-03-29 23:31:36,182 [INFO] MainUpdater:2644 - connection check result : 10
2021-03-29 23:31:39,665 [INFO] FinderAction:94 - Refresh Data: download all database files
2021-03-29 23:31:40,150 [INFO] ServerAccessManage:348 - Download File mcusDocs.json._tmp_
2021-03-29 23:31:40,653 [INFO] LoadUrlFilesThread:135 - End of LoadUrlFiles Thread
2021-03-29 23:31:40,856 [INFO] ServerAccessManage:348 - Download File mcusFeaturesAndDescription.json._tmp_
2021-03-29 23:31:52,090 [INFO] LoadUrlFilesThread:135 - End of LoadUrlFiles Thread
2021-03-29 23:31:52,308 [INFO] ServerAccessManage:348 - Download File boardsDocs.json._tmp_
2021-03-29 23:31:52,808 [INFO] LoadUrlFilesThread:135 - End of LoadUrlFiles Thread
2021-03-29 23:31:52,996 [INFO] ServerAccessManage:348 - Download File boards.json._tmp_
2021-03-29 23:31:53,917 [INFO] LoadUrlFilesThread:135 - End of LoadUrlFiles Thread
2021-03-29 23:31:54,261 [INFO] ServerAccessManage:348 - Download File cube-finder-db.zip
2021-03-29 23:31:57,417 [INFO] RetryExec:97 - I/O exception (org.apache.http.NoHttpResponseException) caught when processing request to {}->http://sw-center.st.com:80: The target server failed to respond
2021-03-29 23:31:57,417 [INFO] RetryExec:113 - Retrying request to {}->http://sw-center.st.com:80
2021-03-29 23:32:01,478 [INFO] RetryExec:97 - I/O exception (org.apache.http.NoHttpResponseException) caught when processing request to {}->http://sw-center.st.com:80: The target server failed to respond
2021-03-29 23:32:01,478 [INFO] RetryExec:113 - Retrying request to {}->http://sw-center.st.com:80
2021-03-29 23:32:05,805 [INFO] RetryExec:97 - I/O exception (org.apache.http.NoHttpResponseException) caught when processing request to {}->http://sw-center.st.com:80: The target server failed to respond
2021-03-29 23:32:05,805 [INFO] RetryExec:113 - Retrying request to {}->http://sw-center.st.com:80
2021-03-29 23:32:06,633 [INFO] RetryExec:97 - I/O exception (org.apache.http.NoHttpResponseException) caught when processing request to {}->http://sw-center.st.com:80: The target server failed to respond
2021-03-29 23:32:06,633 [INFO] RetryExec:113 - Retrying request to {}->http://sw-center.st.com:80
2021-03-29 23:32:07,274 [INFO] RetryExec:97 - I/O exception (org.apache.http.NoHttpResponseException) caught when processing request to {}->http://sw-center.st.com:80: The target server failed to respond
2021-03-29 23:32:07,274 [INFO] RetryExec:113 - Retrying request to {}->http://sw-center.st.com:80
2021-03-29 23:32:19,146 [INFO] FileExtend:225 - Unzip File : cube-finder-db.zip
2021-03-29 23:32:19,146 [INFO] FileExtend:240 - Standard Zip Deflate
2021-03-29 23:32:19,505 [INFO] LoadUrlFilesThread:135 - End of LoadUrlFiles Thread
2021-03-29 23:32:19,521 [INFO] RetryExec:97 - I/O exception (org.apache.http.NoHttpResponseException) caught when processing request to {}->http://sw-center.st.com:80: The target server failed to respond
2021-03-29 23:32:19,521 [INFO] RetryExec:113 - Retrying request to {}->http://sw-center.st.com:80
2021-03-29 23:32:20,661 [INFO] RetryExec:97 - I/O exception (org.apache.http.NoHttpResponseException) caught when processing request to {}->http://sw-center.st.com:80: The target server failed to respond
2021-03-29 23:32:20,677 [INFO] RetryExec:113 - Retrying request to {}->http://sw-center.st.com:80
2021-03-29 23:32:21,192 [INFO] RetryExec:97 - I/O exception (org.apache.http.NoHttpResponseException) caught when processing request to {}->http://sw-center.st.com:80: The target server failed to respond
2021-03-29 23:32:21,192 [INFO] RetryExec:113 - Retrying request to {}->http://sw-center.st.com:80
2021-03-29 23:32:29,800 [INFO] ServerAccessManage:348 - Download File crdb.zip
2021-03-29 23:32:30,534 [INFO] FileExtend:225 - Unzip File : crdb.zip
2021-03-29 23:32:30,534 [INFO] FileExtend:240 - Standard Zip Deflate
2021-03-29 23:32:30,581 [INFO] LoadUrlFilesThread:135 - End of LoadUrlFiles Thread
2021-03-29 23:32:30,799 [INFO] ServerAccessManage:348 - Download File tutoVideoDB.zip
2021-03-29 23:32:31,112 [INFO] FileExtend:225 - Unzip File : tutoVideoDB.zip
2021-03-29 23:32:31,112 [INFO] FileExtend:240 - Standard Zip Deflate
2021-03-29 23:32:31,159 [INFO] LoadUrlFilesThread:135 - End of LoadUrlFiles Thread
2021-03-29 23:32:31,206 [INFO] DbMcusDocs:145 - JSON generation date=Mon Feb 08 17:05:07 IRST 2021 (1612791307)
2021-03-29 23:32:31,206 [INFO] DbMcusXml:97 - Load MCU database from C:\ST\STM32CubeIDE_1.5.1\STM32CubeIDE\plugins\com.st.stm32cube.common.mx_6.1.1.202012091304\\db\/mcu/families.xml
2021-03-29 23:32:32,690 [INFO] DbMcusJson:92 - JSON generation date=Mon Feb 08 17:05:07 IRST 2021 (1612791307)
2021-03-29 23:32:33,955 [INFO] DbMcus:176 - Found 1835 MCUs (1796 are supported by CubeMX, 1804 are visible in CubeMX)
2021-03-29 23:32:33,955 [INFO] ApiDb:238 - Load user favorites file C:\Users\alina/.stm32cubemx/favorites.mcus.txt: 0 item(s)
2021-03-29 23:32:33,955 [INFO] ApiDb:242 - User favorites MCUs=[]
2021-03-29 23:32:33,955 [INFO] DbMcus:188 - Set 0 / 0 favorites MCUs
2021-03-29 23:32:34,549 [INFO] DbMcusDocs:81 - Found 617 MCUs documents
2021-03-29 23:32:34,549 [INFO] ApiDb:263 - Save user favorites file C:\Users\alina/.stm32cubemx/favorites.mcus.txt: 0 item(s)
2021-03-29 23:32:34,549 [INFO] ApiDb:267 - User favorites MCUs=[]
2021-03-29 23:32:34,549 [INFO] DbMcusXml:97 - Load MCU database from C:\ST\STM32CubeIDE_1.5.1\STM32CubeIDE\plugins\com.st.stm32cube.common.mx_6.1.1.202012091304\\db\/mcu/families.xml
2021-03-29 23:32:35,908 [INFO] DbMcusJson:92 - JSON generation date=Mon Feb 08 17:05:07 IRST 2021 (1612791307)
2021-03-29 23:32:37,235 [INFO] DbMcus:176 - Found 1835 MCUs (1796 are supported by CubeMX, 1804 are visible in CubeMX)
2021-03-29 23:32:37,251 [INFO] ApiDb:238 - Load user favorites file C:\Users\alina/.stm32cubemx/favorites.mcus.txt: 0 item(s)
2021-03-29 23:32:37,251 [INFO] ApiDb:242 - User favorites MCUs=[]
2021-03-29 23:32:37,251 [INFO] DbMcus:188 - Set 0 / 0 favorites MCUs
2021-03-29 23:32:37,423 [INFO] DbBoardsDocs:145 - JSON generation date=Mon Feb 08 17:05:07 IRST 2021 (1612791307)
2021-03-29 23:32:37,610 [INFO] DbBoardsPdsc:91 - Found 24 items
2021-03-29 23:32:37,673 [INFO] DbBoardsPdsc:91 - Found 9 items
2021-03-29 23:32:37,704 [INFO] DbBoardsPdsc:91 - Found 32 items
2021-03-29 23:32:37,720 [INFO] DbBoardsPdsc:91 - Found 1 items
2021-03-29 23:32:37,845 [INFO] DbBoardsPdsc:91 - Found 45 items
2021-03-29 23:32:37,892 [INFO] DbBoardsPdsc:91 - Found 41 items
2021-03-29 23:32:37,923 [INFO] DbBoardsPdsc:91 - Found 2 items
2021-03-29 23:32:37,954 [INFO] DbBoardsPdsc:91 - Found 4 items
2021-03-29 23:32:37,954 [WARN] DbBoardsPdsc:255 - Board STM32H7B3I-DK: unknown feature type=Audio, name=, username=Audio stereo codec with Headphone Amp (CS42L51-CNZ), n=1
2021-03-29 23:32:37,954 [WARN] DbBoardsPdsc:255 - Board STM32H735G-DK: unknown feature type=Audio, name=, username=Audio stereo codec with Headphone Amp (WM8994ECS/R), n=1
2021-03-29 23:32:37,970 [WARN] DbBoardsPdsc:255 - Board STM32H7B3I-EVAL: unknown feature type=Audio, name=, username=Multi-Channel Audio Codec (CS42L51-CNZ), n=1
2021-03-29 23:32:37,970 [WARN] DbBoardsPdsc:255 - Board STM32H7B3I-EVAL: unknown feature type=Meter, name=, username=Power-metering and Temperature-monitoring with sigma-delta modulators, n=1
2021-03-29 23:32:37,970 [WARN] DbBoardsPdsc:255 - Board STM32H7B3I-EVAL: unknown feature type=Motor, name=, username=Motor Control, n=1
2021-03-29 23:32:38,017 [INFO] DbBoardsJson:85 - JSON generation date=Thu Feb 04 20:23:45 IRST 2021 (1612457625)
2021-03-29 23:32:38,017 [INFO] DbBoards:118 - Found 160 boards (155 are supported by CubeMX)
2021-03-29 23:32:38,032 [INFO] DbBoardsDocs:145 - JSON generation date=Mon Feb 08 17:05:07 IRST 2021 (1612791307)
2021-03-29 23:32:38,063 [INFO] DbBoardsDocs:81 - Found 193 boards documents
2021-03-29 23:32:38,063 [WARN] DbBoards:128 - board B-L462E-CELL1 has no document id list !
2021-03-29 23:32:38,063 [WARN] DbBoards:128 - board B-L475E-IOT01A2 has no document id list !
2021-03-29 23:32:38,079 [WARN] DbBoards:128 - board NUCLEO-G0B1RE has no document id list !
2021-03-29 23:32:38,079 [WARN] DbBoards:128 - board NUCLEO-H743ZI2 has no document id list !
2021-03-29 23:32:38,079 [WARN] DbBoards:128 - board NUCLEO-L4A6ZG has no document id list !
2021-03-29 23:32:38,079 [WARN] DbBoards:128 - board NUCLEO-WB55RG has no document id list !
2021-03-29 23:32:38,079 [WARN] DbBoards:128 - board NUCLEO-WL55JC1 has no document id list !
2021-03-29 23:32:38,079 [WARN] DbBoards:128 - board NUCLEO-WL55JC2 has no document id list !
2021-03-29 23:32:38,079 [WARN] DbBoards:128 - board P-NUCLEO-WB55-Nucleo has no document id list !
2021-03-29 23:32:38,079 [WARN] DbBoards:128 - board P-NUCLEO-WB55-USBDongle has no document id list !
2021-03-29 23:32:38,079 [WARN] DbBoards:128 - board STEVAL-BFA001V1B has no document id list !
2021-03-29 23:32:38,079 [WARN] DbBoards:128 - board STEVAL-BFA001V2B has no document id list !
2021-03-29 23:32:38,079 [WARN] DbBoards:128 - board STEVAL-IDP005V1 has no document id list !
2021-03-29 23:32:38,079 [WARN] DbBoards:128 - board STEVAL-IDP005V2 has no document id list !
2021-03-29 23:32:38,079 [WARN] DbBoards:128 - board STEVAL-MKSBOX1V1 has no document id list !
2021-03-29 23:32:38,079 [WARN] DbBoards:128 - board STEVAL-STWINKT1 has no document id list !
2021-03-29 23:32:38,079 [WARN] DbBoards:128 - board STEVAL-STWINKT1B has no document id list !
2021-03-29 23:32:38,079 [WARN] DbBoards:128 - board STM32F401C-DISCO has no document id list !
2021-03-29 23:32:38,079 [WARN] DbBoards:128 - board STM32F769I-DISC1 has no document id list !
2021-03-29 23:32:38,079 [WARN] DbBoards:128 - board STM32G0C1E-EV has no document id list !
2021-03-29 23:32:38,079 [WARN] DbBoards:128 - board STM32G474E-EVAL1 has no document id list !
2021-03-29 23:32:38,079 [WARN] DbBoards:128 - board STM32H743I-EVAL2 has no document id list !
2021-03-29 23:32:38,079 [WARN] DbBoards:128 - board STM32H747I-DISC1 has no document id list !
2021-03-29 23:32:38,079 [WARN] DbBoards:128 - board STM32H753I-EVAL2 has no document id list !
2021-03-29 23:32:38,079 [WARN] DbBoards:128 - board STM32L-DISCOVERY has no document id list !
2021-03-29 23:32:38,079 [WARN] DbBoards:128 - board STM32MP157A-DK1 has no document id list !
2021-03-29 23:32:38,079 [WARN] DbBoards:128 - board STM32MP157F-DK2 has no document id list !
2021-03-29 23:32:38,079 [WARN] DbBoards:128 - board STM32MP157F-EV1 has no document id list !
2021-03-29 23:32:38,766 [ERROR] DbBoards:190 - Image file not found for board NUCLEO-WL55JC: C:\ST\STM32CubeIDE_1.5.1\STM32CubeIDE\plugins\com.st.stm32cube.common.mx_6.1.1.202012091304\\db\/plugins/mcufinder/images/boards/nucleo-wl55jc-small.jpg
2021-03-29 23:32:39,126 [ERROR] DbBoards:190 - Image file not found for board STEVAL-STWINKT1B: C:\ST\STM32CubeIDE_1.5.1\STM32CubeIDE\plugins\com.st.stm32cube.common.mx_6.1.1.202012091304\\db\/plugins/mcufinder/images/boards/steval-stwinkt1b_small.jpg
2021-03-29 23:32:40,235 [ERROR] DbBoards:190 - Image file not found for board STM32H7B3I-EVAL: C:\ST\STM32CubeIDE_1.5.1\STM32CubeIDE\plugins\com.st.stm32cube.common.mx_6.1.1.202012091304\\db\/plugins/mcufinder/images/boards/stm32h7b3ieval_small.jpg
2021-03-29 23:32:40,672 [INFO] ApiDb:238 - Load user favorites file C:\Users\alina/.stm32cubemx/favorites.boards.txt: 0 item(s)
2021-03-29 23:32:40,672 [INFO] ApiDb:242 - User favorites Boards=[]
2021-03-29 23:32:40,672 [INFO] DbBoards:207 - Set 0 / 0 favorites Boards
2021-03-29 23:32:40,688 [INFO] DbBoardsDocs:81 - Found 386 boards documents
2021-03-29 23:32:40,688 [INFO] ApiDb:263 - Save user favorites file C:\Users\alina/.stm32cubemx/favorites.boards.txt: 0 item(s)
2021-03-29 23:32:40,688 [INFO] ApiDb:267 - User favorites Boards=[]
2021-03-29 23:32:40,688 [INFO] DbBoardsPdsc:91 - Found 24 items
2021-03-29 23:32:40,688 [INFO] DbBoardsPdsc:91 - Found 9 items
2021-03-29 23:32:40,688 [INFO] DbBoardsPdsc:91 - Found 32 items
2021-03-29 23:32:40,688 [INFO] DbBoardsPdsc:91 - Found 1 items
2021-03-29 23:32:40,703 [INFO] DbBoardsPdsc:91 - Found 45 items
2021-03-29 23:32:40,703 [INFO] DbBoardsPdsc:91 - Found 41 items
2021-03-29 23:32:40,703 [INFO] DbBoardsPdsc:91 - Found 2 items
2021-03-29 23:32:40,703 [INFO] DbBoardsPdsc:91 - Found 4 items
2021-03-29 23:32:40,703 [WARN] DbBoardsPdsc:255 - Board STM32H7B3I-DK: unknown feature type=Audio, name=, username=Audio stereo codec with Headphone Amp (CS42L51-CNZ), n=1
2021-03-29 23:32:40,703 [WARN] DbBoardsPdsc:255 - Board STM32H735G-DK: unknown feature type=Audio, name=, username=Audio stereo codec with Headphone Amp (WM8994ECS/R), n=1
2021-03-29 23:32:40,703 [WARN] DbBoardsPdsc:255 - Board STM32H7B3I-EVAL: unknown feature type=Audio, name=, username=Multi-Channel Audio Codec (CS42L51-CNZ), n=1
2021-03-29 23:32:40,703 [WARN] DbBoardsPdsc:255 - Board STM32H7B3I-EVAL: unknown feature type=Meter, name=, username=Power-metering and Temperature-monitoring with sigma-delta modulators, n=1
2021-03-29 23:32:40,703 [WARN] DbBoardsPdsc:255 - Board STM32H7B3I-EVAL: unknown feature type=Motor, name=, username=Motor Control, n=1
2021-03-29 23:32:40,750 [INFO] DbBoardsJson:85 - JSON generation date=Thu Feb 04 20:23:45 IRST 2021 (1612457625)
2021-03-29 23:32:40,750 [INFO] DbBoards:118 - Found 160 boards (155 are supported by CubeMX)
2021-03-29 23:32:40,750 [WARN] DbBoards:128 - board B-L462E-CELL1 has no document id list !
2021-03-29 23:32:40,766 [WARN] DbBoards:128 - board B-L475E-IOT01A2 has no document id list !
2021-03-29 23:32:40,766 [WARN] DbBoards:128 - board NUCLEO-G0B1RE has no document id list !
2021-03-29 23:32:40,766 [WARN] DbBoards:128 - board NUCLEO-H743ZI2 has no document id list !
2021-03-29 23:32:40,766 [WARN] DbBoards:128 - board NUCLEO-L4A6ZG has no document id list !
2021-03-29 23:32:40,766 [WARN] DbBoards:128 - board NUCLEO-WB55RG has no document id list !
2021-03-29 23:32:40,766 [WARN] DbBoards:128 - board NUCLEO-WL55JC1 has no document id list !
2021-03-29 23:32:40,766 [WARN] DbBoards:128 - board NUCLEO-WL55JC2 has no document id list !
2021-03-29 23:32:40,766 [WARN] DbBoards:128 - board P-NUCLEO-WB55-Nucleo has no document id list !
2021-03-29 23:32:40,766 [WARN] DbBoards:128 - board P-NUCLEO-WB55-USBDongle has no document id list !
2021-03-29 23:32:40,766 [WARN] DbBoards:128 - board STEVAL-BFA001V1B has no document id list !
2021-03-29 23:32:40,766 [WARN] DbBoards:128 - board STEVAL-BFA001V2B has no document id list !
2021-03-29 23:32:40,766 [WARN] DbBoards:128 - board STEVAL-IDP005V1 has no document id list !
2021-03-29 23:32:40,766 [WARN] DbBoards:128 - board STEVAL-IDP005V2 has no document id list !
2021-03-29 23:32:40,766 [WARN] DbBoards:128 - board STEVAL-MKSBOX1V1 has no document id list !
2021-03-29 23:32:40,766 [WARN] DbBoards:128 - board STEVAL-STWINKT1 has no document id list !
2021-03-29 23:32:40,766 [WARN] DbBoards:128 - board STEVAL-STWINKT1B has no document id list !
2021-03-29 23:32:40,766 [WARN] DbBoards:128 - board STM32F401C-DISCO has no document id list !
2021-03-29 23:32:40,766 [WARN] DbBoards:128 - board STM32F769I-DISC1 has no document id list !
2021-03-29 23:32:40,766 [WARN] DbBoards:128 - board STM32G0C1E-EV has no document id list !
2021-03-29 23:32:40,766 [WARN] DbBoards:128 - board STM32G474E-EVAL1 has no document id list !
2021-03-29 23:32:40,766 [WARN] DbBoards:128 - board STM32H743I-EVAL2 has no document id list !
2021-03-29 23:32:40,766 [WARN] DbBoards:128 - board STM32H747I-DISC1 has no document id list !
2021-03-29 23:32:40,766 [WARN] DbBoards:128 - board STM32H753I-EVAL2 has no document id list !
2021-03-29 23:32:40,766 [WARN] DbBoards:128 - board STM32L-DISCOVERY has no document id list !
2021-03-29 23:32:40,766 [WARN] DbBoards:128 - board STM32MP157A-DK1 has no document id list !
2021-03-29 23:32:40,766 [WARN] DbBoards:128 - board STM32MP157F-DK2 has no document id list !
2021-03-29 23:32:40,766 [WARN] DbBoards:128 - board STM32MP157F-EV1 has no document id list !
2021-03-29 23:32:41,219 [ERROR] DbBoards:190 - Image file not found for board NUCLEO-WL55JC: C:\ST\STM32CubeIDE_1.5.1\STM32CubeIDE\plugins\com.st.stm32cube.common.mx_6.1.1.202012091304\\db\/plugins/mcufinder/images/boards/nucleo-wl55jc-small.jpg
2021-03-29 23:32:41,360 [ERROR] DbBoards:190 - Image file not found for board STEVAL-STWINKT1B: C:\ST\STM32CubeIDE_1.5.1\STM32CubeIDE\plugins\com.st.stm32cube.common.mx_6.1.1.202012091304\\db\/plugins/mcufinder/images/boards/steval-stwinkt1b_small.jpg
2021-03-29 23:32:41,703 [ERROR] DbBoards:190 - Image file not found for board STM32H7B3I-EVAL: C:\ST\STM32CubeIDE_1.5.1\STM32CubeIDE\plugins\com.st.stm32cube.common.mx_6.1.1.202012091304\\db\/plugins/mcufinder/images/boards/stm32h7b3ieval_small.jpg
2021-03-29 23:32:41,855 [INFO] ApiDb:238 - Load user favorites file C:\Users\alina/.stm32cubemx/favorites.boards.txt: 0 item(s)
2021-03-29 23:32:41,855 [INFO] ApiDb:242 - User favorites Boards=[]
2021-03-29 23:32:41,855 [INFO] DbBoards:207 - Set 0 / 0 favorites Boards
2021-03-29 23:32:41,876 [INFO] FinderAction:103 - Refresh all data is succesful
2021-03-29 23:33:51,793 [INFO] Activator:170 - 


2021-03-29 23:33:51,793 [INFO] Activator:171 - !SESSION log4j initialized
2021-03-29 23:34:47,298 [INFO] RetryExec:97 - I/O exception (org.apache.http.NoHttpResponseException) caught when processing request to {}->http://sw-center.st.com:80: The target server failed to respond
2021-03-29 23:34:47,298 [INFO] RetryExec:113 - Retrying request to {}->http://sw-center.st.com:80
2021-03-29 23:34:49,230 [INFO] RetryExec:97 - I/O exception (org.apache.http.NoHttpResponseException) caught when processing request to {}->http://sw-center.st.com:80: The target server failed to respond
2021-03-29 23:34:49,230 [INFO] RetryExec:113 - Retrying request to {}->http://sw-center.st.com:80
2021-03-29 23:34:49,886 [INFO] RetryExec:97 - I/O exception (org.apache.http.NoHttpResponseException) caught when processing request to {}->http://sw-center.st.com:80: The target server failed to respond
2021-03-29 23:34:49,886 [INFO] RetryExec:113 - Retrying request to {}->http://sw-center.st.com:80
2021-03-29 23:34:52,733 [INFO] RetryExec:97 - I/O exception (org.apache.http.NoHttpResponseException) caught when processing request to {}->http://sw-center.st.com:80: The target server failed to respond
2021-03-29 23:34:52,733 [INFO] RetryExec:113 - Retrying request to {}->http://sw-center.st.com:80
2021-03-29 23:34:53,321 [INFO] RetryExec:97 - I/O exception (org.apache.http.NoHttpResponseException) caught when processing request to {}->http://sw-center.st.com:80: The target server failed to respond
2021-03-29 23:34:53,321 [INFO] RetryExec:113 - Retrying request to {}->http://sw-center.st.com:80
2021-03-29 23:34:53,758 [INFO] ApplicationProperties:181 - Using Application install path: C:\ST\STM32CubeIDE_1.5.1\STM32CubeIDE\plugins\com.st.stm32cube.common.mx_6.1.1.202012091304
2021-03-29 23:34:53,774 [INFO] DbMcusXml:71 - Set database path to: C:\ST\STM32CubeIDE_1.5.1\STM32CubeIDE\plugins\com.st.stm32cube.common.mx_6.1.1.202012091304\\db\/mcu/
2021-03-29 23:34:53,774 [INFO] DbBoardsPdsc:57 - Set plugin database path to: C:\ST\STM32CubeIDE_1.5.1\STM32CubeIDE\plugins\com.st.stm32cube.common.mx_6.1.1.202012091304\\db\/plugins/boardmanager/
2021-03-29 23:34:53,774 [INFO] DbMcus:259 - Set plugin images path to: C:\ST\STM32CubeIDE_1.5.1\STM32CubeIDE\plugins\com.st.stm32cube.common.mx_6.1.1.202012091304\\db\/plugins/mcufinder/images/
2021-03-29 23:34:53,774 [INFO] DbBoards:265 - Set plugin images path to: C:\ST\STM32CubeIDE_1.5.1\STM32CubeIDE\plugins\com.st.stm32cube.common.mx_6.1.1.202012091304\\db\/plugins/mcufinder/images/
2021-03-29 23:34:53,774 [INFO] DbExamples:329 - Set plugin images path to: C:\ST\STM32CubeIDE_1.5.1\STM32CubeIDE\plugins\com.st.stm32cube.common.mx_6.1.1.202012091304\\db\/plugins/mcufinder/images/
2021-03-29 23:34:53,789 [INFO] DbMcusDocs:112 - Set database path to: C:\Users\alina\.stmcufinder\plugins\mcufinder//mcu/
2021-03-29 23:34:53,789 [INFO] DbMcusJson:63 - Set database path to: C:\Users\alina\.stmcufinder\plugins\mcufinder//mcu/
2021-03-29 23:34:53,789 [INFO] DbBoardsDocs:112 - Set database path to: C:\Users\alina\.stmcufinder\plugins\mcufinder//mcu/
2021-03-29 23:34:53,789 [INFO] DbBoardsJson:56 - Set database path to: C:\Users\alina\.stmcufinder\plugins\mcufinder//mcu/
2021-03-29 23:34:53,852 [INFO] RetryExec:97 - I/O exception (org.apache.http.NoHttpResponseException) caught when processing request to {}->http://sw-center.st.com:80: The target server failed to respond
2021-03-29 23:34:53,852 [INFO] RetryExec:113 - Retrying request to {}->http://sw-center.st.com:80
2021-03-29 23:35:03,265 [INFO] RetryExec:97 - I/O exception (org.apache.http.NoHttpResponseException) caught when processing request to {}->http://sw-center.st.com:80: The target server failed to respond
2021-03-29 23:35:03,265 [INFO] RetryExec:113 - Retrying request to {}->http://sw-center.st.com:80
2021-03-29 23:35:03,281 [INFO] CrossReferenceDbSqlite:196 - Set database path to: C:\Users\alina\.stmcufinder\plugins\mcufinder//mcu/cs/
2021-03-29 23:35:03,296 [INFO] DbExamplesSqlite:699 - Set database path to: C:\Users\alina\.stmcufinder\plugins\mcufinder//mcu/
2021-03-29 23:35:03,452 [INFO] RulesReader:52 - Compatibility file has been processed (228 Rules)
2021-03-29 23:35:03,655 [INFO] MicroXplorer:565 - Detected Java Version = 1.8.0_272
2021-03-29 23:35:03,655 [INFO] DbMcusXml:71 - Set database path to: C:\ST\STM32CubeIDE_1.5.1\STM32CubeIDE\plugins\com.st.stm32cube.common.mx_6.1.1.202012091304\\db\/mcu/
2021-03-29 23:35:03,655 [INFO] DbBoardsPdsc:57 - Set plugin database path to: C:\ST\STM32CubeIDE_1.5.1\STM32CubeIDE\plugins\com.st.stm32cube.common.mx_6.1.1.202012091304\\db\/plugins/boardmanager/
2021-03-29 23:35:03,671 [INFO] DbMcus:259 - Set plugin images path to: C:\ST\STM32CubeIDE_1.5.1\STM32CubeIDE\plugins\com.st.stm32cube.common.mx_6.1.1.202012091304\\db\/plugins/mcufinder/images/
2021-03-29 23:35:03,671 [INFO] DbBoards:265 - Set plugin images path to: C:\ST\STM32CubeIDE_1.5.1\STM32CubeIDE\plugins\com.st.stm32cube.common.mx_6.1.1.202012091304\\db\/plugins/mcufinder/images/
2021-03-29 23:35:03,671 [INFO] DbExamples:329 - Set plugin images path to: C:\ST\STM32CubeIDE_1.5.1\STM32CubeIDE\plugins\com.st.stm32cube.common.mx_6.1.1.202012091304\\db\/plugins/mcufinder/images/
2021-03-29 23:35:03,671 [WARN] DbFile:36 - Overriding database path with different value: C:\Users\alina\.stmcufinder\plugins\mcufinder/ => C:\Users\alina\.stmcufinder\plugins\mcufinder
2021-03-29 23:35:03,671 [INFO] DbMcusDocs:112 - Set database path to: C:\Users\alina\.stmcufinder\plugins\mcufinder//mcu/
2021-03-29 23:35:03,671 [WARN] DbFile:36 - Overriding database path with different value: C:\Users\alina\.stmcufinder\plugins\mcufinder/ => C:\Users\alina\.stmcufinder\plugins\mcufinder
2021-03-29 23:35:03,671 [INFO] DbMcusJson:63 - Set database path to: C:\Users\alina\.stmcufinder\plugins\mcufinder//mcu/
2021-03-29 23:35:03,671 [WARN] DbFile:36 - Overriding database path with different value: C:\Users\alina\.stmcufinder\plugins\mcufinder/ => C:\Users\alina\.stmcufinder\plugins\mcufinder
2021-03-29 23:35:03,671 [INFO] DbBoardsDocs:112 - Set database path to: C:\Users\alina\.stmcufinder\plugins\mcufinder//mcu/
2021-03-29 23:35:03,671 [WARN] DbFile:36 - Overriding database path with different value: C:\Users\alina\.stmcufinder\plugins\mcufinder/ => C:\Users\alina\.stmcufinder\plugins\mcufinder
2021-03-29 23:35:03,671 [INFO] DbBoardsJson:56 - Set database path to: C:\Users\alina\.stmcufinder\plugins\mcufinder//mcu/
2021-03-29 23:35:03,671 [WARN] DbFile:36 - Overriding database path with different value: C:\Users\alina\.stmcufinder\plugins\mcufinder/ => C:\Users\alina\.stmcufinder\plugins\mcufinder
2021-03-29 23:35:03,671 [WARN] DbFile:36 - Overriding database path with different value: C:\Users\alina\.stmcufinder\plugins\mcufinder/ => C:\Users\alina\.stmcufinder\plugins\mcufinder
2021-03-29 23:35:03,671 [INFO] CrossReferenceDbSqlite:196 - Set database path to: C:\Users\alina\.stmcufinder\plugins\mcufinder//mcu/cs/
2021-03-29 23:35:03,671 [WARN] DbFile:36 - Overriding database path with different value: C:\Users\alina\.stmcufinder\plugins\mcufinder/ => C:\Users\alina\.stmcufinder\plugins\mcufinder
2021-03-29 23:35:03,671 [INFO] DbExamplesSqlite:699 - Set database path to: C:\Users\alina\.stmcufinder\plugins\mcufinder//mcu/
2021-03-29 23:35:03,796 [INFO] MainPanel:190 - HeapMemory: 338690048
2021-03-29 23:35:03,874 [INFO] DbMcusXml:71 - Set database path to: C:\ST\STM32CubeIDE_1.5.1\STM32CubeIDE\plugins\com.st.stm32cube.common.mx_6.1.1.202012091304\\db\/mcu/
2021-03-29 23:35:03,874 [INFO] DbBoardsPdsc:57 - Set plugin database path to: C:\ST\STM32CubeIDE_1.5.1\STM32CubeIDE\plugins\com.st.stm32cube.common.mx_6.1.1.202012091304\\db\/plugins/boardmanager/
2021-03-29 23:35:03,874 [INFO] DbMcus:259 - Set plugin images path to: C:\ST\STM32CubeIDE_1.5.1\STM32CubeIDE\plugins\com.st.stm32cube.common.mx_6.1.1.202012091304\\db\/plugins/mcufinder/images/
2021-03-29 23:35:03,874 [INFO] DbBoards:265 - Set plugin images path to: C:\ST\STM32CubeIDE_1.5.1\STM32CubeIDE\plugins\com.st.stm32cube.common.mx_6.1.1.202012091304\\db\/plugins/mcufinder/images/
2021-03-29 23:35:03,874 [INFO] DbExamples:329 - Set plugin images path to: C:\ST\STM32CubeIDE_1.5.1\STM32CubeIDE\plugins\com.st.stm32cube.common.mx_6.1.1.202012091304\\db\/plugins/mcufinder/images/
2021-03-29 23:35:03,874 [WARN] DbFile:36 - Overriding database path with different value: C:\Users\alina\.stmcufinder\plugins\mcufinder/ => C:\Users\alina\.stmcufinder\plugins\mcufinder
2021-03-29 23:35:03,874 [INFO] DbMcusDocs:112 - Set database path to: C:\Users\alina\.stmcufinder\plugins\mcufinder//mcu/
2021-03-29 23:35:03,874 [WARN] DbFile:36 - Overriding database path with different value: C:\Users\alina\.stmcufinder\plugins\mcufinder/ => C:\Users\alina\.stmcufinder\plugins\mcufinder
2021-03-29 23:35:03,874 [INFO] DbMcusJson:63 - Set database path to: C:\Users\alina\.stmcufinder\plugins\mcufinder//mcu/
2021-03-29 23:35:03,874 [WARN] DbFile:36 - Overriding database path with different value: C:\Users\alina\.stmcufinder\plugins\mcufinder/ => C:\Users\alina\.stmcufinder\plugins\mcufinder
2021-03-29 23:35:03,874 [INFO] DbBoardsDocs:112 - Set database path to: C:\Users\alina\.stmcufinder\plugins\mcufinder//mcu/
2021-03-29 23:35:03,874 [WARN] DbFile:36 - Overriding database path with different value: C:\Users\alina\.stmcufinder\plugins\mcufinder/ => C:\Users\alina\.stmcufinder\plugins\mcufinder
2021-03-29 23:35:03,874 [INFO] DbBoardsJson:56 - Set database path to: C:\Users\alina\.stmcufinder\plugins\mcufinder//mcu/
2021-03-29 23:35:03,874 [WARN] DbFile:36 - Overriding database path with different value: C:\Users\alina\.stmcufinder\plugins\mcufinder/ => C:\Users\alina\.stmcufinder\plugins\mcufinder
2021-03-29 23:35:03,874 [WARN] DbFile:36 - Overriding database path with different value: C:\Users\alina\.stmcufinder\plugins\mcufinder/ => C:\Users\alina\.stmcufinder\plugins\mcufinder
2021-03-29 23:35:03,874 [INFO] CrossReferenceDbSqlite:196 - Set database path to: C:\Users\alina\.stmcufinder\plugins\mcufinder//mcu/cs/
2021-03-29 23:35:03,874 [WARN] DbFile:36 - Overriding database path with different value: C:\Users\alina\.stmcufinder\plugins\mcufinder/ => C:\Users\alina\.stmcufinder\plugins\mcufinder
2021-03-29 23:35:03,874 [INFO] DbExamplesSqlite:699 - Set database path to: C:\Users\alina\.stmcufinder\plugins\mcufinder//mcu/
2021-03-29 23:35:03,905 [INFO] ApplicationProperties:181 - Using Application install path: C:\ST\STM32CubeIDE_1.5.1\STM32CubeIDE\plugins\com.st.stm32cube.common.mx_6.1.1.202012091304
2021-03-29 23:35:03,921 [INFO] PluginManage:178 - Search for loadable plugins [exclusion list=, ]
2021-03-29 23:35:03,921 [INFO] PluginManage:292 - Check plugin analytics
2021-03-29 23:35:04,093 [INFO] RetryExec:97 - I/O exception (org.apache.http.NoHttpResponseException) caught when processing request to {}->http://sw-center.st.com:80: The target server failed to respond
2021-03-29 23:35:04,093 [INFO] RetryExec:113 - Retrying request to {}->http://sw-center.st.com:80
2021-03-29 23:35:04,602 [INFO] RetryExec:97 - I/O exception (org.apache.http.NoHttpResponseException) caught when processing request to {}->http://sw-center.st.com:80: The target server failed to respond
2021-03-29 23:35:04,602 [INFO] RetryExec:113 - Retrying request to {}->http://sw-center.st.com:80
2021-03-29 23:35:17,913 [INFO] AnalyticsPlugin:225 - Accepted Software Licenses: STM32CubeMX.6.1.0,STM32CubeMX.6.1.1,STM32CubeMX.6.1.2,STM32CubeMX.6.2.0
2021-03-29 23:35:17,913 [INFO] AnalyticsPlugin:227 - Accepted CMSIS Pack Licenses: 
2021-03-29 23:35:17,913 [INFO] AnalyticsPlugin:229 - Accepted Firmware Licenses: 
2021-03-29 23:35:17,913 [INFO] PluginManage:342 - Loaded plugin analytics (category:tool,tabindex:-1)
2021-03-29 23:35:17,913 [INFO] PluginManage:292 - Check plugin clock
2021-03-29 23:35:17,929 [INFO] PluginManage:342 - Loaded plugin clock (category:base,tabindex:2)
2021-03-29 23:35:17,929 [INFO] PluginManage:292 - Check plugin ddr
2021-03-29 23:35:17,929 [INFO] PluginManage:342 - Loaded plugin ddr (category:tool,tabindex:6)
2021-03-29 23:35:17,929 [INFO] PluginManage:292 - Check plugin filemanager
2021-03-29 23:35:18,101 [INFO] PluginManage:342 - Loaded plugin filemanager (category:base,tabindex:10)
2021-03-29 23:35:18,101 [INFO] PluginManage:292 - Check plugin ipmanager
2021-03-29 23:35:18,117 [INFO] PluginManage:342 - Loaded plugin ipmanager (category:base,tabindex:5)
2021-03-29 23:35:18,117 [INFO] PluginManage:292 - Check plugin pinoutandconfiguration
2021-03-29 23:35:18,132 [INFO] PluginManage:342 - Loaded plugin pinoutandconfiguration (category:base,tabindex:1)
2021-03-29 23:35:18,132 [INFO] PluginManage:292 - Check plugin pinoutconfig
2021-03-29 23:35:18,179 [INFO] PluginManage:342 - Loaded plugin pinoutconfig (category:base,tabindex:0)
2021-03-29 23:35:18,179 [INFO] PluginManage:292 - Check plugin power
2021-03-29 23:35:18,195 [INFO] PluginManage:342 - Loaded plugin power (category:power,tabindex:4)
2021-03-29 23:35:18,195 [INFO] PluginManage:292 - Check plugin projectmanager
2021-03-29 23:35:18,226 [INFO] PluginManage:342 - Loaded plugin projectmanager (category:projectmanager,tabindex:3)
2021-03-29 23:35:18,226 [INFO] PluginManage:292 - Check plugin thirdparty
2021-03-29 23:35:18,366 [INFO] PluginManage:342 - Loaded plugin thirdparty (category:base,tabindex:-1)
2021-03-29 23:35:18,366 [INFO] PluginManage:292 - Check plugin tools
2021-03-29 23:35:18,366 [WARN] IntegrityCheckThread:59 - waiting for thirdparty lock release [integrity check]
2021-03-29 23:35:18,382 [INFO] IntegrityCheckThread:61 - entering critical section [integrity check]
2021-03-29 23:35:18,382 [INFO] PluginManage:342 - Loaded plugin tools (category:base,tabindex:7)
2021-03-29 23:35:18,382 [INFO] ThirdPartyUpdaterWithRetryManager:56 - Updater plugin not ready yet. [1/15]
2021-03-29 23:35:18,382 [INFO] PluginManage:292 - Check plugin tutovideos
2021-03-29 23:35:18,648 [INFO] PluginManage:342 - Loaded plugin tutovideos (category:base,tabindex:-1)
2021-03-29 23:35:18,648 [INFO] PluginManage:292 - Check plugin updater
2021-03-29 23:35:18,663 [INFO] PluginManage:342 - Loaded plugin updater (category:base,tabindex:12)
2021-03-29 23:35:18,663 [INFO] PluginManage:265 - PluginManage : Loaded plugins [13]
2021-03-29 23:35:18,960 [INFO] PinOutPanel:1434 - setPackage(No Configuration,No Configuration)
2021-03-29 23:35:19,179 [INFO] IPUIPlugin:64 - create IPUIPlugin
2021-03-29 23:35:19,179 [INFO] PluginManager:203 - loadIPPluginJar : add adc
2021-03-29 23:35:19,179 [INFO] IPUIPlugin:64 - create IPUIPlugin
2021-03-29 23:35:19,179 [INFO] PluginManager:203 - loadIPPluginJar : add aes
2021-03-29 23:35:19,194 [INFO] IPUIPlugin:64 - create IPUIPlugin
2021-03-29 23:35:19,194 [INFO] PluginManager:203 - loadIPPluginJar : add can
2021-03-29 23:35:19,194 [INFO] IPUIPlugin:64 - create IPUIPlugin
2021-03-29 23:35:19,194 [INFO] PluginManager:203 - loadIPPluginJar : add comp
2021-03-29 23:35:19,194 [INFO] IPUIPlugin:64 - create IPUIPlugin
2021-03-29 23:35:19,194 [INFO] PluginManager:203 - loadIPPluginJar : add cryp
2021-03-29 23:35:19,194 [INFO] IPUIPlugin:64 - create IPUIPlugin
2021-03-29 23:35:19,194 [INFO] PluginManager:203 - loadIPPluginJar : add dfsdm
2021-03-29 23:35:19,194 [INFO] IPUIPlugin:64 - create IPUIPlugin
2021-03-29 23:35:19,194 [INFO] PluginManager:203 - loadIPPluginJar : add dma
2021-03-29 23:35:19,210 [INFO] IPUIPlugin:64 - create IPUIPlugin
2021-03-29 23:35:19,210 [INFO] PluginManager:203 - loadIPPluginJar : add fatfs
2021-03-29 23:35:19,210 [INFO] IPUIPlugin:64 - create IPUIPlugin
2021-03-29 23:35:19,210 [INFO] PluginManager:203 - loadIPPluginJar : add fmc
2021-03-29 23:35:19,226 [INFO] IPUIPlugin:64 - create IPUIPlugin
2021-03-29 23:35:19,226 [INFO] PluginManager:203 - loadIPPluginJar : add freertos
2021-03-29 23:35:19,226 [INFO] IPUIPlugin:64 - create IPUIPlugin
2021-03-29 23:35:19,226 [INFO] PluginManager:203 - loadIPPluginJar : add genericplugin
2021-03-29 23:35:19,226 [INFO] IPUIPlugin:64 - create IPUIPlugin
2021-03-29 23:35:19,226 [INFO] PluginManager:203 - loadIPPluginJar : add gfxmmu
2021-03-29 23:35:19,226 [INFO] IPUIPlugin:64 - create IPUIPlugin
2021-03-29 23:35:19,226 [INFO] PluginManager:203 - loadIPPluginJar : add gic
2021-03-29 23:35:19,241 [INFO] IPUIPlugin:64 - create IPUIPlugin
2021-03-29 23:35:19,241 [INFO] PluginManager:203 - loadIPPluginJar : add gpio
2021-03-29 23:35:19,241 [INFO] IPUIPlugin:64 - create IPUIPlugin
2021-03-29 23:35:19,241 [INFO] PluginManager:203 - loadIPPluginJar : add gtzc
2021-03-29 23:35:19,241 [INFO] IPUIPlugin:64 - create IPUIPlugin
2021-03-29 23:35:19,241 [INFO] PluginManager:203 - loadIPPluginJar : add hash
2021-03-29 23:35:19,257 [INFO] IPUIPlugin:64 - create IPUIPlugin
2021-03-29 23:35:19,257 [INFO] PluginManager:203 - loadIPPluginJar : add i2c
2021-03-29 23:35:19,257 [INFO] IPUIPlugin:64 - create IPUIPlugin
2021-03-29 23:35:19,257 [INFO] PluginManager:203 - loadIPPluginJar : add i2s
2021-03-29 23:35:19,257 [INFO] IPUIPlugin:64 - create IPUIPlugin
2021-03-29 23:35:19,257 [INFO] PluginManager:203 - loadIPPluginJar : add ipddr
2021-03-29 23:35:19,257 [INFO] IPUIPlugin:64 - create IPUIPlugin
2021-03-29 23:35:19,257 [INFO] PluginManager:203 - loadIPPluginJar : add lorawan
2021-03-29 23:35:19,257 [INFO] IPUIPlugin:64 - create IPUIPlugin
2021-03-29 23:35:19,257 [INFO] PluginManager:203 - loadIPPluginJar : add ltdc
2021-03-29 23:35:19,273 [INFO] IPUIPlugin:64 - create IPUIPlugin
2021-03-29 23:35:19,273 [INFO] PluginManager:203 - loadIPPluginJar : add mdma
2021-03-29 23:35:19,273 [INFO] IPUIPlugin:64 - create IPUIPlugin
2021-03-29 23:35:19,273 [INFO] PluginManager:203 - loadIPPluginJar : add nvic
2021-03-29 23:35:19,273 [INFO] IPUIPlugin:64 - create IPUIPlugin
2021-03-29 23:35:19,273 [INFO] PluginManager:203 - loadIPPluginJar : add opamp
2021-03-29 23:35:19,273 [INFO] IPUIPlugin:64 - create IPUIPlugin
2021-03-29 23:35:19,273 [INFO] PluginManager:203 - loadIPPluginJar : add openamp
2021-03-29 23:35:19,273 [INFO] IPUIPlugin:64 - create IPUIPlugin
2021-03-29 23:35:19,273 [INFO] PluginManager:203 - loadIPPluginJar : add pdm2pcm
2021-03-29 23:35:19,288 [INFO] IPUIPlugin:64 - create IPUIPlugin
2021-03-29 23:35:19,288 [INFO] PluginManager:203 - loadIPPluginJar : add plateformsettings
2021-03-29 23:35:19,288 [INFO] IPUIPlugin:64 - create IPUIPlugin
2021-03-29 23:35:19,288 [INFO] PluginManager:203 - loadIPPluginJar : add quadspi
2021-03-29 23:35:19,288 [INFO] IPUIPlugin:64 - create IPUIPlugin
2021-03-29 23:35:19,288 [INFO] PluginManager:203 - loadIPPluginJar : add resmgrutility
2021-03-29 23:35:19,288 [INFO] IPUIPlugin:64 - create IPUIPlugin
2021-03-29 23:35:19,288 [INFO] PluginManager:203 - loadIPPluginJar : add sai
2021-03-29 23:35:19,304 [INFO] IPUIPlugin:64 - create IPUIPlugin
2021-03-29 23:35:19,304 [INFO] PluginManager:203 - loadIPPluginJar : add spi
2021-03-29 23:35:19,304 [INFO] IPUIPlugin:64 - create IPUIPlugin
2021-03-29 23:35:19,304 [INFO] PluginManager:203 - loadIPPluginJar : add stm32_wpan
2021-03-29 23:35:19,304 [INFO] IPUIPlugin:64 - create IPUIPlugin
2021-03-29 23:35:19,304 [INFO] PluginManager:203 - loadIPPluginJar : add tim
2021-03-29 23:35:19,304 [INFO] IPUIPlugin:64 - create IPUIPlugin
2021-03-29 23:35:19,304 [INFO] PluginManager:203 - loadIPPluginJar : add touchsensing
2021-03-29 23:35:19,304 [INFO] IPUIPlugin:64 - create IPUIPlugin
2021-03-29 23:35:19,304 [INFO] PluginManager:203 - loadIPPluginJar : add tracer_emb
2021-03-29 23:35:19,319 [INFO] IPUIPlugin:64 - create IPUIPlugin
2021-03-29 23:35:19,319 [INFO] PluginManager:203 - loadIPPluginJar : add ts
2021-03-29 23:35:19,319 [INFO] IPUIPlugin:64 - create IPUIPlugin
2021-03-29 23:35:19,319 [INFO] PluginManager:203 - loadIPPluginJar : add tsc
2021-03-29 23:35:19,319 [INFO] IPUIPlugin:64 - create IPUIPlugin
2021-03-29 23:35:19,319 [INFO] PluginManager:203 - loadIPPluginJar : add ucpd
2021-03-29 23:35:19,319 [INFO] IPUIPlugin:64 - create IPUIPlugin
2021-03-29 23:35:19,319 [INFO] PluginManager:203 - loadIPPluginJar : add usart
2021-03-29 23:35:19,711 [FATAL] Updater:284 - Updater called before beeing initialized
2021-03-29 23:35:19,914 [FATAL] Updater:284 - Updater called before beeing initialized
2021-03-29 23:35:19,992 [WARN] DetailPanel:347 - Failed to get advertising image, set to default
2021-03-29 23:35:19,992 [FATAL] Updater:284 - Updater called before beeing initialized
2021-03-29 23:35:19,992 [WARN] DetailPanel:347 - Failed to get advertising image, set to default
2021-03-29 23:35:20,086 [FATAL] Updater:284 - Updater called before beeing initialized
2021-03-29 23:35:20,086 [WARN] ThirdParty:783 - waiting for thirdparty lock release [close project]
2021-03-29 23:35:21,386 [INFO] ThirdPartyUpdaterWithRetryManager:56 - Updater plugin not ready yet. [2/15]
2021-03-29 23:35:24,395 [FATAL] Updater:284 - Updater called before beeing initialized
2021-03-29 23:35:24,395 [ERROR] AbstractThirdPartyUpdaterManager:153 - java.lang.Integer cannot be cast to java.util.List
2021-03-29 23:35:24,395 [INFO] ThirdParty:887 - Integrity check success = false
2021-03-29 23:35:24,395 [INFO] IntegrityCheckThread:75 - exiting critical section [integrity check]
2021-03-29 23:35:24,395 [INFO] IntegrityCheckThread:78 - End integrity checks thread
2021-03-29 23:35:24,395 [INFO] ThirdParty:785 - entering critical section [close project]
2021-03-29 23:35:24,395 [INFO] ThirdParty:796 - exiting critical section [close project]
2021-03-29 23:35:24,395 [INFO] PinOutPanel:1434 - setPackage(No Configuration,No Configuration)
2021-03-29 23:35:24,395 [FATAL] Updater:284 - Updater called before beeing initialized
2021-03-29 23:35:24,410 [ERROR] Updater:1065 - MainUpdater not yet initialized. External WinMGr cannot be set.
2021-03-29 23:35:24,410 [INFO] Updater:1002 - Updater Version found : 6.1.1
2021-03-29 23:35:24,426 [INFO] ApplicationProperties:181 - Using Application install path: C:\ST\STM32CubeIDE_1.5.1\STM32CubeIDE\plugins\com.st.stm32cube.common.mx_6.1.1.202012091304
2021-03-29 23:35:24,745 [INFO] MainUpdater:2644 - connection check result : 10
2021-03-29 23:35:24,745 [INFO] MainUpdater:249 - Updater Check For Update Now.
2021-03-29 23:35:24,745 [INFO] MicroXplorer:415 - Change Database Version : DB.6.0.10
2021-03-29 23:35:24,823 [INFO] CheckServerUpdateThread:102 - End of CheckServer Thread
2021-03-29 23:35:24,854 [INFO] MainUpdater:2644 - connection check result : 10
2021-03-29 23:35:25,245 [INFO] CheckServerUpdateThread:102 - End of CheckServer Thread
2021-03-29 23:35:34,643 [INFO] MainUpdater:2644 - connection check result : 10
2021-03-29 23:35:35,206 [INFO] CheckServerUpdateThread:102 - End of CheckServer Thread
2021-03-29 23:35:53,855 [INFO] RetryExec:97 - I/O exception (org.apache.http.NoHttpResponseException) caught when processing request to {}->http://sw-center.st.com:80: The target server failed to respond
2021-03-29 23:35:53,855 [INFO] RetryExec:113 - Retrying request to {}->http://sw-center.st.com:80
2021-03-29 23:35:54,265 [INFO] RetryExec:97 - I/O exception (org.apache.http.NoHttpResponseException) caught when processing request to {}->http://sw-center.st.com:80: The target server failed to respond
2021-03-29 23:35:54,265 [INFO] RetryExec:113 - Retrying request to {}->http://sw-center.st.com:80
2021-03-29 23:36:04,678 [INFO] RetryExec:97 - I/O exception (org.apache.http.NoHttpResponseException) caught when processing request to {}->http://sw-center.st.com:80: The target server failed to respond
2021-03-29 23:36:04,678 [INFO] RetryExec:113 - Retrying request to {}->http://sw-center.st.com:80
2021-03-30 09:11:18,016 [INFO] Activator:170 - 


2021-03-30 09:11:18,017 [INFO] Activator:171 - !SESSION log4j initialized
2021-04-18 08:24:06,586 [INFO] Activator:170 - 


2021-04-18 08:24:06,630 [INFO] Activator:171 - !SESSION log4j initialized
2021-04-18 08:24:07,969 [ERROR] LogOutputStream:74 - [STDERR_REDIRECT] Managed Build system manifest file error: Could not load icon "icons/chip.png".
2021-04-18 08:24:07,971 [ERROR] LogOutputStream:74 - [STDERR_REDIRECT] Managed Build system manifest file error: Could not load icon "icons/chip.png".
2021-04-18 08:24:08,017 [ERROR] LogOutputStream:74 - [STDERR_REDIRECT] Managed Build system manifest file error: Could not load icon "icons/chip.png".
2021-04-18 08:25:23,039 [INFO] ApplicationProperties:181 - Using Application install path: C:\ST\STM32CubeIDE_1.5.1\STM32CubeIDE\plugins\com.st.stm32cube.common.mx_6.2.0.202102191602
2021-04-18 08:25:23,061 [INFO] DbMcusXml:74 - Set database path to: C:\ST\STM32CubeIDE_1.5.1\STM32CubeIDE\plugins\com.st.stm32cube.common.mx_6.2.0.202102191602\\db\/mcu/
2021-04-18 08:25:23,066 [INFO] DbBoardsPdsc:56 - Set plugin database path to: C:\ST\STM32CubeIDE_1.5.1\STM32CubeIDE\plugins\com.st.stm32cube.common.mx_6.2.0.202102191602\\db\/plugins/boardmanager/
2021-04-18 08:25:23,066 [INFO] DbMcus:258 - Set plugin images path to: C:\ST\STM32CubeIDE_1.5.1\STM32CubeIDE\plugins\com.st.stm32cube.common.mx_6.2.0.202102191602\\db\/plugins/mcufinder/images/
2021-04-18 08:25:23,067 [INFO] DbBoards:264 - Set plugin images path to: C:\ST\STM32CubeIDE_1.5.1\STM32CubeIDE\plugins\com.st.stm32cube.common.mx_6.2.0.202102191602\\db\/plugins/mcufinder/images/
2021-04-18 08:25:23,071 [INFO] DbExamples:333 - Set plugin images path to: C:\ST\STM32CubeIDE_1.5.1\STM32CubeIDE\plugins\com.st.stm32cube.common.mx_6.2.0.202102191602\\db\/plugins/mcufinder/images/
2021-04-18 08:25:23,102 [INFO] DbMcusAds:85 - Set database path to: C:\Users\alina\.stmcufinder\plugins\mcufinder//mcu/
2021-04-18 08:25:23,105 [INFO] DbMcusDocs:110 - Set database path to: C:\Users\alina\.stmcufinder\plugins\mcufinder//mcu/
2021-04-18 08:25:23,108 [INFO] DbMcusJson:65 - Set database path to: C:\Users\alina\.stmcufinder\plugins\mcufinder//mcu/
2021-04-18 08:25:23,109 [INFO] DbBoardsDocs:110 - Set database path to: C:\Users\alina\.stmcufinder\plugins\mcufinder//mcu/
2021-04-18 08:25:23,111 [INFO] DbBoardsJson:58 - Set database path to: C:\Users\alina\.stmcufinder\plugins\mcufinder//mcu/
2021-04-18 08:25:23,401 [INFO] CrossReferenceDbSqlite:196 - Set database path to: C:\Users\alina\.stmcufinder\plugins\mcufinder//mcu/cs/
2021-04-18 08:25:23,404 [INFO] DbExamplesSqlite:690 - Set database path to: C:\Users\alina\.stmcufinder\plugins\mcufinder//mcu/
2021-04-18 08:25:23,592 [INFO] RulesReader:52 - Compatibility file has been processed (237 Rules)
2021-04-18 08:25:23,772 [INFO] MicroXplorer:622 - Detected Java Version = 11.0.9.1
2021-04-18 08:25:23,772 [INFO] DbMcusXml:74 - Set database path to: C:\ST\STM32CubeIDE_1.5.1\STM32CubeIDE\plugins\com.st.stm32cube.common.mx_6.2.0.202102191602\\db\/mcu/
2021-04-18 08:25:23,773 [INFO] DbBoardsPdsc:56 - Set plugin database path to: C:\ST\STM32CubeIDE_1.5.1\STM32CubeIDE\plugins\com.st.stm32cube.common.mx_6.2.0.202102191602\\db\/plugins/boardmanager/
2021-04-18 08:25:23,774 [INFO] DbMcus:258 - Set plugin images path to: C:\ST\STM32CubeIDE_1.5.1\STM32CubeIDE\plugins\com.st.stm32cube.common.mx_6.2.0.202102191602\\db\/plugins/mcufinder/images/
2021-04-18 08:25:23,775 [INFO] DbBoards:264 - Set plugin images path to: C:\ST\STM32CubeIDE_1.5.1\STM32CubeIDE\plugins\com.st.stm32cube.common.mx_6.2.0.202102191602\\db\/plugins/mcufinder/images/
2021-04-18 08:25:23,797 [INFO] DbExamples:333 - Set plugin images path to: C:\ST\STM32CubeIDE_1.5.1\STM32CubeIDE\plugins\com.st.stm32cube.common.mx_6.2.0.202102191602\\db\/plugins/mcufinder/images/
2021-04-18 08:25:23,798 [WARN] DbFile:35 - Overriding database path with different value: C:\Users\alina\.stmcufinder\plugins\mcufinder/ => C:\Users\alina\.stmcufinder\plugins\mcufinder
2021-04-18 08:25:23,798 [INFO] DbMcusAds:85 - Set database path to: C:\Users\alina\.stmcufinder\plugins\mcufinder//mcu/
2021-04-18 08:25:23,798 [WARN] DbFile:35 - Overriding database path with different value: C:\Users\alina\.stmcufinder\plugins\mcufinder/ => C:\Users\alina\.stmcufinder\plugins\mcufinder
2021-04-18 08:25:23,798 [INFO] DbMcusDocs:110 - Set database path to: C:\Users\alina\.stmcufinder\plugins\mcufinder//mcu/
2021-04-18 08:25:23,799 [WARN] DbFile:35 - Overriding database path with different value: C:\Users\alina\.stmcufinder\plugins\mcufinder/ => C:\Users\alina\.stmcufinder\plugins\mcufinder
2021-04-18 08:25:23,799 [INFO] DbMcusJson:65 - Set database path to: C:\Users\alina\.stmcufinder\plugins\mcufinder//mcu/
2021-04-18 08:25:23,799 [WARN] DbFile:35 - Overriding database path with different value: C:\Users\alina\.stmcufinder\plugins\mcufinder/ => C:\Users\alina\.stmcufinder\plugins\mcufinder
2021-04-18 08:25:23,799 [INFO] DbBoardsDocs:110 - Set database path to: C:\Users\alina\.stmcufinder\plugins\mcufinder//mcu/
2021-04-18 08:25:23,799 [WARN] DbFile:35 - Overriding database path with different value: C:\Users\alina\.stmcufinder\plugins\mcufinder/ => C:\Users\alina\.stmcufinder\plugins\mcufinder
2021-04-18 08:25:23,799 [INFO] DbBoardsJson:58 - Set database path to: C:\Users\alina\.stmcufinder\plugins\mcufinder//mcu/
2021-04-18 08:25:23,799 [WARN] DbFile:35 - Overriding database path with different value: C:\Users\alina\.stmcufinder\plugins\mcufinder/ => C:\Users\alina\.stmcufinder\plugins\mcufinder
2021-04-18 08:25:23,799 [WARN] DbFile:35 - Overriding database path with different value: C:\Users\alina\.stmcufinder\plugins\mcufinder/ => C:\Users\alina\.stmcufinder\plugins\mcufinder
2021-04-18 08:25:23,800 [INFO] CrossReferenceDbSqlite:196 - Set database path to: C:\Users\alina\.stmcufinder\plugins\mcufinder//mcu/cs/
2021-04-18 08:25:23,800 [WARN] DbFile:35 - Overriding database path with different value: C:\Users\alina\.stmcufinder\plugins\mcufinder/ => C:\Users\alina\.stmcufinder\plugins\mcufinder
2021-04-18 08:25:23,800 [INFO] DbExamplesSqlite:690 - Set database path to: C:\Users\alina\.stmcufinder\plugins\mcufinder//mcu/
2021-04-18 08:25:23,934 [INFO] MainPanel:204 - HeapMemory: 268435456
2021-04-18 08:25:24,089 [INFO] DbMcusXml:74 - Set database path to: C:\ST\STM32CubeIDE_1.5.1\STM32CubeIDE\plugins\com.st.stm32cube.common.mx_6.2.0.202102191602\\db\/mcu/
2021-04-18 08:25:24,089 [INFO] DbBoardsPdsc:56 - Set plugin database path to: C:\ST\STM32CubeIDE_1.5.1\STM32CubeIDE\plugins\com.st.stm32cube.common.mx_6.2.0.202102191602\\db\/plugins/boardmanager/
2021-04-18 08:25:24,089 [INFO] DbMcus:258 - Set plugin images path to: C:\ST\STM32CubeIDE_1.5.1\STM32CubeIDE\plugins\com.st.stm32cube.common.mx_6.2.0.202102191602\\db\/plugins/mcufinder/images/
2021-04-18 08:25:24,089 [INFO] DbBoards:264 - Set plugin images path to: C:\ST\STM32CubeIDE_1.5.1\STM32CubeIDE\plugins\com.st.stm32cube.common.mx_6.2.0.202102191602\\db\/plugins/mcufinder/images/
2021-04-18 08:25:24,089 [INFO] DbExamples:333 - Set plugin images path to: C:\ST\STM32CubeIDE_1.5.1\STM32CubeIDE\plugins\com.st.stm32cube.common.mx_6.2.0.202102191602\\db\/plugins/mcufinder/images/
2021-04-18 08:25:24,090 [WARN] DbFile:35 - Overriding database path with different value: C:\Users\alina\.stmcufinder\plugins\mcufinder/ => C:\Users\alina\.stmcufinder\plugins\mcufinder
2021-04-18 08:25:24,090 [INFO] DbMcusAds:85 - Set database path to: C:\Users\alina\.stmcufinder\plugins\mcufinder//mcu/
2021-04-18 08:25:24,090 [WARN] DbFile:35 - Overriding database path with different value: C:\Users\alina\.stmcufinder\plugins\mcufinder/ => C:\Users\alina\.stmcufinder\plugins\mcufinder
2021-04-18 08:25:24,090 [INFO] DbMcusDocs:110 - Set database path to: C:\Users\alina\.stmcufinder\plugins\mcufinder//mcu/
2021-04-18 08:25:24,090 [WARN] DbFile:35 - Overriding database path with different value: C:\Users\alina\.stmcufinder\plugins\mcufinder/ => C:\Users\alina\.stmcufinder\plugins\mcufinder
2021-04-18 08:25:24,090 [INFO] DbMcusJson:65 - Set database path to: C:\Users\alina\.stmcufinder\plugins\mcufinder//mcu/
2021-04-18 08:25:24,090 [WARN] DbFile:35 - Overriding database path with different value: C:\Users\alina\.stmcufinder\plugins\mcufinder/ => C:\Users\alina\.stmcufinder\plugins\mcufinder
2021-04-18 08:25:24,091 [INFO] DbBoardsDocs:110 - Set database path to: C:\Users\alina\.stmcufinder\plugins\mcufinder//mcu/
2021-04-18 08:25:24,091 [WARN] DbFile:35 - Overriding database path with different value: C:\Users\alina\.stmcufinder\plugins\mcufinder/ => C:\Users\alina\.stmcufinder\plugins\mcufinder
2021-04-18 08:25:24,091 [INFO] DbBoardsJson:58 - Set database path to: C:\Users\alina\.stmcufinder\plugins\mcufinder//mcu/
2021-04-18 08:25:24,091 [WARN] DbFile:35 - Overriding database path with different value: C:\Users\alina\.stmcufinder\plugins\mcufinder/ => C:\Users\alina\.stmcufinder\plugins\mcufinder
2021-04-18 08:25:24,091 [WARN] DbFile:35 - Overriding database path with different value: C:\Users\alina\.stmcufinder\plugins\mcufinder/ => C:\Users\alina\.stmcufinder\plugins\mcufinder
2021-04-18 08:25:24,091 [INFO] CrossReferenceDbSqlite:196 - Set database path to: C:\Users\alina\.stmcufinder\plugins\mcufinder//mcu/cs/
2021-04-18 08:25:24,091 [WARN] DbFile:35 - Overriding database path with different value: C:\Users\alina\.stmcufinder\plugins\mcufinder/ => C:\Users\alina\.stmcufinder\plugins\mcufinder
2021-04-18 08:25:24,091 [INFO] DbExamplesSqlite:690 - Set database path to: C:\Users\alina\.stmcufinder\plugins\mcufinder//mcu/
2021-04-18 08:25:24,157 [INFO] ApplicationProperties:181 - Using Application install path: C:\ST\STM32CubeIDE_1.5.1\STM32CubeIDE\plugins\com.st.stm32cube.common.mx_6.2.0.202102191602
2021-04-18 08:25:24,159 [INFO] PluginManage:178 - Search for loadable plugins [exclusion list=, ]
2021-04-18 08:25:24,166 [INFO] PluginManage:292 - Check plugin analytics
2021-04-18 08:25:24,544 [INFO] AnalyticsPlugin:233 - Accepted Software Licenses: STM32CubeMX.6.1.0,STM32CubeMX.6.1.1,STM32CubeMX.6.1.2,STM32CubeMX.6.2.0
2021-04-18 08:25:24,545 [INFO] AnalyticsPlugin:235 - Accepted CMSIS Pack Licenses: 
2021-04-18 08:25:24,546 [INFO] AnalyticsPlugin:237 - Accepted Firmware Licenses: 
2021-04-18 08:25:24,546 [INFO] PluginManage:342 - Loaded plugin analytics (category:tool,tabindex:-1)
2021-04-18 08:25:24,547 [INFO] PluginManage:292 - Check plugin clock
2021-04-18 08:25:24,609 [INFO] PluginManage:342 - Loaded plugin clock (category:base,tabindex:2)
2021-04-18 08:25:24,609 [INFO] PluginManage:292 - Check plugin ddr
2021-04-18 08:25:24,614 [INFO] PluginManage:342 - Loaded plugin ddr (category:tool,tabindex:6)
2021-04-18 08:25:24,614 [INFO] PluginManage:292 - Check plugin filemanager
2021-04-18 08:25:24,899 [INFO] PluginManage:342 - Loaded plugin filemanager (category:base,tabindex:10)
2021-04-18 08:25:24,899 [INFO] PluginManage:292 - Check plugin ipmanager
2021-04-18 08:25:24,912 [INFO] PluginManage:342 - Loaded plugin ipmanager (category:base,tabindex:5)
2021-04-18 08:25:24,912 [INFO] PluginManage:292 - Check plugin pinoutandconfiguration
2021-04-18 08:25:24,961 [INFO] PluginManage:342 - Loaded plugin pinoutandconfiguration (category:base,tabindex:1)
2021-04-18 08:25:24,962 [INFO] PluginManage:292 - Check plugin pinoutconfig
2021-04-18 08:25:25,065 [INFO] PluginManage:342 - Loaded plugin pinoutconfig (category:base,tabindex:0)
2021-04-18 08:25:25,066 [INFO] PluginManage:292 - Check plugin power
2021-04-18 08:25:25,123 [INFO] PluginManage:342 - Loaded plugin power (category:power,tabindex:4)
2021-04-18 08:25:25,124 [INFO] PluginManage:292 - Check plugin projectmanager
2021-04-18 08:25:25,163 [INFO] PluginManage:342 - Loaded plugin projectmanager (category:projectmanager,tabindex:3)
2021-04-18 08:25:25,163 [INFO] PluginManage:292 - Check plugin thirdparty
2021-04-18 08:25:25,928 [INFO] PluginManage:342 - Loaded plugin thirdparty (category:base,tabindex:-1)
2021-04-18 08:25:25,928 [INFO] PluginManage:292 - Check plugin tools
2021-04-18 08:25:25,929 [WARN] IntegrityCheckThread:59 - waiting for thirdparty lock release [integrity check]
2021-04-18 08:25:25,931 [INFO] IntegrityCheckThread:61 - entering critical section [integrity check]
2021-04-18 08:25:25,931 [INFO] ThirdPartyUpdaterWithRetryManager:56 - Updater plugin not ready yet. [1/15]
2021-04-18 08:25:26,075 [INFO] PluginManage:342 - Loaded plugin tools (category:base,tabindex:7)
2021-04-18 08:25:26,076 [INFO] PluginManage:292 - Check plugin tutovideos
2021-04-18 08:25:26,587 [INFO] PluginManage:342 - Loaded plugin tutovideos (category:base,tabindex:-1)
2021-04-18 08:25:26,587 [INFO] PluginManage:292 - Check plugin updater
2021-04-18 08:25:26,608 [INFO] PluginManage:342 - Loaded plugin updater (category:base,tabindex:12)
2021-04-18 08:25:26,609 [INFO] PluginManage:265 - PluginManage : Loaded plugins [13]
2021-04-18 08:25:26,934 [INFO] PinOutPanel:1435 - setPackage(No Configuration,No Configuration)
2021-04-18 08:25:27,087 [INFO] IPUIPlugin:64 - create IPUIPlugin
2021-04-18 08:25:27,087 [INFO] PluginManager:203 - loadIPPluginJar : add adc
2021-04-18 08:25:27,166 [INFO] IPUIPlugin:64 - create IPUIPlugin
2021-04-18 08:25:27,167 [INFO] PluginManager:203 - loadIPPluginJar : add aes
2021-04-18 08:25:27,279 [INFO] IPUIPlugin:64 - create IPUIPlugin
2021-04-18 08:25:27,279 [INFO] PluginManager:203 - loadIPPluginJar : add can
2021-04-18 08:25:27,358 [INFO] IPUIPlugin:64 - create IPUIPlugin
2021-04-18 08:25:27,358 [INFO] PluginManager:203 - loadIPPluginJar : add comp
2021-04-18 08:25:27,435 [INFO] IPUIPlugin:64 - create IPUIPlugin
2021-04-18 08:25:27,436 [INFO] PluginManager:203 - loadIPPluginJar : add cryp
2021-04-18 08:25:27,550 [INFO] IPUIPlugin:64 - create IPUIPlugin
2021-04-18 08:25:27,551 [INFO] PluginManager:203 - loadIPPluginJar : add dfsdm
2021-04-18 08:25:27,601 [INFO] IPUIPlugin:64 - create IPUIPlugin
2021-04-18 08:25:27,602 [INFO] PluginManager:203 - loadIPPluginJar : add dma
2021-04-18 08:25:27,669 [INFO] IPUIPlugin:64 - create IPUIPlugin
2021-04-18 08:25:27,670 [INFO] PluginManager:203 - loadIPPluginJar : add fatfs
2021-04-18 08:25:27,876 [INFO] IPUIPlugin:64 - create IPUIPlugin
2021-04-18 08:25:27,876 [INFO] PluginManager:203 - loadIPPluginJar : add fmc
2021-04-18 08:25:27,908 [INFO] IPUIPlugin:64 - create IPUIPlugin
2021-04-18 08:25:27,909 [INFO] PluginManager:203 - loadIPPluginJar : add freertos
2021-04-18 08:25:27,997 [INFO] IPUIPlugin:64 - create IPUIPlugin
2021-04-18 08:25:27,997 [INFO] PluginManager:203 - loadIPPluginJar : add genericplugin
2021-04-18 08:25:28,254 [INFO] IPUIPlugin:64 - create IPUIPlugin
2021-04-18 08:25:28,254 [INFO] PluginManager:203 - loadIPPluginJar : add gfxmmu
2021-04-18 08:25:28,540 [INFO] IPUIPlugin:64 - create IPUIPlugin
2021-04-18 08:25:28,540 [INFO] PluginManager:203 - loadIPPluginJar : add gic
2021-04-18 08:25:28,565 [INFO] IPUIPlugin:64 - create IPUIPlugin
2021-04-18 08:25:28,565 [INFO] PluginManager:203 - loadIPPluginJar : add gpio
2021-04-18 08:25:28,777 [INFO] IPUIPlugin:64 - create IPUIPlugin
2021-04-18 08:25:28,777 [INFO] PluginManager:203 - loadIPPluginJar : add gtzc
2021-04-18 08:25:28,871 [INFO] IPUIPlugin:64 - create IPUIPlugin
2021-04-18 08:25:28,872 [INFO] PluginManager:203 - loadIPPluginJar : add hash
2021-04-18 08:25:28,936 [INFO] ThirdPartyUpdaterWithRetryManager:56 - Updater plugin not ready yet. [2/15]
2021-04-18 08:25:29,003 [INFO] IPUIPlugin:64 - create IPUIPlugin
2021-04-18 08:25:29,003 [INFO] PluginManager:203 - loadIPPluginJar : add i2c
2021-04-18 08:25:29,100 [INFO] IPUIPlugin:64 - create IPUIPlugin
2021-04-18 08:25:29,100 [INFO] PluginManager:203 - loadIPPluginJar : add i2s
2021-04-18 08:25:29,125 [INFO] IPUIPlugin:64 - create IPUIPlugin
2021-04-18 08:25:29,126 [INFO] PluginManager:203 - loadIPPluginJar : add ipddr
2021-04-18 08:25:29,201 [INFO] IPUIPlugin:64 - create IPUIPlugin
2021-04-18 08:25:29,201 [INFO] PluginManager:203 - loadIPPluginJar : add lorawan
2021-04-18 08:25:29,303 [INFO] IPUIPlugin:64 - create IPUIPlugin
2021-04-18 08:25:29,303 [INFO] PluginManager:203 - loadIPPluginJar : add ltdc
2021-04-18 08:25:29,337 [INFO] IPUIPlugin:64 - create IPUIPlugin
2021-04-18 08:25:29,338 [INFO] PluginManager:203 - loadIPPluginJar : add mdma
2021-04-18 08:25:29,364 [INFO] IPUIPlugin:64 - create IPUIPlugin
2021-04-18 08:25:29,365 [INFO] PluginManager:203 - loadIPPluginJar : add nvic
2021-04-18 08:25:29,443 [INFO] IPUIPlugin:64 - create IPUIPlugin
2021-04-18 08:25:29,443 [INFO] PluginManager:203 - loadIPPluginJar : add opamp
2021-04-18 08:25:29,583 [INFO] IPUIPlugin:64 - create IPUIPlugin
2021-04-18 08:25:29,583 [INFO] PluginManager:203 - loadIPPluginJar : add openamp
2021-04-18 08:25:29,708 [INFO] IPUIPlugin:64 - create IPUIPlugin
2021-04-18 08:25:29,708 [INFO] PluginManager:203 - loadIPPluginJar : add pdm2pcm
2021-04-18 08:25:29,747 [INFO] IPUIPlugin:64 - create IPUIPlugin
2021-04-18 08:25:29,753 [INFO] PluginManager:203 - loadIPPluginJar : add plateformsettings
2021-04-18 08:25:29,817 [INFO] IPUIPlugin:64 - create IPUIPlugin
2021-04-18 08:25:29,818 [INFO] PluginManager:203 - loadIPPluginJar : add quadspi
2021-04-18 08:25:29,849 [INFO] IPUIPlugin:64 - create IPUIPlugin
2021-04-18 08:25:29,849 [INFO] PluginManager:203 - loadIPPluginJar : add resmgrutility
2021-04-18 08:25:30,034 [INFO] IPUIPlugin:64 - create IPUIPlugin
2021-04-18 08:25:30,035 [INFO] PluginManager:203 - loadIPPluginJar : add sai
2021-04-18 08:25:30,124 [INFO] IPUIPlugin:64 - create IPUIPlugin
2021-04-18 08:25:30,124 [INFO] PluginManager:203 - loadIPPluginJar : add spi
2021-04-18 08:25:30,214 [INFO] IPUIPlugin:64 - create IPUIPlugin
2021-04-18 08:25:30,214 [INFO] PluginManager:203 - loadIPPluginJar : add stm32_wpan
2021-04-18 08:25:30,272 [INFO] IPUIPlugin:64 - create IPUIPlugin
2021-04-18 08:25:30,272 [INFO] PluginManager:203 - loadIPPluginJar : add tim
2021-04-18 08:25:30,433 [INFO] IPUIPlugin:64 - create IPUIPlugin
2021-04-18 08:25:30,433 [INFO] PluginManager:203 - loadIPPluginJar : add touchsensing
2021-04-18 08:25:30,505 [INFO] IPUIPlugin:64 - create IPUIPlugin
2021-04-18 08:25:30,506 [INFO] PluginManager:203 - loadIPPluginJar : add tracer_emb
2021-04-18 08:25:30,595 [INFO] IPUIPlugin:64 - create IPUIPlugin
2021-04-18 08:25:30,595 [INFO] PluginManager:203 - loadIPPluginJar : add ts
2021-04-18 08:25:30,652 [INFO] IPUIPlugin:64 - create IPUIPlugin
2021-04-18 08:25:30,653 [INFO] PluginManager:203 - loadIPPluginJar : add tsc
2021-04-18 08:25:30,710 [INFO] IPUIPlugin:64 - create IPUIPlugin
2021-04-18 08:25:30,710 [INFO] PluginManager:203 - loadIPPluginJar : add ucpd
2021-04-18 08:25:30,819 [INFO] IPUIPlugin:64 - create IPUIPlugin
2021-04-18 08:25:30,819 [INFO] PluginManager:203 - loadIPPluginJar : add usart
2021-04-18 08:25:31,317 [FATAL] Updater:284 - Updater called before beeing initialized
2021-04-18 08:25:31,471 [FATAL] Updater:284 - Updater called before beeing initialized
2021-04-18 08:25:31,523 [INFO] DbMcusAds:132 - JSON generation date=Mon Mar 01 13:57:44 IRST 2021 (1614594464771)
2021-04-18 08:25:31,523 [FATAL] Updater:284 - Updater called before beeing initialized
2021-04-18 08:25:31,630 [WARN] DetailPanel:315 - Failed to get advertising image, set to default
2021-04-18 08:25:31,888 [FATAL] Updater:284 - Updater called before beeing initialized
2021-04-18 08:25:31,890 [FATAL] Updater:284 - Updater called before beeing initialized
2021-04-18 08:25:31,891 [FATAL] Updater:284 - Updater called before beeing initialized
2021-04-18 08:25:31,891 [WARN] DetailPanel:315 - Failed to get advertising image, set to default
2021-04-18 08:25:31,892 [FATAL] Updater:284 - Updater called before beeing initialized
2021-04-18 08:25:31,948 [INFO] ThirdPartyUpdaterWithRetryManager:56 - Updater plugin not ready yet. [3/15]
2021-04-18 08:25:31,986 [FATAL] Updater:284 - Updater called before beeing initialized
2021-04-18 08:25:31,986 [WARN] ThirdParty:796 - waiting for thirdparty lock release [close project]
2021-04-18 08:25:34,963 [FATAL] Updater:284 - Updater called before beeing initialized
2021-04-18 08:25:34,963 [ERROR] AbstractThirdPartyUpdaterManager:153 - class java.lang.Integer cannot be cast to class java.util.List (java.lang.Integer and java.util.List are in module java.base of loader 'bootstrap')
2021-04-18 08:25:34,963 [INFO] ThirdParty:900 - Integrity check success = false
2021-04-18 08:25:34,964 [INFO] IntegrityCheckThread:75 - exiting critical section [integrity check]
2021-04-18 08:25:34,964 [INFO] IntegrityCheckThread:78 - End integrity checks thread
2021-04-18 08:25:34,964 [INFO] ThirdParty:798 - entering critical section [close project]
2021-04-18 08:25:34,966 [INFO] ThirdParty:809 - exiting critical section [close project]
2021-04-18 08:25:34,971 [INFO] PinOutPanel:1435 - setPackage(No Configuration,No Configuration)
2021-04-18 08:25:34,971 [FATAL] Updater:284 - Updater called before beeing initialized
2021-04-18 08:25:35,004 [INFO] Updater:1002 - Updater Version found : 6.2.0
2021-04-18 08:25:35,026 [INFO] ApplicationProperties:181 - Using Application install path: C:\ST\STM32CubeIDE_1.5.1\STM32CubeIDE\plugins\com.st.stm32cube.common.mx_6.2.0.202102191602
2021-04-18 08:25:35,920 [INFO] MainUpdater:2661 - connection check result : 10
2021-04-18 08:25:35,921 [INFO] MainUpdater:255 - Updater Check For Update Now.
2021-04-18 08:25:35,921 [INFO] MicroXplorer:472 - Change Database Version : DB.6.0.20
2021-04-18 08:25:36,057 [INFO] CheckServerUpdateThread:102 - End of CheckServer Thread
2021-04-18 08:25:36,061 [INFO] MainUpdater:2661 - connection check result : 10
2021-04-18 08:40:01,624 [INFO] Activator:170 - 


2021-04-18 08:40:01,629 [INFO] Activator:171 - !SESSION log4j initialized
2021-04-24 10:08:21,184 [INFO] Activator:170 - 


2021-04-24 10:08:21,214 [INFO] Activator:171 - !SESSION log4j initialized
2021-04-24 10:08:23,211 [ERROR] LogOutputStream:74 - [STDERR_REDIRECT] Managed Build system manifest file error: Could not load icon "icons/chip.png".
2021-04-24 10:08:23,216 [ERROR] LogOutputStream:74 - [STDERR_REDIRECT] Managed Build system manifest file error: Could not load icon "icons/chip.png".
2021-04-24 10:08:23,253 [ERROR] LogOutputStream:74 - [STDERR_REDIRECT] Managed Build system manifest file error: Could not load icon "icons/chip.png".
2021-04-24 10:11:13,972 [INFO] RetryExec:97 - I/O exception (java.net.SocketException) caught when processing request to {}->http://sw-center.st.com:80: Connection reset
2021-04-24 10:11:13,976 [INFO] RetryExec:113 - Retrying request to {}->http://sw-center.st.com:80
2021-05-08 23:34:23,419 [INFO] Activator:170 - 


2021-05-08 23:34:23,447 [INFO] Activator:171 - !SESSION log4j initialized
2021-05-08 23:34:24,901 [ERROR] LogOutputStream:74 - [STDERR_REDIRECT] Managed Build system manifest file error: Could not load icon "icons/chip.png".
2021-05-08 23:34:24,902 [ERROR] LogOutputStream:74 - [STDERR_REDIRECT] Managed Build system manifest file error: Could not load icon "icons/chip.png".
2021-05-08 23:34:24,925 [ERROR] LogOutputStream:74 - [STDERR_REDIRECT] Managed Build system manifest file error: Could not load icon "icons/chip.png".
2021-05-12 21:12:53,614 [INFO] Activator:170 - 


2021-05-12 21:12:53,633 [INFO] Activator:171 - !SESSION log4j initialized
2021-05-12 21:12:55,525 [ERROR] LogOutputStream:74 - [STDERR_REDIRECT] Managed Build system manifest file error: Could not load icon "icons/chip.png".
2021-05-12 21:12:55,530 [ERROR] LogOutputStream:74 - [STDERR_REDIRECT] Managed Build system manifest file error: Could not load icon "icons/chip.png".
2021-05-12 21:12:55,555 [ERROR] LogOutputStream:74 - [STDERR_REDIRECT] Managed Build system manifest file error: Could not load icon "icons/chip.png".
2021-05-27 20:35:49,718 [INFO] Activator:170 - 


2021-05-27 20:35:49,749 [INFO] Activator:171 - !SESSION log4j initialized
2021-05-27 20:35:51,142 [ERROR] LogOutputStream:74 - [STDERR_REDIRECT] Managed Build system manifest file error: Could not load icon "icons/chip.png".
2021-05-27 20:35:51,142 [ERROR] LogOutputStream:74 - [STDERR_REDIRECT] Managed Build system manifest file error: Could not load icon "icons/chip.png".
2021-05-27 20:35:51,158 [ERROR] LogOutputStream:74 - [STDERR_REDIRECT] Managed Build system manifest file error: Could not load icon "icons/chip.png".
2021-07-05 18:45:09,788 [INFO] Activator:170 - 


2021-07-05 18:45:09,835 [INFO] Activator:171 - !SESSION log4j initialized
2021-07-05 18:45:11,007 [ERROR] LogOutputStream:74 - [STDERR_REDIRECT] Managed Build system manifest file error: Could not load icon "icons/chip.png".
2021-07-05 18:45:11,038 [ERROR] LogOutputStream:74 - [STDERR_REDIRECT] Managed Build system manifest file error: Could not load icon "icons/chip.png".
2021-07-05 18:45:11,054 [ERROR] LogOutputStream:74 - [STDERR_REDIRECT] Managed Build system manifest file error: Could not load icon "icons/chip.png".
