2026-05-25 04:11:18,826 [INFO] Activator:176 - 


2026-05-25 04:11:18,849 [INFO] Activator:177 - !SESSION log4j initialized
2026-05-25 04:11:39,165 [INFO] LogOutputStream:77 - [STDOUT_REDIRECT] 
2026-05-25 04:11:48,283 [ERROR] ConfigurationRetriever:142 - IOException on connection: Connect timed out
2026-05-25 04:11:50,291 [ERROR] ConfigurationRetriever:142 - IOException on connection: Connect timed out
2026-05-25 04:11:52,306 [ERROR] ConfigurationRetriever:142 - IOException on connection: Connect timed out
2026-05-25 04:11:55,413 [INFO] ApplicationProperties:184 - Using Application install path: C:\ST\STM32CubeIDE_1.19.0\STM32CubeIDE\plugins\com.st.stm32cube.common.mx_6.15.0.202507011659
2026-05-25 04:11:55,450 [INFO] DbMcusXml:78 - Set database path to: C:\ST\STM32CubeIDE_1.19.0\STM32CubeIDE\plugins\com.st.stm32cube.common.mx_6.15.0.202507011659\\db\/mcu/
2026-05-25 04:11:55,455 [INFO] ApiDb:274 - Set plugin database path to: C:\ST\STM32CubeIDE_1.19.0\STM32CubeIDE\plugins\com.st.stm32cube.common.mx_6.15.0.202507011659\\db\/plugins/boardmanager/
2026-05-25 04:11:55,457 [WARN] ApiDb:259 - Overriding images path with different value:  => C:\ST\STM32CubeIDE_1.19.0\STM32CubeIDE\plugins\com.st.stm32cube.common.mx_6.15.0.202507011659\\db\/plugins/mcufinder/images/
2026-05-25 04:11:55,480 [INFO] ApiDb:250 - Set database path to: C:\Users\alina\.stmcufinder\plugins\mcufinder//mcu/
2026-05-25 04:11:55,482 [INFO] DbMcusAds:125 - Set database path to: C:\Users\alina\.stmcufinder\plugins\mcufinder//mcu/
2026-05-25 04:11:55,586 [INFO] CrossReferenceDbSqlite:203 - Set database path to: C:\Users\alina\.stmcufinder\plugins\mcufinder//mcu/cs/
2026-05-25 04:11:55,823 [INFO] RulesReader:64 - Compatibility file has been processed (317 Rules)
2026-05-25 04:11:55,999 [INFO] DbMcusXml:78 - Set database path to: C:\ST\STM32CubeIDE_1.19.0\STM32CubeIDE\plugins\com.st.stm32cube.common.mx_6.15.0.202507011659\\db\/mcu/
2026-05-25 04:11:56,000 [INFO] ApiDb:274 - Set plugin database path to: C:\ST\STM32CubeIDE_1.19.0\STM32CubeIDE\plugins\com.st.stm32cube.common.mx_6.15.0.202507011659\\db\/plugins/boardmanager/
2026-05-25 04:11:56,001 [INFO] ApiDb:261 - Set plugin images path to: C:\ST\STM32CubeIDE_1.19.0\STM32CubeIDE\plugins\com.st.stm32cube.common.mx_6.15.0.202507011659\\db\/plugins/mcufinder/images/
2026-05-25 04:11:56,001 [WARN] DbFile:41 - Overriding database path with different value: C:\Users\alina\.stmcufinder\plugins\mcufinder/ => C:\Users\alina\.stmcufinder\plugins\mcufinder
2026-05-25 04:11:56,002 [INFO] ApiDb:250 - Set database path to: C:\Users\alina\.stmcufinder\plugins\mcufinder//mcu/
2026-05-25 04:11:56,002 [WARN] DbFile:41 - Overriding database path with different value: C:\Users\alina\.stmcufinder\plugins\mcufinder/ => C:\Users\alina\.stmcufinder\plugins\mcufinder
2026-05-25 04:11:56,003 [INFO] DbMcusAds:125 - Set database path to: C:\Users\alina\.stmcufinder\plugins\mcufinder//mcu/
2026-05-25 04:11:56,003 [WARN] DbFile:41 - Overriding database path with different value: C:\Users\alina\.stmcufinder\plugins\mcufinder/ => C:\Users\alina\.stmcufinder\plugins\mcufinder
2026-05-25 04:11:56,003 [WARN] DbFile:41 - Overriding database path with different value: C:\Users\alina\.stmcufinder\plugins\mcufinder/ => C:\Users\alina\.stmcufinder\plugins\mcufinder
2026-05-25 04:11:56,004 [INFO] CrossReferenceDbSqlite:203 - Set database path to: C:\Users\alina\.stmcufinder\plugins\mcufinder//mcu/cs/
2026-05-25 04:11:56,125 [INFO] MainPanel:274 - HeapMemory: 268435456
2026-05-25 04:11:56,327 [INFO] DbMcusXml:78 - Set database path to: C:\ST\STM32CubeIDE_1.19.0\STM32CubeIDE\plugins\com.st.stm32cube.common.mx_6.15.0.202507011659\\db\/mcu/
2026-05-25 04:11:56,327 [INFO] ApiDb:274 - Set plugin database path to: C:\ST\STM32CubeIDE_1.19.0\STM32CubeIDE\plugins\com.st.stm32cube.common.mx_6.15.0.202507011659\\db\/plugins/boardmanager/
2026-05-25 04:11:56,327 [INFO] ApiDb:261 - Set plugin images path to: C:\ST\STM32CubeIDE_1.19.0\STM32CubeIDE\plugins\com.st.stm32cube.common.mx_6.15.0.202507011659\\db\/plugins/mcufinder/images/
2026-05-25 04:11:56,328 [WARN] DbFile:41 - Overriding database path with different value: C:\Users\alina\.stmcufinder\plugins\mcufinder/ => C:\Users\alina\.stmcufinder\plugins\mcufinder
2026-05-25 04:11:56,328 [INFO] ApiDb:250 - Set database path to: C:\Users\alina\.stmcufinder\plugins\mcufinder//mcu/
2026-05-25 04:11:56,329 [WARN] DbFile:41 - Overriding database path with different value: C:\Users\alina\.stmcufinder\plugins\mcufinder/ => C:\Users\alina\.stmcufinder\plugins\mcufinder
2026-05-25 04:11:56,329 [INFO] DbMcusAds:125 - Set database path to: C:\Users\alina\.stmcufinder\plugins\mcufinder//mcu/
2026-05-25 04:11:56,329 [WARN] DbFile:41 - Overriding database path with different value: C:\Users\alina\.stmcufinder\plugins\mcufinder/ => C:\Users\alina\.stmcufinder\plugins\mcufinder
2026-05-25 04:11:56,329 [WARN] DbFile:41 - Overriding database path with different value: C:\Users\alina\.stmcufinder\plugins\mcufinder/ => C:\Users\alina\.stmcufinder\plugins\mcufinder
2026-05-25 04:11:56,329 [INFO] CrossReferenceDbSqlite:203 - Set database path to: C:\Users\alina\.stmcufinder\plugins\mcufinder//mcu/cs/
2026-05-25 04:11:56,359 [INFO] ApplicationProperties:184 - Using Application install path: C:\ST\STM32CubeIDE_1.19.0\STM32CubeIDE\plugins\com.st.stm32cube.common.mx_6.15.0.202507011659
2026-05-25 04:11:56,361 [INFO] PluginManage:196 - Search for loadable plugins [exclusion list=, ]
2026-05-25 04:11:56,363 [INFO] PluginManage:310 - Check plugin analytics
2026-05-25 04:11:56,753 [INFO] AnalyticsPlugin:253 - Accepted Software Licenses: STM32CubeMX.6.13.0,STM32CubeMX.6.15.0
2026-05-25 04:11:56,754 [INFO] AnalyticsPlugin:255 - Accepted CMSIS Pack Licenses: 
2026-05-25 04:11:56,754 [INFO] AnalyticsPlugin:257 - Accepted Firmware Licenses: FW.G0.1.6.0,FW.F4.1.28.0,FW.G4.1.6.0
2026-05-25 04:11:56,763 [INFO] PluginManage:359 - Loaded plugin analytics (category:tool,tabindex:-1)
2026-05-25 04:11:56,764 [INFO] PluginManage:310 - Check plugin cadmodel
2026-05-25 04:11:56,776 [INFO] CADModel:105 - Init CAD model plugin
2026-05-25 04:11:56,776 [INFO] PluginManage:359 - Loaded plugin cadmodel (category:power,tabindex:5)
2026-05-25 04:11:56,777 [INFO] PluginManage:310 - Check plugin clock
2026-05-25 04:11:56,797 [INFO] PluginManage:359 - Loaded plugin clock (category:base,tabindex:2)
2026-05-25 04:11:56,797 [INFO] PluginManage:310 - Check plugin ddr
2026-05-25 04:11:56,803 [INFO] PluginManage:359 - Loaded plugin ddr (category:tool,tabindex:6)
2026-05-25 04:11:56,803 [INFO] PluginManage:310 - Check plugin filemanager
2026-05-25 04:11:57,166 [INFO] PluginManage:359 - Loaded plugin filemanager (category:base,tabindex:10)
2026-05-25 04:11:57,166 [INFO] PluginManage:310 - Check plugin ipmanager
2026-05-25 04:11:57,178 [INFO] PluginManage:359 - Loaded plugin ipmanager (category:base,tabindex:5)
2026-05-25 04:11:57,178 [INFO] PluginManage:310 - Check plugin lpbam
2026-05-25 04:11:57,190 [INFO] PluginManage:359 - Loaded plugin lpbam (category:base,tabindex:0)
2026-05-25 04:11:57,190 [INFO] PluginManage:310 - Check plugin memorymap
2026-05-25 04:11:57,213 [INFO] PluginManage:359 - Loaded plugin memorymap (category:base,tabindex:4)
2026-05-25 04:11:57,213 [INFO] PluginManage:310 - Check plugin pinoutandconfiguration
2026-05-25 04:11:57,227 [INFO] PluginManage:359 - Loaded plugin pinoutandconfiguration (category:base,tabindex:1)
2026-05-25 04:11:57,228 [INFO] PluginManage:310 - Check plugin pinoutconfig
2026-05-25 04:11:57,366 [WARN] SupportedApi:132 - Cannot load RTOS API schema: s4s-elt-must-match.1: The content of 'definitions' must match (annotation?, (simpleType | complexType)?, (unique | key | keyref)*)). A problem was found starting at: attribute.
2026-05-25 04:11:57,664 [INFO] PluginManage:359 - Loaded plugin pinoutconfig (category:base,tabindex:0)
2026-05-25 04:11:57,665 [INFO] PluginManage:310 - Check plugin power
2026-05-25 04:11:57,687 [INFO] PluginManage:359 - Loaded plugin power (category:power,tabindex:4)
2026-05-25 04:11:57,688 [INFO] PluginManage:310 - Check plugin projectmanager
2026-05-25 04:11:57,714 [INFO] PluginManage:359 - Loaded plugin projectmanager (category:projectmanager,tabindex:4)
2026-05-25 04:11:57,767 [INFO] PluginManage:310 - Check plugin rif
2026-05-25 04:11:57,788 [INFO] PluginManage:359 - Loaded plugin rif (category:base,tabindex:3)
2026-05-25 04:11:57,788 [INFO] PluginManage:310 - Check plugin thirdparty
2026-05-25 04:11:58,157 [INFO] PluginManage:359 - Loaded plugin thirdparty (category:base,tabindex:-1)
2026-05-25 04:11:58,158 [INFO] PluginManage:310 - Check plugin tools
2026-05-25 04:11:58,158 [WARN] IntegrityCheckThread:84 - waiting for thirdparty lock release [integrity check]
2026-05-25 04:11:58,161 [INFO] IntegrityCheckThread:86 - entering critical section [integrity check]
2026-05-25 04:11:58,161 [INFO] ThirdPartyUpdaterWithRetryManager:70 - Updater plugin not ready yet. [1/15]
2026-05-25 04:11:58,162 [INFO] PluginManage:359 - Loaded plugin tools (category:base,tabindex:7)
2026-05-25 04:11:58,163 [INFO] PluginManage:310 - Check plugin tutovideos
2026-05-25 04:11:58,698 [INFO] PluginManage:359 - Loaded plugin tutovideos (category:base,tabindex:-1)
2026-05-25 04:11:58,698 [INFO] PluginManage:310 - Check plugin updater
2026-05-25 04:11:58,740 [INFO] PluginManage:359 - Loaded plugin updater (category:base,tabindex:12)
2026-05-25 04:11:58,740 [INFO] PluginManage:310 - Check plugin userauth
2026-05-25 04:11:58,747 [INFO] UserAuth:118 - Init User Auth plugin
2026-05-25 04:11:58,748 [INFO] PluginManage:359 - Loaded plugin userauth (category:base,tabindex:14)
2026-05-25 04:11:58,749 [INFO] PluginManage:283 - PluginManage : Loaded plugins [18]
2026-05-25 04:11:59,189 [INFO] PinOutPanel:1589 - setPackage(No Configuration,No Configuration)
2026-05-25 04:11:59,434 [INFO] CADModel:165 - CPN selected for project level
2026-05-25 04:11:59,434 [INFO] CADModel:114 - Register for checkConnection events
2026-05-25 04:11:59,475 [INFO] IPUIPlugin:80 - create IPUIPlugin
2026-05-25 04:11:59,475 [INFO] PluginManager:220 - loadIPPluginJar : add adc
2026-05-25 04:11:59,481 [INFO] IPUIPlugin:80 - create IPUIPlugin
2026-05-25 04:11:59,481 [INFO] PluginManager:220 - loadIPPluginJar : add aes
2026-05-25 04:11:59,486 [INFO] IPUIPlugin:80 - create IPUIPlugin
2026-05-25 04:11:59,486 [INFO] PluginManager:220 - loadIPPluginJar : add can
2026-05-25 04:11:59,490 [INFO] IPUIPlugin:80 - create IPUIPlugin
2026-05-25 04:11:59,490 [INFO] PluginManager:220 - loadIPPluginJar : add comp
2026-05-25 04:11:59,495 [INFO] IPUIPlugin:80 - create IPUIPlugin
2026-05-25 04:11:59,495 [INFO] PluginManager:220 - loadIPPluginJar : add cryp
2026-05-25 04:11:59,501 [INFO] IPUIPlugin:80 - create IPUIPlugin
2026-05-25 04:11:59,501 [INFO] PluginManager:220 - loadIPPluginJar : add ddr_ctrl_phy
2026-05-25 04:11:59,506 [INFO] IPUIPlugin:80 - create IPUIPlugin
2026-05-25 04:11:59,507 [INFO] PluginManager:220 - loadIPPluginJar : add dfsdm
2026-05-25 04:11:59,519 [INFO] IPUIPlugin:80 - create IPUIPlugin
2026-05-25 04:11:59,520 [INFO] PluginManager:220 - loadIPPluginJar : add dma
2026-05-25 04:11:59,525 [INFO] IPUIPlugin:80 - create IPUIPlugin
2026-05-25 04:11:59,525 [INFO] PluginManager:220 - loadIPPluginJar : add dma3
2026-05-25 04:11:59,537 [INFO] IPUIPlugin:80 - create IPUIPlugin
2026-05-25 04:11:59,538 [INFO] PluginManager:220 - loadIPPluginJar : add extmemmanager
2026-05-25 04:11:59,554 [INFO] IPUIPlugin:80 - create IPUIPlugin
2026-05-25 04:11:59,555 [INFO] PluginManager:220 - loadIPPluginJar : add fatfs
2026-05-25 04:11:59,582 [INFO] IPUIPlugin:80 - create IPUIPlugin
2026-05-25 04:11:59,582 [INFO] PluginManager:220 - loadIPPluginJar : add fmc
2026-05-25 04:11:59,607 [INFO] IPUIPlugin:80 - create IPUIPlugin
2026-05-25 04:11:59,608 [INFO] PluginManager:220 - loadIPPluginJar : add freertos
2026-05-25 04:11:59,611 [INFO] IPUIPlugin:80 - create IPUIPlugin
2026-05-25 04:11:59,611 [INFO] PluginManager:220 - loadIPPluginJar : add genericplugin
2026-05-25 04:11:59,616 [INFO] IPUIPlugin:80 - create IPUIPlugin
2026-05-25 04:11:59,616 [INFO] PluginManager:220 - loadIPPluginJar : add gfxmmu
2026-05-25 04:11:59,621 [INFO] IPUIPlugin:80 - create IPUIPlugin
2026-05-25 04:11:59,622 [INFO] PluginManager:220 - loadIPPluginJar : add gic
2026-05-25 04:11:59,635 [INFO] IPUIPlugin:80 - create IPUIPlugin
2026-05-25 04:11:59,635 [INFO] PluginManager:220 - loadIPPluginJar : add gpio
2026-05-25 04:11:59,639 [INFO] IPUIPlugin:80 - create IPUIPlugin
2026-05-25 04:11:59,639 [INFO] PluginManager:220 - loadIPPluginJar : add gtzc
2026-05-25 04:11:59,643 [INFO] IPUIPlugin:80 - create IPUIPlugin
2026-05-25 04:11:59,643 [INFO] PluginManager:220 - loadIPPluginJar : add hash
2026-05-25 04:11:59,647 [INFO] IPUIPlugin:80 - create IPUIPlugin
2026-05-25 04:11:59,647 [INFO] PluginManager:220 - loadIPPluginJar : add i2c
2026-05-25 04:11:59,651 [INFO] IPUIPlugin:80 - create IPUIPlugin
2026-05-25 04:11:59,651 [INFO] PluginManager:220 - loadIPPluginJar : add i2s
2026-05-25 04:11:59,655 [INFO] IPUIPlugin:80 - create IPUIPlugin
2026-05-25 04:11:59,655 [INFO] PluginManager:220 - loadIPPluginJar : add i3c
2026-05-25 04:11:59,659 [INFO] IPUIPlugin:80 - create IPUIPlugin
2026-05-25 04:11:59,659 [INFO] PluginManager:220 - loadIPPluginJar : add ipddr
2026-05-25 04:11:59,667 [INFO] IPUIPlugin:80 - create IPUIPlugin
2026-05-25 04:11:59,667 [INFO] PluginManager:220 - loadIPPluginJar : add linkedlist
2026-05-25 04:11:59,675 [INFO] IPUIPlugin:80 - create IPUIPlugin
2026-05-25 04:11:59,675 [INFO] PluginManager:220 - loadIPPluginJar : add lorawan
2026-05-25 04:11:59,679 [INFO] IPUIPlugin:80 - create IPUIPlugin
2026-05-25 04:11:59,679 [INFO] PluginManager:220 - loadIPPluginJar : add ltdc
2026-05-25 04:11:59,692 [INFO] IPUIPlugin:80 - create IPUIPlugin
2026-05-25 04:11:59,694 [INFO] PluginManager:220 - loadIPPluginJar : add mdma
2026-05-25 04:11:59,707 [INFO] IPUIPlugin:80 - create IPUIPlugin
2026-05-25 04:11:59,707 [INFO] PluginManager:220 - loadIPPluginJar : add nvic
2026-05-25 04:11:59,719 [INFO] IPUIPlugin:80 - create IPUIPlugin
2026-05-25 04:11:59,719 [INFO] PluginManager:220 - loadIPPluginJar : add opamp
2026-05-25 04:11:59,734 [INFO] IPUIPlugin:80 - create IPUIPlugin
2026-05-25 04:11:59,735 [INFO] PluginManager:220 - loadIPPluginJar : add openamp
2026-05-25 04:11:59,741 [INFO] IPUIPlugin:80 - create IPUIPlugin
2026-05-25 04:11:59,741 [INFO] PluginManager:220 - loadIPPluginJar : add pdm2pcm
2026-05-25 04:11:59,749 [INFO] IPUIPlugin:80 - create IPUIPlugin
2026-05-25 04:11:59,753 [INFO] PluginManager:220 - loadIPPluginJar : add plateformsettings
2026-05-25 04:11:59,756 [INFO] IPUIPlugin:80 - create IPUIPlugin
2026-05-25 04:11:59,756 [INFO] PluginManager:220 - loadIPPluginJar : add quadspi
2026-05-25 04:11:59,759 [INFO] IPUIPlugin:80 - create IPUIPlugin
2026-05-25 04:11:59,760 [INFO] PluginManager:220 - loadIPPluginJar : add radio
2026-05-25 04:11:59,766 [INFO] IPUIPlugin:80 - create IPUIPlugin
2026-05-25 04:11:59,766 [INFO] PluginManager:220 - loadIPPluginJar : add resmgrutility
2026-05-25 04:11:59,770 [INFO] IPUIPlugin:80 - create IPUIPlugin
2026-05-25 04:11:59,771 [INFO] PluginManager:220 - loadIPPluginJar : add sai
2026-05-25 04:11:59,774 [INFO] IPUIPlugin:80 - create IPUIPlugin
2026-05-25 04:11:59,775 [INFO] PluginManager:220 - loadIPPluginJar : add spi
2026-05-25 04:11:59,783 [INFO] IPUIPlugin:80 - create IPUIPlugin
2026-05-25 04:11:59,783 [INFO] PluginManager:220 - loadIPPluginJar : add stm32_wpan
2026-05-25 04:11:59,786 [INFO] IPUIPlugin:80 - create IPUIPlugin
2026-05-25 04:11:59,786 [INFO] PluginManager:220 - loadIPPluginJar : add tim
2026-05-25 04:11:59,794 [INFO] IPUIPlugin:80 - create IPUIPlugin
2026-05-25 04:11:59,794 [INFO] PluginManager:220 - loadIPPluginJar : add touchsensing
2026-05-25 04:11:59,798 [INFO] IPUIPlugin:80 - create IPUIPlugin
2026-05-25 04:11:59,798 [INFO] PluginManager:220 - loadIPPluginJar : add tracer_emb
2026-05-25 04:11:59,801 [INFO] IPUIPlugin:80 - create IPUIPlugin
2026-05-25 04:11:59,801 [INFO] PluginManager:220 - loadIPPluginJar : add ts
2026-05-25 04:11:59,804 [INFO] IPUIPlugin:80 - create IPUIPlugin
2026-05-25 04:11:59,804 [INFO] PluginManager:220 - loadIPPluginJar : add tsc
2026-05-25 04:11:59,808 [INFO] IPUIPlugin:80 - create IPUIPlugin
2026-05-25 04:11:59,808 [INFO] PluginManager:220 - loadIPPluginJar : add ucpd
2026-05-25 04:11:59,813 [INFO] IPUIPlugin:80 - create IPUIPlugin
2026-05-25 04:11:59,813 [INFO] PluginManager:220 - loadIPPluginJar : add usart
2026-05-25 04:11:59,818 [INFO] IPUIPlugin:80 - create IPUIPlugin
2026-05-25 04:11:59,818 [INFO] PluginManager:220 - loadIPPluginJar : add usbx
2026-05-25 04:11:59,993 [FATAL] Updater:351 - Updater called before beeing initialized
2026-05-25 04:12:00,124 [INFO] RulesReader:64 - Compatibility file has been processed (317 Rules)
2026-05-25 04:12:00,143 [INFO] RulesReader:64 - Compatibility file has been processed (317 Rules)
2026-05-25 04:12:00,166 [INFO] CADModel:165 - CPN selected for project level
2026-05-25 04:12:00,166 [INFO] CADModel:114 - Register for checkConnection events
2026-05-25 04:12:00,167 [FATAL] Updater:351 - Updater called before beeing initialized
2026-05-25 04:12:00,167 [ERROR] CADModel:125 - Updater not yet initialized, retry later 
2026-05-25 04:12:00,531 [FATAL] Updater:351 - Updater called before beeing initialized
2026-05-25 04:12:00,538 [INFO] CADModel:165 - CPN selected for project level
2026-05-25 04:12:00,538 [INFO] CADModel:114 - Register for checkConnection events
2026-05-25 04:12:00,538 [FATAL] Updater:351 - Updater called before beeing initialized
2026-05-25 04:12:00,538 [ERROR] CADModel:125 - Updater not yet initialized, retry later 
2026-05-25 04:12:00,547 [FATAL] Updater:351 - Updater called before beeing initialized
2026-05-25 04:12:01,010 [FATAL] Updater:351 - Updater called before beeing initialized
2026-05-25 04:12:01,027 [INFO] DbMcusAds:53 - JSON generation date=Tue Dec 16 07:11:46 CST 2025 (1765840306612)
2026-05-25 04:12:01,027 [FATAL] Updater:351 - Updater called before beeing initialized
2026-05-25 04:12:01,081 [WARN] DetailPanel:346 - Failed to get advertising image, set to default
2026-05-25 04:12:01,163 [INFO] ThirdPartyUpdaterWithRetryManager:70 - Updater plugin not ready yet. [2/15]
2026-05-25 04:12:01,200 [FATAL] Updater:351 - Updater called before beeing initialized
2026-05-25 04:12:01,203 [FATAL] Updater:351 - Updater called before beeing initialized
2026-05-25 04:12:01,203 [FATAL] Updater:351 - Updater called before beeing initialized
2026-05-25 04:12:01,203 [WARN] DetailPanel:346 - Failed to get advertising image, set to default
2026-05-25 04:12:01,204 [FATAL] Updater:351 - Updater called before beeing initialized
2026-05-25 04:12:01,272 [ERROR] Updater:1198 - MainUpdater not yet initialized. External WinMGr cannot be set.
2026-05-25 04:12:01,274 [INFO] Updater:1134 - Updater Version found : 6.15.0
2026-05-25 04:12:01,300 [INFO] ApplicationProperties:184 - Using Application install path: C:\ST\STM32CubeIDE_1.19.0\STM32CubeIDE\plugins\com.st.stm32cube.common.mx_6.15.0.202507011659
2026-05-25 04:12:01,779 [ERROR] ConfigurationRetriever:142 - IOException on connection: Connect timed out
2026-05-25 04:12:04,164 [FATAL] Updater:351 - Updater called before beeing initialized
2026-05-25 04:12:04,164 [ERROR] IntegrityCheckThread:130 - Cannot retrieve database content from updater: error 21
2026-05-25 04:12:04,164 [INFO] ThirdParty:978 - Integrity check success = false
2026-05-25 04:12:04,164 [INFO] IntegrityCheckThread:100 - exiting critical section [integrity check]
2026-05-25 04:12:04,164 [INFO] IntegrityCheckThread:103 - End integrity checks thread
2026-05-25 04:12:05,837 [WARN] CheckConnectionManager:291 - Warning during Server Connection :  timeout Connect to sw-center.st.com:443 [sw-center.st.com/2.16.10.149, sw-center.st.com/2.16.10.139] failed: Connect timed out
2026-05-25 04:12:06,783 [ERROR] ConfigurationRetriever:142 - IOException on connection: Connect timed out
2026-05-25 04:12:09,843 [WARN] CheckConnectionManager:291 - Warning during Server Connection :  timeout Connect to sw-center.st.com:443 [sw-center.st.com/2.16.10.149, sw-center.st.com/2.16.10.139] failed: Connect timed out
2026-05-25 04:12:09,856 [INFO] MainUpdater:2872 - connection check result : 22
2026-05-25 04:12:09,857 [INFO] MainUpdater:289 - Updater Check For Update Now.
2026-05-25 04:12:09,858 [INFO] MicroXplorer:498 - Change Database Version : DB.6.0.150
2026-05-25 04:12:09,890 [INFO] McuFinderGlobals:63 - Set McuFinder mode to 2 (CubeIDE integrated)
2026-05-25 04:12:09,920 [INFO] UserAuth:487 - Internet connection configuration mode: 2
2026-05-25 04:12:10,168 [INFO] UserAuth:487 - Internet connection configuration mode: 2
2026-05-25 04:12:11,163 [INFO] CheckServerUpdateThread:120 - End of CheckServer Thread
2026-05-25 04:12:11,197 [INFO] ApiDb:581 - Connected to CubeFinder SQLite database (C:\Users\alina\.stmcufinder\plugins\mcufinder\mcu\cube-finder-db.db)
2026-05-25 04:12:11,774 [INFO] ApiDb:668 - CubeFinder database Data Model version=2.1
2026-05-25 04:12:11,774 [INFO] ApiDb:669 - CubeFinder database Configuration version=3.0.39
2026-05-25 04:12:11,775 [INFO] ApiDb:670 - CubeFinder database generation date=2025-06-24 (1750757100)
2026-05-25 04:12:11,776 [INFO] ApiDb:671 - CubeFinder database FW Pack versions=[FP-ATR-ASTRA1_V2.0.0, FP-SNS-FLIGHT1_V5.1.0, FP-SNS-MOTENV1_V5.0.0, FP-SNS-MOTENVWB1_V1.4.0, FP-SNS-SMARTAG2_V1.2.0, FP-SNS-STBOX1_V2.0.0, STM32Cube_FW_C0_V1.4.0, STM32Cube_FW_F4_V1.28.2, STM32Cube_FW_F7_V1.17.3, STM32Cube_FW_G0_V1.6.2, STM32Cube_FW_G4_V1.6.1, STM32Cube_FW_H5_V1.5.0, STM32Cube_FW_H7RS_V1.2.0, STM32Cube_FW_H7_V1.12.1, STM32Cube_FW_L0_V1.12.2, STM32Cube_FW_L4_V1.18.1, STM32Cube_FW_L5_V1.5.1, STM32Cube_FW_N6_V1.2.0, STM32Cube_FW_U0_V1.3.0, STM32Cube_FW_U3_V1.2.0, STM32Cube_FW_U5_V1.8.0, STM32Cube_FW_WB0_V1.3.0, STM32Cube_FW_WBA_V1.7.0, STM32Cube_FW_WB_V1.23.0, STM32Cube_FW_WL3_V1.2.0, STM32Cube_FW_WL_V1.3.1, X-CUBE-ALGOBUILD_V1.4.0, X-CUBE-ALS_V1.0.2, X-CUBE-AZRTOS-F4_V1.1.0, X-CUBE-AZRTOS-F7_V1.1.0, X-CUBE-AZRTOS-G0_V1.1.0, X-CUBE-AZRTOS-G4_V2.0.0, X-CUBE-AZRTOS-H7RS_V1.1.0, X-CUBE-AZRTOS-H7_V3.3.0, X-CUBE-AZRTOS-L4_V2.0.0, X-CUBE-AZRTOS-L5_V2.0.0, X-CUBE-AZRTOS-WB_V2.0.0, X-CUBE-AZRTOS-WL_V2.0.0, X-CUBE-BLE1_V7.1.0, X-CUBE-BLE2_V3.3.0, X-CUBE-BLEMGR_V4.0.0, X-CUBE-EEPRMA1_V5.1.0, X-CUBE-FREERTOS_V1.3.1, X-CUBE-GNSS1_V6.0.0, X-CUBE-MEMS1_V11.3.0, X-CUBE-NFC4_V3.0.0, X-CUBE-NFC7_V2.0.0, X-CUBE-SFXS2LP1_V4.0.0, X-CUBE-SUBG2_V5.0.0, X-CUBE-TOF1_V3.4.3]
2026-05-25 04:12:11,785 [ERROR] ConfigurationRetriever:142 - IOException on connection: Connect timed out
2026-05-25 04:12:15,717 [INFO] ApiDb:240 - Found 880 in-development CPN: [B-G473E-ZEST1S, B-WB1M-WPAN1, B-WBA5M-WPAN, B-WL5M-SUBG1, NUCLEO-C031C6, NUCLEO-C051C8, NUCLEO-C071RB, NUCLEO-C092RC, NUCLEO-H503RB, NUCLEO-H533RE, NUCLEO-H563ZI, NUCLEO-H7S3L8, NUCLEO-N657X0-Q, NUCLEO-U031R8, NUCLEO-U083RC, NUCLEO-U385RG-Q, NUCLEO-U545RE-Q, NUCLEO-U5A5ZJ-Q, NUCLEO-WB05KZ, NUCLEO-WB07CC, NUCLEO-WB09KE, NUCLEO-WBA52CG, NUCLEO-WBA55CG, NUCLEO-WL33CC1, NUCLEO-WL33CC2, STEVAL-PROTEUS1, STEVAL-SMARTAG2, STEVAL-STWINBX1, STM320518-EVAL, STM32C0116-DK, STM32C011D6Y3TR, STM32C011D6Y6TR, STM32C011F4P3, STM32C011F4P6, STM32C011F4U3, STM32C011F4U6TR, STM32C011F6P3, STM32C011F6P6, STM32C011F6U3, STM32C011F6U6TR, STM32C011J4M3, STM32C011J4M6, STM32C011J6M3, STM32C011J6M6, STM32C0316-DK, STM32C031C4T3, STM32C031C4T6, STM32C031C4U3, STM32C031C4U6, STM32C031C6T3, STM32C031C6T6, STM32C031C6U3, STM32C031C6U6, STM32C031F4P3, STM32C031F4P6, STM32C031F6P3, STM32C031F6P6, STM32C031G4U3, STM32C031G4U6, STM32C031G6U3, STM32C031G6U6, STM32C031K4T3, STM32C031K4T6, STM32C031K4U3, STM32C031K4U6, STM32C031K6T3, STM32C031K6T6, STM32C031K6U3, STM32C031K6U6, STM32C051C6T6, STM32C051C6U6, STM32C051C8T6, STM32C051C8U6, STM32C051D8Y6TR, STM32C051F6P6, STM32C051F8P6, STM32C051G6U6, STM32C051G8U6, STM32C051K6T6, STM32C051K6U6, STM32C051K8T6, STM32C071C8T6, STM32C071C8T6N, STM32C071C8U6, STM32C071C8U6N, STM32C071CBT6, STM32C071CBT6N, STM32C071CBU6, STM32C071CBU6N, STM32C071F8P6, STM32C071F8P6N, STM32C071FBP6, STM32C071FBP6N, STM32C071FBY6TR, STM32C071G8U6, STM32C071G8U6N, STM32C071GBU6, STM32C071GBU6N, STM32C071K8T6, STM32C071K8T6N, STM32C071K8U6, STM32C071K8U6N, STM32C071KBT6, STM32C071KBT6N, STM32C071KBU6, STM32C071KBU6N, STM32C071R8T6, STM32C071R8T6N, STM32C071RBI6N, STM32C071RBT6, STM32C071RBT6N, STM32C091CBT6, STM32C091CBU6, STM32C091CCT6, STM32C091CCU6, STM32C091ECY6TR, STM32C091FBP6, STM32C091FCP6, STM32C091GBU6, STM32C091GCU6, STM32C091KBT6, STM32C091KBU6, STM32C091KCT6, STM32C091KCU6, STM32C091RBT6, STM32C091RCI6, STM32C091RCT6, STM32C092CBT6, STM32C092CBU6, STM32C092CCT6, STM32C092CCU6, STM32C092ECY6TR, STM32C092FBP6, STM32C092FCP6, STM32C092GBU6, STM32C092GCU6, STM32C092KBT6, STM32C092KBU6, STM32C092KCT6, STM32C092KCU6, STM32C092RBT6, STM32C092RCI6, STM32C092RCT6, STM32G071K8TXN, STM32G071K8UXN, STM32G081GBU6N, STM32G081KBT6N, STM32G081KBUXN, STM32G0B1CCT6N, STM32G0B1KCT6, STM32G0B1NEY6TR, STM32G0B1RCT6N, STM32G0C1CCT6, STM32G0C1CCT6N, STM32G0C1CCU6N, STM32G0C1CET6N, STM32G0C1CEU6N, STM32G0C1KCT6, STM32G0C1NEY6TR, STM32G0C1RCI6N, STM32G0C1RCT6N, STM32G0C1REI6N, STM32G0C1RET6N, STM32G0C1VCI6, STM32G0C1VEI6, STM32G411C6T3, STM32G411C6T6, STM32G411C6U3, STM32G411C6U6, STM32G411C8T3, STM32G411C8T6, STM32G411C8U3, STM32G411C8U6, STM32G411CBT3, STM32G411CBT6, STM32G411CBU3, STM32G411CBU6, STM32G411K6T3, STM32G411K6T6, STM32G411K6U3, STM32G411K6U6, STM32G411K8T3, STM32G411K8T6, STM32G411K8U3, STM32G411K8U6, STM32G411KBT3, STM32G411KBT6, STM32G411KBU3, STM32G411KBU6, STM32G411M6T3, STM32G411M6T6, STM32G411M8T3, STM32G411M8T6, STM32G411MBT3, STM32G411MBT6, STM32G411R6T3, STM32G411R6T6, STM32G411R8T3, STM32G411R8T6, STM32G411RBT3, STM32G411RBT6, STM32G414CBT3, STM32G414CBT6, STM32G414CBU3, STM32G414CBU6, STM32G414CCT3, STM32G414CCT6, STM32G414CCU3, STM32G414CCU6, STM32G414MBT3, STM32G414MBT6, STM32G414MCT3, STM32G414MCT6, STM32G414RBT3, STM32G414RBT6, STM32G414RCT3, STM32G414RCT6, STM32G414VBT3, STM32G414VBT6, STM32G414VCT3, STM32G414VCT6, STM32G431CBT3Z, STM32G431RBT3Z, STM32G471CCT6, STM32G471CCU6, STM32G471CET3, STM32G471CET6, STM32G471CEU3, STM32G471CEU6, STM32G471MCT6, STM32G471MET3, STM32G471MET6, STM32G471MEY6TR, STM32G471QCT6, STM32G471QET3, STM32G471RCT6, STM32G471RET3, STM32G471RET6, STM32G471VCH6, STM32G471VCI6, STM32G471VCT6, STM32G471VEH3, STM32G471VEH6, STM32G471VEI3, STM32G471VEI6, STM32G471VET3, STM32G471VET6, STM32G473QET3Z, STM32G473RET3Z, STM32G474CCT6, STM32G491RET3Z, STM32H503CBT6, STM32H503CBU6, STM32H503EBY6TR, STM32H503KBU6, STM32H503RBT6, STM32H523CCT6, STM32H523CCU6, STM32H523CET6, STM32H523CEU6, STM32H523HEY6TR, STM32H523RCT6, STM32H523RET6, STM32H523VCI6, STM32H523VCT6, STM32H523VEI6, STM32H523VET6, STM32H523ZCJ6, STM32H523ZCT6, STM32H523ZEJ6, STM32H523ZET6, STM32H533CET6, STM32H533CEU6, STM32H533HEY6TR, STM32H533RET6, STM32H533VEI6, STM32H533VET6, STM32H533ZEJ6, STM32H533ZET6, STM32H562AGI6, STM32H562AII6, STM32H562IGK6, STM32H562IGT6, STM32H562IIK6, STM32H562IIT6, STM32H562RGT6, STM32H562RGV6, STM32H562RIT6, STM32H562RIV6, STM32H562VGT6, STM32H562VIT6, STM32H562ZGT6, STM32H562ZIT6, STM32H563AGI6, STM32H563AII3Q, STM32H563AII6, STM32H563IGK6, STM32H563IGT6, STM32H563IIK3Q, STM32H563IIK6, STM32H563IIT3Q, STM32H563IIT6, STM32H563MIY3QTR, STM32H563RGT6, STM32H563RGV6, STM32H563RIT6, STM32H563RIV6, STM32H563VGT6, STM32H563VIT3Q, STM32H563VIT6, STM32H563ZGT6, STM32H563ZIT3Q, STM32H563ZIT6, STM32H573AII3Q, STM32H573AII6, STM32H573I-DK, STM32H573IIK3Q, STM32H573IIK6, STM32H573IIT3Q, STM32H573IIT6, STM32H573MIY3QTR, STM32H573RIT6, STM32H573RIV6, STM32H573VIT3Q, STM32H573VIT6, STM32H573ZIT3Q, STM32H573ZIT6, STM32H7R3A8I6, STM32H7R3I8K6, STM32H7R3I8T6, STM32H7R3L8H6, STM32H7R3L8H6H, STM32H7R3R8V6, STM32H7R3V8H6, STM32H7R3V8T6, STM32H7R3V8Y6TR, STM32H7R3Z8J6, STM32H7R3Z8T6, STM32H7R7A8I6, STM32H7R7I8K6, STM32H7R7I8T6, STM32H7R7L8H6, STM32H7R7L8H6H, STM32H7R7Z8J6, STM32H7S3A8I6, STM32H7S3I8K6, STM32H7S3I8T6, STM32H7S3L8H6, STM32H7S3L8H6H, STM32H7S3R8V6, STM32H7S3V8H6, STM32H7S3V8T6, STM32H7S3V8Y6TR, STM32H7S3Z8J6, STM32H7S3Z8T6, STM32H7S78-DK, STM32H7S7A8I6, STM32H7S7I8K6, STM32H7S7I8T6, STM32H7S7L8H6, STM32H7S7L8H6H, STM32H7S7Z8J6, STM32L4R5QGI6STR, STM32MP131AAE3, STM32MP131AAF3, STM32MP131AAG3, STM32MP131CAE3, STM32MP131CAF3, STM32MP131CAG3, STM32MP131DAE7, STM32MP131DAF7, STM32MP131DAG7, STM32MP131FAE7, STM32MP131FAF7, STM32MP131FAG7, STM32MP133AAE3, STM32MP133AAF3, STM32MP133AAG3, STM32MP133CAE3, STM32MP133CAF3, STM32MP133CAG3, STM32MP133DAE7, STM32MP133DAF7, STM32MP133DAG7, STM32MP133FAE7, STM32MP133FAF7, STM32MP133FAG7, STM32MP135AAE3, STM32MP135AAF3, STM32MP135AAG3, STM32MP135CAE3, STM32MP135CAF3, STM32MP135CAG3, STM32MP135DAE7, STM32MP135DAF7, STM32MP135DAG7, STM32MP135F-DK, STM32MP135FAE7, STM32MP135FAF7, STM32MP135FAF7T, STM32MP135FAF7U, STM32MP135FAG7, STM32MP211AAL3, STM32MP211AAM3, STM32MP211AAN3, STM32MP211AAO3, STM32MP211CAL3, STM32MP211CAM3, STM32MP211CAN3, STM32MP211CAO3, STM32MP211DAL3, STM32MP211DAM3, STM32MP211DAN3, STM32MP211DAO3, STM32MP211FAL3, STM32MP211FAM3, STM32MP211FAN3, STM32MP211FAO3, STM32MP213AAL3, STM32MP213AAM3, STM32MP213AAN3, STM32MP213AAO3, STM32MP213CAL3, STM32MP213CAM3, STM32MP213CAN3, STM32MP213CAO3, STM32MP213DAL3, STM32MP213DAM3, STM32MP213DAN3, STM32MP213DAO3, STM32MP213FAL3, STM32MP213FAM3, STM32MP213FAN3, STM32MP213FAO3, STM32MP215AAL3, STM32MP215AAM3, STM32MP215AAN3, STM32MP215AAO3, STM32MP215CAL3, STM32MP215CAM3, STM32MP215CAN3, STM32MP215CAO3, STM32MP215DAL3, STM32MP215DAM3, STM32MP215DAN3, STM32MP215DAO3, STM32MP215F-DK, STM32MP215FAL3, STM32MP215FAM3, STM32MP215FAN3, STM32MP215FAO3, STM32MP231AAJ3, STM32MP231AAK3, STM32MP231AAL3, STM32MP231CAJ3, STM32MP231CAK3, STM32MP231CAL3, STM32MP231DAJ3, STM32MP231DAK3, STM32MP231DAL3, STM32MP231FAJ3, STM32MP231FAK3, STM32MP231FAL3, STM32MP233AAJ3, STM32MP233AAK3, STM32MP233AAL3, STM32MP233CAJ3, STM32MP233CAK3, STM32MP233CAL3, STM32MP233DAJ3, STM32MP233DAK3, STM32MP233DAL3, STM32MP233FAJ3, STM32MP233FAK3, STM32MP233FAL3, STM32MP235AAJ3, STM32MP235AAK3, STM32MP235AAL3, STM32MP235CAJ3, STM32MP235CAK3, STM32MP235CAL3, STM32MP235DAJ3, STM32MP235DAK3, STM32MP235DAL3, STM32MP235FAJ3, STM32MP235FAK3, STM32MP235FAL3, STM32MP251AAI3, STM32MP251AAK3, STM32MP251AAL3, STM32MP251CAI3, STM32MP251CAK3, STM32MP251CAL3, STM32MP251DAI3, STM32MP251DAK3, STM32MP251DAL3, STM32MP251FAI3, STM32MP251FAK3, STM32MP251FAL3, STM32MP253AAI3, STM32MP253AAK3, STM32MP253AAL3, STM32MP253CAI3, STM32MP253CAK3, STM32MP253CAL3, STM32MP253DAI3, STM32MP253DAK3, STM32MP253DAL3, STM32MP253FAI3, STM32MP253FAK3, STM32MP253FAL3, STM32MP255AAI3, STM32MP255AAK3, STM32MP255AAL3, STM32MP255CAI3, STM32MP255CAK3, STM32MP255CAL3, STM32MP255DAI3, STM32MP255DAK3, STM32MP255DAL3, STM32MP255FAI3, STM32MP255FAK3, STM32MP255FAL3, STM32MP257AAI3, STM32MP257AAK3, STM32MP257AAL3, STM32MP257CAI3, STM32MP257CAK3, STM32MP257CAL3, STM32MP257DAI3, STM32MP257DAK3, STM32MP257DAL3, STM32MP257F-DK, STM32MP257F-EV1, STM32MP257FAI3, STM32MP257FAK3, STM32MP257FAL3, STM32N645A0H3Q, STM32N645B0H3Q, STM32N645I0H3Q, STM32N645L0H3Q, STM32N645X0H3Q, STM32N645Z0H3Q, STM32N647A0H3Q, STM32N647B0H3Q, STM32N647I0H3Q, STM32N647L0H3Q, STM32N647X0H3Q, STM32N647Z0H3Q, STM32N655A0H3Q, STM32N655B0H3Q, STM32N655I0H3Q, STM32N655L0H3Q, STM32N655X0H3Q, STM32N655Z0H3Q, STM32N6570-DK, STM32N657A0H3Q, STM32N657B0H3Q, STM32N657I0H3Q, STM32N657L0H3Q, STM32N657X0H3Q, STM32N657Z0H3Q, STM32U031C6T6, STM32U031C6U6, STM32U031C8T6, STM32U031C8U6, STM32U031F4P6, STM32U031F6P6, STM32U031F8P6, STM32U031G6Y6TR, STM32U031G8Y6TR, STM32U031K4U6, STM32U031K6U6, STM32U031K8U6, STM32U031R6I6, STM32U031R6T6, STM32U031R8I6, STM32U031R8T6, STM32U073C8T6, STM32U073C8U6, STM32U073CBT6, STM32U073CBU6, STM32U073CCT6, STM32U073CCU6, STM32U073H8Y6TR, STM32U073HBY6TR, STM32U073HCY6TR, STM32U073K8U6, STM32U073KBU6, STM32U073KCU6, STM32U073M8I6, STM32U073M8T6, STM32U073MBI6, STM32U073MBT6, STM32U073MCI6, STM32U073MCT6, STM32U073R8I6, STM32U073R8T6, STM32U073RBI6, STM32U073RBT6, STM32U073RCI6, STM32U073RCT6, STM32U083C-DK, STM32U083CCT6, STM32U083CCU6, STM32U083HCY6TR, STM32U083KCU6, STM32U083MCI6, STM32U083MCT6, STM32U083RCI6, STM32U083RCT6, STM32U375CET6, STM32U375CET6Q, STM32U375CEU6, STM32U375CEU6Q, STM32U375CEY6QTR, STM32U375CGT6, STM32U375CGT6Q, STM32U375CGU6, STM32U375CGU6Q, STM32U375CGY6QTR, STM32U375KEU6, STM32U375KGU6, STM32U375REI6, STM32U375REI6Q, STM32U375RET6, STM32U375RET6Q, STM32U375REY6GTR, STM32U375REY6QTR, STM32U375RGI6, STM32U375RGI6Q, STM32U375RGT6, STM32U375RGT6Q, STM32U375RGY6GTR, STM32U375RGY6QTR, STM32U375VEI6, STM32U375VEI6Q, STM32U375VET6, STM32U375VET6Q, STM32U375VGI6, STM32U375VGI6Q, STM32U375VGT6, STM32U375VGT6Q, STM32U385CGT6, STM32U385CGT6Q, STM32U385CGU6, STM32U385CGU6Q, STM32U385CGY6QTR, STM32U385KGU6, STM32U385RGI6, STM32U385RGI6Q, STM32U385RGT6, STM32U385RGT6Q, STM32U385RGY6GTR, STM32U385RGY6QTR, STM32U385VGI6, STM32U385VGI6Q, STM32U385VGT6, STM32U385VGT6Q, STM32U535CBT6, STM32U535CBT6Q, STM32U535CBU6, STM32U535CBU6Q, STM32U535CCT6, STM32U535CCT6Q, STM32U535CCU6, STM32U535CCU6Q, STM32U535CET6, STM32U535CET6Q, STM32U535CEU6, STM32U535CEU6Q, STM32U535JEY6QTR, STM32U535NCY6QTR, STM32U535NEY6QTR, STM32U535RBI6, STM32U535RBI6Q, STM32U535RBT6, STM32U535RBT6Q, STM32U535RCI6, STM32U535RCI6Q, STM32U535RCT6, STM32U535RCT6Q, STM32U535REI6, STM32U535REI6Q, STM32U535RET6, STM32U535RET6Q, STM32U535VCI6, STM32U535VCI6Q, STM32U535VCT6, STM32U535VCT6Q, STM32U535VEI6, STM32U535VEI6Q, STM32U535VET6, STM32U535VET6Q, STM32U545CET6, STM32U545CET6Q, STM32U545CEU6, STM32U545CEU6Q, STM32U545JEY6QTR, STM32U545NEY6QTR, STM32U545REI6, STM32U545REI6Q, STM32U545RET6, STM32U545RET6Q, STM32U545VEI6, STM32U545VEI6Q, STM32U545VET6, STM32U545VET6Q, STM32U595AIH6, STM32U595AIH6Q, STM32U595AJH6, STM32U595AJH6Q, STM32U595QII6, STM32U595QII6Q, STM32U595QJI6, STM32U595QJI6Q, STM32U595RIT6, STM32U595RIT6Q, STM32U595RJT6, STM32U595RJT6Q, STM32U595VIT6, STM32U595VIT6Q, STM32U595VJT6, STM32U595VJT6Q, STM32U595ZIT6, STM32U595ZIT6Q, STM32U595ZIY6QTR, STM32U595ZJT6, STM32U595ZJT6Q, STM32U595ZJY6QTR, STM32U599BJY6QTR, STM32U599NIH6Q, STM32U599NJH6Q, STM32U599VIT6Q, STM32U599VJT6, STM32U599VJT6Q, STM32U599ZIT6Q, STM32U599ZIY6QTR, STM32U599ZJT6Q, STM32U599ZJY6QTR, STM32U5A5AJH6, STM32U5A5AJH6Q, STM32U5A5QII3Q , STM32U5A5QJI6, STM32U5A5QJI6Q, STM32U5A5RJT6, STM32U5A5RJT6Q, STM32U5A5VJT6, STM32U5A5VJT6Q, STM32U5A5ZJT6, STM32U5A5ZJT6Q, STM32U5A5ZJY6QTR, STM32U5A9BJY6QTR, STM32U5A9J-DK, STM32U5A9NJH6Q, STM32U5A9VJT6Q, STM32U5A9ZJT6Q, STM32U5A9ZJY6QTR, STM32U5F7VIT6, STM32U5F7VIT6Q, STM32U5F7VJT6, STM32U5F7VJT6Q, STM32U5F9BJY6QTR, STM32U5F9NJH6Q, STM32U5F9VIT6Q, STM32U5F9VJT6Q, STM32U5F9ZIJ6QTR, STM32U5F9ZIT6Q, STM32U5F9ZJJ6QTR, STM32U5F9ZJT6Q, STM32U5G7VJT6, STM32U5G7VJT6Q, STM32U5G9BJY6QTR, STM32U5G9J-DK1, STM32U5G9J-DK2, STM32U5G9NJH6Q, STM32U5G9VJT6Q, STM32U5G9ZJJ6QTR, STM32U5G9ZJT6Q, STM32WB05KZV6TR, STM32WB05KZV7TR, STM32WB05TZF6TR, STM32WB05TZF7TR, STM32WB06CCF6TR, STM32WB06CCF7TR, STM32WB06CCV6TR, STM32WB06CCV7TR, STM32WB06KCV6TR, STM32WB06KCV7TR, STM32WB07CCF6TR, STM32WB07CCF7TR, STM32WB07CCV6TR, STM32WB07CCV7TR, STM32WB07KCV6TR, STM32WB07KCV7TR, STM32WB09KEV6TR, STM32WB09KEV7TR, STM32WB09TEF6TR, STM32WB09TEF7TR, STM32WB1MMCH6, STM32WBA50KGU6, STM32WBA50KGU6TR, STM32WBA52CEU6, STM32WBA52CEU6TR, STM32WBA52CEU7, STM32WBA52CEU7TR, STM32WBA52CGU6, STM32WBA52CGU6TR, STM32WBA52CGU6U, STM32WBA52CGU7, STM32WBA52CGU7TR, STM32WBA52KEU6, STM32WBA52KEU6TR, STM32WBA52KGU6, STM32WBA52KGU6TR, STM32WBA54CEU6, STM32WBA54CEU6TR, STM32WBA54CEU7, STM32WBA54CEU7TR, STM32WBA54CGU6, STM32WBA54CGU6TR, STM32WBA54CGU7, STM32WBA54CGU7TR, STM32WBA54KEU6, STM32WBA54KEU6TR, STM32WBA54KEU7, STM32WBA54KEU7TR, STM32WBA54KGU6, STM32WBA54KGU6TR, STM32WBA54KGU7, STM32WBA54KGU7TR, STM32WBA55CEU6, STM32WBA55CEU6TR, STM32WBA55CEU7, STM32WBA55CEU7TR, STM32WBA55CGU6, STM32WBA55CGU6TR, STM32WBA55CGU6U, STM32WBA55CGU7, STM32WBA55CGU7TR, STM32WBA55G-DK1, STM32WBA55HEF6, STM32WBA55HEF7, STM32WBA55HGF6, STM32WBA55HGF7, STM32WBA55UEI6, STM32WBA55UEI6TR, STM32WBA55UEI7, STM32WBA55UEI7TR, STM32WBA55UGI6, STM32WBA55UGI6TR, STM32WBA55UGI7, STM32WBA55UGI7TR, STM32WBA5MMGH6TR, STM32WBA62MGF6, STM32WBA62MIF6, STM32WBA65MGF7, STM32WBA65MIF6, STM32WBA65MIF7, STM32WL30K8V6, STM32WL30KBV6, STM32WL31C8V6, STM32WL31CBV6, STM32WL31K8V6, STM32WL31KBV6, STM32WL33C8V6, STM32WL33C8V6X, STM32WL33CBV6, STM32WL33CBV6X, STM32WL33CCV6, STM32WL33CCV6A, STM32WL33CCV6X, STM32WL33K8V7, STM32WL33K8V7X, STM32WL33KBV7 , STM32WL33KBV7X, STM32WL33KCV7, STM32WL33KCV7X, STM32WL5MOCH6, STM32WL5MOCH6TR]
2026-05-25 04:12:15,747 [INFO] DbMcus:218 - Found 4801 MCUs, 4801 are supported
2026-05-25 04:12:15,748 [INFO] ApiDb:423 - Load user favorites file C:\Users\alina/.stm32cubeide/favorites.mcus.txt: 0 item(s)
2026-05-25 04:12:15,748 [INFO] ApiDb:427 - User favorites MCUs=[]
2026-05-25 04:12:15,748 [INFO] DbMcus:224 - Set 0 / 0 favorites MCUs
2026-05-25 04:12:16,699 [INFO] ApiDb:668 - CubeFinder database Data Model version=2.1
2026-05-25 04:12:16,699 [INFO] ApiDb:669 - CubeFinder database Configuration version=3.0.39
2026-05-25 04:12:16,700 [INFO] ApiDb:670 - CubeFinder database generation date=2025-06-24 (1750757100)
2026-05-25 04:12:16,700 [INFO] ApiDb:671 - CubeFinder database FW Pack versions=[FP-ATR-ASTRA1_V2.0.0, FP-SNS-FLIGHT1_V5.1.0, FP-SNS-MOTENV1_V5.0.0, FP-SNS-MOTENVWB1_V1.4.0, FP-SNS-SMARTAG2_V1.2.0, FP-SNS-STBOX1_V2.0.0, STM32Cube_FW_C0_V1.4.0, STM32Cube_FW_F4_V1.28.2, STM32Cube_FW_F7_V1.17.3, STM32Cube_FW_G0_V1.6.2, STM32Cube_FW_G4_V1.6.1, STM32Cube_FW_H5_V1.5.0, STM32Cube_FW_H7RS_V1.2.0, STM32Cube_FW_H7_V1.12.1, STM32Cube_FW_L0_V1.12.2, STM32Cube_FW_L4_V1.18.1, STM32Cube_FW_L5_V1.5.1, STM32Cube_FW_N6_V1.2.0, STM32Cube_FW_U0_V1.3.0, STM32Cube_FW_U3_V1.2.0, STM32Cube_FW_U5_V1.8.0, STM32Cube_FW_WB0_V1.3.0, STM32Cube_FW_WBA_V1.7.0, STM32Cube_FW_WB_V1.23.0, STM32Cube_FW_WL3_V1.2.0, STM32Cube_FW_WL_V1.3.1, X-CUBE-ALGOBUILD_V1.4.0, X-CUBE-ALS_V1.0.2, X-CUBE-AZRTOS-F4_V1.1.0, X-CUBE-AZRTOS-F7_V1.1.0, X-CUBE-AZRTOS-G0_V1.1.0, X-CUBE-AZRTOS-G4_V2.0.0, X-CUBE-AZRTOS-H7RS_V1.1.0, X-CUBE-AZRTOS-H7_V3.3.0, X-CUBE-AZRTOS-L4_V2.0.0, X-CUBE-AZRTOS-L5_V2.0.0, X-CUBE-AZRTOS-WB_V2.0.0, X-CUBE-AZRTOS-WL_V2.0.0, X-CUBE-BLE1_V7.1.0, X-CUBE-BLE2_V3.3.0, X-CUBE-BLEMGR_V4.0.0, X-CUBE-EEPRMA1_V5.1.0, X-CUBE-FREERTOS_V1.3.1, X-CUBE-GNSS1_V6.0.0, X-CUBE-MEMS1_V11.3.0, X-CUBE-NFC4_V3.0.0, X-CUBE-NFC7_V2.0.0, X-CUBE-SFXS2LP1_V4.0.0, X-CUBE-SUBG2_V5.0.0, X-CUBE-TOF1_V3.4.3]
2026-05-25 04:12:16,839 [INFO] DbBoardsSqlite:226 - include board P-NUCLEO-WB55-NUCLEO as a kit item of type 'Nucleo-64'
2026-05-25 04:12:16,839 [INFO] DbBoardsSqlite:226 - include board P-NUCLEO-WB55-USBDONGLE as a kit item of type 'Nucleo USB Dongle'
2026-05-25 04:12:16,840 [INFO] DbBoardsSqlite:226 - include board STEVAL-IDP005V1 as a kit item of type 'Evaluation Board'
2026-05-25 04:12:16,840 [INFO] DbBoardsSqlite:226 - include board STEVAL-IDP005V2 as a kit item of type 'Evaluation Board'
2026-05-25 04:12:16,937 [INFO] ApiDb:240 - Found 880 in-development CPN: [B-G473E-ZEST1S, B-WB1M-WPAN1, B-WBA5M-WPAN, B-WL5M-SUBG1, NUCLEO-C031C6, NUCLEO-C051C8, NUCLEO-C071RB, NUCLEO-C092RC, NUCLEO-H503RB, NUCLEO-H533RE, NUCLEO-H563ZI, NUCLEO-H7S3L8, NUCLEO-N657X0-Q, NUCLEO-U031R8, NUCLEO-U083RC, NUCLEO-U385RG-Q, NUCLEO-U545RE-Q, NUCLEO-U5A5ZJ-Q, NUCLEO-WB05KZ, NUCLEO-WB07CC, NUCLEO-WB09KE, NUCLEO-WBA52CG, NUCLEO-WBA55CG, NUCLEO-WL33CC1, NUCLEO-WL33CC2, STEVAL-PROTEUS1, STEVAL-SMARTAG2, STEVAL-STWINBX1, STM320518-EVAL, STM32C0116-DK, STM32C011D6Y3TR, STM32C011D6Y6TR, STM32C011F4P3, STM32C011F4P6, STM32C011F4U3, STM32C011F4U6TR, STM32C011F6P3, STM32C011F6P6, STM32C011F6U3, STM32C011F6U6TR, STM32C011J4M3, STM32C011J4M6, STM32C011J6M3, STM32C011J6M6, STM32C0316-DK, STM32C031C4T3, STM32C031C4T6, STM32C031C4U3, STM32C031C4U6, STM32C031C6T3, STM32C031C6T6, STM32C031C6U3, STM32C031C6U6, STM32C031F4P3, STM32C031F4P6, STM32C031F6P3, STM32C031F6P6, STM32C031G4U3, STM32C031G4U6, STM32C031G6U3, STM32C031G6U6, STM32C031K4T3, STM32C031K4T6, STM32C031K4U3, STM32C031K4U6, STM32C031K6T3, STM32C031K6T6, STM32C031K6U3, STM32C031K6U6, STM32C051C6T6, STM32C051C6U6, STM32C051C8T6, STM32C051C8U6, STM32C051D8Y6TR, STM32C051F6P6, STM32C051F8P6, STM32C051G6U6, STM32C051G8U6, STM32C051K6T6, STM32C051K6U6, STM32C051K8T6, STM32C071C8T6, STM32C071C8T6N, STM32C071C8U6, STM32C071C8U6N, STM32C071CBT6, STM32C071CBT6N, STM32C071CBU6, STM32C071CBU6N, STM32C071F8P6, STM32C071F8P6N, STM32C071FBP6, STM32C071FBP6N, STM32C071FBY6TR, STM32C071G8U6, STM32C071G8U6N, STM32C071GBU6, STM32C071GBU6N, STM32C071K8T6, STM32C071K8T6N, STM32C071K8U6, STM32C071K8U6N, STM32C071KBT6, STM32C071KBT6N, STM32C071KBU6, STM32C071KBU6N, STM32C071R8T6, STM32C071R8T6N, STM32C071RBI6N, STM32C071RBT6, STM32C071RBT6N, STM32C091CBT6, STM32C091CBU6, STM32C091CCT6, STM32C091CCU6, STM32C091ECY6TR, STM32C091FBP6, STM32C091FCP6, STM32C091GBU6, STM32C091GCU6, STM32C091KBT6, STM32C091KBU6, STM32C091KCT6, STM32C091KCU6, STM32C091RBT6, STM32C091RCI6, STM32C091RCT6, STM32C092CBT6, STM32C092CBU6, STM32C092CCT6, STM32C092CCU6, STM32C092ECY6TR, STM32C092FBP6, STM32C092FCP6, STM32C092GBU6, STM32C092GCU6, STM32C092KBT6, STM32C092KBU6, STM32C092KCT6, STM32C092KCU6, STM32C092RBT6, STM32C092RCI6, STM32C092RCT6, STM32G071K8TXN, STM32G071K8UXN, STM32G081GBU6N, STM32G081KBT6N, STM32G081KBUXN, STM32G0B1CCT6N, STM32G0B1KCT6, STM32G0B1NEY6TR, STM32G0B1RCT6N, STM32G0C1CCT6, STM32G0C1CCT6N, STM32G0C1CCU6N, STM32G0C1CET6N, STM32G0C1CEU6N, STM32G0C1KCT6, STM32G0C1NEY6TR, STM32G0C1RCI6N, STM32G0C1RCT6N, STM32G0C1REI6N, STM32G0C1RET6N, STM32G0C1VCI6, STM32G0C1VEI6, STM32G411C6T3, STM32G411C6T6, STM32G411C6U3, STM32G411C6U6, STM32G411C8T3, STM32G411C8T6, STM32G411C8U3, STM32G411C8U6, STM32G411CBT3, STM32G411CBT6, STM32G411CBU3, STM32G411CBU6, STM32G411K6T3, STM32G411K6T6, STM32G411K6U3, STM32G411K6U6, STM32G411K8T3, STM32G411K8T6, STM32G411K8U3, STM32G411K8U6, STM32G411KBT3, STM32G411KBT6, STM32G411KBU3, STM32G411KBU6, STM32G411M6T3, STM32G411M6T6, STM32G411M8T3, STM32G411M8T6, STM32G411MBT3, STM32G411MBT6, STM32G411R6T3, STM32G411R6T6, STM32G411R8T3, STM32G411R8T6, STM32G411RBT3, STM32G411RBT6, STM32G414CBT3, STM32G414CBT6, STM32G414CBU3, STM32G414CBU6, STM32G414CCT3, STM32G414CCT6, STM32G414CCU3, STM32G414CCU6, STM32G414MBT3, STM32G414MBT6, STM32G414MCT3, STM32G414MCT6, STM32G414RBT3, STM32G414RBT6, STM32G414RCT3, STM32G414RCT6, STM32G414VBT3, STM32G414VBT6, STM32G414VCT3, STM32G414VCT6, STM32G431CBT3Z, STM32G431RBT3Z, STM32G471CCT6, STM32G471CCU6, STM32G471CET3, STM32G471CET6, STM32G471CEU3, STM32G471CEU6, STM32G471MCT6, STM32G471MET3, STM32G471MET6, STM32G471MEY6TR, STM32G471QCT6, STM32G471QET3, STM32G471RCT6, STM32G471RET3, STM32G471RET6, STM32G471VCH6, STM32G471VCI6, STM32G471VCT6, STM32G471VEH3, STM32G471VEH6, STM32G471VEI3, STM32G471VEI6, STM32G471VET3, STM32G471VET6, STM32G473QET3Z, STM32G473RET3Z, STM32G474CCT6, STM32G491RET3Z, STM32H503CBT6, STM32H503CBU6, STM32H503EBY6TR, STM32H503KBU6, STM32H503RBT6, STM32H523CCT6, STM32H523CCU6, STM32H523CET6, STM32H523CEU6, STM32H523HEY6TR, STM32H523RCT6, STM32H523RET6, STM32H523VCI6, STM32H523VCT6, STM32H523VEI6, STM32H523VET6, STM32H523ZCJ6, STM32H523ZCT6, STM32H523ZEJ6, STM32H523ZET6, STM32H533CET6, STM32H533CEU6, STM32H533HEY6TR, STM32H533RET6, STM32H533VEI6, STM32H533VET6, STM32H533ZEJ6, STM32H533ZET6, STM32H562AGI6, STM32H562AII6, STM32H562IGK6, STM32H562IGT6, STM32H562IIK6, STM32H562IIT6, STM32H562RGT6, STM32H562RGV6, STM32H562RIT6, STM32H562RIV6, STM32H562VGT6, STM32H562VIT6, STM32H562ZGT6, STM32H562ZIT6, STM32H563AGI6, STM32H563AII3Q, STM32H563AII6, STM32H563IGK6, STM32H563IGT6, STM32H563IIK3Q, STM32H563IIK6, STM32H563IIT3Q, STM32H563IIT6, STM32H563MIY3QTR, STM32H563RGT6, STM32H563RGV6, STM32H563RIT6, STM32H563RIV6, STM32H563VGT6, STM32H563VIT3Q, STM32H563VIT6, STM32H563ZGT6, STM32H563ZIT3Q, STM32H563ZIT6, STM32H573AII3Q, STM32H573AII6, STM32H573I-DK, STM32H573IIK3Q, STM32H573IIK6, STM32H573IIT3Q, STM32H573IIT6, STM32H573MIY3QTR, STM32H573RIT6, STM32H573RIV6, STM32H573VIT3Q, STM32H573VIT6, STM32H573ZIT3Q, STM32H573ZIT6, STM32H7R3A8I6, STM32H7R3I8K6, STM32H7R3I8T6, STM32H7R3L8H6, STM32H7R3L8H6H, STM32H7R3R8V6, STM32H7R3V8H6, STM32H7R3V8T6, STM32H7R3V8Y6TR, STM32H7R3Z8J6, STM32H7R3Z8T6, STM32H7R7A8I6, STM32H7R7I8K6, STM32H7R7I8T6, STM32H7R7L8H6, STM32H7R7L8H6H, STM32H7R7Z8J6, STM32H7S3A8I6, STM32H7S3I8K6, STM32H7S3I8T6, STM32H7S3L8H6, STM32H7S3L8H6H, STM32H7S3R8V6, STM32H7S3V8H6, STM32H7S3V8T6, STM32H7S3V8Y6TR, STM32H7S3Z8J6, STM32H7S3Z8T6, STM32H7S78-DK, STM32H7S7A8I6, STM32H7S7I8K6, STM32H7S7I8T6, STM32H7S7L8H6, STM32H7S7L8H6H, STM32H7S7Z8J6, STM32L4R5QGI6STR, STM32MP131AAE3, STM32MP131AAF3, STM32MP131AAG3, STM32MP131CAE3, STM32MP131CAF3, STM32MP131CAG3, STM32MP131DAE7, STM32MP131DAF7, STM32MP131DAG7, STM32MP131FAE7, STM32MP131FAF7, STM32MP131FAG7, STM32MP133AAE3, STM32MP133AAF3, STM32MP133AAG3, STM32MP133CAE3, STM32MP133CAF3, STM32MP133CAG3, STM32MP133DAE7, STM32MP133DAF7, STM32MP133DAG7, STM32MP133FAE7, STM32MP133FAF7, STM32MP133FAG7, STM32MP135AAE3, STM32MP135AAF3, STM32MP135AAG3, STM32MP135CAE3, STM32MP135CAF3, STM32MP135CAG3, STM32MP135DAE7, STM32MP135DAF7, STM32MP135DAG7, STM32MP135F-DK, STM32MP135FAE7, STM32MP135FAF7, STM32MP135FAF7T, STM32MP135FAF7U, STM32MP135FAG7, STM32MP211AAL3, STM32MP211AAM3, STM32MP211AAN3, STM32MP211AAO3, STM32MP211CAL3, STM32MP211CAM3, STM32MP211CAN3, STM32MP211CAO3, STM32MP211DAL3, STM32MP211DAM3, STM32MP211DAN3, STM32MP211DAO3, STM32MP211FAL3, STM32MP211FAM3, STM32MP211FAN3, STM32MP211FAO3, STM32MP213AAL3, STM32MP213AAM3, STM32MP213AAN3, STM32MP213AAO3, STM32MP213CAL3, STM32MP213CAM3, STM32MP213CAN3, STM32MP213CAO3, STM32MP213DAL3, STM32MP213DAM3, STM32MP213DAN3, STM32MP213DAO3, STM32MP213FAL3, STM32MP213FAM3, STM32MP213FAN3, STM32MP213FAO3, STM32MP215AAL3, STM32MP215AAM3, STM32MP215AAN3, STM32MP215AAO3, STM32MP215CAL3, STM32MP215CAM3, STM32MP215CAN3, STM32MP215CAO3, STM32MP215DAL3, STM32MP215DAM3, STM32MP215DAN3, STM32MP215DAO3, STM32MP215F-DK, STM32MP215FAL3, STM32MP215FAM3, STM32MP215FAN3, STM32MP215FAO3, STM32MP231AAJ3, STM32MP231AAK3, STM32MP231AAL3, STM32MP231CAJ3, STM32MP231CAK3, STM32MP231CAL3, STM32MP231DAJ3, STM32MP231DAK3, STM32MP231DAL3, STM32MP231FAJ3, STM32MP231FAK3, STM32MP231FAL3, STM32MP233AAJ3, STM32MP233AAK3, STM32MP233AAL3, STM32MP233CAJ3, STM32MP233CAK3, STM32MP233CAL3, STM32MP233DAJ3, STM32MP233DAK3, STM32MP233DAL3, STM32MP233FAJ3, STM32MP233FAK3, STM32MP233FAL3, STM32MP235AAJ3, STM32MP235AAK3, STM32MP235AAL3, STM32MP235CAJ3, STM32MP235CAK3, STM32MP235CAL3, STM32MP235DAJ3, STM32MP235DAK3, STM32MP235DAL3, STM32MP235FAJ3, STM32MP235FAK3, STM32MP235FAL3, STM32MP251AAI3, STM32MP251AAK3, STM32MP251AAL3, STM32MP251CAI3, STM32MP251CAK3, STM32MP251CAL3, STM32MP251DAI3, STM32MP251DAK3, STM32MP251DAL3, STM32MP251FAI3, STM32MP251FAK3, STM32MP251FAL3, STM32MP253AAI3, STM32MP253AAK3, STM32MP253AAL3, STM32MP253CAI3, STM32MP253CAK3, STM32MP253CAL3, STM32MP253DAI3, STM32MP253DAK3, STM32MP253DAL3, STM32MP253FAI3, STM32MP253FAK3, STM32MP253FAL3, STM32MP255AAI3, STM32MP255AAK3, STM32MP255AAL3, STM32MP255CAI3, STM32MP255CAK3, STM32MP255CAL3, STM32MP255DAI3, STM32MP255DAK3, STM32MP255DAL3, STM32MP255FAI3, STM32MP255FAK3, STM32MP255FAL3, STM32MP257AAI3, STM32MP257AAK3, STM32MP257AAL3, STM32MP257CAI3, STM32MP257CAK3, STM32MP257CAL3, STM32MP257DAI3, STM32MP257DAK3, STM32MP257DAL3, STM32MP257F-DK, STM32MP257F-EV1, STM32MP257FAI3, STM32MP257FAK3, STM32MP257FAL3, STM32N645A0H3Q, STM32N645B0H3Q, STM32N645I0H3Q, STM32N645L0H3Q, STM32N645X0H3Q, STM32N645Z0H3Q, STM32N647A0H3Q, STM32N647B0H3Q, STM32N647I0H3Q, STM32N647L0H3Q, STM32N647X0H3Q, STM32N647Z0H3Q, STM32N655A0H3Q, STM32N655B0H3Q, STM32N655I0H3Q, STM32N655L0H3Q, STM32N655X0H3Q, STM32N655Z0H3Q, STM32N6570-DK, STM32N657A0H3Q, STM32N657B0H3Q, STM32N657I0H3Q, STM32N657L0H3Q, STM32N657X0H3Q, STM32N657Z0H3Q, STM32U031C6T6, STM32U031C6U6, STM32U031C8T6, STM32U031C8U6, STM32U031F4P6, STM32U031F6P6, STM32U031F8P6, STM32U031G6Y6TR, STM32U031G8Y6TR, STM32U031K4U6, STM32U031K6U6, STM32U031K8U6, STM32U031R6I6, STM32U031R6T6, STM32U031R8I6, STM32U031R8T6, STM32U073C8T6, STM32U073C8U6, STM32U073CBT6, STM32U073CBU6, STM32U073CCT6, STM32U073CCU6, STM32U073H8Y6TR, STM32U073HBY6TR, STM32U073HCY6TR, STM32U073K8U6, STM32U073KBU6, STM32U073KCU6, STM32U073M8I6, STM32U073M8T6, STM32U073MBI6, STM32U073MBT6, STM32U073MCI6, STM32U073MCT6, STM32U073R8I6, STM32U073R8T6, STM32U073RBI6, STM32U073RBT6, STM32U073RCI6, STM32U073RCT6, STM32U083C-DK, STM32U083CCT6, STM32U083CCU6, STM32U083HCY6TR, STM32U083KCU6, STM32U083MCI6, STM32U083MCT6, STM32U083RCI6, STM32U083RCT6, STM32U375CET6, STM32U375CET6Q, STM32U375CEU6, STM32U375CEU6Q, STM32U375CEY6QTR, STM32U375CGT6, STM32U375CGT6Q, STM32U375CGU6, STM32U375CGU6Q, STM32U375CGY6QTR, STM32U375KEU6, STM32U375KGU6, STM32U375REI6, STM32U375REI6Q, STM32U375RET6, STM32U375RET6Q, STM32U375REY6GTR, STM32U375REY6QTR, STM32U375RGI6, STM32U375RGI6Q, STM32U375RGT6, STM32U375RGT6Q, STM32U375RGY6GTR, STM32U375RGY6QTR, STM32U375VEI6, STM32U375VEI6Q, STM32U375VET6, STM32U375VET6Q, STM32U375VGI6, STM32U375VGI6Q, STM32U375VGT6, STM32U375VGT6Q, STM32U385CGT6, STM32U385CGT6Q, STM32U385CGU6, STM32U385CGU6Q, STM32U385CGY6QTR, STM32U385KGU6, STM32U385RGI6, STM32U385RGI6Q, STM32U385RGT6, STM32U385RGT6Q, STM32U385RGY6GTR, STM32U385RGY6QTR, STM32U385VGI6, STM32U385VGI6Q, STM32U385VGT6, STM32U385VGT6Q, STM32U535CBT6, STM32U535CBT6Q, STM32U535CBU6, STM32U535CBU6Q, STM32U535CCT6, STM32U535CCT6Q, STM32U535CCU6, STM32U535CCU6Q, STM32U535CET6, STM32U535CET6Q, STM32U535CEU6, STM32U535CEU6Q, STM32U535JEY6QTR, STM32U535NCY6QTR, STM32U535NEY6QTR, STM32U535RBI6, STM32U535RBI6Q, STM32U535RBT6, STM32U535RBT6Q, STM32U535RCI6, STM32U535RCI6Q, STM32U535RCT6, STM32U535RCT6Q, STM32U535REI6, STM32U535REI6Q, STM32U535RET6, STM32U535RET6Q, STM32U535VCI6, STM32U535VCI6Q, STM32U535VCT6, STM32U535VCT6Q, STM32U535VEI6, STM32U535VEI6Q, STM32U535VET6, STM32U535VET6Q, STM32U545CET6, STM32U545CET6Q, STM32U545CEU6, STM32U545CEU6Q, STM32U545JEY6QTR, STM32U545NEY6QTR, STM32U545REI6, STM32U545REI6Q, STM32U545RET6, STM32U545RET6Q, STM32U545VEI6, STM32U545VEI6Q, STM32U545VET6, STM32U545VET6Q, STM32U595AIH6, STM32U595AIH6Q, STM32U595AJH6, STM32U595AJH6Q, STM32U595QII6, STM32U595QII6Q, STM32U595QJI6, STM32U595QJI6Q, STM32U595RIT6, STM32U595RIT6Q, STM32U595RJT6, STM32U595RJT6Q, STM32U595VIT6, STM32U595VIT6Q, STM32U595VJT6, STM32U595VJT6Q, STM32U595ZIT6, STM32U595ZIT6Q, STM32U595ZIY6QTR, STM32U595ZJT6, STM32U595ZJT6Q, STM32U595ZJY6QTR, STM32U599BJY6QTR, STM32U599NIH6Q, STM32U599NJH6Q, STM32U599VIT6Q, STM32U599VJT6, STM32U599VJT6Q, STM32U599ZIT6Q, STM32U599ZIY6QTR, STM32U599ZJT6Q, STM32U599ZJY6QTR, STM32U5A5AJH6, STM32U5A5AJH6Q, STM32U5A5QII3Q , STM32U5A5QJI6, STM32U5A5QJI6Q, STM32U5A5RJT6, STM32U5A5RJT6Q, STM32U5A5VJT6, STM32U5A5VJT6Q, STM32U5A5ZJT6, STM32U5A5ZJT6Q, STM32U5A5ZJY6QTR, STM32U5A9BJY6QTR, STM32U5A9J-DK, STM32U5A9NJH6Q, STM32U5A9VJT6Q, STM32U5A9ZJT6Q, STM32U5A9ZJY6QTR, STM32U5F7VIT6, STM32U5F7VIT6Q, STM32U5F7VJT6, STM32U5F7VJT6Q, STM32U5F9BJY6QTR, STM32U5F9NJH6Q, STM32U5F9VIT6Q, STM32U5F9VJT6Q, STM32U5F9ZIJ6QTR, STM32U5F9ZIT6Q, STM32U5F9ZJJ6QTR, STM32U5F9ZJT6Q, STM32U5G7VJT6, STM32U5G7VJT6Q, STM32U5G9BJY6QTR, STM32U5G9J-DK1, STM32U5G9J-DK2, STM32U5G9NJH6Q, STM32U5G9VJT6Q, STM32U5G9ZJJ6QTR, STM32U5G9ZJT6Q, STM32WB05KZV6TR, STM32WB05KZV7TR, STM32WB05TZF6TR, STM32WB05TZF7TR, STM32WB06CCF6TR, STM32WB06CCF7TR, STM32WB06CCV6TR, STM32WB06CCV7TR, STM32WB06KCV6TR, STM32WB06KCV7TR, STM32WB07CCF6TR, STM32WB07CCF7TR, STM32WB07CCV6TR, STM32WB07CCV7TR, STM32WB07KCV6TR, STM32WB07KCV7TR, STM32WB09KEV6TR, STM32WB09KEV7TR, STM32WB09TEF6TR, STM32WB09TEF7TR, STM32WB1MMCH6, STM32WBA50KGU6, STM32WBA50KGU6TR, STM32WBA52CEU6, STM32WBA52CEU6TR, STM32WBA52CEU7, STM32WBA52CEU7TR, STM32WBA52CGU6, STM32WBA52CGU6TR, STM32WBA52CGU6U, STM32WBA52CGU7, STM32WBA52CGU7TR, STM32WBA52KEU6, STM32WBA52KEU6TR, STM32WBA52KGU6, STM32WBA52KGU6TR, STM32WBA54CEU6, STM32WBA54CEU6TR, STM32WBA54CEU7, STM32WBA54CEU7TR, STM32WBA54CGU6, STM32WBA54CGU6TR, STM32WBA54CGU7, STM32WBA54CGU7TR, STM32WBA54KEU6, STM32WBA54KEU6TR, STM32WBA54KEU7, STM32WBA54KEU7TR, STM32WBA54KGU6, STM32WBA54KGU6TR, STM32WBA54KGU7, STM32WBA54KGU7TR, STM32WBA55CEU6, STM32WBA55CEU6TR, STM32WBA55CEU7, STM32WBA55CEU7TR, STM32WBA55CGU6, STM32WBA55CGU6TR, STM32WBA55CGU6U, STM32WBA55CGU7, STM32WBA55CGU7TR, STM32WBA55G-DK1, STM32WBA55HEF6, STM32WBA55HEF7, STM32WBA55HGF6, STM32WBA55HGF7, STM32WBA55UEI6, STM32WBA55UEI6TR, STM32WBA55UEI7, STM32WBA55UEI7TR, STM32WBA55UGI6, STM32WBA55UGI6TR, STM32WBA55UGI7, STM32WBA55UGI7TR, STM32WBA5MMGH6TR, STM32WBA62MGF6, STM32WBA62MIF6, STM32WBA65MGF7, STM32WBA65MIF6, STM32WBA65MIF7, STM32WL30K8V6, STM32WL30KBV6, STM32WL31C8V6, STM32WL31CBV6, STM32WL31K8V6, STM32WL31KBV6, STM32WL33C8V6, STM32WL33C8V6X, STM32WL33CBV6, STM32WL33CBV6X, STM32WL33CCV6, STM32WL33CCV6A, STM32WL33CCV6X, STM32WL33K8V7, STM32WL33K8V7X, STM32WL33KBV7 , STM32WL33KBV7X, STM32WL33KCV7, STM32WL33KCV7X, STM32WL5MOCH6, STM32WL5MOCH6TR]
2026-05-25 04:12:17,504 [INFO] BoardInfo:889 - No configuration file found for board P-NUCLEO-WB55
2026-05-25 04:12:17,510 [INFO] DbBoards:161 - Kit is not supported: P-NUCLEO-WB55
2026-05-25 04:12:17,529 [INFO] BoardInfo:889 - No configuration file found for board STEVAL-BFA001V1B
2026-05-25 04:12:17,531 [INFO] DbBoards:161 - Kit is not supported: STEVAL-BFA001V1B
2026-05-25 04:12:17,533 [INFO] BoardInfo:889 - No configuration file found for board STEVAL-BFA001V2B
2026-05-25 04:12:17,535 [INFO] DbBoards:161 - Kit is not supported: STEVAL-BFA001V2B
2026-05-25 04:12:18,122 [INFO] DbBoards:168 - Found 212 boards, 209 are supported
2026-05-25 04:12:18,123 [INFO] DbBoards:169 - Found 212 boards, 43 of them is supported for  Bsp
2026-05-25 04:12:18,125 [INFO] ApiDb:414 - User favorites file not found: C:\Users\alina/.stm32cubeide/favorites.boards.txt
2026-05-25 04:12:18,125 [INFO] DbBoards:198 - Set 0 / 0 favorites Boards
2026-05-25 04:12:18,126 [INFO] McuFinderGlobals:76 - Set McuFinderConnectedMode to false
2026-05-25 04:12:18,139 [INFO] MultiScanPanel:200 - Auto-refresh data requested => check proxy status ongoing
2026-05-25 04:12:18,139 [INFO] MultiScanPanel:204 - Proxy status is invalid
2026-05-25 04:12:18,143 [INFO] FinderPluginLoader:96 - Searching for filters in installed packs
2026-05-25 04:12:20,720 [INFO] DetailPanel:341 - Set advertising image to C:/Users/alina/STM32Cube/Repository/\en.prom-st67w-expansion-board.png
2026-05-25 04:13:40,720 [WARN] CheckConnectionManager:291 - Warning during Server Connection :  timeout Connect to sw-center.st.com:443 [sw-center.st.com/2.16.10.149, sw-center.st.com/2.16.10.139] failed: Connect timed out
2026-05-25 04:13:42,725 [WARN] CheckConnectionManager:291 - Warning during Server Connection :  timeout Connect to sw-center.st.com:443 [sw-center.st.com/2.16.10.149, sw-center.st.com/2.16.10.139] failed: Connect timed out
2026-05-25 04:13:42,727 [INFO] MainUpdater:2872 - connection check result : 22
2026-05-25 04:13:42,765 [INFO] MicroXplorer:468 - Change Database Path : 
2026-05-25 04:13:42,765 [INFO] MicroXplorer:498 - Change Database Version : DB.6.0.150
2026-05-25 04:13:42,774 [WARN] ThirdParty:871 - waiting for thirdparty lock release [close project]
2026-05-25 04:13:42,776 [INFO] ThirdParty:873 - entering critical section [close project]
2026-05-25 04:13:42,779 [INFO] ThirdParty:883 - exiting critical section [close project]
2026-05-25 04:13:42,787 [INFO] PinOutPanel:1589 - setPackage(No Configuration,No Configuration)
2026-05-25 04:13:42,789 [INFO] UtilMem:75 - Begin LoadConfig() Used Memory: 356411320 Bytes (425721856)
2026-05-25 04:13:42,795 [INFO] MicroXplorer:468 - Change Database Path : 
2026-05-25 04:13:42,795 [INFO] MicroXplorer:498 - Change Database Version : DB.6.0.150
2026-05-25 04:13:42,796 [INFO] OpenFileManager:355 - Change cursor
2026-05-25 04:13:42,850 [WARN] IntegrityCheckThread:84 - waiting for thirdparty lock release [integrity check]
2026-05-25 04:13:42,850 [INFO] IntegrityCheckThread:86 - entering critical section [integrity check]
2026-05-25 04:13:43,776 [WARN] PackLoader:240 - Cannot read IP mode file for STMicroelectronics.FP-SNS-MOTENVWB1.1.4.0
2026-05-25 04:13:43,794 [WARN] PackLoader:240 - Cannot read IP mode file for STMicroelectronics.FP-ATR-ASTRA1.2.0.2
2026-05-25 04:13:43,802 [WARN] PackLoader:240 - Cannot read IP mode file for STMicroelectronics.FP-ATR-ASTRA1.2.0.1
2026-05-25 04:13:43,815 [WARN] PackLoader:240 - Cannot read IP mode file for STMicroelectronics.X-CUBE-SMBUS.2.1.0
2026-05-25 04:13:43,834 [WARN] PackLoader:240 - Cannot read IP mode file for STMicroelectronics.X-CUBE-WB05N.1.1.0
2026-05-25 04:13:43,843 [WARN] PackLoader:240 - Cannot read IP mode file for STMicroelectronics.X-CUBE-ST60.1.0.0
2026-05-25 04:13:43,909 [WARN] PackLoader:240 - Cannot read IP mode file for STMicroelectronics.X-CUBE-AZRTOS-F7.1.1.0
2026-05-25 04:13:43,932 [WARN] PackLoader:240 - Cannot read IP mode file for STMicroelectronics.FP-SNS-MOTENV1.5.1.0
2026-05-25 04:13:43,940 [WARN] PackLoader:240 - Cannot read IP mode file for STMicroelectronics.FP-SNS-FLIGHT1.5.0.2
2026-05-25 04:13:43,987 [WARN] PackLoader:240 - Cannot read IP mode file for Infineon.AIROC-Wi-Fi-Bluetooth-STM32.1.7.0
2026-05-25 04:13:44,040 [WARN] PackLoader:240 - Cannot read IP mode file for STMicroelectronics.X-CUBE-AZRTOS-H7.3.4.0
2026-05-25 04:13:44,063 [WARN] PackLoader:240 - Cannot read IP mode file for STMicroelectronics.X-CUBE-DISPLAY.3.0.0
2026-05-25 04:13:44,077 [WARN] PackLoader:240 - Cannot read IP mode file for STMicroelectronics.X-CUBE-BLE1.7.0.0
2026-05-25 04:13:44,087 [WARN] PackLoader:240 - Cannot read IP mode file for STMicroelectronics.X-CUBE-NFC10.1.0.0
2026-05-25 04:13:44,116 [WARN] PackLoader:240 - Cannot read IP mode file for STMicroelectronics.X-CUBE-BLEMGR.4.0.0
2026-05-25 04:13:44,128 [WARN] PackLoader:240 - Cannot read IP mode file for STMicroelectronics.X-CUBE-ST60.1.1.0
2026-05-25 04:13:44,141 [WARN] PackLoader:240 - Cannot read IP mode file for emotas.I-CUBE-CANOPEN.1.3.0
2026-05-25 04:13:44,160 [WARN] PackLoader:240 - Cannot read IP mode file for STMicroelectronics.X-CUBE-GNSS1.7.1.0
2026-05-25 04:13:44,171 [WARN] PackLoader:240 - Cannot read IP mode file for STMicroelectronics.X-CUBE-AI.10.0.0
2026-05-25 04:13:44,186 [WARN] PackLoader:240 - Cannot read IP mode file for STMicroelectronics.FP-SNS-STBOX1.2.1.0
2026-05-25 04:13:44,198 [WARN] PackLoader:240 - Cannot read IP mode file for STMicroelectronics.FP-SNS-SMARTAG2.1.2.0
2026-05-25 04:13:44,204 [WARN] PackLoader:240 - Cannot read IP mode file for STMicroelectronics.FP-SNS-FLIGHT1.5.1.0
2026-05-25 04:13:44,282 [WARN] PackLoader:240 - Cannot read IP mode file for STMicroelectronics.X-CUBE-MEMS1.11.1.0
2026-05-25 04:13:44,638 [INFO] LogOutputStream:77 - [STDOUT_REDIRECT] 1 : Invalid condition id : UX_CORESTACK_Condition cause : null
2026-05-25 04:13:44,639 [INFO] LogOutputStream:77 - [STDOUT_REDIRECT] 1 : Invalid condition id : UX_CORESTACK_Condition cause : null
2026-05-25 04:13:44,641 [INFO] LogOutputStream:77 - [STDOUT_REDIRECT] 1 : Invalid condition id : UX_CORESTACK_Condition cause : null
2026-05-25 04:13:44,644 [INFO] LogOutputStream:77 - [STDOUT_REDIRECT] 1 : Invalid condition id : UX_CORESTACK_Condition cause : null
2026-05-25 04:13:44,647 [INFO] LogOutputStream:77 - [STDOUT_REDIRECT] 1 : Invalid condition id : UX_CORESTACK_Condition cause : null
2026-05-25 04:13:44,652 [WARN] PackLoader:240 - Cannot read IP mode file for STMicroelectronics.X-CUBE-AZRTOS-WL.2.0.0
2026-05-25 04:13:44,660 [WARN] PackLoader:240 - Cannot read IP mode file for STMicroelectronics.FP-SNS-MOTENV1.5.0.0
2026-05-25 04:13:44,670 [WARN] PackLoader:240 - Cannot read IP mode file for wolfSSL.I-CUBE-wolfMQTT.1.19.0
2026-05-25 04:13:44,680 [WARN] PackLoader:240 - Cannot read IP mode file for WES.I-CUBE-Cesium.1.3.0
2026-05-25 04:13:44,687 [WARN] PackLoader:240 - Cannot read IP mode file for STMicroelectronics.X-CUBE-BLE2.3.3.0
2026-05-25 04:13:44,697 [WARN] PackLoader:240 - Cannot read IP mode file for STMicroelectronics.X-CUBE-NFC9.1.0.0
2026-05-25 04:13:44,704 [WARN] PackLoader:240 - Cannot read IP mode file for STMicroelectronics.X-CUBE-BLE1.7.1.0
2026-05-25 04:13:44,708 [WARN] PackLoader:240 - Cannot read IP mode file for wolfSSL.I-CUBE-wolfMQTT.1.19.2
2026-05-25 04:13:44,715 [WARN] PackLoader:240 - Cannot read IP mode file for STMicroelectronics.X-CUBE-EEPRMA1.5.2.0
2026-05-25 04:13:44,734 [WARN] PackLoader:240 - Cannot read IP mode file for STMicroelectronics.X-CUBE-ST67W61.1.1.0
2026-05-25 04:13:44,767 [WARN] PackLoader:240 - Cannot read IP mode file for STMicroelectronics.X-CUBE-AZRTOS-G0.1.1.0
2026-05-25 04:13:44,779 [WARN] PackLoader:240 - Cannot read IP mode file for STMicroelectronics.X-CUBE-SAFEA1.1.2.2
2026-05-25 04:13:44,786 [WARN] PackLoader:240 - Cannot read IP mode file for STMicroelectronics.X-CUBE-NFC4.3.0.0
2026-05-25 04:13:44,797 [WARN] PackLoader:240 - Cannot read IP mode file for EmbeddedOffice.I-CUBE-FS-RTOS.1.0.1
2026-05-25 04:13:44,802 [WARN] PackLoader:240 - Cannot read IP mode file for STMicroelectronics.X-CUBE-WB05N.2.0.0
2026-05-25 04:13:44,807 [WARN] PackLoader:240 - Cannot read IP mode file for wolfSSL.I-CUBE-wolfTPM.3.8.0
2026-05-25 04:13:44,813 [WARN] PackLoader:240 - Cannot read IP mode file for STMicroelectronics.X-CUBE-TCPP.4.2.0
2026-05-25 04:13:44,821 [WARN] PackLoader:240 - Cannot read IP mode file for RealThread.X-CUBE-RT-Thread_Nano.4.1.1
2026-05-25 04:13:44,827 [WARN] PackLoader:240 - Cannot read IP mode file for STMicroelectronics.FP-ATR-SIGFOX1.3.2.0
2026-05-25 04:13:44,834 [WARN] ConditionMgr:438 - getConditionDescription Invalid condition id : Cortex-A Device cause : null
2026-05-25 04:13:44,855 [WARN] ConditionMgr:1044 - genDependencies : Invalid condition id : Cortex-A Device cause : null
2026-05-25 04:13:44,855 [WARN] ConditionMgr:1044 - genDependencies : Invalid condition id : Cortex-A Device cause : null
2026-05-25 04:13:44,855 [WARN] ConditionMgr:1044 - genDependencies : Invalid condition id : Cortex-A Device cause : null
2026-05-25 04:13:44,861 [WARN] PackLoader:240 - Cannot read IP mode file for STMicroelectronics.X-CUBE-EEPRMA1.5.1.0
2026-05-25 04:13:44,869 [WARN] PackLoader:240 - Cannot read IP mode file for wolfSSL.I-CUBE-wolfSSL.5.7.6
2026-05-25 04:13:44,878 [WARN] PackLoader:240 - Cannot read IP mode file for ITTIA_DB.I-CUBE-ITTIADB.8.9.0
2026-05-25 04:13:44,885 [WARN] PackLoader:240 - Cannot read IP mode file for STMicroelectronics.X-CUBE-ST67W61.1.0.0
2026-05-25 04:13:44,890 [WARN] PackLoader:240 - Cannot read IP mode file for STMicroelectronics.X-CUBE-AI.10.2.0
2026-05-25 04:13:44,935 [WARN] PackLoader:240 - Cannot read IP mode file for SEGGER.I-CUBE-embOS.1.3.1
2026-05-25 04:13:45,037 [WARN] PackLoader:240 - Cannot read IP mode file for STMicroelectronics.X-CUBE-ALGOBUILD.1.4.0
2026-05-25 04:13:45,238 [WARN] PackLoader:240 - Cannot read IP mode file for STMicroelectronics.X-CUBE-MEMS1.11.3.0
2026-05-25 04:13:45,559 [WARN] PackLoader:240 - Cannot read IP mode file for STMicroelectronics.X-CUBE-PM33A1.1.0.0
2026-05-25 04:13:45,587 [WARN] PackLoader:240 - Cannot read IP mode file for STMicroelectronics.X-CUBE-AZRTOS-F4.1.1.0
2026-05-25 04:13:45,599 [WARN] PackLoader:240 - Cannot read IP mode file for Avnet-IotConnect.X-CUBE-IoTC-DA16k-PMOD.1.0.0
2026-05-25 04:13:45,604 [WARN] PackLoader:240 - Cannot read IP mode file for STMicroelectronics.X-CUBE-ISPU.2.1.0
2026-05-25 04:13:45,629 [WARN] PackLoader:240 - Cannot read IP mode file for STMicroelectronics.X-CUBE-IPS.3.2.0
2026-05-25 04:13:45,646 [WARN] PackLoader:240 - Cannot read IP mode file for STMicroelectronics.X-CUBE-NFC12.1.0.0
2026-05-25 04:13:45,686 [WARN] PackLoader:240 - Cannot read IP mode file for STMicroelectronics.X-CUBE-AZRTOS-L5.2.0.0
2026-05-25 04:13:45,701 [WARN] PackLoader:240 - Cannot read IP mode file for STMicroelectronics.X-CUBE-NFC6.3.1.0
2026-05-25 04:13:45,712 [WARN] PackLoader:240 - Cannot read IP mode file for STMicroelectronics.X-CUBE-DPower.1.2.0
2026-05-25 04:13:45,720 [WARN] PackLoader:240 - Cannot read IP mode file for STMicroelectronics.X-CUBE-FREERTOS.1.3.1
2026-05-25 04:13:45,725 [WARN] PackLoader:240 - Cannot read IP mode file for STMicroelectronics.X-CUBE-FREERTOS.1.3.0
2026-05-25 04:13:45,734 [WARN] PackLoader:240 - Cannot read IP mode file for STMicroelectronics.X-CUBE-NFC7.1.0.1
2026-05-25 04:13:45,742 [WARN] PackLoader:240 - Cannot read IP mode file for STMicroelectronics.X-CUBE-TOUCHGFX.4.26.0
2026-05-25 04:13:45,748 [WARN] PackLoader:240 - Cannot read IP mode file for STMicroelectronics.FP-SNS-STAIOTCFT.1.0.0
2026-05-25 04:13:45,756 [WARN] PackLoader:240 - Cannot read IP mode file for STMicroelectronics.X-CUBE-DPower.1.3.0
2026-05-25 04:13:45,789 [WARN] ConditionMgr:438 - getConditionDescription Invalid condition id : LAN8742 Phy interface Condition cause : null
2026-05-25 04:13:45,790 [WARN] PackLoader:240 - Cannot read IP mode file for STMicroelectronics.X-CUBE-AZRTOS-L4.2.0.0
2026-05-25 04:13:45,792 [WARN] ConditionMgr:1044 - genDependencies : Invalid condition id : LAN8742 Phy interface Condition cause : null
2026-05-25 04:13:45,792 [WARN] ConditionMgr:1044 - genDependencies : Invalid condition id : LAN8742 Phy interface Condition cause : null
2026-05-25 04:13:45,793 [WARN] ConditionMgr:1044 - genDependencies : Invalid condition id : LAN8742 Phy interface Condition cause : null
2026-05-25 04:13:45,815 [WARN] PackLoader:240 - Cannot read IP mode file for STMicroelectronics.X-CUBE-SFXS2LP1.4.0.0
2026-05-25 04:13:45,857 [WARN] PackLoader:240 - Cannot read IP mode file for STMicroelectronics.X-CUBE-AZRTOS-H7.3.3.0
2026-05-25 04:13:45,874 [WARN] PackLoader:240 - Cannot read IP mode file for STMicroelectronics.X-CUBE-BLEMGR.4.1.0
2026-05-25 04:13:45,896 [WARN] ConditionMgr:438 - getConditionDescription Invalid condition id : UX DEVICE CLASS RTOS Condition cause : null
2026-05-25 04:13:45,896 [WARN] ConditionMgr:438 - getConditionDescription Invalid condition id : UX DEVICE CLASS RTOS Condition cause : null
2026-05-25 04:13:45,899 [WARN] PackLoader:240 - Cannot read IP mode file for STMicroelectronics.X-CUBE-AZRTOS-WB.2.0.0
2026-05-25 04:13:45,900 [WARN] ConditionMgr:1044 - genDependencies : Invalid condition id : UX DEVICE CLASS RTOS Condition cause : null
2026-05-25 04:13:45,900 [WARN] ConditionMgr:1044 - genDependencies : Invalid condition id : UX DEVICE CLASS RTOS Condition cause : null
2026-05-25 04:13:45,901 [WARN] ConditionMgr:1044 - genDependencies : Invalid condition id : UX DEVICE CLASS RTOS Condition cause : null
2026-05-25 04:13:45,901 [WARN] ConditionMgr:1044 - genDependencies : Invalid condition id : UX DEVICE CLASS RTOS Condition cause : null
2026-05-25 04:13:45,901 [WARN] ConditionMgr:1044 - genDependencies : Invalid condition id : UX DEVICE CLASS RTOS Condition cause : null
2026-05-25 04:13:45,907 [WARN] PackLoader:240 - Cannot read IP mode file for STMicroelectronics.X-CUBE-GNSS1.7.0.1
2026-05-25 04:13:45,912 [WARN] PackLoader:240 - Cannot read IP mode file for STMicroelectronics.X-CUBE-TOUCHGFX.4.25.0
2026-05-25 04:13:45,920 [WARN] PackLoader:240 - Cannot read IP mode file for STMicroelectronics.FP-SNS-STBOX1.2.0.0
2026-05-25 04:13:45,946 [WARN] PackLoader:240 - Cannot read IP mode file for STMicroelectronics.X-CUBE-SUBG2.5.0.0
2026-05-25 04:13:46,001 [WARN] PackLoader:240 - Cannot read IP mode file for STMicroelectronics.X-CUBE-AZRTOS-H7RS.1.1.0
2026-05-25 04:13:46,047 [WARN] PackLoader:240 - Cannot read IP mode file for Cesanta.I-CUBE-Mongoose.7.13.0
2026-05-25 04:13:46,068 [WARN] PackLoader:240 - Cannot read IP mode file for STMicroelectronics.X-CUBE-AZRTOS-G4.2.0.0
2026-05-25 04:13:46,082 [WARN] PackLoader:240 - Cannot read IP mode file for wolfSSL.I-CUBE-wolfSSH.1.4.20
2026-05-25 04:13:46,090 [WARN] PackLoader:240 - Cannot read IP mode file for STMicroelectronics.X-CUBE-NFC7.2.0.0
2026-05-25 04:13:46,121 [WARN] PackLoader:240 - Cannot read IP mode file for STMicroelectronics.X-CUBE-IPS.3.1.0
2026-05-25 04:13:46,136 [WARN] PackLoader:240 - Cannot read IP mode file for STMicroelectronics.X-CUBE-ALS.1.0.2
2026-05-25 04:13:46,144 [WARN] PackLoader:240 - Cannot read IP mode file for STMicroelectronics.X-CUBE-TOUCHGFX.4.24.2
2026-05-25 04:13:46,155 [WARN] PackLoader:240 - Cannot read IP mode file for STMicroelectronics.X-CUBE-STSE01.1.0.0
2026-05-25 04:13:46,160 [WARN] PackLoader:240 - Cannot read IP mode file for wolfSSL.I-CUBE-wolfTPM.3.4.0
2026-05-25 04:13:46,168 [WARN] PackLoader:240 - Cannot read IP mode file for portGmbH.I-Cube-SoM-uGOAL.1.1.0
2026-05-25 04:13:46,194 [WARN] PackLoader:240 - Cannot read IP mode file for STMicroelectronics.X-CUBE-AZRTOS-H7RS.1.0.0
2026-05-25 04:13:46,214 [WARN] PackLoader:240 - Cannot read IP mode file for STMicroelectronics.X-CUBE-TOF1.3.4.2
2026-05-25 04:13:46,241 [WARN] PackLoader:240 - Cannot read IP mode file for STMicroelectronics.X-CUBE-TOF1.3.4.3
2026-05-25 04:13:46,260 [WARN] PackLoader:240 - Cannot read IP mode file for wolfSSL.I-CUBE-wolfSSH.1.4.17
2026-05-25 04:13:46,261 [INFO] ThirdParty:978 - Integrity check success = true
2026-05-25 04:13:46,261 [INFO] IntegrityCheckThread:100 - exiting critical section [integrity check]
2026-05-25 04:13:46,261 [INFO] IntegrityCheckThread:103 - End integrity checks thread
2026-05-25 04:13:46,628 [INFO] Mcu:2029 - Initializing MCU STM32F107RCTx STM32F107RCTx STM32F107RCT6
2026-05-25 04:13:48,800 [INFO] Context:786 - Trying to add GPIOservice into a context  which must be forbidden
2026-05-25 04:13:49,493 [INFO] ImportTextPane:234 - (OptionalMessage_ERROR) Unable to find key (Mcu.ThirdPartyNb) in loaded IOC file
2026-05-25 04:13:49,493 [INFO] ImportTextPane:234 - (OptionalMessage_ERROR) Unable to find key (Mcu.PinsNb) in loaded IOC file
2026-05-25 04:13:49,495 [INFO] ImportTextPane:234 - (OptionalMessage_ERROR) Pin0 (VP_RIF_VS_RIF1) cannot be retrieved for this MCU
2026-05-25 04:13:49,495 [INFO] ImportTextPane:234 - (OptionalMessage_ERROR) Unable to find key (Mcu.IPNb) in loaded IOC file
2026-05-25 04:13:49,692 [INFO] RtosManager:558 - Registered RTOS mode: class=CMSIS, group=RTOS, mode=CMSIS_V1, owner=FREERTOS
2026-05-25 04:13:49,694 [INFO] RtosManager:558 - Registered RTOS mode: class=CMSIS, group=RTOS2, mode=CMSIS_V2, owner=FREERTOS
2026-05-25 04:13:49,694 [INFO] RtosManager:558 - Registered RTOS mode: class=RTOS, group=Core, mode=CMSIS_V1, owner=FREERTOS
2026-05-25 04:13:49,694 [INFO] RtosManager:558 - Registered RTOS mode: class=RTOS, group=Core, mode=CMSIS_V2, owner=FREERTOS
2026-05-25 04:13:49,695 [WARN] ModelIntegratedComponent:184 - Missing modes for component STMicroelectronics:FreeRTOS:0.0.1:STMicroelectronics:RTOS:FreeRTOS:Core:::10.2.0:
2026-05-25 04:13:49,719 [WARN] ModelIntegratedComponent:63 - No mode defined for component null
2026-05-25 04:13:49,719 [WARN] ModelIntegratedComponent:63 - No mode defined for component null
2026-05-25 04:13:49,719 [WARN] ModelIntegratedComponent:63 - No mode defined for component null
2026-05-25 04:13:49,720 [WARN] ModelIntegratedComponent:63 - No mode defined for component null
2026-05-25 04:13:49,720 [WARN] ModelIntegratedComponent:63 - No mode defined for component null
2026-05-25 04:13:49,720 [WARN] ModelIntegratedComponent:63 - No mode defined for component null
2026-05-25 04:13:49,720 [WARN] ModelIntegratedComponent:63 - No mode defined for component null
2026-05-25 04:13:49,720 [WARN] ModelIntegratedComponent:63 - No mode defined for component null
2026-05-25 04:13:49,720 [WARN] ModelIntegratedComponent:63 - No mode defined for component null
2026-05-25 04:13:49,720 [WARN] ModelIntegratedComponent:63 - No mode defined for component null
2026-05-25 04:13:49,720 [WARN] ModelIntegratedComponent:63 - No mode defined for component null
2026-05-25 04:13:49,720 [WARN] ModelIntegratedComponent:63 - No mode defined for component null
2026-05-25 04:13:49,720 [WARN] ModelIntegratedComponent:63 - No mode defined for component null
2026-05-25 04:13:49,720 [WARN] ModelIntegratedComponent:63 - No mode defined for component null
2026-05-25 04:13:49,720 [WARN] ModelIntegratedComponent:63 - No mode defined for component null
2026-05-25 04:13:49,720 [WARN] ModelIntegratedComponent:63 - No mode defined for component null
2026-05-25 04:13:49,721 [WARN] ModelIntegratedComponent:63 - No mode defined for component null
2026-05-25 04:13:49,721 [WARN] ModelIntegratedComponent:63 - No mode defined for component null
2026-05-25 04:13:49,721 [WARN] ModelIntegratedComponent:63 - No mode defined for component null
2026-05-25 04:13:49,721 [WARN] ModelIntegratedComponent:63 - No mode defined for component null
2026-05-25 04:13:49,721 [WARN] ModelIntegratedComponent:63 - No mode defined for component null
2026-05-25 04:13:49,721 [WARN] ModelIntegratedComponent:63 - No mode defined for component null
2026-05-25 04:13:49,721 [WARN] ModelIntegratedComponent:63 - No mode defined for component null
2026-05-25 04:13:49,721 [WARN] ModelIntegratedComponent:63 - No mode defined for component null
2026-05-25 04:13:49,721 [WARN] ModelIntegratedComponent:63 - No mode defined for component null
2026-05-25 04:13:49,721 [WARN] ModelIntegratedComponent:63 - No mode defined for component null
2026-05-25 04:13:49,721 [WARN] ModelIntegratedComponent:63 - No mode defined for component null
2026-05-25 04:13:49,721 [WARN] ModelIntegratedComponent:63 - No mode defined for component null
2026-05-25 04:13:49,721 [WARN] ModelIntegratedComponent:63 - No mode defined for component null
2026-05-25 04:13:49,721 [WARN] ModelIntegratedComponent:63 - No mode defined for component null
2026-05-25 04:13:49,722 [WARN] ModelIntegratedComponent:63 - No mode defined for component null
2026-05-25 04:13:49,722 [WARN] ModelIntegratedComponent:63 - No mode defined for component null
2026-05-25 04:13:49,722 [WARN] ModelIntegratedComponent:63 - No mode defined for component null
2026-05-25 04:13:49,722 [WARN] ModelIntegratedComponent:63 - No mode defined for component null
2026-05-25 04:13:49,722 [WARN] ModelIntegratedComponent:63 - No mode defined for component null
2026-05-25 04:13:49,722 [WARN] ModelPack:524 - Component already loaded: STMicroelectronics:HAL Drivers:0.0.0:STMicroelectronics:Device:STMicro_Driver:XSPI:HAL::0.0.1:HAL_XSPI
2026-05-25 04:13:50,310 [INFO] ThirdPartyModel:298 - Start build external matchings
2026-05-25 04:13:52,366 [INFO] ThirdPartyModel:316 - End build external matchings
2026-05-25 04:13:52,905 [INFO] UtilMem:75 - End LoadConfig() Used Memory: 300092120 Bytes (570425344)
2026-05-25 04:13:52,986 [WARN] ThirdParty:833 - waiting for thirdparty lock release [change project]
2026-05-25 04:13:52,986 [INFO] ThirdParty:835 - entering critical section [change project]
2026-05-25 04:13:52,986 [INFO] ThirdParty:1030 - CMSIS Pack Vendor :STMicroelectronics X-CUBE-PM33A1 1.0.0
2026-05-25 04:13:52,987 [INFO] ThirdParty:1030 - CMSIS Pack Vendor :STMicroelectronics USBPD 4.1
2026-05-25 04:13:52,987 [INFO] ThirdParty:1030 - CMSIS Pack Vendor :STMicroelectronics USB_HOST 2.0.0
2026-05-25 04:13:52,987 [INFO] ThirdParty:1030 - CMSIS Pack Vendor :STMicroelectronics FP-SNS-MOTENVWB1 1.4.0
2026-05-25 04:13:52,987 [INFO] ThirdParty:1030 - CMSIS Pack Vendor :STMicroelectronics X-CUBE-AZRTOS-F4 1.1.0
2026-05-25 04:13:52,987 [INFO] ThirdParty:1030 - CMSIS Pack Vendor :STMicroelectronics LIBJPEG 8.0.0
2026-05-25 04:13:52,987 [INFO] ThirdParty:1030 - CMSIS Pack Vendor :STMicroelectronics FP-ATR-ASTRA1 2.0.2
2026-05-25 04:13:52,987 [INFO] ThirdParty:1030 - CMSIS Pack Vendor :STMicroelectronics FP-ATR-ASTRA1 2.0.1
2026-05-25 04:13:52,987 [INFO] ThirdParty:1030 - CMSIS Pack Vendor :Avnet-IotConnect X-CUBE-IoTC-DA16k-PMOD 1.0.0
2026-05-25 04:13:52,987 [INFO] ThirdParty:1030 - CMSIS Pack Vendor :STMicroelectronics X-CUBE-SMBUS 2.1.0
2026-05-25 04:13:52,987 [INFO] ThirdParty:1030 - CMSIS Pack Vendor :STMicroelectronics X-CUBE-WB05N 1.1.0
2026-05-25 04:13:52,987 [INFO] ThirdParty:1030 - CMSIS Pack Vendor :STMicroelectronics X-CUBE-ISPU 2.1.0
2026-05-25 04:13:52,987 [INFO] ThirdParty:1030 - CMSIS Pack Vendor :STMicroelectronics X-CUBE-IPS 3.2.0
2026-05-25 04:13:52,987 [INFO] ThirdParty:1030 - CMSIS Pack Vendor :STMicroelectronics X-CUBE-ST60 1.0.0
2026-05-25 04:13:52,987 [INFO] ThirdParty:1030 - CMSIS Pack Vendor :STMicroelectronics X-CUBE-NFC12 1.0.0
2026-05-25 04:13:52,987 [INFO] ThirdParty:1030 - CMSIS Pack Vendor :STMicroelectronics X-CUBE-AZRTOS-F7 1.1.0
2026-05-25 04:13:52,988 [INFO] ThirdParty:1030 - CMSIS Pack Vendor :STMicroelectronics X-CUBE-AZRTOS-L5 2.0.0
2026-05-25 04:13:52,988 [INFO] ThirdParty:1030 - CMSIS Pack Vendor :STMicroelectronics USB_DEVICE 2.0.0
2026-05-25 04:13:52,988 [INFO] ThirdParty:1030 - CMSIS Pack Vendor :STMicroelectronics X-CUBE-NFC6 3.1.0
2026-05-25 04:13:52,988 [INFO] ThirdParty:1030 - CMSIS Pack Vendor :STMicroelectronics FP-SNS-MOTENV1 5.1.0
2026-05-25 04:13:52,988 [INFO] ThirdParty:1030 - CMSIS Pack Vendor :STMicroelectronics FreeRTOS 0.0.1
2026-05-25 04:13:52,988 [INFO] ThirdParty:1030 - CMSIS Pack Vendor :STMicroelectronics X-CUBE-DPower 1.2.0
2026-05-25 04:13:52,988 [INFO] ThirdParty:1030 - CMSIS Pack Vendor :STMicroelectronics FP-SNS-FLIGHT1 5.0.2
2026-05-25 04:13:52,988 [INFO] ThirdParty:1030 - CMSIS Pack Vendor :Infineon AIROC-Wi-Fi-Bluetooth-STM32 1.7.0
2026-05-25 04:13:52,988 [INFO] ThirdParty:1030 - CMSIS Pack Vendor :STMicroelectronics PDM2PCM 3.3.0
2026-05-25 04:13:52,988 [INFO] ThirdParty:1030 - CMSIS Pack Vendor :STMicroelectronics X-CUBE-AZRTOS-H7 3.4.0
2026-05-25 04:13:52,988 [INFO] ThirdParty:1030 - CMSIS Pack Vendor :STMicroelectronics X-CUBE-DISPLAY 3.0.0
2026-05-25 04:13:52,988 [INFO] ThirdParty:1030 - CMSIS Pack Vendor :STMicroelectronics X-CUBE-BLE1 7.0.0
2026-05-25 04:13:52,988 [INFO] ThirdParty:1030 - CMSIS Pack Vendor :STMicroelectronics X-CUBE-NFC10 1.0.0
2026-05-25 04:13:52,988 [INFO] ThirdParty:1030 - CMSIS Pack Vendor :STMicroelectronics X-CUBE-BLEMGR 4.0.0
2026-05-25 04:13:52,988 [INFO] ThirdParty:1030 - CMSIS Pack Vendor :STMicroelectronics X-CUBE-FREERTOS 1.3.1
2026-05-25 04:13:52,988 [INFO] ThirdParty:1030 - CMSIS Pack Vendor :STMicroelectronics HAL Drivers 0.0.0
2026-05-25 04:13:52,989 [INFO] ThirdParty:1030 - CMSIS Pack Vendor :STMicroelectronics X-CUBE-ST60 1.1.0
2026-05-25 04:13:52,989 [INFO] ThirdParty:1030 - CMSIS Pack Vendor :emotas I-CUBE-CANOPEN 1.3.0
2026-05-25 04:13:52,989 [INFO] ThirdParty:1030 - CMSIS Pack Vendor :STMicroelectronics X-CUBE-FREERTOS 1.3.0
2026-05-25 04:13:52,989 [INFO] ThirdParty:1030 - CMSIS Pack Vendor :STMicroelectronics X-CUBE-NFC7 1.0.1
2026-05-25 04:13:52,989 [INFO] ThirdParty:1030 - CMSIS Pack Vendor :STMicroelectronics MBEDTLS 2.14.1
2026-05-25 04:13:52,989 [INFO] ThirdParty:1030 - CMSIS Pack Vendor :STMicroelectronics X-CUBE-GNSS1 7.1.0
2026-05-25 04:13:52,989 [INFO] ThirdParty:1030 - CMSIS Pack Vendor :STMicroelectronics X-CUBE-TOUCHGFX 4.26.0
2026-05-25 04:13:52,989 [INFO] ThirdParty:1030 - CMSIS Pack Vendor :STMicroelectronics X-CUBE-AI 10.0.0
2026-05-25 04:13:52,989 [INFO] ThirdParty:1030 - CMSIS Pack Vendor :STMicroelectronics FP-SNS-STBOX1 2.1.0
2026-05-25 04:13:52,989 [INFO] ThirdParty:1030 - CMSIS Pack Vendor :STMicroelectronics FP-SNS-STAIOTCFT 1.0.0
2026-05-25 04:13:52,989 [INFO] ThirdParty:1030 - CMSIS Pack Vendor :STMicroelectronics FP-SNS-SMARTAG2 1.2.0
2026-05-25 04:13:52,989 [INFO] ThirdParty:1030 - CMSIS Pack Vendor :STMicroelectronics FP-SNS-FLIGHT1 5.1.0
2026-05-25 04:13:52,989 [INFO] ThirdParty:1030 - CMSIS Pack Vendor :STMicroelectronics X-CUBE-MEMS1 11.1.0
2026-05-25 04:13:52,989 [INFO] ThirdParty:1030 - CMSIS Pack Vendor :STMicroelectronics X-CUBE-AZRTOS-WL 2.0.0
2026-05-25 04:13:52,989 [INFO] ThirdParty:1030 - CMSIS Pack Vendor :STMicroelectronics X-CUBE-DPower 1.3.0
2026-05-25 04:13:52,990 [INFO] ThirdParty:1030 - CMSIS Pack Vendor :STMicroelectronics FP-SNS-MOTENV1 5.0.0
2026-05-25 04:13:52,990 [INFO] ThirdParty:1030 - CMSIS Pack Vendor :STMicroelectronics USB_DEVICE 1.0.0
2026-05-25 04:13:52,990 [INFO] ThirdParty:1030 - CMSIS Pack Vendor :wolfSSL I-CUBE-wolfMQTT 1.19.0
2026-05-25 04:13:52,990 [INFO] ThirdParty:1030 - CMSIS Pack Vendor :STMicroelectronics X-CUBE-AZRTOS-L4 2.0.0
2026-05-25 04:13:52,990 [INFO] ThirdParty:1030 - CMSIS Pack Vendor :STMicroelectronics ThreadX 0.0.2
2026-05-25 04:13:52,990 [INFO] ThirdParty:1030 - CMSIS Pack Vendor :WES I-CUBE-Cesium 1.3.0
2026-05-25 04:13:52,990 [INFO] ThirdParty:1030 - CMSIS Pack Vendor :STMicroelectronics lwIP 2.1.2
2026-05-25 04:13:52,990 [INFO] ThirdParty:1030 - CMSIS Pack Vendor :STMicroelectronics X-CUBE-SFXS2LP1 4.0.0
2026-05-25 04:13:52,990 [INFO] ThirdParty:1030 - CMSIS Pack Vendor :STMicroelectronics X-CUBE-BLE2 3.3.0
2026-05-25 04:13:52,990 [INFO] ThirdParty:1030 - CMSIS Pack Vendor :STMicroelectronics PDM2PCM 3.2.0
2026-05-25 04:13:52,990 [INFO] ThirdParty:1030 - CMSIS Pack Vendor :STMicroelectronics X-CUBE-AZRTOS-H7 3.3.0
2026-05-25 04:13:52,990 [INFO] ThirdParty:1030 - CMSIS Pack Vendor :STMicroelectronics X-CUBE-NFC9 1.0.0
2026-05-25 04:13:52,990 [INFO] ThirdParty:1030 - CMSIS Pack Vendor :STMicroelectronics X-CUBE-BLE1 7.1.0
2026-05-25 04:13:52,990 [INFO] ThirdParty:1030 - CMSIS Pack Vendor :wolfSSL I-CUBE-wolfMQTT 1.19.2
2026-05-25 04:13:52,990 [INFO] ThirdParty:1030 - CMSIS Pack Vendor :STMicroelectronics USB_DEVICE 3.0.0
2026-05-25 04:13:52,990 [INFO] ThirdParty:1030 - CMSIS Pack Vendor :STMicroelectronics X-CUBE-EEPRMA1 5.2.0
2026-05-25 04:13:52,990 [INFO] ThirdParty:1030 - CMSIS Pack Vendor :STMicroelectronics X-CUBE-BLEMGR 4.1.0
2026-05-25 04:13:52,991 [INFO] ThirdParty:1030 - CMSIS Pack Vendor :STMicroelectronics X-CUBE-AZRTOS-WB 2.0.0
2026-05-25 04:13:52,991 [INFO] ThirdParty:1030 - CMSIS Pack Vendor :STMicroelectronics X-CUBE-GNSS1 7.0.1
2026-05-25 04:13:52,991 [INFO] ThirdParty:1030 - CMSIS Pack Vendor :STMicroelectronics X-CUBE-TOUCHGFX 4.25.0
2026-05-25 04:13:52,991 [INFO] ThirdParty:1030 - CMSIS Pack Vendor :STMicroelectronics X-CUBE-ST67W61 1.1.0
2026-05-25 04:13:52,991 [INFO] ThirdParty:1030 - CMSIS Pack Vendor :STMicroelectronics FP-SNS-STBOX1 2.0.0
2026-05-25 04:13:52,991 [INFO] ThirdParty:1030 - CMSIS Pack Vendor :STMicroelectronics X-CUBE-AZRTOS-G0 1.1.0
2026-05-25 04:13:52,991 [INFO] ThirdParty:1030 - CMSIS Pack Vendor :STMicroelectronics X-CUBE-SAFEA1 1.2.2
2026-05-25 04:13:52,991 [INFO] ThirdParty:1030 - CMSIS Pack Vendor :STMicroelectronics X-CUBE-NFC4 3.0.0
2026-05-25 04:13:52,991 [INFO] ThirdParty:1030 - CMSIS Pack Vendor :STMicroelectronics X-CUBE-SUBG2 5.0.0
2026-05-25 04:13:52,991 [INFO] ThirdParty:1030 - CMSIS Pack Vendor :STMicroelectronics X-CUBE-AZRTOS-H7RS 1.1.0
2026-05-25 04:13:52,991 [INFO] ThirdParty:1030 - CMSIS Pack Vendor :STMicroelectronics STM32_WPAN 1.0.0
2026-05-25 04:13:52,991 [INFO] ThirdParty:1030 - CMSIS Pack Vendor :EmbeddedOffice I-CUBE-FS-RTOS 1.0.1
2026-05-25 04:13:52,991 [INFO] ThirdParty:1030 - CMSIS Pack Vendor :STMicroelectronics lwIP 2.0.3
2026-05-25 04:13:52,991 [INFO] ThirdParty:1030 - CMSIS Pack Vendor :Cesanta I-CUBE-Mongoose 7.13.0
2026-05-25 04:13:52,992 [INFO] ThirdParty:1030 - CMSIS Pack Vendor :STMicroelectronics USB_HOST 1.0.0
2026-05-25 04:13:52,992 [INFO] ThirdParty:1030 - CMSIS Pack Vendor :STMicroelectronics X-CUBE-AZRTOS-G4 2.0.0
2026-05-25 04:13:52,992 [INFO] ThirdParty:1030 - CMSIS Pack Vendor :STMicroelectronics X-CUBE-WB05N 2.0.0
2026-05-25 04:13:52,992 [INFO] ThirdParty:1030 - CMSIS Pack Vendor :STMicroelectronics PDM2PCM 3.1.0
2026-05-25 04:13:52,992 [INFO] ThirdParty:1030 - CMSIS Pack Vendor :wolfSSL I-CUBE-wolfTPM 3.8.0
2026-05-25 04:13:52,992 [INFO] ThirdParty:1030 - CMSIS Pack Vendor :wolfSSL I-CUBE-wolfSSH 1.4.20
2026-05-25 04:13:52,992 [INFO] ThirdParty:1030 - CMSIS Pack Vendor :STMicroelectronics X-CUBE-NFC7 2.0.0
2026-05-25 04:13:52,992 [INFO] ThirdParty:1030 - CMSIS Pack Vendor :STMicroelectronics X-CUBE-TCPP 4.2.0
2026-05-25 04:13:52,992 [INFO] ThirdParty:1030 - CMSIS Pack Vendor :RealThread X-CUBE-RT-Thread_Nano 4.1.1
2026-05-25 04:13:52,992 [INFO] ThirdParty:1030 - CMSIS Pack Vendor :STMicroelectronics FP-ATR-SIGFOX1 3.2.0
2026-05-25 04:13:52,993 [INFO] ThirdParty:1030 - CMSIS Pack Vendor :quantropi X-CUBE-qispace-sdk-base 1.9.3
2026-05-25 04:13:52,998 [INFO] ThirdParty:1030 - CMSIS Pack Vendor :STMicroelectronics X-CUBE-EEPRMA1 5.1.0
2026-05-25 04:13:52,998 [INFO] ThirdParty:1030 - CMSIS Pack Vendor :STMicroelectronics MBEDTLS 2.16.2
2026-05-25 04:13:53,000 [INFO] ThirdParty:1030 - CMSIS Pack Vendor :STMicroelectronics X-CUBE-IPS 3.1.0
2026-05-25 04:13:53,000 [INFO] ThirdParty:1030 - CMSIS Pack Vendor :STMicroelectronics X-CUBE-ALS 1.0.2
2026-05-25 04:13:53,000 [INFO] ThirdParty:1030 - CMSIS Pack Vendor :wolfSSL I-CUBE-wolfSSL 5.7.6
2026-05-25 04:13:53,000 [INFO] ThirdParty:1030 - CMSIS Pack Vendor :ITTIA_DB I-CUBE-ITTIADB 8.9.0
2026-05-25 04:13:53,000 [INFO] ThirdParty:1030 - CMSIS Pack Vendor :STMicroelectronics X-CUBE-TOUCHGFX 4.24.2
2026-05-25 04:13:53,000 [INFO] ThirdParty:1030 - CMSIS Pack Vendor :STMicroelectronics X-CUBE-STSE01 1.0.0
2026-05-25 04:13:53,000 [INFO] ThirdParty:1030 - CMSIS Pack Vendor :wolfSSL I-CUBE-wolfTPM 3.4.0
2026-05-25 04:13:53,001 [INFO] ThirdParty:1030 - CMSIS Pack Vendor :portGmbH I-Cube-SoM-uGOAL 1.1.0
2026-05-25 04:13:53,001 [INFO] ThirdParty:1030 - CMSIS Pack Vendor :STMicroelectronics X-CUBE-ST67W61 1.0.0
2026-05-25 04:13:53,001 [INFO] ThirdParty:1030 - CMSIS Pack Vendor :STMicroelectronics X-CUBE-AI 10.2.0
2026-05-25 04:13:53,001 [INFO] ThirdParty:1030 - CMSIS Pack Vendor :STMicroelectronics ThreadX 1.0.0
2026-05-25 04:13:53,001 [INFO] ThirdParty:1030 - CMSIS Pack Vendor :SEGGER I-CUBE-embOS 1.3.1
2026-05-25 04:13:53,001 [INFO] ThirdParty:1030 - CMSIS Pack Vendor :STMicroelectronics X-CUBE-ALGOBUILD 1.4.0
2026-05-25 04:13:53,001 [INFO] ThirdParty:1030 - CMSIS Pack Vendor :STMicroelectronics X-CUBE-MEMS1 11.3.0
2026-05-25 04:13:53,001 [INFO] ThirdParty:1030 - CMSIS Pack Vendor :STMicroelectronics X-CUBE-AZRTOS-H7RS 1.0.0
2026-05-25 04:13:53,001 [INFO] ThirdParty:1030 - CMSIS Pack Vendor :STMicroelectronics X-CUBE-TOF1 3.4.2
2026-05-25 04:13:53,001 [INFO] ThirdParty:1030 - CMSIS Pack Vendor :STMicroelectronics X-CUBE-TOF1 3.4.3
2026-05-25 04:13:53,001 [INFO] ThirdParty:1030 - CMSIS Pack Vendor :wolfSSL I-CUBE-wolfSSH 1.4.17
2026-05-25 04:13:53,002 [INFO] ThirdParty:841 - exiting critical section [change project]
2026-05-25 04:13:53,888 [INFO] PinOutPanel:1589 - setPackage(No Configuration,No Configuration)
2026-05-25 04:13:53,890 [INFO] PinOutPanel:1589 - setPackage(STM32F107RCTx,LQFP64)
2026-05-25 04:13:54,645 [INFO] UtilMem:75 - Before build in PCC Used Memory: 431743720 Bytes (570425344)
2026-05-25 04:13:55,958 [INFO] UtilMem:75 - After build in PCC Used Memory: 498326248 Bytes (570425344)
2026-05-25 04:13:56,061 [INFO] IPUIPlugin:80 - create IPUIPlugin
2026-05-25 04:13:56,061 [INFO] IPUIPlugin:80 - create IPUIPlugin
2026-05-25 04:13:56,061 [INFO] IPUIPlugin:80 - create IPUIPlugin
2026-05-25 04:13:56,062 [INFO] IPUIPlugin:80 - create IPUIPlugin
2026-05-25 04:13:56,062 [INFO] IPUIPlugin:80 - create IPUIPlugin
2026-05-25 04:13:56,062 [INFO] IPUIPlugin:80 - create IPUIPlugin
2026-05-25 04:13:56,062 [INFO] IPUIPlugin:80 - create IPUIPlugin
2026-05-25 04:13:56,062 [INFO] IPUIPlugin:80 - create IPUIPlugin
2026-05-25 04:13:56,063 [INFO] IPUIPlugin:80 - create IPUIPlugin
2026-05-25 04:13:56,063 [INFO] IPUIPlugin:80 - create IPUIPlugin
2026-05-25 04:13:56,064 [INFO] IPUIPlugin:80 - create IPUIPlugin
2026-05-25 04:13:56,064 [INFO] IPUIPlugin:80 - create IPUIPlugin
2026-05-25 04:13:56,064 [INFO] IPUIPlugin:80 - create IPUIPlugin
2026-05-25 04:13:56,065 [INFO] IPUIPlugin:80 - create IPUIPlugin
2026-05-25 04:13:56,065 [INFO] IPUIPlugin:80 - create IPUIPlugin
2026-05-25 04:13:56,065 [INFO] IPUIPlugin:80 - create IPUIPlugin
2026-05-25 04:13:56,065 [INFO] IPUIPlugin:80 - create IPUIPlugin
2026-05-25 04:13:56,066 [INFO] IPUIPlugin:80 - create IPUIPlugin
2026-05-25 04:13:56,066 [INFO] IPUIPlugin:80 - create IPUIPlugin
2026-05-25 04:13:56,066 [INFO] IPUIPlugin:80 - create IPUIPlugin
2026-05-25 04:13:56,067 [INFO] IPUIPlugin:80 - create IPUIPlugin
2026-05-25 04:13:56,067 [INFO] IPUIPlugin:80 - create IPUIPlugin
2026-05-25 04:13:56,068 [INFO] IPUIPlugin:80 - create IPUIPlugin
2026-05-25 04:13:56,068 [INFO] IPUIPlugin:80 - create IPUIPlugin
2026-05-25 04:13:56,068 [INFO] IPUIPlugin:80 - create IPUIPlugin
2026-05-25 04:13:56,068 [INFO] IPUIPlugin:80 - create IPUIPlugin
2026-05-25 04:13:56,069 [INFO] IPUIPlugin:80 - create IPUIPlugin
2026-05-25 04:13:56,069 [INFO] IPUIPlugin:80 - create IPUIPlugin
2026-05-25 04:13:56,069 [INFO] IPUIPlugin:80 - create IPUIPlugin
2026-05-25 04:13:56,070 [INFO] IPUIPlugin:80 - create IPUIPlugin
2026-05-25 04:13:56,070 [INFO] IPUIPlugin:80 - create IPUIPlugin
2026-05-25 04:13:56,071 [INFO] IPUIPlugin:80 - create IPUIPlugin
2026-05-25 04:13:56,071 [INFO] IPUIPlugin:80 - create IPUIPlugin
2026-05-25 04:13:56,071 [INFO] IPUIPlugin:80 - create IPUIPlugin
2026-05-25 04:13:56,073 [INFO] IPUIPlugin:80 - create IPUIPlugin
2026-05-25 04:13:56,073 [INFO] IPUIPlugin:80 - create IPUIPlugin
2026-05-25 04:13:56,074 [INFO] IPUIPlugin:80 - create IPUIPlugin
2026-05-25 04:13:56,075 [INFO] IPUIPlugin:80 - create IPUIPlugin
2026-05-25 04:13:56,076 [INFO] IPUIPlugin:80 - create IPUIPlugin
2026-05-25 04:13:56,455 [INFO] CADModel:165 - CPN selected for project levelSTM32F107RCT6
2026-05-25 04:13:56,455 [INFO] CADModel:114 - Register for checkConnection events
2026-05-25 04:13:56,564 [INFO] OpenFileManager:386 - Restore cursor
2026-05-25 04:13:58,313 [INFO] UtilMem:75 - End SaveConfig() Used Memory: 336724224 Bytes (570425344)
2026-05-25 04:13:58,495 [INFO] UtilMem:75 - End SaveConfig() Used Memory: 355076352 Bytes (570425344)
2026-05-25 04:13:59,381 [INFO] BlockDiagram:2775 - set Specific Code input for plugin: NVIC
2026-05-25 04:13:59,382 [INFO] BlockDiagram:2775 - set Specific Code input for plugin: RCC
2026-05-25 04:13:59,397 [INFO] CodeGenerator:892 - code generatio: config db path: C:\ST\STM32CubeIDE_1.19.0\STM32CubeIDE\plugins\com.st.stm32cube.common.mx_6.15.0.202507011659\\db\
2026-05-25 04:13:59,721 [INFO] CodeEngine:265 - oldGeneratedFile, D:\my_Projects\Electronic\STM32\F1\CubeIDE\Switch24Queue\MXTmpFiles\license.tmp_save
2026-05-25 04:14:00,429 [INFO] CodeEngine:289 - Generated code: D:\my_Projects\Electronic\STM32\F1\CubeIDE\Switch24Queue\MXTmpFiles\license.tmp
2026-05-25 04:14:00,514 [INFO] CodeEngine:265 - oldGeneratedFile, D:\my_Projects\Electronic\STM32\F1\CubeIDE\Switch24Queue\Core\Src\stm32f1xx_it.c_save
2026-05-25 04:14:00,925 [INFO] CodeEngine:289 - Generated code: D:\my_Projects\Electronic\STM32\F1\CubeIDE\Switch24Queue\Core\Src\stm32f1xx_it.c
2026-05-25 04:14:00,935 [INFO] CodeEngine:265 - oldGeneratedFile, D:\my_Projects\Electronic\STM32\F1\CubeIDE\Switch24Queue\Core\Inc\stm32f1xx_it.h_save
2026-05-25 04:14:01,122 [INFO] CodeEngine:289 - Generated code: D:\my_Projects\Electronic\STM32\F1\CubeIDE\Switch24Queue\Core\Inc\stm32f1xx_it.h
2026-05-25 04:14:01,371 [INFO] CodeEngine:265 - oldGeneratedFile, D:\my_Projects\Electronic\STM32\F1\CubeIDE\Switch24Queue\Core\Src\stm32f1xx_hal_msp.c_save
2026-05-25 04:14:01,785 [INFO] CodeEngine:289 - Generated code: D:\my_Projects\Electronic\STM32\F1\CubeIDE\Switch24Queue\Core\Src\stm32f1xx_hal_msp.c
2026-05-25 04:14:01,795 [INFO] CodeEngine:265 - oldGeneratedFile, D:\my_Projects\Electronic\STM32\F1\CubeIDE\Switch24Queue\MXTmpFiles\system.tmp_save
2026-05-25 04:14:01,965 [INFO] CodeEngine:289 - Generated code: D:\my_Projects\Electronic\STM32\F1\CubeIDE\Switch24Queue\MXTmpFiles\system.tmp
2026-05-25 04:14:02,012 [INFO] CodeEngine:321 - oldGeneratedFile, D:\my_Projects\Electronic\STM32\F1\CubeIDE\Switch24Queue\Core\Inc\stm32f1xx_hal_conf.h_save
2026-05-25 04:14:02,266 [INFO] CodeEngine:345 - Generated code: D:\my_Projects\Electronic\STM32\F1\CubeIDE\Switch24Queue\Core\Inc\stm32f1xx_hal_conf.h
2026-05-25 04:14:02,385 [INFO] ApiDbMcu:532 - Load IP Config File for RCC
2026-05-25 04:14:02,440 [INFO] CodeEngine:265 - oldGeneratedFile, D:\my_Projects\Electronic\STM32\F1\CubeIDE\Switch24Queue\Core\Inc\main.h_save
2026-05-25 04:14:02,918 [INFO] CodeEngine:289 - Generated code: D:\my_Projects\Electronic\STM32\F1\CubeIDE\Switch24Queue\Core\Inc\main.h
2026-05-25 04:14:02,949 [INFO] CodeEngine:265 - oldGeneratedFile, D:\my_Projects\Electronic\STM32\F1\CubeIDE\Switch24Queue\Core\Src\main.c_save
2026-05-25 04:14:03,468 [ERROR] ConfigurationRetriever:142 - IOException on connection: Connect timed out
2026-05-25 04:14:03,598 [INFO] CodeEngine:289 - Generated code: D:\my_Projects\Electronic\STM32\F1\CubeIDE\Switch24Queue\Core\Src\main.c
2026-05-25 04:14:05,076 [INFO] ProjectBuilder:3606 - Time for Copy HAL[1] : 598mS.
2026-05-25 04:14:05,089 [INFO] ProjectBuilder:5216 - Project Generator version: 4.7.0-B52
2026-05-25 04:14:05,404 [INFO] ConfigFileManager:1595 - The Die is : DIE418
2026-05-25 04:14:05,439 [INFO] ApiDbMcu:532 - Load IP Config File for FATFS
2026-05-25 04:14:05,490 [INFO] ApiDbMcu:532 - Load IP Config File for FREERTOS
2026-05-25 04:14:05,603 [INFO] ApiDbMcu:532 - Load IP Config File for LWIP
2026-05-25 04:14:05,671 [INFO] ApiDbMcu:532 - Load IP Config File for USB_DEVICE
2026-05-25 04:14:05,701 [INFO] ApiDbMcu:532 - Load IP Config File for USB_HOST
2026-05-25 04:14:06,836 [INFO] LogOutputStream:77 - [STDOUT_REDIRECT] 
2026-05-25 04:14:08,473 [ERROR] ConfigurationRetriever:142 - IOException on connection: Connect timed out
2026-05-25 04:14:13,486 [ERROR] ConfigurationRetriever:142 - IOException on connection: Connect timed out
2026-05-25 04:14:13,748 [INFO] ProjectBuilder:5496 - Time for Generating toolchain IDE Files: 8659mS.
2026-05-25 04:14:13,749 [INFO] ProjectBuilder:3463 - Time for Copy CMSIS : 0mS.
2026-05-25 04:14:13,759 [INFO] ProjectBuilder:3463 - Time for Copy CMSIS : 0mS.
2026-05-25 04:14:15,782 [INFO] McuFinderGlobals:76 - Set McuFinderConnectedMode to true
2026-05-25 04:14:15,796 [INFO] ApiDb:448 - Save user favorites file C:\Users\alina/.stm32cubeide/favorites.mcus.txt: 0 item(s)
2026-05-25 04:14:15,797 [INFO] ApiDb:452 - User favorites MCUs=[]
2026-05-25 04:14:16,811 [ERROR] ConfigurationRetriever:142 - IOException on connection: Connect timed out
2026-05-25 04:14:18,815 [ERROR] ConfigurationRetriever:142 - IOException on connection: Connect timed out
2026-05-25 04:14:20,816 [ERROR] ConfigurationRetriever:142 - IOException on connection: Connect timed out
2026-05-25 04:14:42,458 [INFO] NvicIntPanel:101 - NVIC parent = com.st.microxplorer.plugins.ip.nvic.MultiNvicIntPanel[,0,0,526x250,layout=javax.swing.BoxLayout,alignmentX=0.0,alignmentY=0.0,border=,flags=9,maximumSize=,minimumSize=,preferredSize=]
2026-05-25 04:14:44,089 [INFO] NvicIntPanel:101 - NVIC parent = com.st.microxplorer.plugins.ip.nvic.MultiNvicIntPanel[,0,0,0x0,invalid,layout=javax.swing.BoxLayout,alignmentX=0.0,alignmentY=0.0,border=,flags=9,maximumSize=,minimumSize=,preferredSize=]
2026-05-25 04:14:50,695 [INFO] NvicIntPanel:101 - NVIC parent = com.st.microxplorer.plugins.ip.nvic.MultiNvicIntPanel[,0,0,0x0,invalid,layout=javax.swing.BoxLayout,alignmentX=0.0,alignmentY=0.0,border=,flags=9,maximumSize=,minimumSize=,preferredSize=]
2026-05-25 04:15:01,888 [INFO] NvicIntPanel:101 - NVIC parent = com.st.microxplorer.plugins.ip.nvic.MultiNvicIntPanel[,0,0,0x0,invalid,layout=javax.swing.BoxLayout,alignmentX=0.0,alignmentY=0.0,border=,flags=9,maximumSize=,minimumSize=,preferredSize=]
2026-05-25 04:15:27,695 [INFO] UtilMem:75 - End SaveConfig() Used Memory: 476654936 Bytes (650117120)
2026-05-25 04:15:27,949 [INFO] UtilMem:75 - End SaveConfig() Used Memory: 494939512 Bytes (650117120)
2026-05-25 04:15:30,071 [INFO] UtilMem:75 - End SaveConfig() Used Memory: 576139704 Bytes (650117120)
2026-05-25 04:15:31,102 [INFO] BlockDiagram:2775 - set Specific Code input for plugin: NVIC
2026-05-25 04:15:31,102 [INFO] BlockDiagram:2775 - set Specific Code input for plugin: USART
2026-05-25 04:15:31,102 [INFO] BlockDiagram:2775 - set Specific Code input for plugin: DMA
2026-05-25 04:15:31,103 [INFO] BlockDiagram:2775 - set Specific Code input for plugin: SYS
2026-05-25 04:15:31,103 [INFO] BlockDiagram:2775 - set Specific Code input for plugin: GPIO
2026-05-25 04:15:31,103 [INFO] BlockDiagram:2775 - set Specific Code input for plugin: RCC
2026-05-25 04:15:31,104 [INFO] CodeGenerator:892 - code generatio: config db path: C:\ST\STM32CubeIDE_1.19.0\STM32CubeIDE\plugins\com.st.stm32cube.common.mx_6.15.0.202507011659\\db\
2026-05-25 04:15:31,411 [INFO] CodeEngine:265 - oldGeneratedFile, D:\my_Projects\Electronic\STM32\F1\CubeIDE\Switch24Queue\MXTmpFiles\license.tmp_save
2026-05-25 04:15:31,626 [INFO] CodeEngine:289 - Generated code: D:\my_Projects\Electronic\STM32\F1\CubeIDE\Switch24Queue\MXTmpFiles\license.tmp
2026-05-25 04:15:31,714 [INFO] CodeEngine:265 - oldGeneratedFile, D:\my_Projects\Electronic\STM32\F1\CubeIDE\Switch24Queue\MXTmpFiles\gpio.tmp_save
2026-05-25 04:15:31,855 [INFO] CodeEngine:289 - Generated code: D:\my_Projects\Electronic\STM32\F1\CubeIDE\Switch24Queue\MXTmpFiles\gpio.tmp
2026-05-25 04:15:32,025 [INFO] CodeEngine:265 - oldGeneratedFile, D:\my_Projects\Electronic\STM32\F1\CubeIDE\Switch24Queue\MXTmpFiles\dma.tmp_save
2026-05-25 04:15:32,150 [INFO] CodeEngine:289 - Generated code: D:\my_Projects\Electronic\STM32\F1\CubeIDE\Switch24Queue\MXTmpFiles\dma.tmp
2026-05-25 04:15:32,163 [INFO] CodeEngine:265 - oldGeneratedFile, D:\my_Projects\Electronic\STM32\F1\CubeIDE\Switch24Queue\MXTmpFiles\dma_GV.tmp_save
2026-05-25 04:15:32,254 [INFO] CodeEngine:289 - Generated code: D:\my_Projects\Electronic\STM32\F1\CubeIDE\Switch24Queue\MXTmpFiles\dma_GV.tmp
2026-05-25 04:15:32,281 [INFO] CodeEngine:265 - oldGeneratedFile, D:\my_Projects\Electronic\STM32\F1\CubeIDE\Switch24Queue\Core\Src\stm32f1xx_it.c_save
2026-05-25 04:15:32,428 [INFO] CodeEngine:289 - Generated code: D:\my_Projects\Electronic\STM32\F1\CubeIDE\Switch24Queue\Core\Src\stm32f1xx_it.c
2026-05-25 04:15:32,439 [INFO] CodeEngine:265 - oldGeneratedFile, D:\my_Projects\Electronic\STM32\F1\CubeIDE\Switch24Queue\Core\Inc\stm32f1xx_it.h_save
2026-05-25 04:15:32,546 [INFO] CodeEngine:289 - Generated code: D:\my_Projects\Electronic\STM32\F1\CubeIDE\Switch24Queue\Core\Inc\stm32f1xx_it.h
2026-05-25 04:15:32,600 [INFO] CodeEngine:265 - oldGeneratedFile, D:\my_Projects\Electronic\STM32\F1\CubeIDE\Switch24Queue\Core\Src\stm32f1xx_hal_msp.c_save
2026-05-25 04:15:32,776 [INFO] CodeEngine:289 - Generated code: D:\my_Projects\Electronic\STM32\F1\CubeIDE\Switch24Queue\Core\Src\stm32f1xx_hal_msp.c
2026-05-25 04:15:32,786 [INFO] CodeEngine:265 - oldGeneratedFile, D:\my_Projects\Electronic\STM32\F1\CubeIDE\Switch24Queue\MXTmpFiles\system.tmp_save
2026-05-25 04:15:32,857 [INFO] CodeEngine:289 - Generated code: D:\my_Projects\Electronic\STM32\F1\CubeIDE\Switch24Queue\MXTmpFiles\system.tmp
2026-05-25 04:15:32,866 [ERROR] ConfigurationRetriever:142 - IOException on connection: Connect timed out
2026-05-25 04:15:32,872 [INFO] CodeEngine:321 - oldGeneratedFile, D:\my_Projects\Electronic\STM32\F1\CubeIDE\Switch24Queue\Core\Inc\stm32f1xx_hal_conf.h_save
2026-05-25 04:15:32,976 [INFO] CodeEngine:345 - Generated code: D:\my_Projects\Electronic\STM32\F1\CubeIDE\Switch24Queue\Core\Inc\stm32f1xx_hal_conf.h
2026-05-25 04:15:33,043 [INFO] ApiDbMcu:532 - Load IP Config File for USART1
2026-05-25 04:15:33,094 [INFO] CodeEngine:265 - oldGeneratedFile, D:\my_Projects\Electronic\STM32\F1\CubeIDE\Switch24Queue\Core\Inc\main.h_save
2026-05-25 04:15:33,183 [INFO] CodeEngine:289 - Generated code: D:\my_Projects\Electronic\STM32\F1\CubeIDE\Switch24Queue\Core\Inc\main.h
2026-05-25 04:15:33,195 [INFO] CodeEngine:265 - oldGeneratedFile, D:\my_Projects\Electronic\STM32\F1\CubeIDE\Switch24Queue\Core\Src\main.c_save
2026-05-25 04:15:33,368 [INFO] CodeEngine:289 - Generated code: D:\my_Projects\Electronic\STM32\F1\CubeIDE\Switch24Queue\Core\Src\main.c
2026-05-25 04:15:33,977 [INFO] ProjectBuilder:3606 - Time for Copy HAL[1] : 271mS.
2026-05-25 04:15:33,982 [INFO] ProjectBuilder:5216 - Project Generator version: 4.7.0-B52
2026-05-25 04:15:34,111 [INFO] ConfigFileManager:1595 - The Die is : DIE418
2026-05-25 04:15:35,153 [ERROR] ConfigurationRetriever:142 - IOException on connection: Connect timed out
2026-05-25 04:15:36,886 [INFO] ProjectBuilder:5496 - Time for Generating toolchain IDE Files: 2904mS.
2026-05-25 04:15:36,887 [INFO] ProjectBuilder:3463 - Time for Copy CMSIS : 1mS.
2026-05-25 04:15:36,889 [INFO] ProjectBuilder:3463 - Time for Copy CMSIS : 0mS.
2026-05-25 04:15:37,868 [ERROR] ConfigurationRetriever:142 - IOException on connection: Connect timed out
2026-05-25 04:15:39,045 [ERROR] ConfigurationRetriever:142 - IOException on connection: Connect timed out
2026-05-25 04:15:40,156 [ERROR] ConfigurationRetriever:142 - IOException on connection: Connect timed out
2026-05-25 04:15:41,048 [ERROR] ConfigurationRetriever:142 - IOException on connection: Connect timed out
2026-05-25 04:15:42,870 [ERROR] ConfigurationRetriever:142 - IOException on connection: Connect timed out
2026-05-25 04:15:43,050 [ERROR] ConfigurationRetriever:142 - IOException on connection: Connect timed out
2026-05-25 04:15:43,432 [WARN] CheckConnectionManager:291 - Warning during Server Connection :  timeout Connect to sw-center.st.com:443 [sw-center.st.com/2.16.10.149, sw-center.st.com/2.16.10.139] failed: Connect timed out
2026-05-25 04:15:45,157 [ERROR] ConfigurationRetriever:142 - IOException on connection: Connect timed out
2026-05-25 04:15:45,438 [WARN] CheckConnectionManager:291 - Warning during Server Connection :  timeout Connect to sw-center.st.com:443 [sw-center.st.com/2.16.10.149, sw-center.st.com/2.16.10.139] failed: Connect timed out
2026-05-25 04:15:45,440 [INFO] MainUpdater:2872 - connection check result : 22
2026-05-25 04:15:45,513 [INFO] MicroXplorer:468 - Change Database Path : 
2026-05-25 04:15:45,513 [INFO] MicroXplorer:498 - Change Database Version : DB.6.0.150
2026-05-25 04:15:45,564 [ERROR] ProjectManagerView:395 - 
java.lang.NullPointerException: Cannot invoke "javax.swing.JTextField.getText()" because the return value of "java.util.List.get(int)" is null
	at com.st.microxplorer.plugins.projectmanager.gui.ProjectChoiceTab$9.caretUpdate(ProjectChoiceTab.java:2706) ~[filemanager.jar:?]
	at javax.swing.text.JTextComponent.fireCaretUpdate(JTextComponent.java:408) ~[?:?]
	at javax.swing.text.JTextComponent$MutableCaretEvent.fire(JTextComponent.java:4484) ~[?:?]
	at javax.swing.text.JTextComponent$MutableCaretEvent.stateChanged(JTextComponent.java:4506) ~[?:?]
	at javax.swing.text.DefaultCaret.fireStateChanged(DefaultCaret.java:857) ~[?:?]
	at javax.swing.text.DefaultCaret.changeCaretPosition(DefaultCaret.java:1343) ~[?:?]
	at javax.swing.text.DefaultCaret.handleSetDot(DefaultCaret.java:1242) ~[?:?]
	at javax.swing.text.DefaultCaret.setDot(DefaultCaret.java:1223) ~[?:?]
	at javax.swing.text.DefaultCaret$Handler.insertUpdate(DefaultCaret.java:1819) ~[?:?]
	at javax.swing.text.AbstractDocument.fireInsertUpdate(AbstractDocument.java:227) ~[?:?]
	at javax.swing.text.AbstractDocument.handleInsertString(AbstractDocument.java:781) ~[?:?]
	at javax.swing.text.AbstractDocument.insertString(AbstractDocument.java:740) ~[?:?]
	at javax.swing.text.PlainDocument.insertString(PlainDocument.java:131) ~[?:?]
	at javax.swing.text.AbstractDocument.replace(AbstractDocument.java:699) ~[?:?]
	at javax.swing.text.JTextComponent.setText(JTextComponent.java:1725) ~[?:?]
	at com.st.microxplorer.plugins.projectmanager.gui.ProjectChoiceTab.createHeapStackFields(ProjectChoiceTab.java:993) ~[filemanager.jar:?]
	at com.st.microxplorer.plugins.projectmanager.gui.ProjectChoiceTab.buildLinkSettingsPanel(ProjectChoiceTab.java:3813) ~[filemanager.jar:?]
	at com.st.microxplorer.plugins.projectmanager.gui.ProjectChoiceTab.defineWindowsFields(ProjectChoiceTab.java:1987) ~[filemanager.jar:?]
	at com.st.microxplorer.plugins.projectmanager.gui.ProjectChoiceTab.updateSettings(ProjectChoiceTab.java:558) ~[filemanager.jar:?]
	at com.st.microxplorer.plugins.projectmanager.gui.ProjectSettingsPanel.UpdateDialog(ProjectSettingsPanel.java:247) ~[filemanager.jar:?]
	at com.st.microxplorer.plugins.projectmanager.ProjectManagerView.propertyChange(ProjectManagerView.java:392) ~[filemanager.jar:?]
	at java.beans.PropertyChangeSupport.fire(PropertyChangeSupport.java:343) ~[?:?]
	at java.beans.PropertyChangeSupport.firePropertyChange(PropertyChangeSupport.java:335) ~[?:?]
	at java.beans.PropertyChangeSupport.firePropertyChange(PropertyChangeSupport.java:268) ~[?:?]
	at com.st.microxplorer.util.MXPropertyChangeSupport.firePropertyChange(MXPropertyChangeSupport.java:54) ~[STM32CubeMX.jar:?]
	at com.st.microxplorer.mxsystem.MxSystem.closeConfig(MxSystem.java:899) ~[STM32CubeMX.jar:?]
	at com.st.microxplorer.maingui.MainPanel.closeConfig(MainPanel.java:792) ~[STM32CubeMX.jar:?]
	at com.st.microxplorer.plugins.filemanager.engine.OpenFileManager.loadConfigurationFile(OpenFileManager.java:288) ~[filemanager.jar:?]
	at com.st.microxplorer.plugins.filemanager.engine.MainFileManager.userLoadConfig(MainFileManager.java:364) ~[filemanager.jar:?]
	at com.st.microxplorer.plugins.filemanager.engine.MainFileManager.userLoadConfig(MainFileManager.java:342) ~[filemanager.jar:?]
	at com.st.microxplorer.plugins.filemanager.FileManagerView.getSpecificTask(FileManagerView.java:264) ~[filemanager.jar:?]
	at com.st.stm32cube.common.mx.editor.CubeMxEditor.getMxTabbedPaneInstance(CubeMxEditor.java:1198) ~[com.st.stm32cube.common.mx_6.15.0.202507011659/:?]
	at com.st.stm32cube.common.mx.editor.CubeMxEditor$12$1.createSwingComponent(CubeMxEditor.java:1068) ~[com.st.stm32cube.common.mx_6.15.0.202507011659/:?]
	at com.st.stm32cube.common.mx.oss.core.awtswtbridge.EmbeddedSwingComposite.doComponentCreation(EmbeddedSwingComposite.java:492) ~[com.st.stm32cube.common.mx.oss_6.15.0.202507011659/:?]
	at com.st.stm32cube.common.mx.oss.core.awtswtbridge.EmbeddedSwingComposite$4.run(EmbeddedSwingComposite.java:291) ~[com.st.stm32cube.common.mx.oss_6.15.0.202507011659/:?]
	at com.st.stm32cube.common.mx.oss.core.awtswtbridge.AwtEnvironment$2.run(AwtEnvironment.java:166) ~[com.st.stm32cube.common.mx.oss_6.15.0.202507011659/:?]
	at java.awt.event.InvocationEvent.dispatch(InvocationEvent.java:318) ~[?:?]
	at java.awt.EventQueue.dispatchEventImpl(EventQueue.java:773) ~[?:?]
	at java.awt.EventQueue$4.run(EventQueue.java:720) ~[?:?]
	at java.awt.EventQueue$4.run(EventQueue.java:714) ~[?:?]
	at java.security.AccessController.doPrivileged(AccessController.java:400) ~[?:?]
	at java.security.ProtectionDomain$JavaSecurityAccessImpl.doIntersectionPrivilege(ProtectionDomain.java:87) ~[?:?]
	at java.awt.EventQueue.dispatchEvent(EventQueue.java:742) ~[?:?]
	at java.awt.EventDispatchThread.pumpOneEventForFilters(EventDispatchThread.java:203) ~[?:?]
	at java.awt.EventDispatchThread.pumpEventsForFilter(EventDispatchThread.java:124) ~[?:?]
	at java.awt.EventDispatchThread.pumpEventsForHierarchy(EventDispatchThread.java:113) ~[?:?]
	at java.awt.EventDispatchThread.pumpEvents(EventDispatchThread.java:109) ~[?:?]
	at java.awt.EventDispatchThread.pumpEvents(EventDispatchThread.java:101) ~[?:?]
	at java.awt.EventDispatchThread.run(EventDispatchThread.java:90) ~[?:?]
2026-05-25 04:15:45,591 [WARN] ThirdParty:871 - waiting for thirdparty lock release [close project]
2026-05-25 04:15:45,592 [INFO] ThirdParty:873 - entering critical section [close project]
2026-05-25 04:15:45,592 [INFO] ThirdParty:883 - exiting critical section [close project]
2026-05-25 04:15:45,594 [INFO] PinOutPanel:1589 - setPackage(No Configuration,No Configuration)
2026-05-25 04:15:45,630 [INFO] UtilMem:75 - Begin LoadConfig() Used Memory: 376453584 Bytes (650117120)
2026-05-25 04:15:45,633 [INFO] MicroXplorer:468 - Change Database Path : 
2026-05-25 04:15:45,634 [INFO] MicroXplorer:498 - Change Database Version : DB.6.0.150
2026-05-25 04:15:45,634 [INFO] OpenFileManager:355 - Change cursor
2026-05-25 04:15:45,763 [INFO] RulesReader:64 - Compatibility file has been processed (317 Rules)
2026-05-25 04:15:45,769 [INFO] Mcu:2029 - Initializing MCU STM32F107R(B-C)Tx STM32F107RCTx STM32F107RCT6
2026-05-25 04:15:47,721 [INFO] Context:786 - Trying to add GPIOservice into a context  which must be forbidden
2026-05-25 04:15:48,573 [INFO] ImportTextPane:234 - (OptionalMessage_ERROR) Pin28 (VP_RIF_VS_RIF1) cannot be retrieved for this MCU
2026-05-25 04:15:48,833 [INFO] RtosManager:558 - Registered RTOS mode: class=CMSIS, group=RTOS, mode=CMSIS_V1, owner=FREERTOS
2026-05-25 04:15:48,833 [INFO] RtosManager:558 - Registered RTOS mode: class=CMSIS, group=RTOS2, mode=CMSIS_V2, owner=FREERTOS
2026-05-25 04:15:48,833 [INFO] RtosManager:558 - Registered RTOS mode: class=RTOS, group=Core, mode=CMSIS_V1, owner=FREERTOS
2026-05-25 04:15:48,833 [INFO] RtosManager:558 - Registered RTOS mode: class=RTOS, group=Core, mode=CMSIS_V2, owner=FREERTOS
2026-05-25 04:15:48,834 [WARN] ModelIntegratedComponent:184 - Missing modes for component STMicroelectronics:FreeRTOS:0.0.1:STMicroelectronics:RTOS:FreeRTOS:Core:::10.2.0:
2026-05-25 04:15:48,855 [WARN] ModelIntegratedComponent:63 - No mode defined for component null
2026-05-25 04:15:48,855 [WARN] ModelIntegratedComponent:63 - No mode defined for component null
2026-05-25 04:15:48,855 [WARN] ModelIntegratedComponent:63 - No mode defined for component null
2026-05-25 04:15:48,855 [WARN] ModelIntegratedComponent:63 - No mode defined for component null
2026-05-25 04:15:48,855 [WARN] ModelIntegratedComponent:63 - No mode defined for component null
2026-05-25 04:15:48,855 [WARN] ModelIntegratedComponent:63 - No mode defined for component null
2026-05-25 04:15:48,855 [WARN] ModelIntegratedComponent:63 - No mode defined for component null
2026-05-25 04:15:48,855 [WARN] ModelIntegratedComponent:63 - No mode defined for component null
2026-05-25 04:15:48,855 [WARN] ModelIntegratedComponent:63 - No mode defined for component null
2026-05-25 04:15:48,855 [WARN] ModelIntegratedComponent:63 - No mode defined for component null
2026-05-25 04:15:48,855 [WARN] ModelIntegratedComponent:63 - No mode defined for component null
2026-05-25 04:15:48,856 [WARN] ModelIntegratedComponent:63 - No mode defined for component null
2026-05-25 04:15:48,856 [WARN] ModelIntegratedComponent:63 - No mode defined for component null
2026-05-25 04:15:48,856 [WARN] ModelIntegratedComponent:63 - No mode defined for component null
2026-05-25 04:15:48,856 [WARN] ModelIntegratedComponent:63 - No mode defined for component null
2026-05-25 04:15:48,856 [WARN] ModelIntegratedComponent:63 - No mode defined for component null
2026-05-25 04:15:48,856 [WARN] ModelIntegratedComponent:63 - No mode defined for component null
2026-05-25 04:15:48,856 [WARN] ModelIntegratedComponent:63 - No mode defined for component null
2026-05-25 04:15:48,856 [WARN] ModelIntegratedComponent:63 - No mode defined for component null
2026-05-25 04:15:48,856 [WARN] ModelIntegratedComponent:63 - No mode defined for component null
2026-05-25 04:15:48,856 [WARN] ModelIntegratedComponent:63 - No mode defined for component null
2026-05-25 04:15:48,856 [WARN] ModelIntegratedComponent:63 - No mode defined for component null
2026-05-25 04:15:48,856 [WARN] ModelIntegratedComponent:63 - No mode defined for component null
2026-05-25 04:15:48,856 [WARN] ModelIntegratedComponent:63 - No mode defined for component null
2026-05-25 04:15:48,857 [WARN] ModelIntegratedComponent:63 - No mode defined for component null
2026-05-25 04:15:48,857 [WARN] ModelIntegratedComponent:63 - No mode defined for component null
2026-05-25 04:15:48,857 [WARN] ModelIntegratedComponent:63 - No mode defined for component null
2026-05-25 04:15:48,857 [WARN] ModelIntegratedComponent:63 - No mode defined for component null
2026-05-25 04:15:48,857 [WARN] ModelIntegratedComponent:63 - No mode defined for component null
2026-05-25 04:15:48,857 [WARN] ModelIntegratedComponent:63 - No mode defined for component null
2026-05-25 04:15:48,857 [WARN] ModelIntegratedComponent:63 - No mode defined for component null
2026-05-25 04:15:48,857 [WARN] ModelIntegratedComponent:63 - No mode defined for component null
2026-05-25 04:15:48,857 [WARN] ModelIntegratedComponent:63 - No mode defined for component null
2026-05-25 04:15:48,857 [WARN] ModelIntegratedComponent:63 - No mode defined for component null
2026-05-25 04:15:48,857 [WARN] ModelIntegratedComponent:63 - No mode defined for component null
2026-05-25 04:15:48,857 [WARN] ModelPack:524 - Component already loaded: STMicroelectronics:HAL Drivers:0.0.0:STMicroelectronics:Device:STMicro_Driver:XSPI:HAL::0.0.1:HAL_XSPI
2026-05-25 04:15:49,258 [INFO] ThirdPartyModel:298 - Start build external matchings
2026-05-25 04:15:51,599 [INFO] ThirdPartyModel:316 - End build external matchings
2026-05-25 04:15:51,654 [INFO] ImportTextPane:234 - (OptionalMessage_ERROR) IP (DMA) : Parameter (Instance) has Id (MEMTOMEM1) currently not set
2026-05-25 04:15:51,655 [INFO] ImportTextPane:234 - (OptionalMessage_ERROR) IP (DMA) : Parameter (Direction) has Id (MEMTOMEM1) currently not set
2026-05-25 04:15:51,655 [INFO] ImportTextPane:234 - (OptionalMessage_ERROR) IP (DMA) : Parameter (PeriphInc) has Id (MEMTOMEM1) currently not set
2026-05-25 04:15:51,655 [INFO] ImportTextPane:234 - (OptionalMessage_ERROR) IP (DMA) : Parameter (MemInc) has Id (MEMTOMEM1) currently not set
2026-05-25 04:15:51,655 [INFO] ImportTextPane:234 - (OptionalMessage_ERROR) IP (DMA) : Parameter (PeriphDataAlignment) has Id (MEMTOMEM1) currently not set
2026-05-25 04:15:51,656 [INFO] ImportTextPane:234 - (OptionalMessage_ERROR) IP (DMA) : Parameter (MemDataAlignment) has Id (MEMTOMEM1) currently not set
2026-05-25 04:15:51,656 [INFO] ImportTextPane:234 - (OptionalMessage_ERROR) IP (DMA) : Parameter (Mode) has Id (MEMTOMEM1) currently not set
2026-05-25 04:15:51,656 [INFO] ImportTextPane:234 - (OptionalMessage_ERROR) IP (DMA) : Parameter (Priority) has Id (MEMTOMEM1) currently not set
2026-05-25 04:15:51,656 [INFO] ImportTextPane:234 - (OptionalMessage_ERROR) IP (DMA) : Parameter (Instance) has Id (USART3_TX) currently not set
2026-05-25 04:15:51,656 [INFO] ImportTextPane:234 - (OptionalMessage_ERROR) IP (DMA) : Parameter (Direction) has Id (USART3_TX) currently not set
2026-05-25 04:15:51,656 [INFO] ImportTextPane:234 - (OptionalMessage_ERROR) IP (DMA) : Parameter (PeriphInc) has Id (USART3_TX) currently not set
2026-05-25 04:15:51,656 [INFO] ImportTextPane:234 - (OptionalMessage_ERROR) IP (DMA) : Parameter (MemInc) has Id (USART3_TX) currently not set
2026-05-25 04:15:51,656 [INFO] ImportTextPane:234 - (OptionalMessage_ERROR) IP (DMA) : Parameter (PeriphDataAlignment) has Id (USART3_TX) currently not set
2026-05-25 04:15:51,656 [INFO] ImportTextPane:234 - (OptionalMessage_ERROR) IP (DMA) : Parameter (MemDataAlignment) has Id (USART3_TX) currently not set
2026-05-25 04:15:51,656 [INFO] ImportTextPane:234 - (OptionalMessage_ERROR) IP (DMA) : Parameter (Mode) has Id (USART3_TX) currently not set
2026-05-25 04:15:51,656 [INFO] ImportTextPane:234 - (OptionalMessage_ERROR) IP (DMA) : Parameter (Priority) has Id (USART3_TX) currently not set
2026-05-25 04:15:51,656 [INFO] ImportTextPane:234 - (OptionalMessage_ERROR) IP (DMA) : Parameter (Instance) has Id (USART3_RX) currently not set
2026-05-25 04:15:51,656 [INFO] ImportTextPane:234 - (OptionalMessage_ERROR) IP (DMA) : Parameter (Direction) has Id (USART3_RX) currently not set
2026-05-25 04:15:51,657 [INFO] ImportTextPane:234 - (OptionalMessage_ERROR) IP (DMA) : Parameter (PeriphInc) has Id (USART3_RX) currently not set
2026-05-25 04:15:51,657 [INFO] ImportTextPane:234 - (OptionalMessage_ERROR) IP (DMA) : Parameter (MemInc) has Id (USART3_RX) currently not set
2026-05-25 04:15:51,657 [INFO] ImportTextPane:234 - (OptionalMessage_ERROR) IP (DMA) : Parameter (PeriphDataAlignment) has Id (USART3_RX) currently not set
2026-05-25 04:15:51,657 [INFO] ImportTextPane:234 - (OptionalMessage_ERROR) IP (DMA) : Parameter (MemDataAlignment) has Id (USART3_RX) currently not set
2026-05-25 04:15:51,657 [INFO] ImportTextPane:234 - (OptionalMessage_ERROR) IP (DMA) : Parameter (Mode) has Id (USART3_RX) currently not set
2026-05-25 04:15:51,657 [INFO] ImportTextPane:234 - (OptionalMessage_ERROR) IP (DMA) : Parameter (Priority) has Id (USART3_RX) currently not set
2026-05-25 04:15:51,662 [WARN] IP:2250 - CMSIS_VERSION not found: check if there is a RefParameter without a condition.
2026-05-25 04:15:51,674 [WARN] IP:2250 - LWIP_NETIF_HOSTNAME_NAME not found: check if there is a RefParameter without a condition.
2026-05-25 04:15:51,724 [INFO] ImportTextPane:234 - (OptionalMessage_ERROR) IP (RCC) : Parameter (ADCFreqValue) has invalid value (36000000)
2026-05-25 04:15:51,725 [INFO] ImportTextPane:234 - (OptionalMessage_ERROR) IP (RCC) : Invalid parameter (FamilyName)
2026-05-25 04:15:51,725 [INFO] ImportTextPane:234 - (OptionalMessage_ERROR) IP (RCC) : Parameter (MCOFreq_Value) has invalid value (72000000)
2026-05-25 04:15:52,230 [INFO] UtilMem:75 - End LoadConfig() Used Memory: 431654168 Bytes (861929472)
2026-05-25 04:15:52,333 [WARN] ThirdParty:833 - waiting for thirdparty lock release [change project]
2026-05-25 04:15:52,334 [INFO] ThirdParty:835 - entering critical section [change project]
2026-05-25 04:15:52,334 [INFO] ThirdParty:1030 - CMSIS Pack Vendor :STMicroelectronics X-CUBE-PM33A1 1.0.0
2026-05-25 04:15:52,334 [INFO] ThirdParty:1030 - CMSIS Pack Vendor :STMicroelectronics USBPD 4.1
2026-05-25 04:15:52,334 [INFO] ThirdParty:1030 - CMSIS Pack Vendor :STMicroelectronics USB_HOST 2.0.0
2026-05-25 04:15:52,334 [INFO] ThirdParty:1030 - CMSIS Pack Vendor :STMicroelectronics FP-SNS-MOTENVWB1 1.4.0
2026-05-25 04:15:52,334 [INFO] ThirdParty:1030 - CMSIS Pack Vendor :STMicroelectronics X-CUBE-AZRTOS-F4 1.1.0
2026-05-25 04:15:52,334 [INFO] ThirdParty:1030 - CMSIS Pack Vendor :STMicroelectronics LIBJPEG 8.0.0
2026-05-25 04:15:52,335 [INFO] ThirdParty:1030 - CMSIS Pack Vendor :STMicroelectronics FP-ATR-ASTRA1 2.0.2
2026-05-25 04:15:52,335 [INFO] ThirdParty:1030 - CMSIS Pack Vendor :STMicroelectronics FP-ATR-ASTRA1 2.0.1
2026-05-25 04:15:52,335 [INFO] ThirdParty:1030 - CMSIS Pack Vendor :Avnet-IotConnect X-CUBE-IoTC-DA16k-PMOD 1.0.0
2026-05-25 04:15:52,335 [INFO] ThirdParty:1030 - CMSIS Pack Vendor :STMicroelectronics X-CUBE-SMBUS 2.1.0
2026-05-25 04:15:52,335 [INFO] ThirdParty:1030 - CMSIS Pack Vendor :STMicroelectronics X-CUBE-WB05N 1.1.0
2026-05-25 04:15:52,336 [INFO] ThirdParty:1030 - CMSIS Pack Vendor :STMicroelectronics X-CUBE-ISPU 2.1.0
2026-05-25 04:15:52,336 [INFO] ThirdParty:1030 - CMSIS Pack Vendor :STMicroelectronics X-CUBE-IPS 3.2.0
2026-05-25 04:15:52,336 [INFO] ThirdParty:1030 - CMSIS Pack Vendor :STMicroelectronics X-CUBE-ST60 1.0.0
2026-05-25 04:15:52,336 [INFO] ThirdParty:1030 - CMSIS Pack Vendor :STMicroelectronics X-CUBE-NFC12 1.0.0
2026-05-25 04:15:52,336 [INFO] ThirdParty:1030 - CMSIS Pack Vendor :STMicroelectronics X-CUBE-AZRTOS-F7 1.1.0
2026-05-25 04:15:52,336 [INFO] ThirdParty:1030 - CMSIS Pack Vendor :STMicroelectronics X-CUBE-AZRTOS-L5 2.0.0
2026-05-25 04:15:52,336 [INFO] ThirdParty:1030 - CMSIS Pack Vendor :STMicroelectronics USB_DEVICE 2.0.0
2026-05-25 04:15:52,336 [INFO] ThirdParty:1030 - CMSIS Pack Vendor :STMicroelectronics X-CUBE-NFC6 3.1.0
2026-05-25 04:15:52,336 [INFO] ThirdParty:1030 - CMSIS Pack Vendor :STMicroelectronics FP-SNS-MOTENV1 5.1.0
2026-05-25 04:15:52,336 [INFO] ThirdParty:1030 - CMSIS Pack Vendor :STMicroelectronics FreeRTOS 0.0.1
2026-05-25 04:15:52,336 [INFO] ThirdParty:1030 - CMSIS Pack Vendor :STMicroelectronics X-CUBE-DPower 1.2.0
2026-05-25 04:15:52,336 [INFO] ThirdParty:1030 - CMSIS Pack Vendor :STMicroelectronics FP-SNS-FLIGHT1 5.0.2
2026-05-25 04:15:52,336 [INFO] ThirdParty:1030 - CMSIS Pack Vendor :Infineon AIROC-Wi-Fi-Bluetooth-STM32 1.7.0
2026-05-25 04:15:52,336 [INFO] ThirdParty:1030 - CMSIS Pack Vendor :STMicroelectronics PDM2PCM 3.3.0
2026-05-25 04:15:52,337 [INFO] ThirdParty:1030 - CMSIS Pack Vendor :STMicroelectronics X-CUBE-AZRTOS-H7 3.4.0
2026-05-25 04:15:52,341 [INFO] ThirdParty:1030 - CMSIS Pack Vendor :STMicroelectronics X-CUBE-DISPLAY 3.0.0
2026-05-25 04:15:52,341 [INFO] ThirdParty:1030 - CMSIS Pack Vendor :STMicroelectronics X-CUBE-BLE1 7.0.0
2026-05-25 04:15:52,341 [INFO] ThirdParty:1030 - CMSIS Pack Vendor :STMicroelectronics X-CUBE-NFC10 1.0.0
2026-05-25 04:15:52,341 [INFO] ThirdParty:1030 - CMSIS Pack Vendor :STMicroelectronics X-CUBE-BLEMGR 4.0.0
2026-05-25 04:15:52,341 [INFO] ThirdParty:1030 - CMSIS Pack Vendor :STMicroelectronics X-CUBE-FREERTOS 1.3.1
2026-05-25 04:15:52,341 [INFO] ThirdParty:1030 - CMSIS Pack Vendor :STMicroelectronics HAL Drivers 0.0.0
2026-05-25 04:15:52,341 [INFO] ThirdParty:1030 - CMSIS Pack Vendor :STMicroelectronics X-CUBE-ST60 1.1.0
2026-05-25 04:15:52,342 [INFO] ThirdParty:1030 - CMSIS Pack Vendor :emotas I-CUBE-CANOPEN 1.3.0
2026-05-25 04:15:52,342 [INFO] ThirdParty:1030 - CMSIS Pack Vendor :STMicroelectronics X-CUBE-FREERTOS 1.3.0
2026-05-25 04:15:52,342 [INFO] ThirdParty:1030 - CMSIS Pack Vendor :STMicroelectronics X-CUBE-NFC7 1.0.1
2026-05-25 04:15:52,342 [INFO] ThirdParty:1030 - CMSIS Pack Vendor :STMicroelectronics MBEDTLS 2.14.1
2026-05-25 04:15:52,342 [INFO] ThirdParty:1030 - CMSIS Pack Vendor :STMicroelectronics X-CUBE-GNSS1 7.1.0
2026-05-25 04:15:52,342 [INFO] ThirdParty:1030 - CMSIS Pack Vendor :STMicroelectronics X-CUBE-TOUCHGFX 4.26.0
2026-05-25 04:15:52,342 [INFO] ThirdParty:1030 - CMSIS Pack Vendor :STMicroelectronics X-CUBE-AI 10.0.0
2026-05-25 04:15:52,342 [INFO] ThirdParty:1030 - CMSIS Pack Vendor :STMicroelectronics FP-SNS-STBOX1 2.1.0
2026-05-25 04:15:52,342 [INFO] ThirdParty:1030 - CMSIS Pack Vendor :STMicroelectronics FP-SNS-STAIOTCFT 1.0.0
2026-05-25 04:15:52,342 [INFO] ThirdParty:1030 - CMSIS Pack Vendor :STMicroelectronics FP-SNS-SMARTAG2 1.2.0
2026-05-25 04:15:52,342 [INFO] ThirdParty:1030 - CMSIS Pack Vendor :STMicroelectronics FP-SNS-FLIGHT1 5.1.0
2026-05-25 04:15:52,342 [INFO] ThirdParty:1030 - CMSIS Pack Vendor :STMicroelectronics X-CUBE-MEMS1 11.1.0
2026-05-25 04:15:52,342 [INFO] ThirdParty:1030 - CMSIS Pack Vendor :STMicroelectronics X-CUBE-AZRTOS-WL 2.0.0
2026-05-25 04:15:52,342 [INFO] ThirdParty:1030 - CMSIS Pack Vendor :STMicroelectronics X-CUBE-DPower 1.3.0
2026-05-25 04:15:52,342 [INFO] ThirdParty:1030 - CMSIS Pack Vendor :STMicroelectronics FP-SNS-MOTENV1 5.0.0
2026-05-25 04:15:52,343 [INFO] ThirdParty:1030 - CMSIS Pack Vendor :STMicroelectronics USB_DEVICE 1.0.0
2026-05-25 04:15:52,343 [INFO] ThirdParty:1030 - CMSIS Pack Vendor :wolfSSL I-CUBE-wolfMQTT 1.19.0
2026-05-25 04:15:52,343 [INFO] ThirdParty:1030 - CMSIS Pack Vendor :STMicroelectronics X-CUBE-AZRTOS-L4 2.0.0
2026-05-25 04:15:52,343 [INFO] ThirdParty:1030 - CMSIS Pack Vendor :STMicroelectronics ThreadX 0.0.2
2026-05-25 04:15:52,343 [INFO] ThirdParty:1030 - CMSIS Pack Vendor :WES I-CUBE-Cesium 1.3.0
2026-05-25 04:15:52,343 [INFO] ThirdParty:1030 - CMSIS Pack Vendor :STMicroelectronics lwIP 2.1.2
2026-05-25 04:15:52,343 [INFO] ThirdParty:1030 - CMSIS Pack Vendor :STMicroelectronics X-CUBE-SFXS2LP1 4.0.0
2026-05-25 04:15:52,343 [INFO] ThirdParty:1030 - CMSIS Pack Vendor :STMicroelectronics X-CUBE-BLE2 3.3.0
2026-05-25 04:15:52,343 [INFO] ThirdParty:1030 - CMSIS Pack Vendor :STMicroelectronics PDM2PCM 3.2.0
2026-05-25 04:15:52,343 [INFO] ThirdParty:1030 - CMSIS Pack Vendor :STMicroelectronics X-CUBE-AZRTOS-H7 3.3.0
2026-05-25 04:15:52,343 [INFO] ThirdParty:1030 - CMSIS Pack Vendor :STMicroelectronics X-CUBE-NFC9 1.0.0
2026-05-25 04:15:52,343 [INFO] ThirdParty:1030 - CMSIS Pack Vendor :STMicroelectronics X-CUBE-BLE1 7.1.0
2026-05-25 04:15:52,344 [INFO] ThirdParty:1030 - CMSIS Pack Vendor :wolfSSL I-CUBE-wolfMQTT 1.19.2
2026-05-25 04:15:52,344 [INFO] ThirdParty:1030 - CMSIS Pack Vendor :STMicroelectronics USB_DEVICE 3.0.0
2026-05-25 04:15:52,344 [INFO] ThirdParty:1030 - CMSIS Pack Vendor :STMicroelectronics X-CUBE-EEPRMA1 5.2.0
2026-05-25 04:15:52,345 [INFO] ThirdParty:1030 - CMSIS Pack Vendor :STMicroelectronics X-CUBE-BLEMGR 4.1.0
2026-05-25 04:15:52,345 [INFO] ThirdParty:1030 - CMSIS Pack Vendor :STMicroelectronics X-CUBE-AZRTOS-WB 2.0.0
2026-05-25 04:15:52,346 [INFO] ThirdParty:1030 - CMSIS Pack Vendor :STMicroelectronics X-CUBE-GNSS1 7.0.1
2026-05-25 04:15:52,346 [INFO] ThirdParty:1030 - CMSIS Pack Vendor :STMicroelectronics X-CUBE-TOUCHGFX 4.25.0
2026-05-25 04:15:52,346 [INFO] ThirdParty:1030 - CMSIS Pack Vendor :STMicroelectronics X-CUBE-ST67W61 1.1.0
2026-05-25 04:15:52,346 [INFO] ThirdParty:1030 - CMSIS Pack Vendor :STMicroelectronics FP-SNS-STBOX1 2.0.0
2026-05-25 04:15:52,346 [INFO] ThirdParty:1030 - CMSIS Pack Vendor :STMicroelectronics X-CUBE-AZRTOS-G0 1.1.0
2026-05-25 04:15:52,347 [INFO] ThirdParty:1030 - CMSIS Pack Vendor :STMicroelectronics X-CUBE-SAFEA1 1.2.2
2026-05-25 04:15:52,347 [INFO] ThirdParty:1030 - CMSIS Pack Vendor :STMicroelectronics X-CUBE-NFC4 3.0.0
2026-05-25 04:15:52,347 [INFO] ThirdParty:1030 - CMSIS Pack Vendor :STMicroelectronics X-CUBE-SUBG2 5.0.0
2026-05-25 04:15:52,347 [INFO] ThirdParty:1030 - CMSIS Pack Vendor :STMicroelectronics X-CUBE-AZRTOS-H7RS 1.1.0
2026-05-25 04:15:52,347 [INFO] ThirdParty:1030 - CMSIS Pack Vendor :STMicroelectronics STM32_WPAN 1.0.0
2026-05-25 04:15:52,347 [INFO] ThirdParty:1030 - CMSIS Pack Vendor :EmbeddedOffice I-CUBE-FS-RTOS 1.0.1
2026-05-25 04:15:52,347 [INFO] ThirdParty:1030 - CMSIS Pack Vendor :STMicroelectronics lwIP 2.0.3
2026-05-25 04:15:52,347 [INFO] ThirdParty:1030 - CMSIS Pack Vendor :Cesanta I-CUBE-Mongoose 7.13.0
2026-05-25 04:15:52,347 [INFO] ThirdParty:1030 - CMSIS Pack Vendor :STMicroelectronics USB_HOST 1.0.0
2026-05-25 04:15:52,347 [INFO] ThirdParty:1030 - CMSIS Pack Vendor :STMicroelectronics X-CUBE-AZRTOS-G4 2.0.0
2026-05-25 04:15:52,347 [INFO] ThirdParty:1030 - CMSIS Pack Vendor :STMicroelectronics X-CUBE-WB05N 2.0.0
2026-05-25 04:15:52,347 [INFO] ThirdParty:1030 - CMSIS Pack Vendor :STMicroelectronics PDM2PCM 3.1.0
2026-05-25 04:15:52,347 [INFO] ThirdParty:1030 - CMSIS Pack Vendor :wolfSSL I-CUBE-wolfTPM 3.8.0
2026-05-25 04:15:52,347 [INFO] ThirdParty:1030 - CMSIS Pack Vendor :wolfSSL I-CUBE-wolfSSH 1.4.20
2026-05-25 04:15:52,348 [INFO] ThirdParty:1030 - CMSIS Pack Vendor :STMicroelectronics X-CUBE-NFC7 2.0.0
2026-05-25 04:15:52,348 [INFO] ThirdParty:1030 - CMSIS Pack Vendor :STMicroelectronics X-CUBE-TCPP 4.2.0
2026-05-25 04:15:52,348 [INFO] ThirdParty:1030 - CMSIS Pack Vendor :RealThread X-CUBE-RT-Thread_Nano 4.1.1
2026-05-25 04:15:52,348 [INFO] ThirdParty:1030 - CMSIS Pack Vendor :STMicroelectronics FP-ATR-SIGFOX1 3.2.0
2026-05-25 04:15:52,348 [INFO] ThirdParty:1030 - CMSIS Pack Vendor :quantropi X-CUBE-qispace-sdk-base 1.9.3
2026-05-25 04:15:52,348 [INFO] ThirdParty:1030 - CMSIS Pack Vendor :STMicroelectronics X-CUBE-EEPRMA1 5.1.0
2026-05-25 04:15:52,348 [INFO] ThirdParty:1030 - CMSIS Pack Vendor :STMicroelectronics MBEDTLS 2.16.2
2026-05-25 04:15:52,348 [INFO] ThirdParty:1030 - CMSIS Pack Vendor :STMicroelectronics X-CUBE-IPS 3.1.0
2026-05-25 04:15:52,348 [INFO] ThirdParty:1030 - CMSIS Pack Vendor :STMicroelectronics X-CUBE-ALS 1.0.2
2026-05-25 04:15:52,348 [INFO] ThirdParty:1030 - CMSIS Pack Vendor :wolfSSL I-CUBE-wolfSSL 5.7.6
2026-05-25 04:15:52,348 [INFO] ThirdParty:1030 - CMSIS Pack Vendor :ITTIA_DB I-CUBE-ITTIADB 8.9.0
2026-05-25 04:15:52,348 [INFO] ThirdParty:1030 - CMSIS Pack Vendor :STMicroelectronics X-CUBE-TOUCHGFX 4.24.2
2026-05-25 04:15:52,349 [INFO] ThirdParty:1030 - CMSIS Pack Vendor :STMicroelectronics X-CUBE-STSE01 1.0.0
2026-05-25 04:15:52,349 [INFO] ThirdParty:1030 - CMSIS Pack Vendor :wolfSSL I-CUBE-wolfTPM 3.4.0
2026-05-25 04:15:52,349 [INFO] ThirdParty:1030 - CMSIS Pack Vendor :portGmbH I-Cube-SoM-uGOAL 1.1.0
2026-05-25 04:15:52,349 [INFO] ThirdParty:1030 - CMSIS Pack Vendor :STMicroelectronics X-CUBE-ST67W61 1.0.0
2026-05-25 04:15:52,349 [INFO] ThirdParty:1030 - CMSIS Pack Vendor :STMicroelectronics X-CUBE-AI 10.2.0
2026-05-25 04:15:52,349 [INFO] ThirdParty:1030 - CMSIS Pack Vendor :STMicroelectronics ThreadX 1.0.0
2026-05-25 04:15:52,349 [INFO] ThirdParty:1030 - CMSIS Pack Vendor :SEGGER I-CUBE-embOS 1.3.1
2026-05-25 04:15:52,349 [INFO] ThirdParty:1030 - CMSIS Pack Vendor :STMicroelectronics X-CUBE-ALGOBUILD 1.4.0
2026-05-25 04:15:52,349 [INFO] ThirdParty:1030 - CMSIS Pack Vendor :STMicroelectronics X-CUBE-MEMS1 11.3.0
2026-05-25 04:15:52,349 [INFO] ThirdParty:1030 - CMSIS Pack Vendor :STMicroelectronics X-CUBE-AZRTOS-H7RS 1.0.0
2026-05-25 04:15:52,349 [INFO] ThirdParty:1030 - CMSIS Pack Vendor :STMicroelectronics X-CUBE-TOF1 3.4.2
2026-05-25 04:15:52,349 [INFO] ThirdParty:1030 - CMSIS Pack Vendor :STMicroelectronics X-CUBE-TOF1 3.4.3
2026-05-25 04:15:52,349 [INFO] ThirdParty:1030 - CMSIS Pack Vendor :wolfSSL I-CUBE-wolfSSH 1.4.17
2026-05-25 04:15:52,350 [INFO] ThirdParty:841 - exiting critical section [change project]
2026-05-25 04:15:52,655 [INFO] PinOutPanel:1589 - setPackage(No Configuration,No Configuration)
2026-05-25 04:15:52,656 [INFO] PinOutPanel:1589 - setPackage(STM32F107RCTx,LQFP64)
2026-05-25 04:15:53,317 [INFO] UtilMem:75 - Before build in PCC Used Memory: 371624992 Bytes (861929472)
2026-05-25 04:15:54,089 [INFO] UtilMem:75 - After build in PCC Used Memory: 415137456 Bytes (861929472)
2026-05-25 04:15:54,222 [INFO] ApiDbMcu:532 - Load IP Config File for LWIP
2026-05-25 04:15:54,260 [INFO] IPUIPlugin:80 - create IPUIPlugin
2026-05-25 04:15:54,260 [INFO] IPUIPlugin:80 - create IPUIPlugin
2026-05-25 04:15:54,260 [INFO] IPUIPlugin:80 - create IPUIPlugin
2026-05-25 04:15:54,260 [INFO] IPUIPlugin:80 - create IPUIPlugin
2026-05-25 04:15:54,261 [INFO] IPUIPlugin:80 - create IPUIPlugin
2026-05-25 04:15:54,261 [INFO] IPUIPlugin:80 - create IPUIPlugin
2026-05-25 04:15:54,261 [INFO] IPUIPlugin:80 - create IPUIPlugin
2026-05-25 04:15:54,261 [INFO] IPUIPlugin:80 - create IPUIPlugin
2026-05-25 04:15:54,261 [INFO] IPUIPlugin:80 - create IPUIPlugin
2026-05-25 04:15:54,261 [INFO] IPUIPlugin:80 - create IPUIPlugin
2026-05-25 04:15:54,262 [INFO] IPUIPlugin:80 - create IPUIPlugin
2026-05-25 04:15:54,262 [INFO] IPUIPlugin:80 - create IPUIPlugin
2026-05-25 04:15:54,262 [INFO] IPUIPlugin:80 - create IPUIPlugin
2026-05-25 04:15:54,262 [INFO] IPUIPlugin:80 - create IPUIPlugin
2026-05-25 04:15:54,263 [INFO] IPUIPlugin:80 - create IPUIPlugin
2026-05-25 04:15:54,263 [INFO] IPUIPlugin:80 - create IPUIPlugin
2026-05-25 04:15:54,264 [INFO] IPUIPlugin:80 - create IPUIPlugin
2026-05-25 04:15:54,264 [INFO] IPUIPlugin:80 - create IPUIPlugin
2026-05-25 04:15:54,264 [INFO] IPUIPlugin:80 - create IPUIPlugin
2026-05-25 04:15:54,264 [INFO] IPUIPlugin:80 - create IPUIPlugin
2026-05-25 04:15:54,265 [INFO] IPUIPlugin:80 - create IPUIPlugin
2026-05-25 04:15:54,265 [INFO] IPUIPlugin:80 - create IPUIPlugin
2026-05-25 04:15:54,265 [INFO] IPUIPlugin:80 - create IPUIPlugin
2026-05-25 04:15:54,266 [INFO] IPUIPlugin:80 - create IPUIPlugin
2026-05-25 04:15:54,266 [INFO] IPUIPlugin:80 - create IPUIPlugin
2026-05-25 04:15:54,266 [INFO] IPUIPlugin:80 - create IPUIPlugin
2026-05-25 04:15:54,267 [INFO] IPUIPlugin:80 - create IPUIPlugin
2026-05-25 04:15:54,269 [INFO] IPUIPlugin:80 - create IPUIPlugin
2026-05-25 04:15:54,271 [INFO] IPUIPlugin:80 - create IPUIPlugin
2026-05-25 04:15:54,271 [INFO] IPUIPlugin:80 - create IPUIPlugin
2026-05-25 04:15:54,273 [INFO] IPUIPlugin:80 - create IPUIPlugin
2026-05-25 04:15:54,274 [INFO] IPUIPlugin:80 - create IPUIPlugin
2026-05-25 04:15:54,275 [INFO] IPUIPlugin:80 - create IPUIPlugin
2026-05-25 04:15:54,275 [INFO] IPUIPlugin:80 - create IPUIPlugin
2026-05-25 04:15:54,275 [INFO] IPUIPlugin:80 - create IPUIPlugin
2026-05-25 04:15:54,276 [INFO] IPUIPlugin:80 - create IPUIPlugin
2026-05-25 04:15:54,276 [INFO] IPUIPlugin:80 - create IPUIPlugin
2026-05-25 04:15:54,277 [INFO] IPUIPlugin:80 - create IPUIPlugin
2026-05-25 04:15:54,277 [INFO] IPUIPlugin:80 - create IPUIPlugin
2026-05-25 04:15:54,381 [INFO] CADModel:165 - CPN selected for project levelSTM32F107RCT6
2026-05-25 04:15:54,381 [INFO] CADModel:114 - Register for checkConnection events
2026-05-25 04:15:54,480 [INFO] OpenFileManager:386 - Restore cursor
2026-05-25 04:15:54,762 [WARN] IP:2250 - CMSIS_VERSION not found: check if there is a RefParameter without a condition.
2026-05-25 04:15:54,768 [WARN] IP:2250 - LWIP_NETIF_HOSTNAME_NAME not found: check if there is a RefParameter without a condition.
2026-05-25 04:15:54,823 [WARN] IP:2250 - CMSIS_VERSION not found: check if there is a RefParameter without a condition.
2026-05-25 04:15:54,829 [WARN] IP:2250 - LWIP_NETIF_HOSTNAME_NAME not found: check if there is a RefParameter without a condition.
2026-05-25 04:16:16,605 [INFO] NvicIntPanel:101 - NVIC parent = com.st.microxplorer.plugins.ip.nvic.MultiNvicIntPanel[,0,0,526x236,layout=javax.swing.BoxLayout,alignmentX=0.0,alignmentY=0.0,border=,flags=9,maximumSize=,minimumSize=,preferredSize=]
2026-05-25 04:16:27,599 [WARN] CheckConnectionManager:291 - Warning during Server Connection :  timeout Connect to sw-center.st.com:443 [sw-center.st.com/2.16.10.149, sw-center.st.com/2.16.10.139] failed: Connect timed out
2026-05-25 04:16:29,605 [WARN] CheckConnectionManager:291 - Warning during Server Connection :  timeout Connect to sw-center.st.com:443 [sw-center.st.com/2.16.10.149, sw-center.st.com/2.16.10.139] failed: Connect timed out
2026-05-25 04:16:29,606 [INFO] MainUpdater:2872 - connection check result : 22
2026-05-25 04:16:29,765 [INFO] MicroXplorer:468 - Change Database Path : 
2026-05-25 04:16:29,765 [INFO] MicroXplorer:498 - Change Database Version : DB.6.0.150
2026-05-25 04:16:29,788 [ERROR] ProjectManagerView:395 - 
java.lang.NullPointerException: Cannot invoke "javax.swing.JTextField.getText()" because the return value of "java.util.List.get(int)" is null
	at com.st.microxplorer.plugins.projectmanager.gui.ProjectChoiceTab$9.caretUpdate(ProjectChoiceTab.java:2706) ~[filemanager.jar:?]
	at javax.swing.text.JTextComponent.fireCaretUpdate(JTextComponent.java:408) ~[?:?]
	at javax.swing.text.JTextComponent$MutableCaretEvent.fire(JTextComponent.java:4484) ~[?:?]
	at javax.swing.text.JTextComponent$MutableCaretEvent.stateChanged(JTextComponent.java:4506) ~[?:?]
	at javax.swing.text.DefaultCaret.fireStateChanged(DefaultCaret.java:857) ~[?:?]
	at javax.swing.text.DefaultCaret.changeCaretPosition(DefaultCaret.java:1343) ~[?:?]
	at javax.swing.text.DefaultCaret.handleSetDot(DefaultCaret.java:1242) ~[?:?]
	at javax.swing.text.DefaultCaret.setDot(DefaultCaret.java:1223) ~[?:?]
	at javax.swing.text.DefaultCaret$Handler.insertUpdate(DefaultCaret.java:1819) ~[?:?]
	at javax.swing.text.AbstractDocument.fireInsertUpdate(AbstractDocument.java:227) ~[?:?]
	at javax.swing.text.AbstractDocument.handleInsertString(AbstractDocument.java:781) ~[?:?]
	at javax.swing.text.AbstractDocument.insertString(AbstractDocument.java:740) ~[?:?]
	at javax.swing.text.PlainDocument.insertString(PlainDocument.java:131) ~[?:?]
	at javax.swing.text.AbstractDocument.replace(AbstractDocument.java:699) ~[?:?]
	at javax.swing.text.JTextComponent.setText(JTextComponent.java:1725) ~[?:?]
	at com.st.microxplorer.plugins.projectmanager.gui.ProjectChoiceTab.createHeapStackFields(ProjectChoiceTab.java:993) ~[filemanager.jar:?]
	at com.st.microxplorer.plugins.projectmanager.gui.ProjectChoiceTab.buildLinkSettingsPanel(ProjectChoiceTab.java:3813) ~[filemanager.jar:?]
	at com.st.microxplorer.plugins.projectmanager.gui.ProjectChoiceTab.defineWindowsFields(ProjectChoiceTab.java:1987) ~[filemanager.jar:?]
	at com.st.microxplorer.plugins.projectmanager.gui.ProjectChoiceTab.updateSettings(ProjectChoiceTab.java:558) ~[filemanager.jar:?]
	at com.st.microxplorer.plugins.projectmanager.gui.ProjectSettingsPanel.UpdateDialog(ProjectSettingsPanel.java:247) ~[filemanager.jar:?]
	at com.st.microxplorer.plugins.projectmanager.ProjectManagerView.propertyChange(ProjectManagerView.java:392) ~[filemanager.jar:?]
	at java.beans.PropertyChangeSupport.fire(PropertyChangeSupport.java:343) ~[?:?]
	at java.beans.PropertyChangeSupport.firePropertyChange(PropertyChangeSupport.java:335) ~[?:?]
	at java.beans.PropertyChangeSupport.firePropertyChange(PropertyChangeSupport.java:268) ~[?:?]
	at com.st.microxplorer.util.MXPropertyChangeSupport.firePropertyChange(MXPropertyChangeSupport.java:54) ~[STM32CubeMX.jar:?]
	at com.st.microxplorer.mxsystem.MxSystem.closeConfig(MxSystem.java:899) ~[STM32CubeMX.jar:?]
	at com.st.microxplorer.maingui.MainPanel.closeConfig(MainPanel.java:792) ~[STM32CubeMX.jar:?]
	at com.st.microxplorer.plugins.filemanager.engine.OpenFileManager.loadConfigurationFile(OpenFileManager.java:288) ~[filemanager.jar:?]
	at com.st.microxplorer.plugins.filemanager.engine.MainFileManager.userLoadConfig(MainFileManager.java:364) ~[filemanager.jar:?]
	at com.st.microxplorer.plugins.filemanager.engine.MainFileManager.userLoadConfig(MainFileManager.java:342) ~[filemanager.jar:?]
	at com.st.microxplorer.plugins.filemanager.FileManagerView.getSpecificTask(FileManagerView.java:264) ~[filemanager.jar:?]
	at com.st.stm32cube.common.mx.editor.CubeMxEditor.getMxTabbedPaneInstance(CubeMxEditor.java:1198) ~[com.st.stm32cube.common.mx_6.15.0.202507011659/:?]
	at com.st.stm32cube.common.mx.editor.CubeMxEditor$12$1.createSwingComponent(CubeMxEditor.java:1068) ~[com.st.stm32cube.common.mx_6.15.0.202507011659/:?]
	at com.st.stm32cube.common.mx.oss.core.awtswtbridge.EmbeddedSwingComposite.doComponentCreation(EmbeddedSwingComposite.java:492) ~[com.st.stm32cube.common.mx.oss_6.15.0.202507011659/:?]
	at com.st.stm32cube.common.mx.oss.core.awtswtbridge.EmbeddedSwingComposite$4.run(EmbeddedSwingComposite.java:291) ~[com.st.stm32cube.common.mx.oss_6.15.0.202507011659/:?]
	at com.st.stm32cube.common.mx.oss.core.awtswtbridge.AwtEnvironment$2.run(AwtEnvironment.java:166) ~[com.st.stm32cube.common.mx.oss_6.15.0.202507011659/:?]
	at java.awt.event.InvocationEvent.dispatch(InvocationEvent.java:318) ~[?:?]
	at java.awt.EventQueue.dispatchEventImpl(EventQueue.java:773) ~[?:?]
	at java.awt.EventQueue$4.run(EventQueue.java:720) ~[?:?]
	at java.awt.EventQueue$4.run(EventQueue.java:714) ~[?:?]
	at java.security.AccessController.doPrivileged(AccessController.java:400) ~[?:?]
	at java.security.ProtectionDomain$JavaSecurityAccessImpl.doIntersectionPrivilege(ProtectionDomain.java:87) ~[?:?]
	at java.awt.EventQueue.dispatchEvent(EventQueue.java:742) ~[?:?]
	at java.awt.EventDispatchThread.pumpOneEventForFilters(EventDispatchThread.java:203) ~[?:?]
	at java.awt.EventDispatchThread.pumpEventsForFilter(EventDispatchThread.java:124) ~[?:?]
	at java.awt.EventDispatchThread.pumpEventsForHierarchy(EventDispatchThread.java:113) ~[?:?]
	at java.awt.EventDispatchThread.pumpEvents(EventDispatchThread.java:109) ~[?:?]
	at java.awt.EventDispatchThread.pumpEvents(EventDispatchThread.java:101) ~[?:?]
	at java.awt.EventDispatchThread.run(EventDispatchThread.java:90) ~[?:?]
2026-05-25 04:16:29,790 [WARN] ThirdParty:871 - waiting for thirdparty lock release [close project]
2026-05-25 04:16:29,790 [INFO] ThirdParty:873 - entering critical section [close project]
2026-05-25 04:16:29,790 [INFO] ThirdParty:883 - exiting critical section [close project]
2026-05-25 04:16:29,794 [INFO] PinOutPanel:1589 - setPackage(No Configuration,No Configuration)
2026-05-25 04:16:29,804 [INFO] UtilMem:75 - Begin LoadConfig() Used Memory: 724472216 Bytes (861929472)
2026-05-25 04:16:29,805 [INFO] MicroXplorer:468 - Change Database Path : 
2026-05-25 04:16:29,805 [INFO] MicroXplorer:498 - Change Database Version : DB.6.0.150
2026-05-25 04:16:29,805 [INFO] OpenFileManager:355 - Change cursor
2026-05-25 04:16:29,825 [INFO] Mcu:2029 - Initializing MCU STM32F107R(B-C)Tx STM32F107RCTx STM32F107RCT6
2026-05-25 04:16:31,618 [INFO] Context:786 - Trying to add GPIOservice into a context  which must be forbidden
2026-05-25 04:16:31,839 [INFO] ImportTextPane:234 - (OptionalMessage_ERROR) Pin4 (VP_RIF_VS_RIF1) cannot be retrieved for this MCU
2026-05-25 04:16:31,865 [INFO] RtosManager:558 - Registered RTOS mode: class=CMSIS, group=RTOS, mode=CMSIS_V1, owner=FREERTOS
2026-05-25 04:16:31,865 [INFO] RtosManager:558 - Registered RTOS mode: class=CMSIS, group=RTOS2, mode=CMSIS_V2, owner=FREERTOS
2026-05-25 04:16:31,865 [INFO] RtosManager:558 - Registered RTOS mode: class=RTOS, group=Core, mode=CMSIS_V1, owner=FREERTOS
2026-05-25 04:16:31,865 [INFO] RtosManager:558 - Registered RTOS mode: class=RTOS, group=Core, mode=CMSIS_V2, owner=FREERTOS
2026-05-25 04:16:31,865 [WARN] ModelIntegratedComponent:184 - Missing modes for component STMicroelectronics:FreeRTOS:0.0.1:STMicroelectronics:RTOS:FreeRTOS:Core:::10.2.0:
2026-05-25 04:16:31,870 [WARN] ModelIntegratedComponent:63 - No mode defined for component null
2026-05-25 04:16:31,870 [WARN] ModelIntegratedComponent:63 - No mode defined for component null
2026-05-25 04:16:31,870 [WARN] ModelIntegratedComponent:63 - No mode defined for component null
2026-05-25 04:16:31,870 [WARN] ModelIntegratedComponent:63 - No mode defined for component null
2026-05-25 04:16:31,870 [WARN] ModelIntegratedComponent:63 - No mode defined for component null
2026-05-25 04:16:31,870 [WARN] ModelIntegratedComponent:63 - No mode defined for component null
2026-05-25 04:16:31,870 [WARN] ModelIntegratedComponent:63 - No mode defined for component null
2026-05-25 04:16:31,870 [WARN] ModelIntegratedComponent:63 - No mode defined for component null
2026-05-25 04:16:31,870 [WARN] ModelIntegratedComponent:63 - No mode defined for component null
2026-05-25 04:16:31,870 [WARN] ModelIntegratedComponent:63 - No mode defined for component null
2026-05-25 04:16:31,870 [WARN] ModelIntegratedComponent:63 - No mode defined for component null
2026-05-25 04:16:31,870 [WARN] ModelIntegratedComponent:63 - No mode defined for component null
2026-05-25 04:16:31,871 [WARN] ModelIntegratedComponent:63 - No mode defined for component null
2026-05-25 04:16:31,871 [WARN] ModelIntegratedComponent:63 - No mode defined for component null
2026-05-25 04:16:31,871 [WARN] ModelIntegratedComponent:63 - No mode defined for component null
2026-05-25 04:16:31,871 [WARN] ModelIntegratedComponent:63 - No mode defined for component null
2026-05-25 04:16:31,871 [WARN] ModelIntegratedComponent:63 - No mode defined for component null
2026-05-25 04:16:31,871 [WARN] ModelIntegratedComponent:63 - No mode defined for component null
2026-05-25 04:16:31,871 [WARN] ModelIntegratedComponent:63 - No mode defined for component null
2026-05-25 04:16:31,871 [WARN] ModelIntegratedComponent:63 - No mode defined for component null
2026-05-25 04:16:31,871 [WARN] ModelIntegratedComponent:63 - No mode defined for component null
2026-05-25 04:16:31,871 [WARN] ModelIntegratedComponent:63 - No mode defined for component null
2026-05-25 04:16:31,871 [WARN] ModelIntegratedComponent:63 - No mode defined for component null
2026-05-25 04:16:31,871 [WARN] ModelIntegratedComponent:63 - No mode defined for component null
2026-05-25 04:16:31,871 [WARN] ModelIntegratedComponent:63 - No mode defined for component null
2026-05-25 04:16:31,871 [WARN] ModelIntegratedComponent:63 - No mode defined for component null
2026-05-25 04:16:31,871 [WARN] ModelIntegratedComponent:63 - No mode defined for component null
2026-05-25 04:16:31,871 [WARN] ModelIntegratedComponent:63 - No mode defined for component null
2026-05-25 04:16:31,871 [WARN] ModelIntegratedComponent:63 - No mode defined for component null
2026-05-25 04:16:31,871 [WARN] ModelIntegratedComponent:63 - No mode defined for component null
2026-05-25 04:16:31,871 [WARN] ModelIntegratedComponent:63 - No mode defined for component null
2026-05-25 04:16:31,872 [WARN] ModelIntegratedComponent:63 - No mode defined for component null
2026-05-25 04:16:31,872 [WARN] ModelIntegratedComponent:63 - No mode defined for component null
2026-05-25 04:16:31,872 [WARN] ModelIntegratedComponent:63 - No mode defined for component null
2026-05-25 04:16:31,872 [WARN] ModelIntegratedComponent:63 - No mode defined for component null
2026-05-25 04:16:31,872 [WARN] ModelPack:524 - Component already loaded: STMicroelectronics:HAL Drivers:0.0.0:STMicroelectronics:Device:STMicro_Driver:XSPI:HAL::0.0.1:HAL_XSPI
2026-05-25 04:16:32,187 [INFO] ThirdPartyModel:298 - Start build external matchings
2026-05-25 04:16:34,261 [INFO] ThirdPartyModel:316 - End build external matchings
2026-05-25 04:16:34,283 [INFO] ImportTextPane:234 - (OptionalMessage_ERROR) IP (DMA) : Parameter (Instance) has Id (USART1_RX) currently not set
2026-05-25 04:16:34,283 [INFO] ImportTextPane:234 - (OptionalMessage_ERROR) IP (DMA) : Parameter (Direction) has Id (USART1_RX) currently not set
2026-05-25 04:16:34,283 [INFO] ImportTextPane:234 - (OptionalMessage_ERROR) IP (DMA) : Parameter (PeriphInc) has Id (USART1_RX) currently not set
2026-05-25 04:16:34,283 [INFO] ImportTextPane:234 - (OptionalMessage_ERROR) IP (DMA) : Parameter (MemInc) has Id (USART1_RX) currently not set
2026-05-25 04:16:34,284 [INFO] ImportTextPane:234 - (OptionalMessage_ERROR) IP (DMA) : Parameter (PeriphDataAlignment) has Id (USART1_RX) currently not set
2026-05-25 04:16:34,284 [INFO] ImportTextPane:234 - (OptionalMessage_ERROR) IP (DMA) : Parameter (MemDataAlignment) has Id (USART1_RX) currently not set
2026-05-25 04:16:34,284 [INFO] ImportTextPane:234 - (OptionalMessage_ERROR) IP (DMA) : Parameter (Mode) has Id (USART1_RX) currently not set
2026-05-25 04:16:34,284 [INFO] ImportTextPane:234 - (OptionalMessage_ERROR) IP (DMA) : Parameter (Priority) has Id (USART1_RX) currently not set
2026-05-25 04:16:34,284 [INFO] ImportTextPane:234 - (OptionalMessage_ERROR) IP (DMA) : Parameter (Instance) has Id (USART1_TX) currently not set
2026-05-25 04:16:34,284 [INFO] ImportTextPane:234 - (OptionalMessage_ERROR) IP (DMA) : Parameter (Direction) has Id (USART1_TX) currently not set
2026-05-25 04:16:34,284 [INFO] ImportTextPane:234 - (OptionalMessage_ERROR) IP (DMA) : Parameter (PeriphInc) has Id (USART1_TX) currently not set
2026-05-25 04:16:34,284 [INFO] ImportTextPane:234 - (OptionalMessage_ERROR) IP (DMA) : Parameter (MemInc) has Id (USART1_TX) currently not set
2026-05-25 04:16:34,284 [INFO] ImportTextPane:234 - (OptionalMessage_ERROR) IP (DMA) : Parameter (PeriphDataAlignment) has Id (USART1_TX) currently not set
2026-05-25 04:16:34,284 [INFO] ImportTextPane:234 - (OptionalMessage_ERROR) IP (DMA) : Parameter (MemDataAlignment) has Id (USART1_TX) currently not set
2026-05-25 04:16:34,284 [INFO] ImportTextPane:234 - (OptionalMessage_ERROR) IP (DMA) : Parameter (Mode) has Id (USART1_TX) currently not set
2026-05-25 04:16:34,284 [INFO] ImportTextPane:234 - (OptionalMessage_ERROR) IP (DMA) : Parameter (Priority) has Id (USART1_TX) currently not set
2026-05-25 04:16:34,688 [INFO] UtilMem:75 - End LoadConfig() Used Memory: 714749272 Bytes (911212544)
2026-05-25 04:16:34,794 [WARN] ThirdParty:833 - waiting for thirdparty lock release [change project]
2026-05-25 04:16:34,795 [INFO] ThirdParty:835 - entering critical section [change project]
2026-05-25 04:16:34,795 [INFO] ThirdParty:1030 - CMSIS Pack Vendor :STMicroelectronics X-CUBE-PM33A1 1.0.0
2026-05-25 04:16:34,795 [INFO] ThirdParty:1030 - CMSIS Pack Vendor :STMicroelectronics USBPD 4.1
2026-05-25 04:16:34,795 [INFO] ThirdParty:1030 - CMSIS Pack Vendor :STMicroelectronics USB_HOST 2.0.0
2026-05-25 04:16:34,795 [INFO] ThirdParty:1030 - CMSIS Pack Vendor :STMicroelectronics FP-SNS-MOTENVWB1 1.4.0
2026-05-25 04:16:34,795 [INFO] ThirdParty:1030 - CMSIS Pack Vendor :STMicroelectronics X-CUBE-AZRTOS-F4 1.1.0
2026-05-25 04:16:34,795 [INFO] ThirdParty:1030 - CMSIS Pack Vendor :STMicroelectronics LIBJPEG 8.0.0
2026-05-25 04:16:34,796 [INFO] ThirdParty:1030 - CMSIS Pack Vendor :STMicroelectronics FP-ATR-ASTRA1 2.0.2
2026-05-25 04:16:34,796 [INFO] ThirdParty:1030 - CMSIS Pack Vendor :STMicroelectronics FP-ATR-ASTRA1 2.0.1
2026-05-25 04:16:34,796 [INFO] ThirdParty:1030 - CMSIS Pack Vendor :Avnet-IotConnect X-CUBE-IoTC-DA16k-PMOD 1.0.0
2026-05-25 04:16:34,796 [INFO] ThirdParty:1030 - CMSIS Pack Vendor :STMicroelectronics X-CUBE-SMBUS 2.1.0
2026-05-25 04:16:34,796 [INFO] ThirdParty:1030 - CMSIS Pack Vendor :STMicroelectronics X-CUBE-WB05N 1.1.0
2026-05-25 04:16:34,796 [INFO] ThirdParty:1030 - CMSIS Pack Vendor :STMicroelectronics X-CUBE-ISPU 2.1.0
2026-05-25 04:16:34,796 [INFO] ThirdParty:1030 - CMSIS Pack Vendor :STMicroelectronics X-CUBE-IPS 3.2.0
2026-05-25 04:16:34,796 [INFO] ThirdParty:1030 - CMSIS Pack Vendor :STMicroelectronics X-CUBE-ST60 1.0.0
2026-05-25 04:16:34,796 [INFO] ThirdParty:1030 - CMSIS Pack Vendor :STMicroelectronics X-CUBE-NFC12 1.0.0
2026-05-25 04:16:34,796 [INFO] ThirdParty:1030 - CMSIS Pack Vendor :STMicroelectronics X-CUBE-AZRTOS-F7 1.1.0
2026-05-25 04:16:34,796 [INFO] ThirdParty:1030 - CMSIS Pack Vendor :STMicroelectronics X-CUBE-AZRTOS-L5 2.0.0
2026-05-25 04:16:34,796 [INFO] ThirdParty:1030 - CMSIS Pack Vendor :STMicroelectronics USB_DEVICE 2.0.0
2026-05-25 04:16:34,796 [INFO] ThirdParty:1030 - CMSIS Pack Vendor :STMicroelectronics X-CUBE-NFC6 3.1.0
2026-05-25 04:16:34,796 [INFO] ThirdParty:1030 - CMSIS Pack Vendor :STMicroelectronics FP-SNS-MOTENV1 5.1.0
2026-05-25 04:16:34,796 [INFO] ThirdParty:1030 - CMSIS Pack Vendor :STMicroelectronics FreeRTOS 0.0.1
2026-05-25 04:16:34,796 [INFO] ThirdParty:1030 - CMSIS Pack Vendor :STMicroelectronics X-CUBE-DPower 1.2.0
2026-05-25 04:16:34,796 [INFO] ThirdParty:1030 - CMSIS Pack Vendor :STMicroelectronics FP-SNS-FLIGHT1 5.0.2
2026-05-25 04:16:34,798 [INFO] ThirdParty:1030 - CMSIS Pack Vendor :Infineon AIROC-Wi-Fi-Bluetooth-STM32 1.7.0
2026-05-25 04:16:34,798 [INFO] ThirdParty:1030 - CMSIS Pack Vendor :STMicroelectronics PDM2PCM 3.3.0
2026-05-25 04:16:34,798 [INFO] ThirdParty:1030 - CMSIS Pack Vendor :STMicroelectronics X-CUBE-AZRTOS-H7 3.4.0
2026-05-25 04:16:34,798 [INFO] ThirdParty:1030 - CMSIS Pack Vendor :STMicroelectronics X-CUBE-DISPLAY 3.0.0
2026-05-25 04:16:34,798 [INFO] ThirdParty:1030 - CMSIS Pack Vendor :STMicroelectronics X-CUBE-BLE1 7.0.0
2026-05-25 04:16:34,799 [INFO] ThirdParty:1030 - CMSIS Pack Vendor :STMicroelectronics X-CUBE-NFC10 1.0.0
2026-05-25 04:16:34,799 [INFO] ThirdParty:1030 - CMSIS Pack Vendor :STMicroelectronics X-CUBE-BLEMGR 4.0.0
2026-05-25 04:16:34,799 [INFO] ThirdParty:1030 - CMSIS Pack Vendor :STMicroelectronics X-CUBE-FREERTOS 1.3.1
2026-05-25 04:16:34,799 [INFO] ThirdParty:1030 - CMSIS Pack Vendor :STMicroelectronics HAL Drivers 0.0.0
2026-05-25 04:16:34,799 [INFO] ThirdParty:1030 - CMSIS Pack Vendor :STMicroelectronics X-CUBE-ST60 1.1.0
2026-05-25 04:16:34,799 [INFO] ThirdParty:1030 - CMSIS Pack Vendor :emotas I-CUBE-CANOPEN 1.3.0
2026-05-25 04:16:34,799 [INFO] ThirdParty:1030 - CMSIS Pack Vendor :STMicroelectronics X-CUBE-FREERTOS 1.3.0
2026-05-25 04:16:34,799 [INFO] ThirdParty:1030 - CMSIS Pack Vendor :STMicroelectronics X-CUBE-NFC7 1.0.1
2026-05-25 04:16:34,799 [INFO] ThirdParty:1030 - CMSIS Pack Vendor :STMicroelectronics MBEDTLS 2.14.1
2026-05-25 04:16:34,799 [INFO] ThirdParty:1030 - CMSIS Pack Vendor :STMicroelectronics X-CUBE-GNSS1 7.1.0
2026-05-25 04:16:34,800 [INFO] ThirdParty:1030 - CMSIS Pack Vendor :STMicroelectronics X-CUBE-TOUCHGFX 4.26.0
2026-05-25 04:16:34,800 [INFO] ThirdParty:1030 - CMSIS Pack Vendor :STMicroelectronics X-CUBE-AI 10.0.0
2026-05-25 04:16:34,800 [INFO] ThirdParty:1030 - CMSIS Pack Vendor :STMicroelectronics FP-SNS-STBOX1 2.1.0
2026-05-25 04:16:34,800 [INFO] ThirdParty:1030 - CMSIS Pack Vendor :STMicroelectronics FP-SNS-STAIOTCFT 1.0.0
2026-05-25 04:16:34,800 [INFO] ThirdParty:1030 - CMSIS Pack Vendor :STMicroelectronics FP-SNS-SMARTAG2 1.2.0
2026-05-25 04:16:34,800 [INFO] ThirdParty:1030 - CMSIS Pack Vendor :STMicroelectronics FP-SNS-FLIGHT1 5.1.0
2026-05-25 04:16:34,800 [INFO] ThirdParty:1030 - CMSIS Pack Vendor :STMicroelectronics X-CUBE-MEMS1 11.1.0
2026-05-25 04:16:34,800 [INFO] ThirdParty:1030 - CMSIS Pack Vendor :STMicroelectronics X-CUBE-AZRTOS-WL 2.0.0
2026-05-25 04:16:34,800 [INFO] ThirdParty:1030 - CMSIS Pack Vendor :STMicroelectronics X-CUBE-DPower 1.3.0
2026-05-25 04:16:34,800 [INFO] ThirdParty:1030 - CMSIS Pack Vendor :STMicroelectronics FP-SNS-MOTENV1 5.0.0
2026-05-25 04:16:34,800 [INFO] ThirdParty:1030 - CMSIS Pack Vendor :STMicroelectronics USB_DEVICE 1.0.0
2026-05-25 04:16:34,800 [INFO] ThirdParty:1030 - CMSIS Pack Vendor :wolfSSL I-CUBE-wolfMQTT 1.19.0
2026-05-25 04:16:34,800 [INFO] ThirdParty:1030 - CMSIS Pack Vendor :STMicroelectronics X-CUBE-AZRTOS-L4 2.0.0
2026-05-25 04:16:34,801 [INFO] ThirdParty:1030 - CMSIS Pack Vendor :STMicroelectronics ThreadX 0.0.2
2026-05-25 04:16:34,801 [INFO] ThirdParty:1030 - CMSIS Pack Vendor :WES I-CUBE-Cesium 1.3.0
2026-05-25 04:16:34,801 [INFO] ThirdParty:1030 - CMSIS Pack Vendor :STMicroelectronics lwIP 2.1.2
2026-05-25 04:16:34,801 [INFO] ThirdParty:1030 - CMSIS Pack Vendor :STMicroelectronics X-CUBE-SFXS2LP1 4.0.0
2026-05-25 04:16:34,801 [INFO] ThirdParty:1030 - CMSIS Pack Vendor :STMicroelectronics X-CUBE-BLE2 3.3.0
2026-05-25 04:16:34,801 [INFO] ThirdParty:1030 - CMSIS Pack Vendor :STMicroelectronics PDM2PCM 3.2.0
2026-05-25 04:16:34,801 [INFO] ThirdParty:1030 - CMSIS Pack Vendor :STMicroelectronics X-CUBE-AZRTOS-H7 3.3.0
2026-05-25 04:16:34,801 [INFO] ThirdParty:1030 - CMSIS Pack Vendor :STMicroelectronics X-CUBE-NFC9 1.0.0
2026-05-25 04:16:34,803 [INFO] ThirdParty:1030 - CMSIS Pack Vendor :STMicroelectronics X-CUBE-BLE1 7.1.0
2026-05-25 04:16:34,804 [INFO] ThirdParty:1030 - CMSIS Pack Vendor :wolfSSL I-CUBE-wolfMQTT 1.19.2
2026-05-25 04:16:34,804 [INFO] ThirdParty:1030 - CMSIS Pack Vendor :STMicroelectronics USB_DEVICE 3.0.0
2026-05-25 04:16:34,804 [INFO] ThirdParty:1030 - CMSIS Pack Vendor :STMicroelectronics X-CUBE-EEPRMA1 5.2.0
2026-05-25 04:16:34,804 [INFO] ThirdParty:1030 - CMSIS Pack Vendor :STMicroelectronics X-CUBE-BLEMGR 4.1.0
2026-05-25 04:16:34,804 [INFO] ThirdParty:1030 - CMSIS Pack Vendor :STMicroelectronics X-CUBE-AZRTOS-WB 2.0.0
2026-05-25 04:16:34,805 [INFO] ThirdParty:1030 - CMSIS Pack Vendor :STMicroelectronics X-CUBE-GNSS1 7.0.1
2026-05-25 04:16:34,805 [INFO] ThirdParty:1030 - CMSIS Pack Vendor :STMicroelectronics X-CUBE-TOUCHGFX 4.25.0
2026-05-25 04:16:34,805 [INFO] ThirdParty:1030 - CMSIS Pack Vendor :STMicroelectronics X-CUBE-ST67W61 1.1.0
2026-05-25 04:16:34,805 [INFO] ThirdParty:1030 - CMSIS Pack Vendor :STMicroelectronics FP-SNS-STBOX1 2.0.0
2026-05-25 04:16:34,805 [INFO] ThirdParty:1030 - CMSIS Pack Vendor :STMicroelectronics X-CUBE-AZRTOS-G0 1.1.0
2026-05-25 04:16:34,805 [INFO] ThirdParty:1030 - CMSIS Pack Vendor :STMicroelectronics X-CUBE-SAFEA1 1.2.2
2026-05-25 04:16:34,805 [INFO] ThirdParty:1030 - CMSIS Pack Vendor :STMicroelectronics X-CUBE-NFC4 3.0.0
2026-05-25 04:16:34,805 [INFO] ThirdParty:1030 - CMSIS Pack Vendor :STMicroelectronics X-CUBE-SUBG2 5.0.0
2026-05-25 04:16:34,805 [INFO] ThirdParty:1030 - CMSIS Pack Vendor :STMicroelectronics X-CUBE-AZRTOS-H7RS 1.1.0
2026-05-25 04:16:34,805 [INFO] ThirdParty:1030 - CMSIS Pack Vendor :STMicroelectronics STM32_WPAN 1.0.0
2026-05-25 04:16:34,805 [INFO] ThirdParty:1030 - CMSIS Pack Vendor :EmbeddedOffice I-CUBE-FS-RTOS 1.0.1
2026-05-25 04:16:34,805 [INFO] ThirdParty:1030 - CMSIS Pack Vendor :STMicroelectronics lwIP 2.0.3
2026-05-25 04:16:34,805 [INFO] ThirdParty:1030 - CMSIS Pack Vendor :Cesanta I-CUBE-Mongoose 7.13.0
2026-05-25 04:16:34,805 [INFO] ThirdParty:1030 - CMSIS Pack Vendor :STMicroelectronics USB_HOST 1.0.0
2026-05-25 04:16:34,805 [INFO] ThirdParty:1030 - CMSIS Pack Vendor :STMicroelectronics X-CUBE-AZRTOS-G4 2.0.0
2026-05-25 04:16:34,806 [INFO] ThirdParty:1030 - CMSIS Pack Vendor :STMicroelectronics X-CUBE-WB05N 2.0.0
2026-05-25 04:16:34,806 [INFO] ThirdParty:1030 - CMSIS Pack Vendor :STMicroelectronics PDM2PCM 3.1.0
2026-05-25 04:16:34,806 [INFO] ThirdParty:1030 - CMSIS Pack Vendor :wolfSSL I-CUBE-wolfTPM 3.8.0
2026-05-25 04:16:34,806 [INFO] ThirdParty:1030 - CMSIS Pack Vendor :wolfSSL I-CUBE-wolfSSH 1.4.20
2026-05-25 04:16:34,806 [INFO] ThirdParty:1030 - CMSIS Pack Vendor :STMicroelectronics X-CUBE-NFC7 2.0.0
2026-05-25 04:16:34,806 [INFO] ThirdParty:1030 - CMSIS Pack Vendor :STMicroelectronics X-CUBE-TCPP 4.2.0
2026-05-25 04:16:34,806 [INFO] ThirdParty:1030 - CMSIS Pack Vendor :RealThread X-CUBE-RT-Thread_Nano 4.1.1
2026-05-25 04:16:34,806 [INFO] ThirdParty:1030 - CMSIS Pack Vendor :STMicroelectronics FP-ATR-SIGFOX1 3.2.0
2026-05-25 04:16:34,806 [INFO] ThirdParty:1030 - CMSIS Pack Vendor :quantropi X-CUBE-qispace-sdk-base 1.9.3
2026-05-25 04:16:34,806 [INFO] ThirdParty:1030 - CMSIS Pack Vendor :STMicroelectronics X-CUBE-EEPRMA1 5.1.0
2026-05-25 04:16:34,806 [INFO] ThirdParty:1030 - CMSIS Pack Vendor :STMicroelectronics MBEDTLS 2.16.2
2026-05-25 04:16:34,806 [INFO] ThirdParty:1030 - CMSIS Pack Vendor :STMicroelectronics X-CUBE-IPS 3.1.0
2026-05-25 04:16:34,806 [INFO] ThirdParty:1030 - CMSIS Pack Vendor :STMicroelectronics X-CUBE-ALS 1.0.2
2026-05-25 04:16:34,806 [INFO] ThirdParty:1030 - CMSIS Pack Vendor :wolfSSL I-CUBE-wolfSSL 5.7.6
2026-05-25 04:16:34,806 [INFO] ThirdParty:1030 - CMSIS Pack Vendor :ITTIA_DB I-CUBE-ITTIADB 8.9.0
2026-05-25 04:16:34,806 [INFO] ThirdParty:1030 - CMSIS Pack Vendor :STMicroelectronics X-CUBE-TOUCHGFX 4.24.2
2026-05-25 04:16:34,806 [INFO] ThirdParty:1030 - CMSIS Pack Vendor :STMicroelectronics X-CUBE-STSE01 1.0.0
2026-05-25 04:16:34,807 [INFO] ThirdParty:1030 - CMSIS Pack Vendor :wolfSSL I-CUBE-wolfTPM 3.4.0
2026-05-25 04:16:34,807 [INFO] ThirdParty:1030 - CMSIS Pack Vendor :portGmbH I-Cube-SoM-uGOAL 1.1.0
2026-05-25 04:16:34,807 [INFO] ThirdParty:1030 - CMSIS Pack Vendor :STMicroelectronics X-CUBE-ST67W61 1.0.0
2026-05-25 04:16:34,807 [INFO] ThirdParty:1030 - CMSIS Pack Vendor :STMicroelectronics X-CUBE-AI 10.2.0
2026-05-25 04:16:34,807 [INFO] ThirdParty:1030 - CMSIS Pack Vendor :STMicroelectronics ThreadX 1.0.0
2026-05-25 04:16:34,807 [INFO] ThirdParty:1030 - CMSIS Pack Vendor :SEGGER I-CUBE-embOS 1.3.1
2026-05-25 04:16:34,807 [INFO] ThirdParty:1030 - CMSIS Pack Vendor :STMicroelectronics X-CUBE-ALGOBUILD 1.4.0
2026-05-25 04:16:34,807 [INFO] ThirdParty:1030 - CMSIS Pack Vendor :STMicroelectronics X-CUBE-MEMS1 11.3.0
2026-05-25 04:16:34,807 [INFO] ThirdParty:1030 - CMSIS Pack Vendor :STMicroelectronics X-CUBE-AZRTOS-H7RS 1.0.0
2026-05-25 04:16:34,807 [INFO] ThirdParty:1030 - CMSIS Pack Vendor :STMicroelectronics X-CUBE-TOF1 3.4.2
2026-05-25 04:16:34,807 [INFO] ThirdParty:1030 - CMSIS Pack Vendor :STMicroelectronics X-CUBE-TOF1 3.4.3
2026-05-25 04:16:34,807 [INFO] ThirdParty:1030 - CMSIS Pack Vendor :wolfSSL I-CUBE-wolfSSH 1.4.17
2026-05-25 04:16:34,807 [INFO] ThirdParty:841 - exiting critical section [change project]
2026-05-25 04:16:35,106 [INFO] PinOutPanel:1589 - setPackage(No Configuration,No Configuration)
2026-05-25 04:16:35,107 [INFO] PinOutPanel:1589 - setPackage(STM32F107RCTx,LQFP64)
2026-05-25 04:16:35,451 [INFO] UtilMem:75 - Before build in PCC Used Memory: 328986040 Bytes (911212544)
2026-05-25 04:16:36,125 [INFO] UtilMem:75 - After build in PCC Used Memory: 370929080 Bytes (911212544)
2026-05-25 04:16:36,166 [INFO] IPUIPlugin:80 - create IPUIPlugin
2026-05-25 04:16:36,166 [INFO] IPUIPlugin:80 - create IPUIPlugin
2026-05-25 04:16:36,166 [INFO] IPUIPlugin:80 - create IPUIPlugin
2026-05-25 04:16:36,166 [INFO] IPUIPlugin:80 - create IPUIPlugin
2026-05-25 04:16:36,166 [INFO] IPUIPlugin:80 - create IPUIPlugin
2026-05-25 04:16:36,167 [INFO] IPUIPlugin:80 - create IPUIPlugin
2026-05-25 04:16:36,167 [INFO] IPUIPlugin:80 - create IPUIPlugin
2026-05-25 04:16:36,167 [INFO] IPUIPlugin:80 - create IPUIPlugin
2026-05-25 04:16:36,167 [INFO] IPUIPlugin:80 - create IPUIPlugin
2026-05-25 04:16:36,167 [INFO] IPUIPlugin:80 - create IPUIPlugin
2026-05-25 04:16:36,167 [INFO] IPUIPlugin:80 - create IPUIPlugin
2026-05-25 04:16:36,167 [INFO] IPUIPlugin:80 - create IPUIPlugin
2026-05-25 04:16:36,167 [INFO] IPUIPlugin:80 - create IPUIPlugin
2026-05-25 04:16:36,168 [INFO] IPUIPlugin:80 - create IPUIPlugin
2026-05-25 04:16:36,168 [INFO] IPUIPlugin:80 - create IPUIPlugin
2026-05-25 04:16:36,170 [INFO] IPUIPlugin:80 - create IPUIPlugin
2026-05-25 04:16:36,170 [INFO] IPUIPlugin:80 - create IPUIPlugin
2026-05-25 04:16:36,171 [INFO] IPUIPlugin:80 - create IPUIPlugin
2026-05-25 04:16:36,171 [INFO] IPUIPlugin:80 - create IPUIPlugin
2026-05-25 04:16:36,171 [INFO] IPUIPlugin:80 - create IPUIPlugin
2026-05-25 04:16:36,171 [INFO] IPUIPlugin:80 - create IPUIPlugin
2026-05-25 04:16:36,172 [INFO] IPUIPlugin:80 - create IPUIPlugin
2026-05-25 04:16:36,174 [INFO] IPUIPlugin:80 - create IPUIPlugin
2026-05-25 04:16:36,175 [INFO] IPUIPlugin:80 - create IPUIPlugin
2026-05-25 04:16:36,178 [INFO] IPUIPlugin:80 - create IPUIPlugin
2026-05-25 04:16:36,179 [INFO] IPUIPlugin:80 - create IPUIPlugin
2026-05-25 04:16:36,180 [INFO] IPUIPlugin:80 - create IPUIPlugin
2026-05-25 04:16:36,180 [INFO] IPUIPlugin:80 - create IPUIPlugin
2026-05-25 04:16:36,180 [INFO] IPUIPlugin:80 - create IPUIPlugin
2026-05-25 04:16:36,181 [INFO] IPUIPlugin:80 - create IPUIPlugin
2026-05-25 04:16:36,181 [INFO] IPUIPlugin:80 - create IPUIPlugin
2026-05-25 04:16:36,181 [INFO] IPUIPlugin:80 - create IPUIPlugin
2026-05-25 04:16:36,182 [INFO] IPUIPlugin:80 - create IPUIPlugin
2026-05-25 04:16:36,182 [INFO] IPUIPlugin:80 - create IPUIPlugin
2026-05-25 04:16:36,183 [INFO] IPUIPlugin:80 - create IPUIPlugin
2026-05-25 04:16:36,183 [INFO] IPUIPlugin:80 - create IPUIPlugin
2026-05-25 04:16:36,184 [INFO] IPUIPlugin:80 - create IPUIPlugin
2026-05-25 04:16:36,185 [INFO] IPUIPlugin:80 - create IPUIPlugin
2026-05-25 04:16:36,185 [INFO] IPUIPlugin:80 - create IPUIPlugin
2026-05-25 04:16:36,285 [INFO] CADModel:165 - CPN selected for project levelSTM32F107RCT6
2026-05-25 04:16:36,285 [INFO] CADModel:114 - Register for checkConnection events
2026-05-25 04:16:36,392 [INFO] OpenFileManager:386 - Restore cursor
2026-05-25 04:16:42,801 [INFO] NvicIntPanel:101 - NVIC parent = com.st.microxplorer.plugins.ip.nvic.MultiNvicIntPanel[,0,0,0x0,invalid,layout=javax.swing.BoxLayout,alignmentX=0.0,alignmentY=0.0,border=,flags=9,maximumSize=,minimumSize=,preferredSize=]
2026-05-25 04:16:54,269 [INFO] NvicIntPanel:101 - NVIC parent = com.st.microxplorer.plugins.ip.nvic.MultiNvicIntPanel[,0,0,0x0,invalid,layout=javax.swing.BoxLayout,alignmentX=0.0,alignmentY=0.0,border=,flags=9,maximumSize=,minimumSize=,preferredSize=]
2026-05-25 04:17:13,606 [INFO] Gpio:278 - dependency for GPIO [USART1]
2026-05-25 04:17:14,897 [INFO] Gpio:278 - dependency for GPIO [USART1]
2026-05-25 04:18:34,939 [INFO] ParamManager:905 - [Generic UI] PropertyChangeEvent: TAB_STATUS_CHANGED , "dont care", "never mind"
2026-05-25 04:18:34,964 [INFO] ParamManager:905 - [Generic UI] PropertyChangeEvent: TAB_STATUS_CHANGED , "dont care", "never mind"
2026-05-25 04:18:34,972 [INFO] ADCParametersView:116 -                Rank 1 : false
2026-05-25 04:18:35,017 [INFO] ADCParametersView:116 -                Rank 1 : false
2026-05-25 04:18:35,018 [INFO] ADCParametersView:116 -                Rank 1 : false
2026-05-25 04:18:35,018 [INFO] ADCParametersView:116 -                Rank 1 : false
2026-05-25 04:18:35,018 [INFO] ADCParametersView:116 -                Rank 1 : false
2026-05-25 04:18:35,019 [INFO] ADCParametersView:116 -                Rank 1 : false
2026-05-25 04:18:35,019 [INFO] ADCParametersView:116 -                Rank 1 : false
2026-05-25 04:18:35,020 [INFO] ADCParametersView:116 -                Rank 1 : false
2026-05-25 04:18:35,020 [INFO] ADCParametersView:116 -                Rank 1 : false
2026-05-25 04:18:35,020 [INFO] ADCParametersView:116 -                Rank 1 : false
2026-05-25 04:18:35,020 [INFO] ADCParametersView:116 -                Rank 1 : false
2026-05-25 04:18:35,028 [INFO] ADCParametersView:116 -                Rank 1 : false
2026-05-25 04:18:35,164 [INFO] NvicIntPanel:101 - NVIC parent = com.st.microxplorer.plugins.ip.nvic.MultiNvicIntPanel[,0,0,0x0,invalid,layout=javax.swing.BoxLayout,alignmentX=0.0,alignmentY=0.0,border=,flags=9,maximumSize=,minimumSize=,preferredSize=]
2026-05-25 04:18:35,283 [INFO] NvicIntPanel:101 - NVIC parent = com.st.microxplorer.plugins.ip.nvic.MultiNvicIntPanel[,0,0,0x0,invalid,layout=javax.swing.BoxLayout,alignmentX=0.0,alignmentY=0.0,border=,flags=9,maximumSize=,minimumSize=,preferredSize=]
2026-05-25 04:18:35,446 [INFO] ADCParametersView:116 -                Rank 1 : false
2026-05-25 04:18:35,446 [INFO] ADCParametersView:116 -                Rank 1 : false
2026-05-25 04:18:35,446 [INFO] ADCParametersView:116 -                Rank 1 : false
2026-05-25 04:18:35,447 [INFO] ADCParametersView:116 -                Rank 1 : false
2026-05-25 04:18:35,448 [INFO] ADCParametersView:116 -                Rank 1 : false
2026-05-25 04:18:35,448 [INFO] ADCParametersView:116 -                Rank 1 : false
2026-05-25 04:18:35,449 [INFO] ADCParametersView:116 -                Rank 1 : false
2026-05-25 04:18:35,449 [INFO] ADCParametersView:116 -                Rank 1 : false
2026-05-25 04:18:35,449 [INFO] ADCParametersView:116 -                Rank 1 : false
2026-05-25 04:18:35,449 [INFO] ADCParametersView:116 -                Rank 1 : false
2026-05-25 04:18:35,458 [INFO] ADCParametersView:116 -                Rank 1 : false
2026-05-25 04:18:35,474 [INFO] ADCParametersView:116 -                Rank 1 : false
2026-05-25 04:18:35,474 [INFO] ADCParametersView:116 -                Rank 1 : false
2026-05-25 04:18:35,474 [INFO] ADCParametersView:116 -                Rank 1 : false
2026-05-25 04:18:35,474 [INFO] ADCParametersView:116 -                Rank 1 : false
2026-05-25 04:18:35,475 [INFO] ADCParametersView:116 -                Rank 1 : false
2026-05-25 04:18:35,475 [INFO] ADCParametersView:116 -                Rank 1 : false
2026-05-25 04:18:35,475 [INFO] ADCParametersView:116 -                Rank 1 : false
2026-05-25 04:18:35,475 [INFO] ADCParametersView:116 -                Rank 1 : false
2026-05-25 04:18:35,475 [INFO] ADCParametersView:116 -                Rank 1 : false
2026-05-25 04:18:35,475 [INFO] ADCParametersView:116 -                Rank 1 : false
2026-05-25 04:18:35,483 [INFO] ADCParametersView:116 -                Rank 1 : false
2026-05-25 04:18:49,557 [INFO] ADCParametersView:116 -                Rank 1 : false
2026-05-25 04:18:49,562 [INFO] ADCParametersView:116 -                Rank 1 : false
2026-05-25 04:18:49,562 [INFO] ADCParametersView:116 -                Rank 1 : false
2026-05-25 04:18:49,562 [INFO] ADCParametersView:116 -                Rank 1 : false
2026-05-25 04:18:49,562 [INFO] ADCParametersView:116 -                Rank 1 : false
2026-05-25 04:18:49,562 [INFO] ADCParametersView:116 -                Rank 1 : false
2026-05-25 04:18:49,562 [INFO] ADCParametersView:116 -                Rank 1 : false
2026-05-25 04:18:49,562 [INFO] ADCParametersView:116 -                Rank 1 : false
2026-05-25 04:18:49,562 [INFO] ADCParametersView:116 -                Rank 1 : false
2026-05-25 04:18:49,562 [INFO] ADCParametersView:116 -                Rank 1 : false
2026-05-25 04:18:49,569 [INFO] ADCParametersView:116 -                Rank 1 : false
2026-05-25 04:18:49,595 [INFO] ADCParametersView:116 -                Rank 1 : false
2026-05-25 04:18:49,596 [INFO] ADCParametersView:116 -                Rank 1 : false
2026-05-25 04:18:49,597 [INFO] ADCParametersView:116 -                Rank 1 : false
2026-05-25 04:18:49,597 [INFO] ADCParametersView:116 -                Rank 1 : false
2026-05-25 04:18:49,597 [INFO] ADCParametersView:116 -                Rank 1 : false
2026-05-25 04:18:49,597 [INFO] ADCParametersView:116 -                Rank 1 : false
2026-05-25 04:18:49,597 [INFO] ADCParametersView:116 -                Rank 1 : false
2026-05-25 04:18:49,597 [INFO] ADCParametersView:116 -                Rank 1 : false
2026-05-25 04:18:49,597 [INFO] ADCParametersView:116 -                Rank 1 : false
2026-05-25 04:18:49,597 [INFO] ADCParametersView:116 -                Rank 1 : false
2026-05-25 04:18:49,604 [INFO] ADCParametersView:116 -                Rank 1 : false
2026-05-25 04:18:49,639 [INFO] ADCParametersView:116 -                Rank 1 : false
2026-05-25 04:18:49,641 [INFO] ADCParametersView:116 -                Rank 1 : false
2026-05-25 04:18:49,641 [INFO] ADCParametersView:116 -                Rank 1 : false
2026-05-25 04:18:49,642 [INFO] ADCParametersView:116 -                Rank 1 : false
2026-05-25 04:18:49,642 [INFO] ADCParametersView:116 -                Rank 1 : false
2026-05-25 04:18:49,642 [INFO] ADCParametersView:116 -                Rank 1 : false
2026-05-25 04:18:49,642 [INFO] ADCParametersView:116 -                Rank 1 : false
2026-05-25 04:18:49,642 [INFO] ADCParametersView:116 -                Rank 1 : false
2026-05-25 04:18:49,642 [INFO] ADCParametersView:116 -                Rank 1 : false
2026-05-25 04:18:49,642 [INFO] ADCParametersView:116 -                Rank 1 : false
2026-05-25 04:18:49,655 [INFO] ADCParametersView:116 -                Rank 1 : false
2026-05-25 04:19:05,354 [INFO] ADCParametersView:116 -                Rank 1 : true
2026-05-25 04:19:12,351 [INFO] NvicIntPanel:101 - NVIC parent = com.st.microxplorer.plugins.ip.nvic.MultiNvicIntPanel[,0,0,0x0,invalid,layout=javax.swing.BoxLayout,alignmentX=0.0,alignmentY=0.0,border=,flags=9,maximumSize=,minimumSize=,preferredSize=]
2026-05-25 04:19:12,403 [INFO] ADCParametersView:116 -                Rank 1 : true
2026-05-25 04:19:12,411 [INFO] ADCParametersView:116 -                Rank 1 : true
2026-05-25 04:19:12,411 [INFO] ADCParametersView:116 -                Rank 1 : true
2026-05-25 04:19:12,411 [INFO] ADCParametersView:116 -                Rank 1 : true
2026-05-25 04:19:12,411 [INFO] ADCParametersView:116 -                Rank 1 : true
2026-05-25 04:19:12,411 [INFO] ADCParametersView:116 -                Rank 1 : true
2026-05-25 04:19:12,412 [INFO] ADCParametersView:116 -                Rank 1 : true
2026-05-25 04:19:12,412 [INFO] ADCParametersView:116 -                Rank 1 : true
2026-05-25 04:19:12,412 [INFO] ADCParametersView:116 -                Rank 1 : true
2026-05-25 04:19:12,412 [INFO] ADCParametersView:116 -                Rank 1 : true
2026-05-25 04:19:12,420 [INFO] ADCParametersView:116 -                Rank 1 : true
2026-05-25 04:19:27,658 [INFO] NvicIntPanel:101 - NVIC parent = com.st.microxplorer.plugins.ip.nvic.MultiNvicIntPanel[,0,0,0x0,invalid,layout=javax.swing.BoxLayout,alignmentX=0.0,alignmentY=0.0,border=,flags=9,maximumSize=,minimumSize=,preferredSize=]
2026-05-25 04:19:32,792 [INFO] NvicIntPanel:101 - NVIC parent = com.st.microxplorer.plugins.ip.nvic.MultiNvicIntPanel[,0,0,0x0,invalid,layout=javax.swing.BoxLayout,alignmentX=0.0,alignmentY=0.0,border=,flags=9,maximumSize=,minimumSize=,preferredSize=]
2026-05-25 04:19:39,439 [INFO] NvicIntPanel:101 - NVIC parent = com.st.microxplorer.plugins.ip.nvic.MultiNvicIntPanel[,0,0,0x0,invalid,layout=javax.swing.BoxLayout,alignmentX=0.0,alignmentY=0.0,border=,flags=9,maximumSize=,minimumSize=,preferredSize=]
2026-05-25 04:20:01,881 [INFO] NvicIntPanel:101 - NVIC parent = com.st.microxplorer.plugins.ip.nvic.MultiNvicIntPanel[,0,0,0x0,invalid,layout=javax.swing.BoxLayout,alignmentX=0.0,alignmentY=0.0,border=,flags=9,maximumSize=,minimumSize=,preferredSize=]
2026-05-25 04:20:04,615 [INFO] NvicIntPanel:101 - NVIC parent = com.st.microxplorer.plugins.ip.nvic.MultiNvicIntPanel[,0,0,0x0,invalid,layout=javax.swing.BoxLayout,alignmentX=0.0,alignmentY=0.0,border=,flags=9,maximumSize=,minimumSize=,preferredSize=]
2026-05-25 04:20:20,312 [INFO] UtilMem:75 - End SaveConfig() Used Memory: 777103928 Bytes (912261120)
2026-05-25 04:20:20,504 [INFO] UtilMem:75 - End SaveConfig() Used Memory: 800172600 Bytes (912261120)
2026-05-25 04:20:23,654 [INFO] UtilMem:75 - End SaveConfig() Used Memory: 337802536 Bytes (912261120)
2026-05-25 04:20:24,984 [INFO] BlockDiagram:2775 - set Specific Code input for plugin: NVIC
2026-05-25 04:20:24,984 [INFO] BlockDiagram:2775 - set Specific Code input for plugin: USART
2026-05-25 04:20:24,984 [INFO] BlockDiagram:2775 - set Specific Code input for plugin: IWDG
2026-05-25 04:20:24,984 [INFO] BlockDiagram:2775 - set Specific Code input for plugin: DMA
2026-05-25 04:20:24,984 [INFO] BlockDiagram:2775 - set Specific Code input for plugin: SYS
2026-05-25 04:20:24,984 [INFO] BlockDiagram:2775 - set Specific Code input for plugin: GPIO
2026-05-25 04:20:24,984 [INFO] BlockDiagram:2775 - set Specific Code input for plugin: ADC
2026-05-25 04:20:24,984 [INFO] BlockDiagram:2775 - set Specific Code input for plugin: RCC
2026-05-25 04:20:24,988 [INFO] CodeGenerator:892 - code generatio: config db path: C:\ST\STM32CubeIDE_1.19.0\STM32CubeIDE\plugins\com.st.stm32cube.common.mx_6.15.0.202507011659\\db\
2026-05-25 04:20:25,005 [INFO] Argument:325 - Argument : hdmavalue: null
2026-05-25 04:20:25,005 [INFO] Argument:327 - 	 sub Args: 
2026-05-25 04:20:25,005 [INFO] Argument:325 - Argument : Instancevalue: DMA1_Channel5
2026-05-25 04:20:25,007 [INFO] Argument:335 - Argument : Instancevalue: DMA1_Channel5
2026-05-25 04:20:25,008 [INFO] Argument:325 - Argument : Initvalue: null
2026-05-25 04:20:25,008 [INFO] Argument:327 - 	 sub Args: 
2026-05-25 04:20:25,009 [INFO] Argument:325 - Argument : Directionvalue: DMA_PERIPH_TO_MEMORY
2026-05-25 04:20:25,010 [INFO] Argument:335 - Argument : Directionvalue: DMA_PERIPH_TO_MEMORY
2026-05-25 04:20:25,010 [INFO] Argument:325 - Argument : PeriphIncvalue: DMA_PINC_DISABLE
2026-05-25 04:20:25,010 [INFO] Argument:335 - Argument : PeriphIncvalue: DMA_PINC_DISABLE
2026-05-25 04:20:25,011 [INFO] Argument:325 - Argument : MemIncvalue: DMA_MINC_ENABLE
2026-05-25 04:20:25,011 [INFO] Argument:335 - Argument : MemIncvalue: DMA_MINC_ENABLE
2026-05-25 04:20:25,011 [INFO] Argument:325 - Argument : PeriphDataAlignmentvalue: DMA_PDATAALIGN_BYTE
2026-05-25 04:20:25,011 [INFO] Argument:335 - Argument : PeriphDataAlignmentvalue: DMA_PDATAALIGN_BYTE
2026-05-25 04:20:25,011 [INFO] Argument:325 - Argument : MemDataAlignmentvalue: DMA_MDATAALIGN_BYTE
2026-05-25 04:20:25,012 [INFO] Argument:335 - Argument : MemDataAlignmentvalue: DMA_MDATAALIGN_BYTE
2026-05-25 04:20:25,012 [INFO] Argument:325 - Argument : Modevalue: DMA_NORMAL
2026-05-25 04:20:25,012 [INFO] Argument:335 - Argument : Modevalue: DMA_NORMAL
2026-05-25 04:20:25,012 [INFO] Argument:325 - Argument : Priorityvalue: DMA_PRIORITY_LOW
2026-05-25 04:20:25,013 [INFO] Argument:335 - Argument : Priorityvalue: DMA_PRIORITY_LOW
2026-05-25 04:20:25,014 [INFO] Argument:325 - Argument : Lockvalue: null
2026-05-25 04:20:25,014 [INFO] Argument:335 - Argument : Lockvalue: null
2026-05-25 04:20:25,014 [INFO] Argument:325 - Argument : Statevalue: null
2026-05-25 04:20:25,014 [INFO] Argument:335 - Argument : Statevalue: null
2026-05-25 04:20:25,014 [INFO] Argument:325 - Argument : Parentvalue: null
2026-05-25 04:20:25,014 [INFO] Argument:335 - Argument : Parentvalue: null
2026-05-25 04:20:25,014 [INFO] Argument:325 - Argument : XferCpltCallbackvalue: null
2026-05-25 04:20:25,014 [INFO] Argument:335 - Argument : XferCpltCallbackvalue: null
2026-05-25 04:20:25,014 [INFO] Argument:325 - Argument : XferHalfCpltCallbackvalue: null
2026-05-25 04:20:25,015 [INFO] Argument:335 - Argument : XferHalfCpltCallbackvalue: null
2026-05-25 04:20:25,015 [INFO] Argument:325 - Argument : XferErrorCallbackvalue: null
2026-05-25 04:20:25,015 [INFO] Argument:335 - Argument : XferErrorCallbackvalue: null
2026-05-25 04:20:25,015 [INFO] Argument:325 - Argument : ErrorCodevalue: null
2026-05-25 04:20:25,015 [INFO] Argument:335 - Argument : ErrorCodevalue: null
2026-05-25 04:20:25,015 [INFO] Argument:325 - Argument : hdmavalue: null
2026-05-25 04:20:25,015 [INFO] Argument:327 - 	 sub Args: 
2026-05-25 04:20:25,015 [INFO] Argument:325 - Argument : Instancevalue: DMA1_Channel4
2026-05-25 04:20:25,015 [INFO] Argument:335 - Argument : Instancevalue: DMA1_Channel4
2026-05-25 04:20:25,015 [INFO] Argument:325 - Argument : Initvalue: null
2026-05-25 04:20:25,015 [INFO] Argument:327 - 	 sub Args: 
2026-05-25 04:20:25,015 [INFO] Argument:325 - Argument : Directionvalue: DMA_MEMORY_TO_PERIPH
2026-05-25 04:20:25,016 [INFO] Argument:335 - Argument : Directionvalue: DMA_MEMORY_TO_PERIPH
2026-05-25 04:20:25,016 [INFO] Argument:325 - Argument : PeriphIncvalue: DMA_PINC_DISABLE
2026-05-25 04:20:25,016 [INFO] Argument:335 - Argument : PeriphIncvalue: DMA_PINC_DISABLE
2026-05-25 04:20:25,016 [INFO] Argument:325 - Argument : MemIncvalue: DMA_MINC_ENABLE
2026-05-25 04:20:25,017 [INFO] Argument:335 - Argument : MemIncvalue: DMA_MINC_ENABLE
2026-05-25 04:20:25,017 [INFO] Argument:325 - Argument : PeriphDataAlignmentvalue: DMA_PDATAALIGN_BYTE
2026-05-25 04:20:25,017 [INFO] Argument:335 - Argument : PeriphDataAlignmentvalue: DMA_PDATAALIGN_BYTE
2026-05-25 04:20:25,017 [INFO] Argument:325 - Argument : MemDataAlignmentvalue: DMA_MDATAALIGN_BYTE
2026-05-25 04:20:25,017 [INFO] Argument:335 - Argument : MemDataAlignmentvalue: DMA_MDATAALIGN_BYTE
2026-05-25 04:20:25,017 [INFO] Argument:325 - Argument : Modevalue: DMA_NORMAL
2026-05-25 04:20:25,017 [INFO] Argument:335 - Argument : Modevalue: DMA_NORMAL
2026-05-25 04:20:25,017 [INFO] Argument:325 - Argument : Priorityvalue: DMA_PRIORITY_LOW
2026-05-25 04:20:25,017 [INFO] Argument:335 - Argument : Priorityvalue: DMA_PRIORITY_LOW
2026-05-25 04:20:25,017 [INFO] Argument:325 - Argument : Lockvalue: null
2026-05-25 04:20:25,017 [INFO] Argument:335 - Argument : Lockvalue: null
2026-05-25 04:20:25,017 [INFO] Argument:325 - Argument : Statevalue: null
2026-05-25 04:20:25,017 [INFO] Argument:335 - Argument : Statevalue: null
2026-05-25 04:20:25,017 [INFO] Argument:325 - Argument : Parentvalue: null
2026-05-25 04:20:25,017 [INFO] Argument:335 - Argument : Parentvalue: null
2026-05-25 04:20:25,017 [INFO] Argument:325 - Argument : XferCpltCallbackvalue: null
2026-05-25 04:20:25,017 [INFO] Argument:335 - Argument : XferCpltCallbackvalue: null
2026-05-25 04:20:25,017 [INFO] Argument:325 - Argument : XferHalfCpltCallbackvalue: null
2026-05-25 04:20:25,017 [INFO] Argument:335 - Argument : XferHalfCpltCallbackvalue: null
2026-05-25 04:20:25,018 [INFO] Argument:325 - Argument : XferErrorCallbackvalue: null
2026-05-25 04:20:25,018 [INFO] Argument:335 - Argument : XferErrorCallbackvalue: null
2026-05-25 04:20:25,018 [INFO] Argument:325 - Argument : ErrorCodevalue: null
2026-05-25 04:20:25,018 [INFO] Argument:335 - Argument : ErrorCodevalue: null
2026-05-25 04:20:25,396 [INFO] CodeEngine:265 - oldGeneratedFile, D:\my_Projects\Electronic\STM32\F1\CubeIDE\Switch24Queue\MXTmpFiles\license.tmp_save
2026-05-25 04:20:25,499 [ERROR] ConfigurationRetriever:142 - IOException on connection: Connect timed out
2026-05-25 04:20:26,111 [INFO] CodeEngine:289 - Generated code: D:\my_Projects\Electronic\STM32\F1\CubeIDE\Switch24Queue\MXTmpFiles\license.tmp
2026-05-25 04:20:26,313 [INFO] CodeEngine:265 - oldGeneratedFile, D:\my_Projects\Electronic\STM32\F1\CubeIDE\Switch24Queue\MXTmpFiles\gpio.tmp_save
2026-05-25 04:20:26,586 [INFO] CodeEngine:289 - Generated code: D:\my_Projects\Electronic\STM32\F1\CubeIDE\Switch24Queue\MXTmpFiles\gpio.tmp
2026-05-25 04:20:27,066 [INFO] CodeEngine:265 - oldGeneratedFile, D:\my_Projects\Electronic\STM32\F1\CubeIDE\Switch24Queue\MXTmpFiles\dma.tmp_save
2026-05-25 04:20:27,300 [INFO] CodeEngine:289 - Generated code: D:\my_Projects\Electronic\STM32\F1\CubeIDE\Switch24Queue\MXTmpFiles\dma.tmp
2026-05-25 04:20:27,310 [INFO] CodeEngine:265 - oldGeneratedFile, D:\my_Projects\Electronic\STM32\F1\CubeIDE\Switch24Queue\MXTmpFiles\dma_GV.tmp_save
2026-05-25 04:20:27,462 [INFO] CodeEngine:289 - Generated code: D:\my_Projects\Electronic\STM32\F1\CubeIDE\Switch24Queue\MXTmpFiles\dma_GV.tmp
2026-05-25 04:20:27,485 [INFO] CodeEngine:265 - oldGeneratedFile, D:\my_Projects\Electronic\STM32\F1\CubeIDE\Switch24Queue\Core\Src\stm32f1xx_it.c_save
2026-05-25 04:20:27,771 [INFO] CodeEngine:289 - Generated code: D:\my_Projects\Electronic\STM32\F1\CubeIDE\Switch24Queue\Core\Src\stm32f1xx_it.c
2026-05-25 04:20:27,781 [INFO] CodeEngine:265 - oldGeneratedFile, D:\my_Projects\Electronic\STM32\F1\CubeIDE\Switch24Queue\Core\Inc\stm32f1xx_it.h_save
2026-05-25 04:20:27,870 [INFO] CodeEngine:289 - Generated code: D:\my_Projects\Electronic\STM32\F1\CubeIDE\Switch24Queue\Core\Inc\stm32f1xx_it.h
2026-05-25 04:20:27,896 [INFO] CodeEngine:265 - oldGeneratedFile, D:\my_Projects\Electronic\STM32\F1\CubeIDE\Switch24Queue\Core\Src\stm32f1xx_hal_msp.c_save
2026-05-25 04:20:28,040 [INFO] CodeEngine:289 - Generated code: D:\my_Projects\Electronic\STM32\F1\CubeIDE\Switch24Queue\Core\Src\stm32f1xx_hal_msp.c
2026-05-25 04:20:28,047 [INFO] CodeEngine:265 - oldGeneratedFile, D:\my_Projects\Electronic\STM32\F1\CubeIDE\Switch24Queue\MXTmpFiles\system.tmp_save
2026-05-25 04:20:28,315 [INFO] CodeEngine:289 - Generated code: D:\my_Projects\Electronic\STM32\F1\CubeIDE\Switch24Queue\MXTmpFiles\system.tmp
2026-05-25 04:20:28,324 [INFO] CodeEngine:265 - oldGeneratedFile, D:\my_Projects\Electronic\STM32\F1\CubeIDE\Switch24Queue\Core\Src\stm32f1xx_hal_timebase_tim.c_save
2026-05-25 04:20:28,455 [INFO] CodeEngine:289 - Generated code: D:\my_Projects\Electronic\STM32\F1\CubeIDE\Switch24Queue\Core\Src\stm32f1xx_hal_timebase_tim.c
2026-05-25 04:20:28,469 [INFO] CodeEngine:321 - oldGeneratedFile, D:\my_Projects\Electronic\STM32\F1\CubeIDE\Switch24Queue\Core\Inc\stm32f1xx_hal_conf.h_save
2026-05-25 04:20:28,568 [INFO] CodeEngine:345 - Generated code: D:\my_Projects\Electronic\STM32\F1\CubeIDE\Switch24Queue\Core\Inc\stm32f1xx_hal_conf.h
2026-05-25 04:20:28,625 [INFO] ApiDbMcu:532 - Load IP Config File for ADC1
2026-05-25 04:20:28,636 [INFO] ApiDbMcu:532 - Load IP Config File for IWDG
2026-05-25 04:20:28,671 [INFO] ApiDbMcu:532 - Load IP Config File for USART1
2026-05-25 04:20:28,690 [INFO] ApiDbMcu:532 - Load IP Config File for RCC
2026-05-25 04:20:28,731 [INFO] CodeEngine:265 - oldGeneratedFile, D:\my_Projects\Electronic\STM32\F1\CubeIDE\Switch24Queue\Core\Inc\main.h_save
2026-05-25 04:20:28,933 [INFO] CodeEngine:289 - Generated code: D:\my_Projects\Electronic\STM32\F1\CubeIDE\Switch24Queue\Core\Inc\main.h
2026-05-25 04:20:28,949 [INFO] CodeEngine:265 - oldGeneratedFile, D:\my_Projects\Electronic\STM32\F1\CubeIDE\Switch24Queue\Core\Src\main.c_save
2026-05-25 04:20:29,106 [ERROR] ConfigurationRetriever:142 - IOException on connection: Connect timed out
2026-05-25 04:20:29,272 [INFO] CodeEngine:289 - Generated code: D:\my_Projects\Electronic\STM32\F1\CubeIDE\Switch24Queue\Core\Src\main.c
2026-05-25 04:20:29,816 [INFO] ProjectBuilder:3606 - Time for Copy HAL[1] : 299mS.
2026-05-25 04:20:29,830 [INFO] ProjectBuilder:5216 - Project Generator version: 4.7.0-B52
2026-05-25 04:20:29,981 [INFO] ConfigFileManager:1595 - The Die is : DIE418
2026-05-25 04:20:29,995 [INFO] ApiDbMcu:532 - Load IP Config File for FATFS
2026-05-25 04:20:30,041 [INFO] ApiDbMcu:532 - Load IP Config File for FREERTOS
2026-05-25 04:20:30,239 [INFO] ApiDbMcu:532 - Load IP Config File for LWIP
2026-05-25 04:20:30,299 [INFO] ApiDbMcu:532 - Load IP Config File for USB_DEVICE
2026-05-25 04:20:30,323 [INFO] ApiDbMcu:532 - Load IP Config File for USB_HOST
2026-05-25 04:20:30,514 [ERROR] ConfigurationRetriever:142 - IOException on connection: Connect timed out
2026-05-25 04:20:34,005 [INFO] ProjectBuilder:5496 - Time for Generating toolchain IDE Files: 4176mS.
2026-05-25 04:20:34,007 [INFO] ProjectBuilder:3463 - Time for Copy CMSIS : 2mS.
2026-05-25 04:20:34,021 [INFO] ProjectBuilder:3463 - Time for Copy CMSIS : 0mS.
2026-05-25 04:20:34,117 [ERROR] ConfigurationRetriever:142 - IOException on connection: Connect timed out
2026-05-25 04:20:35,526 [ERROR] ConfigurationRetriever:142 - IOException on connection: Connect timed out
2026-05-25 04:20:39,126 [ERROR] ConfigurationRetriever:142 - IOException on connection: Connect timed out
2026-05-25 04:20:49,942 [INFO] ADCParametersView:116 -                Rank 1 : true
2026-05-25 04:20:49,943 [INFO] ADCParametersView:116 -                Rank 1 : true
2026-05-25 04:20:49,943 [INFO] ADCParametersView:116 -                Rank 1 : true
2026-05-25 04:20:49,943 [INFO] ADCParametersView:116 -                Rank 1 : true
2026-05-25 04:20:49,944 [INFO] ADCParametersView:116 -                Rank 1 : true
2026-05-25 04:20:49,944 [INFO] ADCParametersView:116 -                Rank 1 : true
2026-05-25 04:20:49,944 [INFO] ADCParametersView:116 -                Rank 1 : true
2026-05-25 04:20:49,944 [INFO] ADCParametersView:116 -                Rank 1 : true
2026-05-25 04:20:49,944 [INFO] ADCParametersView:116 -                Rank 1 : true
2026-05-25 04:20:49,944 [INFO] ADCParametersView:116 -                Rank 1 : true
2026-05-25 04:20:49,948 [INFO] ADCParametersView:116 -                Rank 1 : true
2026-05-25 04:20:49,963 [INFO] ADCParametersView:116 -                Rank 1 : true
2026-05-25 04:20:49,964 [INFO] ADCParametersView:116 -                Rank 1 : true
2026-05-25 04:20:49,964 [INFO] ADCParametersView:116 -                Rank 1 : true
2026-05-25 04:20:49,964 [INFO] ADCParametersView:116 -                Rank 1 : true
2026-05-25 04:20:49,964 [INFO] ADCParametersView:116 -                Rank 1 : true
2026-05-25 04:20:49,964 [INFO] ADCParametersView:116 -                Rank 1 : true
2026-05-25 04:20:49,964 [INFO] ADCParametersView:116 -                Rank 1 : true
2026-05-25 04:20:49,964 [INFO] ADCParametersView:116 -                Rank 1 : true
2026-05-25 04:20:49,964 [INFO] ADCParametersView:116 -                Rank 1 : true
2026-05-25 04:20:49,965 [INFO] ADCParametersView:116 -                Rank 1 : true
2026-05-25 04:20:49,969 [INFO] ADCParametersView:116 -                Rank 1 : true
2026-05-25 04:20:50,172 [INFO] ADCParametersView:116 -                Rank 1 : true
2026-05-25 04:20:50,177 [INFO] ADCParametersView:116 -                Rank 1 : true
2026-05-25 04:20:50,177 [INFO] ADCParametersView:116 -                Rank 1 : true
2026-05-25 04:20:50,177 [INFO] ADCParametersView:116 -                Rank 1 : true
2026-05-25 04:20:50,177 [INFO] ADCParametersView:116 -                Rank 1 : true
2026-05-25 04:20:50,177 [INFO] ADCParametersView:116 -                Rank 1 : true
2026-05-25 04:20:50,177 [INFO] ADCParametersView:116 -                Rank 1 : true
2026-05-25 04:20:50,178 [INFO] ADCParametersView:116 -                Rank 1 : true
2026-05-25 04:20:50,178 [INFO] ADCParametersView:116 -                Rank 1 : true
2026-05-25 04:20:50,178 [INFO] ADCParametersView:116 -                Rank 1 : true
2026-05-25 04:20:50,189 [INFO] ADCParametersView:116 -                Rank 1 : true
2026-05-25 04:20:50,228 [INFO] ADCParametersView:116 -                Rank 1 : true
2026-05-25 04:20:50,240 [INFO] ADCParametersView:116 -                Rank 1 : true
2026-05-25 04:20:50,240 [INFO] ADCParametersView:116 -                Rank 1 : true
2026-05-25 04:20:50,240 [INFO] ADCParametersView:116 -                Rank 1 : true
2026-05-25 04:20:50,240 [INFO] ADCParametersView:116 -                Rank 1 : true
2026-05-25 04:20:50,240 [INFO] ADCParametersView:116 -                Rank 1 : true
2026-05-25 04:20:50,240 [INFO] ADCParametersView:116 -                Rank 1 : true
2026-05-25 04:20:50,241 [INFO] ADCParametersView:116 -                Rank 1 : true
2026-05-25 04:20:50,241 [INFO] ADCParametersView:116 -                Rank 1 : true
2026-05-25 04:20:50,241 [INFO] ADCParametersView:116 -                Rank 1 : true
2026-05-25 04:20:50,252 [INFO] ADCParametersView:116 -                Rank 1 : true
2026-05-25 04:21:19,587 [INFO] ADCParametersView:116 -                Rank 1 : true
2026-05-25 04:21:19,589 [INFO] ADCParametersView:116 -                Rank 1 : true
2026-05-25 04:21:19,589 [INFO] ADCParametersView:116 -                Rank 1 : true
2026-05-25 04:21:19,589 [INFO] ADCParametersView:116 -                Rank 1 : true
2026-05-25 04:21:19,589 [INFO] ADCParametersView:116 -                Rank 1 : true
2026-05-25 04:21:19,589 [INFO] ADCParametersView:116 -                Rank 1 : true
2026-05-25 04:21:19,589 [INFO] ADCParametersView:116 -                Rank 1 : true
2026-05-25 04:21:19,589 [INFO] ADCParametersView:116 -                Rank 1 : true
2026-05-25 04:21:19,590 [INFO] ADCParametersView:116 -                Rank 1 : true
2026-05-25 04:21:19,590 [INFO] ADCParametersView:116 -                Rank 1 : true
2026-05-25 04:21:19,595 [INFO] ADCParametersView:116 -                Rank 1 : true
2026-05-25 04:21:19,678 [INFO] ADCParametersView:116 -                Rank 1 : true
2026-05-25 04:21:19,681 [INFO] ADCParametersView:116 -                Rank 1 : true
2026-05-25 04:21:19,682 [INFO] ADCParametersView:116 -                Rank 1 : true
2026-05-25 04:21:19,682 [INFO] ADCParametersView:116 -                Rank 1 : true
2026-05-25 04:21:19,682 [INFO] ADCParametersView:116 -                Rank 1 : true
2026-05-25 04:21:19,682 [INFO] ADCParametersView:116 -                Rank 1 : true
2026-05-25 04:21:19,682 [INFO] ADCParametersView:116 -                Rank 1 : true
2026-05-25 04:21:19,682 [INFO] ADCParametersView:116 -                Rank 1 : true
2026-05-25 04:21:19,682 [INFO] ADCParametersView:116 -                Rank 1 : true
2026-05-25 04:21:19,682 [INFO] ADCParametersView:116 -                Rank 1 : true
2026-05-25 04:21:19,689 [INFO] ADCParametersView:116 -                Rank 1 : true
2026-05-25 04:21:19,905 [INFO] ADCParametersView:116 -                Rank 1 : true
2026-05-25 04:21:19,908 [INFO] ADCParametersView:116 -                Rank 1 : true
2026-05-25 04:21:19,908 [INFO] ADCParametersView:116 -                Rank 1 : true
2026-05-25 04:21:19,908 [INFO] ADCParametersView:116 -                Rank 1 : true
2026-05-25 04:21:19,908 [INFO] ADCParametersView:116 -                Rank 1 : true
2026-05-25 04:21:19,908 [INFO] ADCParametersView:116 -                Rank 1 : true
2026-05-25 04:21:19,908 [INFO] ADCParametersView:116 -                Rank 1 : true
2026-05-25 04:21:19,909 [INFO] ADCParametersView:116 -                Rank 1 : true
2026-05-25 04:21:19,909 [INFO] ADCParametersView:116 -                Rank 1 : true
2026-05-25 04:21:19,909 [INFO] ADCParametersView:116 -                Rank 1 : true
2026-05-25 04:21:19,913 [INFO] ADCParametersView:116 -                Rank 1 : true
2026-05-25 04:21:19,939 [INFO] ADCParametersView:116 -                Rank 1 : true
2026-05-25 04:21:19,940 [INFO] ADCParametersView:116 -                Rank 1 : true
2026-05-25 04:21:19,940 [INFO] ADCParametersView:116 -                Rank 1 : true
2026-05-25 04:21:19,940 [INFO] ADCParametersView:116 -                Rank 1 : true
2026-05-25 04:21:19,940 [INFO] ADCParametersView:116 -                Rank 1 : true
2026-05-25 04:21:19,940 [INFO] ADCParametersView:116 -                Rank 1 : true
2026-05-25 04:21:19,940 [INFO] ADCParametersView:116 -                Rank 1 : true
2026-05-25 04:21:19,940 [INFO] ADCParametersView:116 -                Rank 1 : true
2026-05-25 04:21:19,940 [INFO] ADCParametersView:116 -                Rank 1 : true
2026-05-25 04:21:19,940 [INFO] ADCParametersView:116 -                Rank 1 : true
2026-05-25 04:21:19,947 [INFO] ADCParametersView:116 -                Rank 1 : true
2026-05-25 04:21:22,582 [INFO] ADCParametersView:116 -                Rank 1 : true
2026-05-25 04:21:22,583 [INFO] ADCParametersView:116 -                Rank 1 : true
2026-05-25 04:21:22,583 [INFO] ADCParametersView:116 -                Rank 1 : true
2026-05-25 04:21:22,583 [INFO] ADCParametersView:116 -                Rank 1 : true
2026-05-25 04:21:22,583 [INFO] ADCParametersView:116 -                Rank 1 : true
2026-05-25 04:21:22,583 [INFO] ADCParametersView:116 -                Rank 1 : true
2026-05-25 04:21:22,583 [INFO] ADCParametersView:116 -                Rank 1 : true
2026-05-25 04:21:22,583 [INFO] ADCParametersView:116 -                Rank 1 : true
2026-05-25 04:21:22,584 [INFO] ADCParametersView:116 -                Rank 1 : true
2026-05-25 04:21:22,584 [INFO] ADCParametersView:116 -                Rank 1 : true
2026-05-25 04:21:22,588 [INFO] ADCParametersView:116 -                Rank 1 : true
2026-05-25 04:21:22,603 [INFO] ADCParametersView:116 -                Rank 1 : true
2026-05-25 04:21:22,605 [INFO] ADCParametersView:116 -                Rank 1 : true
2026-05-25 04:21:22,605 [INFO] ADCParametersView:116 -                Rank 1 : true
2026-05-25 04:21:22,605 [INFO] ADCParametersView:116 -                Rank 1 : true
2026-05-25 04:21:22,605 [INFO] ADCParametersView:116 -                Rank 1 : true
2026-05-25 04:21:22,605 [INFO] ADCParametersView:116 -                Rank 1 : true
2026-05-25 04:21:22,605 [INFO] ADCParametersView:116 -                Rank 1 : true
2026-05-25 04:21:22,605 [INFO] ADCParametersView:116 -                Rank 1 : true
2026-05-25 04:21:22,605 [INFO] ADCParametersView:116 -                Rank 1 : true
2026-05-25 04:21:22,605 [INFO] ADCParametersView:116 -                Rank 1 : true
2026-05-25 04:21:22,610 [INFO] ADCParametersView:116 -                Rank 1 : true
2026-05-25 04:21:22,711 [INFO] ADCParametersView:116 -                Rank 1 : true
2026-05-25 04:21:22,712 [INFO] ADCParametersView:116 -                Rank 1 : true
2026-05-25 04:21:22,712 [INFO] ADCParametersView:116 -                Rank 1 : true
2026-05-25 04:21:22,712 [INFO] ADCParametersView:116 -                Rank 1 : true
2026-05-25 04:21:22,712 [INFO] ADCParametersView:116 -                Rank 1 : true
2026-05-25 04:21:22,712 [INFO] ADCParametersView:116 -                Rank 1 : true
2026-05-25 04:21:22,712 [INFO] ADCParametersView:116 -                Rank 1 : true
2026-05-25 04:21:22,713 [INFO] ADCParametersView:116 -                Rank 1 : true
2026-05-25 04:21:22,713 [INFO] ADCParametersView:116 -                Rank 1 : true
2026-05-25 04:21:22,713 [INFO] ADCParametersView:116 -                Rank 1 : true
2026-05-25 04:21:22,719 [INFO] ADCParametersView:116 -                Rank 1 : true
2026-05-25 04:21:22,738 [INFO] ADCParametersView:116 -                Rank 1 : true
2026-05-25 04:21:22,743 [INFO] ADCParametersView:116 -                Rank 1 : true
2026-05-25 04:21:22,743 [INFO] ADCParametersView:116 -                Rank 1 : true
2026-05-25 04:21:22,743 [INFO] ADCParametersView:116 -                Rank 1 : true
2026-05-25 04:21:22,743 [INFO] ADCParametersView:116 -                Rank 1 : true
2026-05-25 04:21:22,743 [INFO] ADCParametersView:116 -                Rank 1 : true
2026-05-25 04:21:22,743 [INFO] ADCParametersView:116 -                Rank 1 : true
2026-05-25 04:21:22,743 [INFO] ADCParametersView:116 -                Rank 1 : true
2026-05-25 04:21:22,743 [INFO] ADCParametersView:116 -                Rank 1 : true
2026-05-25 04:21:22,743 [INFO] ADCParametersView:116 -                Rank 1 : true
2026-05-25 04:21:22,748 [INFO] ADCParametersView:116 -                Rank 1 : true
2026-05-25 04:21:22,915 [INFO] ADCParametersView:116 -                Rank 1 : true
2026-05-25 04:21:22,917 [INFO] ADCParametersView:116 -                Rank 1 : true
2026-05-25 04:21:22,917 [INFO] ADCParametersView:116 -                Rank 1 : true
2026-05-25 04:21:22,917 [INFO] ADCParametersView:116 -                Rank 1 : true
2026-05-25 04:21:22,917 [INFO] ADCParametersView:116 -                Rank 1 : true
2026-05-25 04:21:22,917 [INFO] ADCParametersView:116 -                Rank 1 : true
2026-05-25 04:21:22,917 [INFO] ADCParametersView:116 -                Rank 1 : true
2026-05-25 04:21:22,917 [INFO] ADCParametersView:116 -                Rank 1 : true
2026-05-25 04:21:22,917 [INFO] ADCParametersView:116 -                Rank 1 : true
2026-05-25 04:21:22,918 [INFO] ADCParametersView:116 -                Rank 1 : true
2026-05-25 04:21:22,924 [INFO] ADCParametersView:116 -                Rank 1 : true
2026-05-25 04:21:22,939 [INFO] ADCParametersView:116 -                Rank 1 : true
2026-05-25 04:21:22,941 [INFO] ADCParametersView:116 -                Rank 1 : true
2026-05-25 04:21:22,941 [INFO] ADCParametersView:116 -                Rank 1 : true
2026-05-25 04:21:22,941 [INFO] ADCParametersView:116 -                Rank 1 : true
2026-05-25 04:21:22,941 [INFO] ADCParametersView:116 -                Rank 1 : true
2026-05-25 04:21:22,941 [INFO] ADCParametersView:116 -                Rank 1 : true
2026-05-25 04:21:22,942 [INFO] ADCParametersView:116 -                Rank 1 : true
2026-05-25 04:21:22,942 [INFO] ADCParametersView:116 -                Rank 1 : true
2026-05-25 04:21:22,942 [INFO] ADCParametersView:116 -                Rank 1 : true
2026-05-25 04:21:22,942 [INFO] ADCParametersView:116 -                Rank 1 : true
2026-05-25 04:21:22,951 [INFO] ADCParametersView:116 -                Rank 1 : true
2026-05-25 04:22:01,901 [INFO] ADCParametersView:116 -                Rank 1 : true
2026-05-25 04:22:01,903 [INFO] ADCParametersView:116 -                Rank 1 : true
2026-05-25 04:22:01,903 [INFO] ADCParametersView:116 -                Rank 1 : true
2026-05-25 04:22:01,903 [INFO] ADCParametersView:116 -                Rank 1 : true
2026-05-25 04:22:01,903 [INFO] ADCParametersView:116 -                Rank 1 : true
2026-05-25 04:22:01,903 [INFO] ADCParametersView:116 -                Rank 1 : true
2026-05-25 04:22:01,904 [INFO] ADCParametersView:116 -                Rank 1 : true
2026-05-25 04:22:01,904 [INFO] ADCParametersView:116 -                Rank 1 : true
2026-05-25 04:22:01,904 [INFO] ADCParametersView:116 -                Rank 1 : true
2026-05-25 04:22:01,904 [INFO] ADCParametersView:116 -                Rank 1 : true
2026-05-25 04:22:01,910 [INFO] ADCParametersView:116 -                Rank 1 : true
2026-05-25 04:22:01,932 [INFO] ADCParametersView:116 -                Rank 1 : true
2026-05-25 04:22:01,934 [INFO] ADCParametersView:116 -                Rank 1 : true
2026-05-25 04:22:01,934 [INFO] ADCParametersView:116 -                Rank 1 : true
2026-05-25 04:22:01,934 [INFO] ADCParametersView:116 -                Rank 1 : true
2026-05-25 04:22:01,934 [INFO] ADCParametersView:116 -                Rank 1 : true
2026-05-25 04:22:01,934 [INFO] ADCParametersView:116 -                Rank 1 : true
2026-05-25 04:22:01,934 [INFO] ADCParametersView:116 -                Rank 1 : true
2026-05-25 04:22:01,934 [INFO] ADCParametersView:116 -                Rank 1 : true
2026-05-25 04:22:01,934 [INFO] ADCParametersView:116 -                Rank 1 : true
2026-05-25 04:22:01,934 [INFO] ADCParametersView:116 -                Rank 1 : true
2026-05-25 04:22:01,942 [INFO] ADCParametersView:116 -                Rank 1 : true
2026-05-25 04:22:02,115 [INFO] ADCParametersView:116 -                Rank 1 : true
2026-05-25 04:22:02,117 [INFO] ADCParametersView:116 -                Rank 1 : true
2026-05-25 04:22:02,117 [INFO] ADCParametersView:116 -                Rank 1 : true
2026-05-25 04:22:02,117 [INFO] ADCParametersView:116 -                Rank 1 : true
2026-05-25 04:22:02,117 [INFO] ADCParametersView:116 -                Rank 1 : true
2026-05-25 04:22:02,117 [INFO] ADCParametersView:116 -                Rank 1 : true
2026-05-25 04:22:02,117 [INFO] ADCParametersView:116 -                Rank 1 : true
2026-05-25 04:22:02,118 [INFO] ADCParametersView:116 -                Rank 1 : true
2026-05-25 04:22:02,118 [INFO] ADCParametersView:116 -                Rank 1 : true
2026-05-25 04:22:02,118 [INFO] ADCParametersView:116 -                Rank 1 : true
2026-05-25 04:22:02,126 [INFO] ADCParametersView:116 -                Rank 1 : true
2026-05-25 04:22:02,158 [INFO] ADCParametersView:116 -                Rank 1 : true
2026-05-25 04:22:02,159 [INFO] ADCParametersView:116 -                Rank 1 : true
2026-05-25 04:22:02,160 [INFO] ADCParametersView:116 -                Rank 1 : true
2026-05-25 04:22:02,160 [INFO] ADCParametersView:116 -                Rank 1 : true
2026-05-25 04:22:02,160 [INFO] ADCParametersView:116 -                Rank 1 : true
2026-05-25 04:22:02,160 [INFO] ADCParametersView:116 -                Rank 1 : true
2026-05-25 04:22:02,160 [INFO] ADCParametersView:116 -                Rank 1 : true
2026-05-25 04:22:02,160 [INFO] ADCParametersView:116 -                Rank 1 : true
2026-05-25 04:22:02,160 [INFO] ADCParametersView:116 -                Rank 1 : true
2026-05-25 04:22:02,160 [INFO] ADCParametersView:116 -                Rank 1 : true
2026-05-25 04:22:02,185 [INFO] ADCParametersView:116 -                Rank 1 : true
2026-05-25 04:22:11,146 [INFO] ADCParametersView:116 -                Rank 1 : true
2026-05-25 04:22:11,149 [INFO] ADCParametersView:116 -                Rank 1 : true
2026-05-25 04:22:11,149 [INFO] ADCParametersView:116 -                Rank 1 : true
2026-05-25 04:22:11,149 [INFO] ADCParametersView:116 -                Rank 1 : true
2026-05-25 04:22:11,149 [INFO] ADCParametersView:116 -                Rank 1 : true
2026-05-25 04:22:11,149 [INFO] ADCParametersView:116 -                Rank 1 : true
2026-05-25 04:22:11,149 [INFO] ADCParametersView:116 -                Rank 1 : true
2026-05-25 04:22:11,149 [INFO] ADCParametersView:116 -                Rank 1 : true
2026-05-25 04:22:11,149 [INFO] ADCParametersView:116 -                Rank 1 : true
2026-05-25 04:22:11,149 [INFO] ADCParametersView:116 -                Rank 1 : true
2026-05-25 04:22:11,164 [INFO] ADCParametersView:116 -                Rank 1 : true
2026-05-25 04:22:11,204 [INFO] ADCParametersView:116 -                Rank 1 : true
2026-05-25 04:22:11,205 [INFO] ADCParametersView:116 -                Rank 1 : true
2026-05-25 04:22:11,205 [INFO] ADCParametersView:116 -                Rank 1 : true
2026-05-25 04:22:11,205 [INFO] ADCParametersView:116 -                Rank 1 : true
2026-05-25 04:22:11,205 [INFO] ADCParametersView:116 -                Rank 1 : true
2026-05-25 04:22:11,205 [INFO] ADCParametersView:116 -                Rank 1 : true
2026-05-25 04:22:11,205 [INFO] ADCParametersView:116 -                Rank 1 : true
2026-05-25 04:22:11,206 [INFO] ADCParametersView:116 -                Rank 1 : true
2026-05-25 04:22:11,206 [INFO] ADCParametersView:116 -                Rank 1 : true
2026-05-25 04:22:11,206 [INFO] ADCParametersView:116 -                Rank 1 : true
2026-05-25 04:22:11,225 [INFO] ADCParametersView:116 -                Rank 1 : true
2026-05-25 04:22:11,357 [INFO] ADCParametersView:116 -                Rank 1 : true
2026-05-25 04:22:11,358 [INFO] ADCParametersView:116 -                Rank 1 : true
2026-05-25 04:22:11,358 [INFO] ADCParametersView:116 -                Rank 1 : true
2026-05-25 04:22:11,359 [INFO] ADCParametersView:116 -                Rank 1 : true
2026-05-25 04:22:11,359 [INFO] ADCParametersView:116 -                Rank 1 : true
2026-05-25 04:22:11,359 [INFO] ADCParametersView:116 -                Rank 1 : true
2026-05-25 04:22:11,359 [INFO] ADCParametersView:116 -                Rank 1 : true
2026-05-25 04:22:11,359 [INFO] ADCParametersView:116 -                Rank 1 : true
2026-05-25 04:22:11,359 [INFO] ADCParametersView:116 -                Rank 1 : true
2026-05-25 04:22:11,359 [INFO] ADCParametersView:116 -                Rank 1 : true
2026-05-25 04:22:11,366 [INFO] ADCParametersView:116 -                Rank 1 : true
2026-05-25 04:22:11,382 [INFO] ADCParametersView:116 -                Rank 1 : true
2026-05-25 04:22:11,384 [INFO] ADCParametersView:116 -                Rank 1 : true
2026-05-25 04:22:11,384 [INFO] ADCParametersView:116 -                Rank 1 : true
2026-05-25 04:22:11,384 [INFO] ADCParametersView:116 -                Rank 1 : true
2026-05-25 04:22:11,384 [INFO] ADCParametersView:116 -                Rank 1 : true
2026-05-25 04:22:11,384 [INFO] ADCParametersView:116 -                Rank 1 : true
2026-05-25 04:22:11,384 [INFO] ADCParametersView:116 -                Rank 1 : true
2026-05-25 04:22:11,384 [INFO] ADCParametersView:116 -                Rank 1 : true
2026-05-25 04:22:11,384 [INFO] ADCParametersView:116 -                Rank 1 : true
2026-05-25 04:22:11,384 [INFO] ADCParametersView:116 -                Rank 1 : true
2026-05-25 04:22:11,398 [INFO] ADCParametersView:116 -                Rank 1 : true
2026-05-25 04:22:28,364 [INFO] ADCParametersView:116 -                Rank 1 : true
2026-05-25 04:22:28,366 [INFO] ADCParametersView:116 -                Rank 1 : true
2026-05-25 04:22:28,367 [INFO] ADCParametersView:116 -                Rank 1 : true
2026-05-25 04:22:28,367 [INFO] ADCParametersView:116 -                Rank 1 : true
2026-05-25 04:22:28,367 [INFO] ADCParametersView:116 -                Rank 1 : true
2026-05-25 04:22:28,367 [INFO] ADCParametersView:116 -                Rank 1 : true
2026-05-25 04:22:28,367 [INFO] ADCParametersView:116 -                Rank 1 : true
2026-05-25 04:22:28,367 [INFO] ADCParametersView:116 -                Rank 1 : true
2026-05-25 04:22:28,367 [INFO] ADCParametersView:116 -                Rank 1 : true
2026-05-25 04:22:28,367 [INFO] ADCParametersView:116 -                Rank 1 : true
2026-05-25 04:22:28,382 [INFO] ADCParametersView:116 -                Rank 1 : true
2026-05-25 04:22:28,447 [INFO] ADCParametersView:116 -                Rank 1 : true
2026-05-25 04:22:28,449 [INFO] ADCParametersView:116 -                Rank 1 : true
2026-05-25 04:22:28,449 [INFO] ADCParametersView:116 -                Rank 1 : true
2026-05-25 04:22:28,449 [INFO] ADCParametersView:116 -                Rank 1 : true
2026-05-25 04:22:28,449 [INFO] ADCParametersView:116 -                Rank 1 : true
2026-05-25 04:22:28,449 [INFO] ADCParametersView:116 -                Rank 1 : true
2026-05-25 04:22:28,449 [INFO] ADCParametersView:116 -                Rank 1 : true
2026-05-25 04:22:28,449 [INFO] ADCParametersView:116 -                Rank 1 : true
2026-05-25 04:22:28,449 [INFO] ADCParametersView:116 -                Rank 1 : true
2026-05-25 04:22:28,449 [INFO] ADCParametersView:116 -                Rank 1 : true
2026-05-25 04:22:28,457 [INFO] ADCParametersView:116 -                Rank 1 : true
2026-05-25 04:22:28,623 [INFO] ADCParametersView:116 -                Rank 1 : true
2026-05-25 04:22:28,625 [INFO] ADCParametersView:116 -                Rank 1 : true
2026-05-25 04:22:28,626 [INFO] ADCParametersView:116 -                Rank 1 : true
2026-05-25 04:22:28,626 [INFO] ADCParametersView:116 -                Rank 1 : true
2026-05-25 04:22:28,626 [INFO] ADCParametersView:116 -                Rank 1 : true
2026-05-25 04:22:28,626 [INFO] ADCParametersView:116 -                Rank 1 : true
2026-05-25 04:22:28,627 [INFO] ADCParametersView:116 -                Rank 1 : true
2026-05-25 04:22:28,627 [INFO] ADCParametersView:116 -                Rank 1 : true
2026-05-25 04:22:28,627 [INFO] ADCParametersView:116 -                Rank 1 : true
2026-05-25 04:22:28,627 [INFO] ADCParametersView:116 -                Rank 1 : true
2026-05-25 04:22:28,642 [INFO] ADCParametersView:116 -                Rank 1 : true
2026-05-25 04:22:28,664 [INFO] ADCParametersView:116 -                Rank 1 : true
2026-05-25 04:22:28,665 [INFO] ADCParametersView:116 -                Rank 1 : true
2026-05-25 04:22:28,665 [INFO] ADCParametersView:116 -                Rank 1 : true
2026-05-25 04:22:28,665 [INFO] ADCParametersView:116 -                Rank 1 : true
2026-05-25 04:22:28,665 [INFO] ADCParametersView:116 -                Rank 1 : true
2026-05-25 04:22:28,666 [INFO] ADCParametersView:116 -                Rank 1 : true
2026-05-25 04:22:28,666 [INFO] ADCParametersView:116 -                Rank 1 : true
2026-05-25 04:22:28,666 [INFO] ADCParametersView:116 -                Rank 1 : true
2026-05-25 04:22:28,666 [INFO] ADCParametersView:116 -                Rank 1 : true
2026-05-25 04:22:28,666 [INFO] ADCParametersView:116 -                Rank 1 : true
2026-05-25 04:22:28,675 [INFO] ADCParametersView:116 -                Rank 1 : true
2026-05-25 04:22:36,523 [ERROR] LogOutputStream:75 - [STDERR_REDIRECT] Exception in thread "AWT-EventQueue-0" java.lang.NullPointerException: Cannot invoke "com.st.microxplorer.mcu.Signal.getDiagnostic()" because the return value of "com.st.microxplorer.mcu.Pin.GetCurrentSignal()" is null
2026-05-25 04:22:36,525 [ERROR] LogOutputStream:75 - [STDERR_REDIRECT] 	at com.st.microxplorer.mcu.Mode.getDiagnostic(Mode.java:1423)
2026-05-25 04:22:36,528 [ERROR] LogOutputStream:75 - [STDERR_REDIRECT] 	at com.st.microxplorer.peripheralpanel.ComboPeriphMode.updateMode(PeriphMode.java:742)
2026-05-25 04:22:36,531 [ERROR] LogOutputStream:75 - [STDERR_REDIRECT] 	at com.st.microxplorer.peripheralpanel.PeripheralTree.updateModes(PeripheralTree.java:737)
2026-05-25 04:22:36,533 [ERROR] LogOutputStream:75 - [STDERR_REDIRECT] 	at com.st.microxplorer.peripheralpanel.PeripheralTree.updateModes(PeripheralTree.java:705)
2026-05-25 04:22:36,536 [ERROR] LogOutputStream:75 - [STDERR_REDIRECT] 	at com.st.microxplorer.peripheralpanel.PeripheralTree.updateModes(PeripheralTree.java:705)
2026-05-25 04:22:36,539 [ERROR] LogOutputStream:75 - [STDERR_REDIRECT] 	at com.st.microxplorer.peripheralpanel.PeripheralTree.updateModes(PeripheralTree.java:658)
2026-05-25 04:22:36,543 [ERROR] LogOutputStream:75 - [STDERR_REDIRECT] 	at com.st.microxplorer.plugins.pinoutconfig.guiV5.PeripheralsSelectionPanel.updatePeripheralsTree(PeripheralsSelectionPanel.java:645)
2026-05-25 04:22:36,547 [ERROR] LogOutputStream:75 - [STDERR_REDIRECT] 	at com.st.microxplorer.plugins.pinoutconfig.guiV5.PeripheralsSelectionPanel.propertyChange(PeripheralsSelectionPanel.java:756)
2026-05-25 04:22:36,549 [ERROR] LogOutputStream:75 - [STDERR_REDIRECT] 	at java.desktop/java.beans.PropertyChangeSupport.fire(PropertyChangeSupport.java:343)
2026-05-25 04:22:36,552 [ERROR] LogOutputStream:75 - [STDERR_REDIRECT] 	at java.desktop/java.beans.PropertyChangeSupport.firePropertyChange(PropertyChangeSupport.java:335)
2026-05-25 04:22:36,555 [ERROR] LogOutputStream:75 - [STDERR_REDIRECT] 	at com.st.microxplorer.mxsystem.MxSystem.propertyChange(MxSystem.java:473)
2026-05-25 04:22:36,558 [ERROR] LogOutputStream:75 - [STDERR_REDIRECT] 	at java.desktop/java.beans.PropertyChangeSupport.fire(PropertyChangeSupport.java:343)
2026-05-25 04:22:36,561 [ERROR] LogOutputStream:75 - [STDERR_REDIRECT] 	at java.desktop/java.beans.PropertyChangeSupport.firePropertyChange(PropertyChangeSupport.java:335)
2026-05-25 04:22:36,564 [ERROR] LogOutputStream:75 - [STDERR_REDIRECT] 	at java.desktop/java.beans.PropertyChangeSupport.firePropertyChange(PropertyChangeSupport.java:268)
2026-05-25 04:22:36,567 [ERROR] LogOutputStream:75 - [STDERR_REDIRECT] 	at com.st.microxplorer.util.MXPropertyChangeSupport.firePropertyChange(MXPropertyChangeSupport.java:54)
2026-05-25 04:22:36,570 [ERROR] LogOutputStream:75 - [STDERR_REDIRECT] 	at com.st.microxplorer.mcu.Mcu.propertyChange(Mcu.java:1811)
2026-05-25 04:22:36,572 [ERROR] LogOutputStream:75 - [STDERR_REDIRECT] 	at java.desktop/java.beans.PropertyChangeSupport.fire(PropertyChangeSupport.java:343)
2026-05-25 04:22:36,575 [ERROR] LogOutputStream:75 - [STDERR_REDIRECT] 	at java.desktop/java.beans.PropertyChangeSupport.firePropertyChange(PropertyChangeSupport.java:335)
2026-05-25 04:22:36,579 [ERROR] LogOutputStream:75 - [STDERR_REDIRECT] 	at java.desktop/java.beans.PropertyChangeSupport.firePropertyChange(PropertyChangeSupport.java:268)
2026-05-25 04:22:36,583 [ERROR] LogOutputStream:75 - [STDERR_REDIRECT] 	at com.st.microxplorer.util.MXPropertyChangeSupport.firePropertyChange(MXPropertyChangeSupport.java:54)
2026-05-25 04:22:36,584 [ERROR] LogOutputStream:75 - [STDERR_REDIRECT] 	at com.st.microxplorer.mcu.Pin.setLocked(Pin.java:1060)
2026-05-25 04:22:36,586 [ERROR] LogOutputStream:75 - [STDERR_REDIRECT] 	at com.st.microxplorer.plugins.pinoutconfig.gui.PinOutPanel$4.actionPerformed(PinOutPanel.java:378)
2026-05-25 04:22:36,587 [ERROR] LogOutputStream:75 - [STDERR_REDIRECT] 	at java.desktop/javax.swing.AbstractButton.fireActionPerformed(AbstractButton.java:1972)
2026-05-25 04:22:36,589 [ERROR] LogOutputStream:75 - [STDERR_REDIRECT] 	at java.desktop/javax.swing.AbstractButton$Handler.actionPerformed(AbstractButton.java:2314)
2026-05-25 04:22:36,590 [ERROR] LogOutputStream:75 - [STDERR_REDIRECT] 	at java.desktop/javax.swing.DefaultButtonModel.fireActionPerformed(DefaultButtonModel.java:407)
2026-05-25 04:22:36,591 [ERROR] LogOutputStream:75 - [STDERR_REDIRECT] 	at java.desktop/javax.swing.DefaultButtonModel.setPressed(DefaultButtonModel.java:262)
2026-05-25 04:22:36,592 [ERROR] LogOutputStream:75 - [STDERR_REDIRECT] 	at java.desktop/javax.swing.AbstractButton.doClick(AbstractButton.java:374)
2026-05-25 04:22:36,594 [ERROR] LogOutputStream:75 - [STDERR_REDIRECT] 	at java.desktop/javax.swing.plaf.basic.BasicMenuItemUI.doClick(BasicMenuItemUI.java:1029)
2026-05-25 04:22:36,596 [ERROR] LogOutputStream:75 - [STDERR_REDIRECT] 	at java.desktop/javax.swing.plaf.basic.BasicMenuItemUI$Handler.mouseReleased(BasicMenuItemUI.java:1073)
2026-05-25 04:22:36,597 [ERROR] LogOutputStream:75 - [STDERR_REDIRECT] 	at java.desktop/java.awt.Component.processMouseEvent(Component.java:6621)
2026-05-25 04:22:36,598 [ERROR] LogOutputStream:75 - [STDERR_REDIRECT] 	at java.desktop/javax.swing.JComponent.processMouseEvent(JComponent.java:3398)
2026-05-25 04:22:36,599 [ERROR] LogOutputStream:75 - [STDERR_REDIRECT] 	at java.desktop/java.awt.Component.processEvent(Component.java:6386)
2026-05-25 04:22:36,600 [ERROR] LogOutputStream:75 - [STDERR_REDIRECT] 	at java.desktop/java.awt.Container.processEvent(Container.java:2266)
2026-05-25 04:22:36,602 [ERROR] LogOutputStream:75 - [STDERR_REDIRECT] 	at java.desktop/java.awt.Component.dispatchEventImpl(Component.java:4996)
2026-05-25 04:22:36,603 [ERROR] LogOutputStream:75 - [STDERR_REDIRECT] 	at java.desktop/java.awt.Container.dispatchEventImpl(Container.java:2324)
2026-05-25 04:22:36,604 [ERROR] LogOutputStream:75 - [STDERR_REDIRECT] 	at java.desktop/java.awt.Component.dispatchEvent(Component.java:4828)
2026-05-25 04:22:36,605 [ERROR] LogOutputStream:75 - [STDERR_REDIRECT] 	at java.desktop/java.awt.LightweightDispatcher.retargetMouseEvent(Container.java:4948)
2026-05-25 04:22:36,606 [ERROR] LogOutputStream:75 - [STDERR_REDIRECT] 	at java.desktop/java.awt.LightweightDispatcher.processMouseEvent(Container.java:4575)
2026-05-25 04:22:36,607 [ERROR] LogOutputStream:75 - [STDERR_REDIRECT] 	at java.desktop/java.awt.LightweightDispatcher.dispatchEvent(Container.java:4516)
2026-05-25 04:22:36,609 [ERROR] LogOutputStream:75 - [STDERR_REDIRECT] 	at java.desktop/java.awt.Container.dispatchEventImpl(Container.java:2310)
2026-05-25 04:22:36,610 [ERROR] LogOutputStream:75 - [STDERR_REDIRECT] 	at java.desktop/java.awt.Window.dispatchEventImpl(Window.java:2780)
2026-05-25 04:22:36,611 [ERROR] LogOutputStream:75 - [STDERR_REDIRECT] 	at java.desktop/java.awt.Component.dispatchEvent(Component.java:4828)
2026-05-25 04:22:36,612 [ERROR] LogOutputStream:75 - [STDERR_REDIRECT] 	at java.desktop/java.awt.EventQueue.dispatchEventImpl(EventQueue.java:775)
2026-05-25 04:22:36,613 [ERROR] LogOutputStream:75 - [STDERR_REDIRECT] 	at java.desktop/java.awt.EventQueue$4.run(EventQueue.java:720)
2026-05-25 04:22:36,614 [ERROR] LogOutputStream:75 - [STDERR_REDIRECT] 	at java.desktop/java.awt.EventQueue$4.run(EventQueue.java:714)
2026-05-25 04:22:36,616 [ERROR] LogOutputStream:75 - [STDERR_REDIRECT] 	at java.base/java.security.AccessController.doPrivileged(AccessController.java:400)
2026-05-25 04:22:36,617 [ERROR] LogOutputStream:75 - [STDERR_REDIRECT] 	at java.base/java.security.ProtectionDomain$JavaSecurityAccessImpl.doIntersectionPrivilege(ProtectionDomain.java:87)
2026-05-25 04:22:36,619 [ERROR] LogOutputStream:75 - [STDERR_REDIRECT] 	at java.base/java.security.ProtectionDomain$JavaSecurityAccessImpl.doIntersectionPrivilege(ProtectionDomain.java:98)
2026-05-25 04:22:36,620 [ERROR] LogOutputStream:75 - [STDERR_REDIRECT] 	at java.desktop/java.awt.EventQueue$5.run(EventQueue.java:747)
2026-05-25 04:22:36,621 [ERROR] LogOutputStream:75 - [STDERR_REDIRECT] 	at java.desktop/java.awt.EventQueue$5.run(EventQueue.java:745)
2026-05-25 04:22:36,623 [ERROR] LogOutputStream:75 - [STDERR_REDIRECT] 	at java.base/java.security.AccessController.doPrivileged(AccessController.java:400)
2026-05-25 04:22:36,625 [ERROR] LogOutputStream:75 - [STDERR_REDIRECT] 	at java.base/java.security.ProtectionDomain$JavaSecurityAccessImpl.doIntersectionPrivilege(ProtectionDomain.java:87)
2026-05-25 04:22:36,626 [ERROR] LogOutputStream:75 - [STDERR_REDIRECT] 	at java.desktop/java.awt.EventQueue.dispatchEvent(EventQueue.java:744)
2026-05-25 04:22:36,628 [ERROR] LogOutputStream:75 - [STDERR_REDIRECT] 	at java.desktop/java.awt.EventDispatchThread.pumpOneEventForFilters(EventDispatchThread.java:203)
2026-05-25 04:22:36,629 [ERROR] LogOutputStream:75 - [STDERR_REDIRECT] 	at java.desktop/java.awt.EventDispatchThread.pumpEventsForFilter(EventDispatchThread.java:124)
2026-05-25 04:22:36,630 [ERROR] LogOutputStream:75 - [STDERR_REDIRECT] 	at java.desktop/java.awt.EventDispatchThread.pumpEventsForHierarchy(EventDispatchThread.java:113)
2026-05-25 04:22:36,632 [ERROR] LogOutputStream:75 - [STDERR_REDIRECT] 	at java.desktop/java.awt.EventDispatchThread.pumpEvents(EventDispatchThread.java:109)
2026-05-25 04:22:36,634 [ERROR] LogOutputStream:75 - [STDERR_REDIRECT] 	at java.desktop/java.awt.EventDispatchThread.pumpEvents(EventDispatchThread.java:101)
2026-05-25 04:22:36,635 [ERROR] LogOutputStream:75 - [STDERR_REDIRECT] 	at java.desktop/java.awt.EventDispatchThread.run(EventDispatchThread.java:90)
2026-05-25 04:22:41,530 [INFO] ADCParametersView:116 -                Rank 1 : true
2026-05-25 04:22:41,532 [INFO] ADCParametersView:116 -                Rank 1 : true
2026-05-25 04:22:41,532 [INFO] ADCParametersView:116 -                Rank 1 : true
2026-05-25 04:22:41,532 [INFO] ADCParametersView:116 -                Rank 1 : true
2026-05-25 04:22:41,532 [INFO] ADCParametersView:116 -                Rank 1 : true
2026-05-25 04:22:41,532 [INFO] ADCParametersView:116 -                Rank 1 : true
2026-05-25 04:22:41,532 [INFO] ADCParametersView:116 -                Rank 1 : true
2026-05-25 04:22:41,532 [INFO] ADCParametersView:116 -                Rank 1 : true
2026-05-25 04:22:41,532 [INFO] ADCParametersView:116 -                Rank 1 : true
2026-05-25 04:22:41,532 [INFO] ADCParametersView:116 -                Rank 1 : true
2026-05-25 04:22:41,538 [INFO] ADCParametersView:116 -                Rank 1 : true
2026-05-25 04:22:41,556 [INFO] ADCParametersView:116 -                Rank 1 : true
2026-05-25 04:22:41,556 [INFO] ADCParametersView:116 -                Rank 1 : true
2026-05-25 04:22:41,556 [INFO] ADCParametersView:116 -                Rank 1 : true
2026-05-25 04:22:41,556 [INFO] ADCParametersView:116 -                Rank 1 : true
2026-05-25 04:22:41,556 [INFO] ADCParametersView:116 -                Rank 1 : true
2026-05-25 04:22:41,556 [INFO] ADCParametersView:116 -                Rank 1 : true
2026-05-25 04:22:41,556 [INFO] ADCParametersView:116 -                Rank 1 : true
2026-05-25 04:22:41,556 [INFO] ADCParametersView:116 -                Rank 1 : true
2026-05-25 04:22:41,556 [INFO] ADCParametersView:116 -                Rank 1 : true
2026-05-25 04:22:41,556 [INFO] ADCParametersView:116 -                Rank 1 : true
2026-05-25 04:22:41,560 [INFO] ADCParametersView:116 -                Rank 1 : true
2026-05-25 04:22:41,721 [INFO] ADCParametersView:116 -                Rank 1 : true
2026-05-25 04:22:41,724 [INFO] ADCParametersView:116 -                Rank 1 : true
2026-05-25 04:22:41,724 [INFO] ADCParametersView:116 -                Rank 1 : true
2026-05-25 04:22:41,724 [INFO] ADCParametersView:116 -                Rank 1 : true
2026-05-25 04:22:41,724 [INFO] ADCParametersView:116 -                Rank 1 : true
2026-05-25 04:22:41,724 [INFO] ADCParametersView:116 -                Rank 1 : true
2026-05-25 04:22:41,724 [INFO] ADCParametersView:116 -                Rank 1 : true
2026-05-25 04:22:41,724 [INFO] ADCParametersView:116 -                Rank 1 : true
2026-05-25 04:22:41,724 [INFO] ADCParametersView:116 -                Rank 1 : true
2026-05-25 04:22:41,724 [INFO] ADCParametersView:116 -                Rank 1 : true
2026-05-25 04:22:41,731 [INFO] ADCParametersView:116 -                Rank 1 : true
2026-05-25 04:22:41,750 [INFO] ADCParametersView:116 -                Rank 1 : true
2026-05-25 04:22:41,751 [INFO] ADCParametersView:116 -                Rank 1 : true
2026-05-25 04:22:41,751 [INFO] ADCParametersView:116 -                Rank 1 : true
2026-05-25 04:22:41,751 [INFO] ADCParametersView:116 -                Rank 1 : true
2026-05-25 04:22:41,751 [INFO] ADCParametersView:116 -                Rank 1 : true
2026-05-25 04:22:41,751 [INFO] ADCParametersView:116 -                Rank 1 : true
2026-05-25 04:22:41,752 [INFO] ADCParametersView:116 -                Rank 1 : true
2026-05-25 04:22:41,752 [INFO] ADCParametersView:116 -                Rank 1 : true
2026-05-25 04:22:41,752 [INFO] ADCParametersView:116 -                Rank 1 : true
2026-05-25 04:22:41,752 [INFO] ADCParametersView:116 -                Rank 1 : true
2026-05-25 04:22:41,758 [INFO] ADCParametersView:116 -                Rank 1 : true
2026-05-25 04:22:50,320 [INFO] ADCParametersView:116 -                Rank 1 : true
2026-05-25 04:22:50,322 [INFO] ADCParametersView:116 -                Rank 1 : true
2026-05-25 04:22:50,322 [INFO] ADCParametersView:116 -                Rank 1 : true
2026-05-25 04:22:50,322 [INFO] ADCParametersView:116 -                Rank 1 : true
2026-05-25 04:22:50,322 [INFO] ADCParametersView:116 -                Rank 1 : true
2026-05-25 04:22:50,323 [INFO] ADCParametersView:116 -                Rank 1 : true
2026-05-25 04:22:50,323 [INFO] ADCParametersView:116 -                Rank 1 : true
2026-05-25 04:22:50,323 [INFO] ADCParametersView:116 -                Rank 1 : true
2026-05-25 04:22:50,323 [INFO] ADCParametersView:116 -                Rank 1 : true
2026-05-25 04:22:50,323 [INFO] ADCParametersView:116 -                Rank 1 : true
2026-05-25 04:22:50,329 [INFO] ADCParametersView:116 -                Rank 1 : true
2026-05-25 04:22:50,357 [INFO] ADCParametersView:116 -                Rank 1 : true
2026-05-25 04:22:50,361 [INFO] ADCParametersView:116 -                Rank 1 : true
2026-05-25 04:22:50,362 [INFO] ADCParametersView:116 -                Rank 1 : true
2026-05-25 04:22:50,362 [INFO] ADCParametersView:116 -                Rank 1 : true
2026-05-25 04:22:50,362 [INFO] ADCParametersView:116 -                Rank 1 : true
2026-05-25 04:22:50,363 [INFO] ADCParametersView:116 -                Rank 1 : true
2026-05-25 04:22:50,363 [INFO] ADCParametersView:116 -                Rank 1 : true
2026-05-25 04:22:50,363 [INFO] ADCParametersView:116 -                Rank 1 : true
2026-05-25 04:22:50,363 [INFO] ADCParametersView:116 -                Rank 1 : true
2026-05-25 04:22:50,363 [INFO] ADCParametersView:116 -                Rank 1 : true
2026-05-25 04:22:50,379 [INFO] ADCParametersView:116 -                Rank 1 : true
2026-05-25 04:22:50,587 [INFO] ADCParametersView:116 -                Rank 1 : true
2026-05-25 04:22:50,588 [INFO] ADCParametersView:116 -                Rank 1 : true
2026-05-25 04:22:50,588 [INFO] ADCParametersView:116 -                Rank 1 : true
2026-05-25 04:22:50,588 [INFO] ADCParametersView:116 -                Rank 1 : true
2026-05-25 04:22:50,589 [INFO] ADCParametersView:116 -                Rank 1 : true
2026-05-25 04:22:50,589 [INFO] ADCParametersView:116 -                Rank 1 : true
2026-05-25 04:22:50,589 [INFO] ADCParametersView:116 -                Rank 1 : true
2026-05-25 04:22:50,589 [INFO] ADCParametersView:116 -                Rank 1 : true
2026-05-25 04:22:50,589 [INFO] ADCParametersView:116 -                Rank 1 : true
2026-05-25 04:22:50,589 [INFO] ADCParametersView:116 -                Rank 1 : true
2026-05-25 04:22:50,595 [INFO] ADCParametersView:116 -                Rank 1 : true
2026-05-25 04:22:50,611 [INFO] ADCParametersView:116 -                Rank 1 : true
2026-05-25 04:22:50,612 [INFO] ADCParametersView:116 -                Rank 1 : true
2026-05-25 04:22:50,612 [INFO] ADCParametersView:116 -                Rank 1 : true
2026-05-25 04:22:50,612 [INFO] ADCParametersView:116 -                Rank 1 : true
2026-05-25 04:22:50,612 [INFO] ADCParametersView:116 -                Rank 1 : true
2026-05-25 04:22:50,613 [INFO] ADCParametersView:116 -                Rank 1 : true
2026-05-25 04:22:50,613 [INFO] ADCParametersView:116 -                Rank 1 : true
2026-05-25 04:22:50,613 [INFO] ADCParametersView:116 -                Rank 1 : true
2026-05-25 04:22:50,613 [INFO] ADCParametersView:116 -                Rank 1 : true
2026-05-25 04:22:50,613 [INFO] ADCParametersView:116 -                Rank 1 : true
2026-05-25 04:22:50,620 [INFO] ADCParametersView:116 -                Rank 1 : true
2026-05-25 04:23:04,205 [INFO] ADCParametersView:116 -                Rank 1 : true
2026-05-25 04:23:04,207 [INFO] ADCParametersView:116 -                Rank 1 : true
2026-05-25 04:23:04,208 [INFO] ADCParametersView:116 -                Rank 1 : true
2026-05-25 04:23:04,208 [INFO] ADCParametersView:116 -                Rank 1 : true
2026-05-25 04:23:04,208 [INFO] ADCParametersView:116 -                Rank 1 : true
2026-05-25 04:23:04,208 [INFO] ADCParametersView:116 -                Rank 1 : true
2026-05-25 04:23:04,208 [INFO] ADCParametersView:116 -                Rank 1 : true
2026-05-25 04:23:04,208 [INFO] ADCParametersView:116 -                Rank 1 : true
2026-05-25 04:23:04,208 [INFO] ADCParametersView:116 -                Rank 1 : true
2026-05-25 04:23:04,208 [INFO] ADCParametersView:116 -                Rank 1 : true
2026-05-25 04:23:04,222 [INFO] ADCParametersView:116 -                Rank 1 : true
2026-05-25 04:23:04,249 [INFO] ADCParametersView:116 -                Rank 1 : true
2026-05-25 04:23:04,250 [INFO] ADCParametersView:116 -                Rank 1 : true
2026-05-25 04:23:04,251 [INFO] ADCParametersView:116 -                Rank 1 : true
2026-05-25 04:23:04,251 [INFO] ADCParametersView:116 -                Rank 1 : true
2026-05-25 04:23:04,251 [INFO] ADCParametersView:116 -                Rank 1 : true
2026-05-25 04:23:04,251 [INFO] ADCParametersView:116 -                Rank 1 : true
2026-05-25 04:23:04,251 [INFO] ADCParametersView:116 -                Rank 1 : true
2026-05-25 04:23:04,251 [INFO] ADCParametersView:116 -                Rank 1 : true
2026-05-25 04:23:04,251 [INFO] ADCParametersView:116 -                Rank 1 : true
2026-05-25 04:23:04,251 [INFO] ADCParametersView:116 -                Rank 1 : true
2026-05-25 04:23:04,258 [INFO] ADCParametersView:116 -                Rank 1 : true
2026-05-25 04:23:04,473 [INFO] ADCParametersView:116 -                Rank 1 : true
2026-05-25 04:23:04,474 [INFO] ADCParametersView:116 -                Rank 1 : true
2026-05-25 04:23:04,476 [INFO] ADCParametersView:116 -                Rank 1 : true
2026-05-25 04:23:04,476 [INFO] ADCParametersView:116 -                Rank 1 : true
2026-05-25 04:23:04,476 [INFO] ADCParametersView:116 -                Rank 1 : true
2026-05-25 04:23:04,476 [INFO] ADCParametersView:116 -                Rank 1 : true
2026-05-25 04:23:04,476 [INFO] ADCParametersView:116 -                Rank 1 : true
2026-05-25 04:23:04,476 [INFO] ADCParametersView:116 -                Rank 1 : true
2026-05-25 04:23:04,476 [INFO] ADCParametersView:116 -                Rank 1 : true
2026-05-25 04:23:04,476 [INFO] ADCParametersView:116 -                Rank 1 : true
2026-05-25 04:23:04,482 [INFO] ADCParametersView:116 -                Rank 1 : true
2026-05-25 04:23:04,502 [INFO] ADCParametersView:116 -                Rank 1 : true
2026-05-25 04:23:04,503 [INFO] ADCParametersView:116 -                Rank 1 : true
2026-05-25 04:23:04,503 [INFO] ADCParametersView:116 -                Rank 1 : true
2026-05-25 04:23:04,503 [INFO] ADCParametersView:116 -                Rank 1 : true
2026-05-25 04:23:04,504 [INFO] ADCParametersView:116 -                Rank 1 : true
2026-05-25 04:23:04,504 [INFO] ADCParametersView:116 -                Rank 1 : true
2026-05-25 04:23:04,504 [INFO] ADCParametersView:116 -                Rank 1 : true
2026-05-25 04:23:04,504 [INFO] ADCParametersView:116 -                Rank 1 : true
2026-05-25 04:23:04,504 [INFO] ADCParametersView:116 -                Rank 1 : true
2026-05-25 04:23:04,504 [INFO] ADCParametersView:116 -                Rank 1 : true
2026-05-25 04:23:04,509 [INFO] ADCParametersView:116 -                Rank 1 : true
2026-05-25 04:23:26,003 [INFO] ADCParametersView:116 -                Rank 1 : true
2026-05-25 04:23:26,005 [INFO] ADCParametersView:116 -                Rank 1 : true
2026-05-25 04:23:26,005 [INFO] ADCParametersView:116 -                Rank 1 : true
2026-05-25 04:23:26,005 [INFO] ADCParametersView:116 -                Rank 1 : true
2026-05-25 04:23:26,006 [INFO] ADCParametersView:116 -                Rank 1 : true
2026-05-25 04:23:26,006 [INFO] ADCParametersView:116 -                Rank 1 : true
2026-05-25 04:23:26,006 [INFO] ADCParametersView:116 -                Rank 1 : true
2026-05-25 04:23:26,006 [INFO] ADCParametersView:116 -                Rank 1 : true
2026-05-25 04:23:26,006 [INFO] ADCParametersView:116 -                Rank 1 : true
2026-05-25 04:23:26,006 [INFO] ADCParametersView:116 -                Rank 1 : true
2026-05-25 04:23:26,014 [INFO] ADCParametersView:116 -                Rank 1 : true
2026-05-25 04:23:26,036 [INFO] ADCParametersView:116 -                Rank 1 : true
2026-05-25 04:23:26,037 [INFO] ADCParametersView:116 -                Rank 1 : true
2026-05-25 04:23:26,037 [INFO] ADCParametersView:116 -                Rank 1 : true
2026-05-25 04:23:26,037 [INFO] ADCParametersView:116 -                Rank 1 : true
2026-05-25 04:23:26,038 [INFO] ADCParametersView:116 -                Rank 1 : true
2026-05-25 04:23:26,038 [INFO] ADCParametersView:116 -                Rank 1 : true
2026-05-25 04:23:26,038 [INFO] ADCParametersView:116 -                Rank 1 : true
2026-05-25 04:23:26,038 [INFO] ADCParametersView:116 -                Rank 1 : true
2026-05-25 04:23:26,038 [INFO] ADCParametersView:116 -                Rank 1 : true
2026-05-25 04:23:26,038 [INFO] ADCParametersView:116 -                Rank 1 : true
2026-05-25 04:23:26,045 [INFO] ADCParametersView:116 -                Rank 1 : true
2026-05-25 04:23:26,199 [INFO] ADCParametersView:116 -                Rank 1 : true
2026-05-25 04:23:26,199 [INFO] ADCParametersView:116 -                Rank 1 : true
2026-05-25 04:23:26,200 [INFO] ADCParametersView:116 -                Rank 1 : true
2026-05-25 04:23:26,200 [INFO] ADCParametersView:116 -                Rank 1 : true
2026-05-25 04:23:26,200 [INFO] ADCParametersView:116 -                Rank 1 : true
2026-05-25 04:23:26,200 [INFO] ADCParametersView:116 -                Rank 1 : true
2026-05-25 04:23:26,200 [INFO] ADCParametersView:116 -                Rank 1 : true
2026-05-25 04:23:26,200 [INFO] ADCParametersView:116 -                Rank 1 : true
2026-05-25 04:23:26,200 [INFO] ADCParametersView:116 -                Rank 1 : true
2026-05-25 04:23:26,200 [INFO] ADCParametersView:116 -                Rank 1 : true
2026-05-25 04:23:26,205 [INFO] ADCParametersView:116 -                Rank 1 : true
2026-05-25 04:23:26,229 [INFO] ADCParametersView:116 -                Rank 1 : true
2026-05-25 04:23:26,232 [INFO] ADCParametersView:116 -                Rank 1 : true
2026-05-25 04:23:26,232 [INFO] ADCParametersView:116 -                Rank 1 : true
2026-05-25 04:23:26,232 [INFO] ADCParametersView:116 -                Rank 1 : true
2026-05-25 04:23:26,232 [INFO] ADCParametersView:116 -                Rank 1 : true
2026-05-25 04:23:26,232 [INFO] ADCParametersView:116 -                Rank 1 : true
2026-05-25 04:23:26,232 [INFO] ADCParametersView:116 -                Rank 1 : true
2026-05-25 04:23:26,233 [INFO] ADCParametersView:116 -                Rank 1 : true
2026-05-25 04:23:26,233 [INFO] ADCParametersView:116 -                Rank 1 : true
2026-05-25 04:23:26,233 [INFO] ADCParametersView:116 -                Rank 1 : true
2026-05-25 04:23:26,239 [INFO] ADCParametersView:116 -                Rank 1 : true
2026-05-25 04:23:28,762 [INFO] ADCParametersView:116 -                Rank 1 : true
2026-05-25 04:23:28,765 [INFO] ADCParametersView:116 -                Rank 1 : true
2026-05-25 04:23:28,765 [INFO] ADCParametersView:116 -                Rank 1 : true
2026-05-25 04:23:28,765 [INFO] ADCParametersView:116 -                Rank 1 : true
2026-05-25 04:23:28,765 [INFO] ADCParametersView:116 -                Rank 1 : true
2026-05-25 04:23:28,765 [INFO] ADCParametersView:116 -                Rank 1 : true
2026-05-25 04:23:28,765 [INFO] ADCParametersView:116 -                Rank 1 : true
2026-05-25 04:23:28,766 [INFO] ADCParametersView:116 -                Rank 1 : true
2026-05-25 04:23:28,766 [INFO] ADCParametersView:116 -                Rank 1 : true
2026-05-25 04:23:28,766 [INFO] ADCParametersView:116 -                Rank 1 : true
2026-05-25 04:23:28,777 [INFO] ADCParametersView:116 -                Rank 1 : true
2026-05-25 04:23:28,805 [INFO] ADCParametersView:116 -                Rank 1 : true
2026-05-25 04:23:28,810 [INFO] ADCParametersView:116 -                Rank 1 : true
2026-05-25 04:23:28,811 [INFO] ADCParametersView:116 -                Rank 1 : true
2026-05-25 04:23:28,812 [INFO] ADCParametersView:116 -                Rank 1 : true
2026-05-25 04:23:28,812 [INFO] ADCParametersView:116 -                Rank 1 : true
2026-05-25 04:23:28,813 [INFO] ADCParametersView:116 -                Rank 1 : true
2026-05-25 04:23:28,813 [INFO] ADCParametersView:116 -                Rank 1 : true
2026-05-25 04:23:28,813 [INFO] ADCParametersView:116 -                Rank 1 : true
2026-05-25 04:23:28,813 [INFO] ADCParametersView:116 -                Rank 1 : true
2026-05-25 04:23:28,813 [INFO] ADCParametersView:116 -                Rank 1 : true
2026-05-25 04:23:28,819 [INFO] ADCParametersView:116 -                Rank 1 : true
2026-05-25 04:23:29,120 [INFO] ADCParametersView:116 -                Rank 1 : true
2026-05-25 04:23:29,128 [INFO] ADCParametersView:116 -                Rank 1 : true
2026-05-25 04:23:29,128 [INFO] ADCParametersView:116 -                Rank 1 : true
2026-05-25 04:23:29,128 [INFO] ADCParametersView:116 -                Rank 1 : true
2026-05-25 04:23:29,128 [INFO] ADCParametersView:116 -                Rank 1 : true
2026-05-25 04:23:29,128 [INFO] ADCParametersView:116 -                Rank 1 : true
2026-05-25 04:23:29,128 [INFO] ADCParametersView:116 -                Rank 1 : true
2026-05-25 04:23:29,128 [INFO] ADCParametersView:116 -                Rank 1 : true
2026-05-25 04:23:29,128 [INFO] ADCParametersView:116 -                Rank 1 : true
2026-05-25 04:23:29,128 [INFO] ADCParametersView:116 -                Rank 1 : true
2026-05-25 04:23:29,135 [INFO] ADCParametersView:116 -                Rank 1 : true
2026-05-25 04:23:29,194 [INFO] ADCParametersView:116 -                Rank 1 : true
2026-05-25 04:23:29,195 [INFO] ADCParametersView:116 -                Rank 1 : true
2026-05-25 04:23:29,196 [INFO] ADCParametersView:116 -                Rank 1 : true
2026-05-25 04:23:29,196 [INFO] ADCParametersView:116 -                Rank 1 : true
2026-05-25 04:23:29,196 [INFO] ADCParametersView:116 -                Rank 1 : true
2026-05-25 04:23:29,196 [INFO] ADCParametersView:116 -                Rank 1 : true
2026-05-25 04:23:29,196 [INFO] ADCParametersView:116 -                Rank 1 : true
2026-05-25 04:23:29,196 [INFO] ADCParametersView:116 -                Rank 1 : true
2026-05-25 04:23:29,196 [INFO] ADCParametersView:116 -                Rank 1 : true
2026-05-25 04:23:29,196 [INFO] ADCParametersView:116 -                Rank 1 : true
2026-05-25 04:23:29,212 [INFO] ADCParametersView:116 -                Rank 1 : true
2026-05-25 04:23:31,967 [INFO] ADCParametersView:116 -                Rank 1 : true
2026-05-25 04:23:31,971 [INFO] ADCParametersView:116 -                Rank 1 : true
2026-05-25 04:23:31,971 [INFO] ADCParametersView:116 -                Rank 1 : true
2026-05-25 04:23:31,972 [INFO] ADCParametersView:116 -                Rank 1 : true
2026-05-25 04:23:31,972 [INFO] ADCParametersView:116 -                Rank 1 : true
2026-05-25 04:23:31,972 [INFO] ADCParametersView:116 -                Rank 1 : true
2026-05-25 04:23:31,972 [INFO] ADCParametersView:116 -                Rank 1 : true
2026-05-25 04:23:31,972 [INFO] ADCParametersView:116 -                Rank 1 : true
2026-05-25 04:23:31,972 [INFO] ADCParametersView:116 -                Rank 1 : true
2026-05-25 04:23:31,973 [INFO] ADCParametersView:116 -                Rank 1 : true
2026-05-25 04:23:31,979 [INFO] ADCParametersView:116 -                Rank 1 : true
2026-05-25 04:23:31,999 [INFO] ADCParametersView:116 -                Rank 1 : true
2026-05-25 04:23:32,000 [INFO] ADCParametersView:116 -                Rank 1 : true
2026-05-25 04:23:32,000 [INFO] ADCParametersView:116 -                Rank 1 : true
2026-05-25 04:23:32,000 [INFO] ADCParametersView:116 -                Rank 1 : true
2026-05-25 04:23:32,000 [INFO] ADCParametersView:116 -                Rank 1 : true
2026-05-25 04:23:32,000 [INFO] ADCParametersView:116 -                Rank 1 : true
2026-05-25 04:23:32,000 [INFO] ADCParametersView:116 -                Rank 1 : true
2026-05-25 04:23:32,000 [INFO] ADCParametersView:116 -                Rank 1 : true
2026-05-25 04:23:32,000 [INFO] ADCParametersView:116 -                Rank 1 : true
2026-05-25 04:23:32,000 [INFO] ADCParametersView:116 -                Rank 1 : true
2026-05-25 04:23:32,004 [INFO] ADCParametersView:116 -                Rank 1 : true
2026-05-25 04:23:32,181 [INFO] ADCParametersView:116 -                Rank 1 : true
2026-05-25 04:23:32,182 [INFO] ADCParametersView:116 -                Rank 1 : true
2026-05-25 04:23:32,183 [INFO] ADCParametersView:116 -                Rank 1 : true
2026-05-25 04:23:32,183 [INFO] ADCParametersView:116 -                Rank 1 : true
2026-05-25 04:23:32,183 [INFO] ADCParametersView:116 -                Rank 1 : true
2026-05-25 04:23:32,183 [INFO] ADCParametersView:116 -                Rank 1 : true
2026-05-25 04:23:32,183 [INFO] ADCParametersView:116 -                Rank 1 : true
2026-05-25 04:23:32,183 [INFO] ADCParametersView:116 -                Rank 1 : true
2026-05-25 04:23:32,183 [INFO] ADCParametersView:116 -                Rank 1 : true
2026-05-25 04:23:32,183 [INFO] ADCParametersView:116 -                Rank 1 : true
2026-05-25 04:23:32,190 [INFO] ADCParametersView:116 -                Rank 1 : true
2026-05-25 04:23:32,209 [INFO] ADCParametersView:116 -                Rank 1 : true
2026-05-25 04:23:32,211 [INFO] ADCParametersView:116 -                Rank 1 : true
2026-05-25 04:23:32,211 [INFO] ADCParametersView:116 -                Rank 1 : true
2026-05-25 04:23:32,211 [INFO] ADCParametersView:116 -                Rank 1 : true
2026-05-25 04:23:32,211 [INFO] ADCParametersView:116 -                Rank 1 : true
2026-05-25 04:23:32,211 [INFO] ADCParametersView:116 -                Rank 1 : true
2026-05-25 04:23:32,211 [INFO] ADCParametersView:116 -                Rank 1 : true
2026-05-25 04:23:32,211 [INFO] ADCParametersView:116 -                Rank 1 : true
2026-05-25 04:23:32,211 [INFO] ADCParametersView:116 -                Rank 1 : true
2026-05-25 04:23:32,211 [INFO] ADCParametersView:116 -                Rank 1 : true
2026-05-25 04:23:32,217 [INFO] ADCParametersView:116 -                Rank 1 : true
2026-05-25 04:23:35,020 [INFO] ADCParametersView:116 -                Rank 1 : true
2026-05-25 04:23:35,022 [INFO] ADCParametersView:116 -                Rank 1 : true
2026-05-25 04:23:35,023 [INFO] ADCParametersView:116 -                Rank 1 : true
2026-05-25 04:23:35,023 [INFO] ADCParametersView:116 -                Rank 1 : true
2026-05-25 04:23:35,023 [INFO] ADCParametersView:116 -                Rank 1 : true
2026-05-25 04:23:35,023 [INFO] ADCParametersView:116 -                Rank 1 : true
2026-05-25 04:23:35,023 [INFO] ADCParametersView:116 -                Rank 1 : true
2026-05-25 04:23:35,023 [INFO] ADCParametersView:116 -                Rank 1 : true
2026-05-25 04:23:35,023 [INFO] ADCParametersView:116 -                Rank 1 : true
2026-05-25 04:23:35,023 [INFO] ADCParametersView:116 -                Rank 1 : true
2026-05-25 04:23:35,032 [INFO] ADCParametersView:116 -                Rank 1 : true
2026-05-25 04:23:35,054 [INFO] ADCParametersView:116 -                Rank 1 : true
2026-05-25 04:23:35,056 [INFO] ADCParametersView:116 -                Rank 1 : true
2026-05-25 04:23:35,056 [INFO] ADCParametersView:116 -                Rank 1 : true
2026-05-25 04:23:35,056 [INFO] ADCParametersView:116 -                Rank 1 : true
2026-05-25 04:23:35,056 [INFO] ADCParametersView:116 -                Rank 1 : true
2026-05-25 04:23:35,056 [INFO] ADCParametersView:116 -                Rank 1 : true
2026-05-25 04:23:35,056 [INFO] ADCParametersView:116 -                Rank 1 : true
2026-05-25 04:23:35,056 [INFO] ADCParametersView:116 -                Rank 1 : true
2026-05-25 04:23:35,056 [INFO] ADCParametersView:116 -                Rank 1 : true
2026-05-25 04:23:35,057 [INFO] ADCParametersView:116 -                Rank 1 : true
2026-05-25 04:23:35,063 [INFO] ADCParametersView:116 -                Rank 1 : true
2026-05-25 04:23:35,212 [INFO] ADCParametersView:116 -                Rank 1 : true
2026-05-25 04:23:35,214 [INFO] ADCParametersView:116 -                Rank 1 : true
2026-05-25 04:23:35,214 [INFO] ADCParametersView:116 -                Rank 1 : true
2026-05-25 04:23:35,214 [INFO] ADCParametersView:116 -                Rank 1 : true
2026-05-25 04:23:35,214 [INFO] ADCParametersView:116 -                Rank 1 : true
2026-05-25 04:23:35,214 [INFO] ADCParametersView:116 -                Rank 1 : true
2026-05-25 04:23:35,214 [INFO] ADCParametersView:116 -                Rank 1 : true
2026-05-25 04:23:35,214 [INFO] ADCParametersView:116 -                Rank 1 : true
2026-05-25 04:23:35,214 [INFO] ADCParametersView:116 -                Rank 1 : true
2026-05-25 04:23:35,214 [INFO] ADCParametersView:116 -                Rank 1 : true
2026-05-25 04:23:35,223 [INFO] ADCParametersView:116 -                Rank 1 : true
2026-05-25 04:23:35,241 [INFO] ADCParametersView:116 -                Rank 1 : true
2026-05-25 04:23:35,242 [INFO] ADCParametersView:116 -                Rank 1 : true
2026-05-25 04:23:35,242 [INFO] ADCParametersView:116 -                Rank 1 : true
2026-05-25 04:23:35,242 [INFO] ADCParametersView:116 -                Rank 1 : true
2026-05-25 04:23:35,242 [INFO] ADCParametersView:116 -                Rank 1 : true
2026-05-25 04:23:35,242 [INFO] ADCParametersView:116 -                Rank 1 : true
2026-05-25 04:23:35,242 [INFO] ADCParametersView:116 -                Rank 1 : true
2026-05-25 04:23:35,242 [INFO] ADCParametersView:116 -                Rank 1 : true
2026-05-25 04:23:35,243 [INFO] ADCParametersView:116 -                Rank 1 : true
2026-05-25 04:23:35,243 [INFO] ADCParametersView:116 -                Rank 1 : true
2026-05-25 04:23:35,250 [INFO] ADCParametersView:116 -                Rank 1 : true
2026-05-25 04:23:37,982 [INFO] ADCParametersView:116 -                Rank 1 : true
2026-05-25 04:23:37,983 [INFO] ADCParametersView:116 -                Rank 1 : true
2026-05-25 04:23:37,983 [INFO] ADCParametersView:116 -                Rank 1 : true
2026-05-25 04:23:37,983 [INFO] ADCParametersView:116 -                Rank 1 : true
2026-05-25 04:23:37,984 [INFO] ADCParametersView:116 -                Rank 1 : true
2026-05-25 04:23:37,984 [INFO] ADCParametersView:116 -                Rank 1 : true
2026-05-25 04:23:37,984 [INFO] ADCParametersView:116 -                Rank 1 : true
2026-05-25 04:23:37,984 [INFO] ADCParametersView:116 -                Rank 1 : true
2026-05-25 04:23:37,984 [INFO] ADCParametersView:116 -                Rank 1 : true
2026-05-25 04:23:37,984 [INFO] ADCParametersView:116 -                Rank 1 : true
2026-05-25 04:23:37,987 [INFO] ADCParametersView:116 -                Rank 1 : true
2026-05-25 04:23:38,001 [INFO] ADCParametersView:116 -                Rank 1 : true
2026-05-25 04:23:38,002 [INFO] ADCParametersView:116 -                Rank 1 : true
2026-05-25 04:23:38,002 [INFO] ADCParametersView:116 -                Rank 1 : true
2026-05-25 04:23:38,002 [INFO] ADCParametersView:116 -                Rank 1 : true
2026-05-25 04:23:38,003 [INFO] ADCParametersView:116 -                Rank 1 : true
2026-05-25 04:23:38,003 [INFO] ADCParametersView:116 -                Rank 1 : true
2026-05-25 04:23:38,003 [INFO] ADCParametersView:116 -                Rank 1 : true
2026-05-25 04:23:38,003 [INFO] ADCParametersView:116 -                Rank 1 : true
2026-05-25 04:23:38,003 [INFO] ADCParametersView:116 -                Rank 1 : true
2026-05-25 04:23:38,003 [INFO] ADCParametersView:116 -                Rank 1 : true
2026-05-25 04:23:38,007 [INFO] ADCParametersView:116 -                Rank 1 : true
2026-05-25 04:23:38,193 [INFO] ADCParametersView:116 -                Rank 1 : true
2026-05-25 04:23:38,195 [INFO] ADCParametersView:116 -                Rank 1 : true
2026-05-25 04:23:38,195 [INFO] ADCParametersView:116 -                Rank 1 : true
2026-05-25 04:23:38,195 [INFO] ADCParametersView:116 -                Rank 1 : true
2026-05-25 04:23:38,195 [INFO] ADCParametersView:116 -                Rank 1 : true
2026-05-25 04:23:38,195 [INFO] ADCParametersView:116 -                Rank 1 : true
2026-05-25 04:23:38,195 [INFO] ADCParametersView:116 -                Rank 1 : true
2026-05-25 04:23:38,195 [INFO] ADCParametersView:116 -                Rank 1 : true
2026-05-25 04:23:38,195 [INFO] ADCParametersView:116 -                Rank 1 : true
2026-05-25 04:23:38,195 [INFO] ADCParametersView:116 -                Rank 1 : true
2026-05-25 04:23:38,201 [INFO] ADCParametersView:116 -                Rank 1 : true
2026-05-25 04:23:38,228 [INFO] ADCParametersView:116 -                Rank 1 : true
2026-05-25 04:23:38,231 [INFO] ADCParametersView:116 -                Rank 1 : true
2026-05-25 04:23:38,231 [INFO] ADCParametersView:116 -                Rank 1 : true
2026-05-25 04:23:38,231 [INFO] ADCParametersView:116 -                Rank 1 : true
2026-05-25 04:23:38,231 [INFO] ADCParametersView:116 -                Rank 1 : true
2026-05-25 04:23:38,231 [INFO] ADCParametersView:116 -                Rank 1 : true
2026-05-25 04:23:38,231 [INFO] ADCParametersView:116 -                Rank 1 : true
2026-05-25 04:23:38,231 [INFO] ADCParametersView:116 -                Rank 1 : true
2026-05-25 04:23:38,231 [INFO] ADCParametersView:116 -                Rank 1 : true
2026-05-25 04:23:38,231 [INFO] ADCParametersView:116 -                Rank 1 : true
2026-05-25 04:23:38,237 [INFO] ADCParametersView:116 -                Rank 1 : true
2026-05-25 04:23:40,909 [INFO] ADCParametersView:116 -                Rank 1 : true
2026-05-25 04:23:40,910 [INFO] ADCParametersView:116 -                Rank 1 : true
2026-05-25 04:23:40,910 [INFO] ADCParametersView:116 -                Rank 1 : true
2026-05-25 04:23:40,910 [INFO] ADCParametersView:116 -                Rank 1 : true
2026-05-25 04:23:40,910 [INFO] ADCParametersView:116 -                Rank 1 : true
2026-05-25 04:23:40,910 [INFO] ADCParametersView:116 -                Rank 1 : true
2026-05-25 04:23:40,910 [INFO] ADCParametersView:116 -                Rank 1 : true
2026-05-25 04:23:40,910 [INFO] ADCParametersView:116 -                Rank 1 : true
2026-05-25 04:23:40,910 [INFO] ADCParametersView:116 -                Rank 1 : true
2026-05-25 04:23:40,910 [INFO] ADCParametersView:116 -                Rank 1 : true
2026-05-25 04:23:40,915 [INFO] ADCParametersView:116 -                Rank 1 : true
2026-05-25 04:23:40,929 [INFO] ADCParametersView:116 -                Rank 1 : true
2026-05-25 04:23:40,930 [INFO] ADCParametersView:116 -                Rank 1 : true
2026-05-25 04:23:40,930 [INFO] ADCParametersView:116 -                Rank 1 : true
2026-05-25 04:23:40,930 [INFO] ADCParametersView:116 -                Rank 1 : true
2026-05-25 04:23:40,930 [INFO] ADCParametersView:116 -                Rank 1 : true
2026-05-25 04:23:40,930 [INFO] ADCParametersView:116 -                Rank 1 : true
2026-05-25 04:23:40,930 [INFO] ADCParametersView:116 -                Rank 1 : true
2026-05-25 04:23:40,930 [INFO] ADCParametersView:116 -                Rank 1 : true
2026-05-25 04:23:40,930 [INFO] ADCParametersView:116 -                Rank 1 : true
2026-05-25 04:23:40,930 [INFO] ADCParametersView:116 -                Rank 1 : true
2026-05-25 04:23:40,938 [INFO] ADCParametersView:116 -                Rank 1 : true
2026-05-25 04:23:41,057 [INFO] ADCParametersView:116 -                Rank 1 : true
2026-05-25 04:23:41,059 [INFO] ADCParametersView:116 -                Rank 1 : true
2026-05-25 04:23:41,059 [INFO] ADCParametersView:116 -                Rank 1 : true
2026-05-25 04:23:41,059 [INFO] ADCParametersView:116 -                Rank 1 : true
2026-05-25 04:23:41,059 [INFO] ADCParametersView:116 -                Rank 1 : true
2026-05-25 04:23:41,059 [INFO] ADCParametersView:116 -                Rank 1 : true
2026-05-25 04:23:41,059 [INFO] ADCParametersView:116 -                Rank 1 : true
2026-05-25 04:23:41,059 [INFO] ADCParametersView:116 -                Rank 1 : true
2026-05-25 04:23:41,059 [INFO] ADCParametersView:116 -                Rank 1 : true
2026-05-25 04:23:41,059 [INFO] ADCParametersView:116 -                Rank 1 : true
2026-05-25 04:23:41,065 [INFO] ADCParametersView:116 -                Rank 1 : true
2026-05-25 04:23:41,078 [INFO] ADCParametersView:116 -                Rank 1 : true
2026-05-25 04:23:41,079 [INFO] ADCParametersView:116 -                Rank 1 : true
2026-05-25 04:23:41,079 [INFO] ADCParametersView:116 -                Rank 1 : true
2026-05-25 04:23:41,079 [INFO] ADCParametersView:116 -                Rank 1 : true
2026-05-25 04:23:41,079 [INFO] ADCParametersView:116 -                Rank 1 : true
2026-05-25 04:23:41,079 [INFO] ADCParametersView:116 -                Rank 1 : true
2026-05-25 04:23:41,080 [INFO] ADCParametersView:116 -                Rank 1 : true
2026-05-25 04:23:41,080 [INFO] ADCParametersView:116 -                Rank 1 : true
2026-05-25 04:23:41,080 [INFO] ADCParametersView:116 -                Rank 1 : true
2026-05-25 04:23:41,080 [INFO] ADCParametersView:116 -                Rank 1 : true
2026-05-25 04:23:41,083 [INFO] ADCParametersView:116 -                Rank 1 : true
2026-05-25 04:23:43,765 [INFO] ADCParametersView:116 -                Rank 1 : true
2026-05-25 04:23:43,769 [INFO] ADCParametersView:116 -                Rank 1 : true
2026-05-25 04:23:43,770 [INFO] ADCParametersView:116 -                Rank 1 : true
2026-05-25 04:23:43,770 [INFO] ADCParametersView:116 -                Rank 1 : true
2026-05-25 04:23:43,770 [INFO] ADCParametersView:116 -                Rank 1 : true
2026-05-25 04:23:43,771 [INFO] ADCParametersView:116 -                Rank 1 : true
2026-05-25 04:23:43,772 [INFO] ADCParametersView:116 -                Rank 1 : true
2026-05-25 04:23:43,773 [INFO] ADCParametersView:116 -                Rank 1 : true
2026-05-25 04:23:43,774 [INFO] ADCParametersView:116 -                Rank 1 : true
2026-05-25 04:23:43,775 [INFO] ADCParametersView:116 -                Rank 1 : true
2026-05-25 04:23:43,790 [INFO] ADCParametersView:116 -                Rank 1 : true
2026-05-25 04:23:43,802 [INFO] ADCParametersView:116 -                Rank 1 : true
2026-05-25 04:23:43,804 [INFO] ADCParametersView:116 -                Rank 1 : true
2026-05-25 04:23:43,805 [INFO] ADCParametersView:116 -                Rank 1 : true
2026-05-25 04:23:43,806 [INFO] ADCParametersView:116 -                Rank 1 : true
2026-05-25 04:23:43,806 [INFO] ADCParametersView:116 -                Rank 1 : true
2026-05-25 04:23:43,807 [INFO] ADCParametersView:116 -                Rank 1 : true
2026-05-25 04:23:43,807 [INFO] ADCParametersView:116 -                Rank 1 : true
2026-05-25 04:23:43,808 [INFO] ADCParametersView:116 -                Rank 1 : true
2026-05-25 04:23:43,808 [INFO] ADCParametersView:116 -                Rank 1 : true
2026-05-25 04:23:43,808 [INFO] ADCParametersView:116 -                Rank 1 : true
2026-05-25 04:23:43,839 [INFO] ADCParametersView:116 -                Rank 1 : true
2026-05-25 04:23:43,963 [INFO] ADCParametersView:116 -                Rank 1 : true
2026-05-25 04:23:43,964 [INFO] ADCParametersView:116 -                Rank 1 : true
2026-05-25 04:23:43,965 [INFO] ADCParametersView:116 -                Rank 1 : true
2026-05-25 04:23:43,965 [INFO] ADCParametersView:116 -                Rank 1 : true
2026-05-25 04:23:43,965 [INFO] ADCParametersView:116 -                Rank 1 : true
2026-05-25 04:23:43,965 [INFO] ADCParametersView:116 -                Rank 1 : true
2026-05-25 04:23:43,965 [INFO] ADCParametersView:116 -                Rank 1 : true
2026-05-25 04:23:43,965 [INFO] ADCParametersView:116 -                Rank 1 : true
2026-05-25 04:23:43,965 [INFO] ADCParametersView:116 -                Rank 1 : true
2026-05-25 04:23:43,965 [INFO] ADCParametersView:116 -                Rank 1 : true
2026-05-25 04:23:43,968 [INFO] ADCParametersView:116 -                Rank 1 : true
2026-05-25 04:23:43,983 [INFO] ADCParametersView:116 -                Rank 1 : true
2026-05-25 04:23:43,985 [INFO] ADCParametersView:116 -                Rank 1 : true
2026-05-25 04:23:43,985 [INFO] ADCParametersView:116 -                Rank 1 : true
2026-05-25 04:23:43,985 [INFO] ADCParametersView:116 -                Rank 1 : true
2026-05-25 04:23:43,985 [INFO] ADCParametersView:116 -                Rank 1 : true
2026-05-25 04:23:43,985 [INFO] ADCParametersView:116 -                Rank 1 : true
2026-05-25 04:23:43,985 [INFO] ADCParametersView:116 -                Rank 1 : true
2026-05-25 04:23:43,985 [INFO] ADCParametersView:116 -                Rank 1 : true
2026-05-25 04:23:43,985 [INFO] ADCParametersView:116 -                Rank 1 : true
2026-05-25 04:23:43,985 [INFO] ADCParametersView:116 -                Rank 1 : true
2026-05-25 04:23:43,991 [INFO] ADCParametersView:116 -                Rank 1 : true
2026-05-25 04:24:30,056 [INFO] ADCParametersView:116 -                Rank 1 : true
2026-05-25 04:24:30,058 [INFO] ADCParametersView:116 -                Rank 1 : true
2026-05-25 04:24:30,058 [INFO] ADCParametersView:116 -                Rank 1 : true
2026-05-25 04:24:30,058 [INFO] ADCParametersView:116 -                Rank 1 : true
2026-05-25 04:24:30,059 [INFO] ADCParametersView:116 -                Rank 1 : true
2026-05-25 04:24:30,059 [INFO] ADCParametersView:116 -                Rank 1 : true
2026-05-25 04:24:30,059 [INFO] ADCParametersView:116 -                Rank 1 : true
2026-05-25 04:24:30,059 [INFO] ADCParametersView:116 -                Rank 1 : true
2026-05-25 04:24:30,059 [INFO] ADCParametersView:116 -                Rank 1 : true
2026-05-25 04:24:30,059 [INFO] ADCParametersView:116 -                Rank 1 : true
2026-05-25 04:24:30,065 [INFO] ADCParametersView:116 -                Rank 1 : true
2026-05-25 04:24:30,093 [INFO] ADCParametersView:116 -                Rank 1 : true
2026-05-25 04:24:30,093 [INFO] ADCParametersView:116 -                Rank 1 : true
2026-05-25 04:24:30,093 [INFO] ADCParametersView:116 -                Rank 1 : true
2026-05-25 04:24:30,093 [INFO] ADCParametersView:116 -                Rank 1 : true
2026-05-25 04:24:30,094 [INFO] ADCParametersView:116 -                Rank 1 : true
2026-05-25 04:24:30,094 [INFO] ADCParametersView:116 -                Rank 1 : true
2026-05-25 04:24:30,094 [INFO] ADCParametersView:116 -                Rank 1 : true
2026-05-25 04:24:30,094 [INFO] ADCParametersView:116 -                Rank 1 : true
2026-05-25 04:24:30,094 [INFO] ADCParametersView:116 -                Rank 1 : true
2026-05-25 04:24:30,094 [INFO] ADCParametersView:116 -                Rank 1 : true
2026-05-25 04:24:30,097 [INFO] ADCParametersView:116 -                Rank 1 : true
2026-05-25 04:24:30,270 [INFO] ADCParametersView:116 -                Rank 1 : true
2026-05-25 04:24:30,272 [INFO] ADCParametersView:116 -                Rank 1 : true
2026-05-25 04:24:30,272 [INFO] ADCParametersView:116 -                Rank 1 : true
2026-05-25 04:24:30,272 [INFO] ADCParametersView:116 -                Rank 1 : true
2026-05-25 04:24:30,272 [INFO] ADCParametersView:116 -                Rank 1 : true
2026-05-25 04:24:30,272 [INFO] ADCParametersView:116 -                Rank 1 : true
2026-05-25 04:24:30,272 [INFO] ADCParametersView:116 -                Rank 1 : true
2026-05-25 04:24:30,272 [INFO] ADCParametersView:116 -                Rank 1 : true
2026-05-25 04:24:30,272 [INFO] ADCParametersView:116 -                Rank 1 : true
2026-05-25 04:24:30,273 [INFO] ADCParametersView:116 -                Rank 1 : true
2026-05-25 04:24:30,279 [INFO] ADCParametersView:116 -                Rank 1 : true
2026-05-25 04:24:30,294 [INFO] ADCParametersView:116 -                Rank 1 : true
2026-05-25 04:24:30,295 [INFO] ADCParametersView:116 -                Rank 1 : true
2026-05-25 04:24:30,295 [INFO] ADCParametersView:116 -                Rank 1 : true
2026-05-25 04:24:30,295 [INFO] ADCParametersView:116 -                Rank 1 : true
2026-05-25 04:24:30,295 [INFO] ADCParametersView:116 -                Rank 1 : true
2026-05-25 04:24:30,295 [INFO] ADCParametersView:116 -                Rank 1 : true
2026-05-25 04:24:30,295 [INFO] ADCParametersView:116 -                Rank 1 : true
2026-05-25 04:24:30,295 [INFO] ADCParametersView:116 -                Rank 1 : true
2026-05-25 04:24:30,295 [INFO] ADCParametersView:116 -                Rank 1 : true
2026-05-25 04:24:30,295 [INFO] ADCParametersView:116 -                Rank 1 : true
2026-05-25 04:24:30,300 [INFO] ADCParametersView:116 -                Rank 1 : true
2026-05-25 04:24:50,901 [INFO] ADCParametersView:116 -                Rank 1 : true
2026-05-25 04:24:50,902 [INFO] ADCParametersView:116 -                Rank 1 : true
2026-05-25 04:24:50,902 [INFO] ADCParametersView:116 -                Rank 1 : true
2026-05-25 04:24:50,902 [INFO] ADCParametersView:116 -                Rank 1 : true
2026-05-25 04:24:50,902 [INFO] ADCParametersView:116 -                Rank 1 : true
2026-05-25 04:24:50,902 [INFO] ADCParametersView:116 -                Rank 1 : true
2026-05-25 04:24:50,902 [INFO] ADCParametersView:116 -                Rank 1 : true
2026-05-25 04:24:50,902 [INFO] ADCParametersView:116 -                Rank 1 : true
2026-05-25 04:24:50,902 [INFO] ADCParametersView:116 -                Rank 1 : true
2026-05-25 04:24:50,902 [INFO] ADCParametersView:116 -                Rank 1 : true
2026-05-25 04:24:50,907 [INFO] ADCParametersView:116 -                Rank 1 : true
2026-05-25 04:24:50,920 [INFO] ADCParametersView:116 -                Rank 1 : true
2026-05-25 04:24:50,921 [INFO] ADCParametersView:116 -                Rank 1 : true
2026-05-25 04:24:50,921 [INFO] ADCParametersView:116 -                Rank 1 : true
2026-05-25 04:24:50,921 [INFO] ADCParametersView:116 -                Rank 1 : true
2026-05-25 04:24:50,921 [INFO] ADCParametersView:116 -                Rank 1 : true
2026-05-25 04:24:50,921 [INFO] ADCParametersView:116 -                Rank 1 : true
2026-05-25 04:24:50,921 [INFO] ADCParametersView:116 -                Rank 1 : true
2026-05-25 04:24:50,921 [INFO] ADCParametersView:116 -                Rank 1 : true
2026-05-25 04:24:50,921 [INFO] ADCParametersView:116 -                Rank 1 : true
2026-05-25 04:24:50,921 [INFO] ADCParametersView:116 -                Rank 1 : true
2026-05-25 04:24:50,924 [INFO] ADCParametersView:116 -                Rank 1 : true
2026-05-25 04:24:51,085 [INFO] ADCParametersView:116 -                Rank 1 : true
2026-05-25 04:24:51,087 [INFO] ADCParametersView:116 -                Rank 1 : true
2026-05-25 04:24:51,087 [INFO] ADCParametersView:116 -                Rank 1 : true
2026-05-25 04:24:51,087 [INFO] ADCParametersView:116 -                Rank 1 : true
2026-05-25 04:24:51,087 [INFO] ADCParametersView:116 -                Rank 1 : true
2026-05-25 04:24:51,087 [INFO] ADCParametersView:116 -                Rank 1 : true
2026-05-25 04:24:51,087 [INFO] ADCParametersView:116 -                Rank 1 : true
2026-05-25 04:24:51,087 [INFO] ADCParametersView:116 -                Rank 1 : true
2026-05-25 04:24:51,088 [INFO] ADCParametersView:116 -                Rank 1 : true
2026-05-25 04:24:51,088 [INFO] ADCParametersView:116 -                Rank 1 : true
2026-05-25 04:24:51,099 [INFO] ADCParametersView:116 -                Rank 1 : true
2026-05-25 04:24:51,119 [INFO] ADCParametersView:116 -                Rank 1 : true
2026-05-25 04:24:51,120 [INFO] ADCParametersView:116 -                Rank 1 : true
2026-05-25 04:24:51,120 [INFO] ADCParametersView:116 -                Rank 1 : true
2026-05-25 04:24:51,120 [INFO] ADCParametersView:116 -                Rank 1 : true
2026-05-25 04:24:51,121 [INFO] ADCParametersView:116 -                Rank 1 : true
2026-05-25 04:24:51,121 [INFO] ADCParametersView:116 -                Rank 1 : true
2026-05-25 04:24:51,121 [INFO] ADCParametersView:116 -                Rank 1 : true
2026-05-25 04:24:51,121 [INFO] ADCParametersView:116 -                Rank 1 : true
2026-05-25 04:24:51,121 [INFO] ADCParametersView:116 -                Rank 1 : true
2026-05-25 04:24:51,121 [INFO] ADCParametersView:116 -                Rank 1 : true
2026-05-25 04:24:51,127 [INFO] ADCParametersView:116 -                Rank 1 : true
2026-05-25 04:24:53,675 [INFO] ADCParametersView:116 -                Rank 1 : true
2026-05-25 04:24:53,677 [INFO] ADCParametersView:116 -                Rank 1 : true
2026-05-25 04:24:53,677 [INFO] ADCParametersView:116 -                Rank 1 : true
2026-05-25 04:24:53,677 [INFO] ADCParametersView:116 -                Rank 1 : true
2026-05-25 04:24:53,677 [INFO] ADCParametersView:116 -                Rank 1 : true
2026-05-25 04:24:53,677 [INFO] ADCParametersView:116 -                Rank 1 : true
2026-05-25 04:24:53,677 [INFO] ADCParametersView:116 -                Rank 1 : true
2026-05-25 04:24:53,677 [INFO] ADCParametersView:116 -                Rank 1 : true
2026-05-25 04:24:53,677 [INFO] ADCParametersView:116 -                Rank 1 : true
2026-05-25 04:24:53,677 [INFO] ADCParametersView:116 -                Rank 1 : true
2026-05-25 04:24:53,685 [INFO] ADCParametersView:116 -                Rank 1 : true
2026-05-25 04:24:53,706 [INFO] ADCParametersView:116 -                Rank 1 : true
2026-05-25 04:24:53,707 [INFO] ADCParametersView:116 -                Rank 1 : true
2026-05-25 04:24:53,707 [INFO] ADCParametersView:116 -                Rank 1 : true
2026-05-25 04:24:53,707 [INFO] ADCParametersView:116 -                Rank 1 : true
2026-05-25 04:24:53,707 [INFO] ADCParametersView:116 -                Rank 1 : true
2026-05-25 04:24:53,707 [INFO] ADCParametersView:116 -                Rank 1 : true
2026-05-25 04:24:53,708 [INFO] ADCParametersView:116 -                Rank 1 : true
2026-05-25 04:24:53,708 [INFO] ADCParametersView:116 -                Rank 1 : true
2026-05-25 04:24:53,708 [INFO] ADCParametersView:116 -                Rank 1 : true
2026-05-25 04:24:53,708 [INFO] ADCParametersView:116 -                Rank 1 : true
2026-05-25 04:24:53,713 [INFO] ADCParametersView:116 -                Rank 1 : true
2026-05-25 04:24:53,891 [INFO] ADCParametersView:116 -                Rank 1 : true
2026-05-25 04:24:53,892 [INFO] ADCParametersView:116 -                Rank 1 : true
2026-05-25 04:24:53,892 [INFO] ADCParametersView:116 -                Rank 1 : true
2026-05-25 04:24:53,892 [INFO] ADCParametersView:116 -                Rank 1 : true
2026-05-25 04:24:53,893 [INFO] ADCParametersView:116 -                Rank 1 : true
2026-05-25 04:24:53,893 [INFO] ADCParametersView:116 -                Rank 1 : true
2026-05-25 04:24:53,893 [INFO] ADCParametersView:116 -                Rank 1 : true
2026-05-25 04:24:53,893 [INFO] ADCParametersView:116 -                Rank 1 : true
2026-05-25 04:24:53,893 [INFO] ADCParametersView:116 -                Rank 1 : true
2026-05-25 04:24:53,893 [INFO] ADCParametersView:116 -                Rank 1 : true
2026-05-25 04:24:53,899 [INFO] ADCParametersView:116 -                Rank 1 : true
2026-05-25 04:24:53,914 [INFO] ADCParametersView:116 -                Rank 1 : true
2026-05-25 04:24:53,915 [INFO] ADCParametersView:116 -                Rank 1 : true
2026-05-25 04:24:53,915 [INFO] ADCParametersView:116 -                Rank 1 : true
2026-05-25 04:24:53,915 [INFO] ADCParametersView:116 -                Rank 1 : true
2026-05-25 04:24:53,915 [INFO] ADCParametersView:116 -                Rank 1 : true
2026-05-25 04:24:53,915 [INFO] ADCParametersView:116 -                Rank 1 : true
2026-05-25 04:24:53,915 [INFO] ADCParametersView:116 -                Rank 1 : true
2026-05-25 04:24:53,915 [INFO] ADCParametersView:116 -                Rank 1 : true
2026-05-25 04:24:53,915 [INFO] ADCParametersView:116 -                Rank 1 : true
2026-05-25 04:24:53,915 [INFO] ADCParametersView:116 -                Rank 1 : true
2026-05-25 04:24:53,918 [INFO] ADCParametersView:116 -                Rank 1 : true
2026-05-25 04:24:57,068 [INFO] ADCParametersView:116 -                Rank 1 : true
2026-05-25 04:24:57,070 [INFO] ADCParametersView:116 -                Rank 1 : true
2026-05-25 04:24:57,070 [INFO] ADCParametersView:116 -                Rank 1 : true
2026-05-25 04:24:57,070 [INFO] ADCParametersView:116 -                Rank 1 : true
2026-05-25 04:24:57,070 [INFO] ADCParametersView:116 -                Rank 1 : true
2026-05-25 04:24:57,070 [INFO] ADCParametersView:116 -                Rank 1 : true
2026-05-25 04:24:57,070 [INFO] ADCParametersView:116 -                Rank 1 : true
2026-05-25 04:24:57,070 [INFO] ADCParametersView:116 -                Rank 1 : true
2026-05-25 04:24:57,070 [INFO] ADCParametersView:116 -                Rank 1 : true
2026-05-25 04:24:57,070 [INFO] ADCParametersView:116 -                Rank 1 : true
2026-05-25 04:24:57,074 [INFO] ADCParametersView:116 -                Rank 1 : true
2026-05-25 04:24:57,090 [INFO] ADCParametersView:116 -                Rank 1 : true
2026-05-25 04:24:57,091 [INFO] ADCParametersView:116 -                Rank 1 : true
2026-05-25 04:24:57,091 [INFO] ADCParametersView:116 -                Rank 1 : true
2026-05-25 04:24:57,091 [INFO] ADCParametersView:116 -                Rank 1 : true
2026-05-25 04:24:57,091 [INFO] ADCParametersView:116 -                Rank 1 : true
2026-05-25 04:24:57,091 [INFO] ADCParametersView:116 -                Rank 1 : true
2026-05-25 04:24:57,091 [INFO] ADCParametersView:116 -                Rank 1 : true
2026-05-25 04:24:57,091 [INFO] ADCParametersView:116 -                Rank 1 : true
2026-05-25 04:24:57,091 [INFO] ADCParametersView:116 -                Rank 1 : true
2026-05-25 04:24:57,091 [INFO] ADCParametersView:116 -                Rank 1 : true
2026-05-25 04:24:57,094 [INFO] ADCParametersView:116 -                Rank 1 : true
2026-05-25 04:24:57,253 [INFO] ADCParametersView:116 -                Rank 1 : true
2026-05-25 04:24:57,255 [INFO] ADCParametersView:116 -                Rank 1 : true
2026-05-25 04:24:57,255 [INFO] ADCParametersView:116 -                Rank 1 : true
2026-05-25 04:24:57,255 [INFO] ADCParametersView:116 -                Rank 1 : true
2026-05-25 04:24:57,255 [INFO] ADCParametersView:116 -                Rank 1 : true
2026-05-25 04:24:57,255 [INFO] ADCParametersView:116 -                Rank 1 : true
2026-05-25 04:24:57,255 [INFO] ADCParametersView:116 -                Rank 1 : true
2026-05-25 04:24:57,255 [INFO] ADCParametersView:116 -                Rank 1 : true
2026-05-25 04:24:57,255 [INFO] ADCParametersView:116 -                Rank 1 : true
2026-05-25 04:24:57,255 [INFO] ADCParametersView:116 -                Rank 1 : true
2026-05-25 04:24:57,259 [INFO] ADCParametersView:116 -                Rank 1 : true
2026-05-25 04:24:57,272 [INFO] ADCParametersView:116 -                Rank 1 : true
2026-05-25 04:24:57,273 [INFO] ADCParametersView:116 -                Rank 1 : true
2026-05-25 04:24:57,273 [INFO] ADCParametersView:116 -                Rank 1 : true
2026-05-25 04:24:57,273 [INFO] ADCParametersView:116 -                Rank 1 : true
2026-05-25 04:24:57,274 [INFO] ADCParametersView:116 -                Rank 1 : true
2026-05-25 04:24:57,274 [INFO] ADCParametersView:116 -                Rank 1 : true
2026-05-25 04:24:57,274 [INFO] ADCParametersView:116 -                Rank 1 : true
2026-05-25 04:24:57,274 [INFO] ADCParametersView:116 -                Rank 1 : true
2026-05-25 04:24:57,274 [INFO] ADCParametersView:116 -                Rank 1 : true
2026-05-25 04:24:57,274 [INFO] ADCParametersView:116 -                Rank 1 : true
2026-05-25 04:24:57,278 [INFO] ADCParametersView:116 -                Rank 1 : true
2026-05-25 04:25:00,254 [INFO] ADCParametersView:116 -                Rank 1 : true
2026-05-25 04:25:00,255 [INFO] ADCParametersView:116 -                Rank 1 : true
2026-05-25 04:25:00,255 [INFO] ADCParametersView:116 -                Rank 1 : true
2026-05-25 04:25:00,255 [INFO] ADCParametersView:116 -                Rank 1 : true
2026-05-25 04:25:00,255 [INFO] ADCParametersView:116 -                Rank 1 : true
2026-05-25 04:25:00,255 [INFO] ADCParametersView:116 -                Rank 1 : true
2026-05-25 04:25:00,255 [INFO] ADCParametersView:116 -                Rank 1 : true
2026-05-25 04:25:00,255 [INFO] ADCParametersView:116 -                Rank 1 : true
2026-05-25 04:25:00,255 [INFO] ADCParametersView:116 -                Rank 1 : true
2026-05-25 04:25:00,256 [INFO] ADCParametersView:116 -                Rank 1 : true
2026-05-25 04:25:00,259 [INFO] ADCParametersView:116 -                Rank 1 : true
2026-05-25 04:25:00,273 [INFO] ADCParametersView:116 -                Rank 1 : true
2026-05-25 04:25:00,273 [INFO] ADCParametersView:116 -                Rank 1 : true
2026-05-25 04:25:00,273 [INFO] ADCParametersView:116 -                Rank 1 : true
2026-05-25 04:25:00,274 [INFO] ADCParametersView:116 -                Rank 1 : true
2026-05-25 04:25:00,274 [INFO] ADCParametersView:116 -                Rank 1 : true
2026-05-25 04:25:00,274 [INFO] ADCParametersView:116 -                Rank 1 : true
2026-05-25 04:25:00,274 [INFO] ADCParametersView:116 -                Rank 1 : true
2026-05-25 04:25:00,274 [INFO] ADCParametersView:116 -                Rank 1 : true
2026-05-25 04:25:00,274 [INFO] ADCParametersView:116 -                Rank 1 : true
2026-05-25 04:25:00,274 [INFO] ADCParametersView:116 -                Rank 1 : true
2026-05-25 04:25:00,277 [INFO] ADCParametersView:116 -                Rank 1 : true
2026-05-25 04:25:00,412 [INFO] ADCParametersView:116 -                Rank 1 : true
2026-05-25 04:25:00,413 [INFO] ADCParametersView:116 -                Rank 1 : true
2026-05-25 04:25:00,413 [INFO] ADCParametersView:116 -                Rank 1 : true
2026-05-25 04:25:00,413 [INFO] ADCParametersView:116 -                Rank 1 : true
2026-05-25 04:25:00,413 [INFO] ADCParametersView:116 -                Rank 1 : true
2026-05-25 04:25:00,413 [INFO] ADCParametersView:116 -                Rank 1 : true
2026-05-25 04:25:00,413 [INFO] ADCParametersView:116 -                Rank 1 : true
2026-05-25 04:25:00,413 [INFO] ADCParametersView:116 -                Rank 1 : true
2026-05-25 04:25:00,413 [INFO] ADCParametersView:116 -                Rank 1 : true
2026-05-25 04:25:00,413 [INFO] ADCParametersView:116 -                Rank 1 : true
2026-05-25 04:25:00,417 [INFO] ADCParametersView:116 -                Rank 1 : true
2026-05-25 04:25:00,436 [INFO] ADCParametersView:116 -                Rank 1 : true
2026-05-25 04:25:00,438 [INFO] ADCParametersView:116 -                Rank 1 : true
2026-05-25 04:25:00,438 [INFO] ADCParametersView:116 -                Rank 1 : true
2026-05-25 04:25:00,438 [INFO] ADCParametersView:116 -                Rank 1 : true
2026-05-25 04:25:00,438 [INFO] ADCParametersView:116 -                Rank 1 : true
2026-05-25 04:25:00,438 [INFO] ADCParametersView:116 -                Rank 1 : true
2026-05-25 04:25:00,438 [INFO] ADCParametersView:116 -                Rank 1 : true
2026-05-25 04:25:00,439 [INFO] ADCParametersView:116 -                Rank 1 : true
2026-05-25 04:25:00,439 [INFO] ADCParametersView:116 -                Rank 1 : true
2026-05-25 04:25:00,439 [INFO] ADCParametersView:116 -                Rank 1 : true
2026-05-25 04:25:00,445 [INFO] ADCParametersView:116 -                Rank 1 : true
2026-05-25 04:25:02,664 [INFO] ADCParametersView:116 -                Rank 1 : true
2026-05-25 04:25:02,666 [INFO] ADCParametersView:116 -                Rank 1 : true
2026-05-25 04:25:02,666 [INFO] ADCParametersView:116 -                Rank 1 : true
2026-05-25 04:25:02,666 [INFO] ADCParametersView:116 -                Rank 1 : true
2026-05-25 04:25:02,666 [INFO] ADCParametersView:116 -                Rank 1 : true
2026-05-25 04:25:02,666 [INFO] ADCParametersView:116 -                Rank 1 : true
2026-05-25 04:25:02,666 [INFO] ADCParametersView:116 -                Rank 1 : true
2026-05-25 04:25:02,666 [INFO] ADCParametersView:116 -                Rank 1 : true
2026-05-25 04:25:02,666 [INFO] ADCParametersView:116 -                Rank 1 : true
2026-05-25 04:25:02,666 [INFO] ADCParametersView:116 -                Rank 1 : true
2026-05-25 04:25:02,670 [INFO] ADCParametersView:116 -                Rank 1 : true
2026-05-25 04:25:02,709 [INFO] ADCParametersView:116 -                Rank 1 : true
2026-05-25 04:25:02,714 [INFO] ADCParametersView:116 -                Rank 1 : true
2026-05-25 04:25:02,714 [INFO] ADCParametersView:116 -                Rank 1 : true
2026-05-25 04:25:02,714 [INFO] ADCParametersView:116 -                Rank 1 : true
2026-05-25 04:25:02,714 [INFO] ADCParametersView:116 -                Rank 1 : true
2026-05-25 04:25:02,714 [INFO] ADCParametersView:116 -                Rank 1 : true
2026-05-25 04:25:02,715 [INFO] ADCParametersView:116 -                Rank 1 : true
2026-05-25 04:25:02,715 [INFO] ADCParametersView:116 -                Rank 1 : true
2026-05-25 04:25:02,715 [INFO] ADCParametersView:116 -                Rank 1 : true
2026-05-25 04:25:02,715 [INFO] ADCParametersView:116 -                Rank 1 : true
2026-05-25 04:25:02,721 [INFO] ADCParametersView:116 -                Rank 1 : true
2026-05-25 04:25:02,818 [INFO] ADCParametersView:116 -                Rank 1 : true
2026-05-25 04:25:02,819 [INFO] ADCParametersView:116 -                Rank 1 : true
2026-05-25 04:25:02,819 [INFO] ADCParametersView:116 -                Rank 1 : true
2026-05-25 04:25:02,819 [INFO] ADCParametersView:116 -                Rank 1 : true
2026-05-25 04:25:02,819 [INFO] ADCParametersView:116 -                Rank 1 : true
2026-05-25 04:25:02,819 [INFO] ADCParametersView:116 -                Rank 1 : true
2026-05-25 04:25:02,819 [INFO] ADCParametersView:116 -                Rank 1 : true
2026-05-25 04:25:02,819 [INFO] ADCParametersView:116 -                Rank 1 : true
2026-05-25 04:25:02,819 [INFO] ADCParametersView:116 -                Rank 1 : true
2026-05-25 04:25:02,819 [INFO] ADCParametersView:116 -                Rank 1 : true
2026-05-25 04:25:02,822 [INFO] ADCParametersView:116 -                Rank 1 : true
2026-05-25 04:25:02,833 [INFO] ADCParametersView:116 -                Rank 1 : true
2026-05-25 04:25:02,834 [INFO] ADCParametersView:116 -                Rank 1 : true
2026-05-25 04:25:02,834 [INFO] ADCParametersView:116 -                Rank 1 : true
2026-05-25 04:25:02,834 [INFO] ADCParametersView:116 -                Rank 1 : true
2026-05-25 04:25:02,834 [INFO] ADCParametersView:116 -                Rank 1 : true
2026-05-25 04:25:02,834 [INFO] ADCParametersView:116 -                Rank 1 : true
2026-05-25 04:25:02,834 [INFO] ADCParametersView:116 -                Rank 1 : true
2026-05-25 04:25:02,834 [INFO] ADCParametersView:116 -                Rank 1 : true
2026-05-25 04:25:02,834 [INFO] ADCParametersView:116 -                Rank 1 : true
2026-05-25 04:25:02,834 [INFO] ADCParametersView:116 -                Rank 1 : true
2026-05-25 04:25:02,838 [INFO] ADCParametersView:116 -                Rank 1 : true
2026-05-25 04:25:05,427 [INFO] ADCParametersView:116 -                Rank 1 : true
2026-05-25 04:25:05,428 [INFO] ADCParametersView:116 -                Rank 1 : true
2026-05-25 04:25:05,428 [INFO] ADCParametersView:116 -                Rank 1 : true
2026-05-25 04:25:05,428 [INFO] ADCParametersView:116 -                Rank 1 : true
2026-05-25 04:25:05,428 [INFO] ADCParametersView:116 -                Rank 1 : true
2026-05-25 04:25:05,429 [INFO] ADCParametersView:116 -                Rank 1 : true
2026-05-25 04:25:05,429 [INFO] ADCParametersView:116 -                Rank 1 : true
2026-05-25 04:25:05,429 [INFO] ADCParametersView:116 -                Rank 1 : true
2026-05-25 04:25:05,429 [INFO] ADCParametersView:116 -                Rank 1 : true
2026-05-25 04:25:05,429 [INFO] ADCParametersView:116 -                Rank 1 : true
2026-05-25 04:25:05,435 [INFO] ADCParametersView:116 -                Rank 1 : true
2026-05-25 04:25:05,453 [INFO] ADCParametersView:116 -                Rank 1 : true
2026-05-25 04:25:05,454 [INFO] ADCParametersView:116 -                Rank 1 : true
2026-05-25 04:25:05,454 [INFO] ADCParametersView:116 -                Rank 1 : true
2026-05-25 04:25:05,454 [INFO] ADCParametersView:116 -                Rank 1 : true
2026-05-25 04:25:05,454 [INFO] ADCParametersView:116 -                Rank 1 : true
2026-05-25 04:25:05,454 [INFO] ADCParametersView:116 -                Rank 1 : true
2026-05-25 04:25:05,454 [INFO] ADCParametersView:116 -                Rank 1 : true
2026-05-25 04:25:05,454 [INFO] ADCParametersView:116 -                Rank 1 : true
2026-05-25 04:25:05,454 [INFO] ADCParametersView:116 -                Rank 1 : true
2026-05-25 04:25:05,455 [INFO] ADCParametersView:116 -                Rank 1 : true
2026-05-25 04:25:05,460 [INFO] ADCParametersView:116 -                Rank 1 : true
2026-05-25 04:25:05,613 [INFO] ADCParametersView:116 -                Rank 1 : true
2026-05-25 04:25:05,614 [INFO] ADCParametersView:116 -                Rank 1 : true
2026-05-25 04:25:05,614 [INFO] ADCParametersView:116 -                Rank 1 : true
2026-05-25 04:25:05,614 [INFO] ADCParametersView:116 -                Rank 1 : true
2026-05-25 04:25:05,614 [INFO] ADCParametersView:116 -                Rank 1 : true
2026-05-25 04:25:05,614 [INFO] ADCParametersView:116 -                Rank 1 : true
2026-05-25 04:25:05,614 [INFO] ADCParametersView:116 -                Rank 1 : true
2026-05-25 04:25:05,614 [INFO] ADCParametersView:116 -                Rank 1 : true
2026-05-25 04:25:05,614 [INFO] ADCParametersView:116 -                Rank 1 : true
2026-05-25 04:25:05,614 [INFO] ADCParametersView:116 -                Rank 1 : true
2026-05-25 04:25:05,618 [INFO] ADCParametersView:116 -                Rank 1 : true
2026-05-25 04:25:05,636 [INFO] ADCParametersView:116 -                Rank 1 : true
2026-05-25 04:25:05,637 [INFO] ADCParametersView:116 -                Rank 1 : true
2026-05-25 04:25:05,637 [INFO] ADCParametersView:116 -                Rank 1 : true
2026-05-25 04:25:05,637 [INFO] ADCParametersView:116 -                Rank 1 : true
2026-05-25 04:25:05,637 [INFO] ADCParametersView:116 -                Rank 1 : true
2026-05-25 04:25:05,637 [INFO] ADCParametersView:116 -                Rank 1 : true
2026-05-25 04:25:05,637 [INFO] ADCParametersView:116 -                Rank 1 : true
2026-05-25 04:25:05,637 [INFO] ADCParametersView:116 -                Rank 1 : true
2026-05-25 04:25:05,638 [INFO] ADCParametersView:116 -                Rank 1 : true
2026-05-25 04:25:05,638 [INFO] ADCParametersView:116 -                Rank 1 : true
2026-05-25 04:25:05,642 [INFO] ADCParametersView:116 -                Rank 1 : true
2026-05-25 04:25:08,694 [INFO] ADCParametersView:116 -                Rank 1 : true
2026-05-25 04:25:08,696 [INFO] ADCParametersView:116 -                Rank 1 : true
2026-05-25 04:25:08,696 [INFO] ADCParametersView:116 -                Rank 1 : true
2026-05-25 04:25:08,696 [INFO] ADCParametersView:116 -                Rank 1 : true
2026-05-25 04:25:08,697 [INFO] ADCParametersView:116 -                Rank 1 : true
2026-05-25 04:25:08,697 [INFO] ADCParametersView:116 -                Rank 1 : true
2026-05-25 04:25:08,697 [INFO] ADCParametersView:116 -                Rank 1 : true
2026-05-25 04:25:08,697 [INFO] ADCParametersView:116 -                Rank 1 : true
2026-05-25 04:25:08,697 [INFO] ADCParametersView:116 -                Rank 1 : true
2026-05-25 04:25:08,697 [INFO] ADCParametersView:116 -                Rank 1 : true
2026-05-25 04:25:08,701 [INFO] ADCParametersView:116 -                Rank 1 : true
2026-05-25 04:25:08,719 [INFO] ADCParametersView:116 -                Rank 1 : true
2026-05-25 04:25:08,721 [INFO] ADCParametersView:116 -                Rank 1 : true
2026-05-25 04:25:08,721 [INFO] ADCParametersView:116 -                Rank 1 : true
2026-05-25 04:25:08,721 [INFO] ADCParametersView:116 -                Rank 1 : true
2026-05-25 04:25:08,721 [INFO] ADCParametersView:116 -                Rank 1 : true
2026-05-25 04:25:08,721 [INFO] ADCParametersView:116 -                Rank 1 : true
2026-05-25 04:25:08,721 [INFO] ADCParametersView:116 -                Rank 1 : true
2026-05-25 04:25:08,721 [INFO] ADCParametersView:116 -                Rank 1 : true
2026-05-25 04:25:08,721 [INFO] ADCParametersView:116 -                Rank 1 : true
2026-05-25 04:25:08,721 [INFO] ADCParametersView:116 -                Rank 1 : true
2026-05-25 04:25:08,726 [INFO] ADCParametersView:116 -                Rank 1 : true
2026-05-25 04:25:08,833 [INFO] ADCParametersView:116 -                Rank 1 : true
2026-05-25 04:25:08,834 [INFO] ADCParametersView:116 -                Rank 1 : true
2026-05-25 04:25:08,834 [INFO] ADCParametersView:116 -                Rank 1 : true
2026-05-25 04:25:08,834 [INFO] ADCParametersView:116 -                Rank 1 : true
2026-05-25 04:25:08,834 [INFO] ADCParametersView:116 -                Rank 1 : true
2026-05-25 04:25:08,834 [INFO] ADCParametersView:116 -                Rank 1 : true
2026-05-25 04:25:08,834 [INFO] ADCParametersView:116 -                Rank 1 : true
2026-05-25 04:25:08,834 [INFO] ADCParametersView:116 -                Rank 1 : true
2026-05-25 04:25:08,834 [INFO] ADCParametersView:116 -                Rank 1 : true
2026-05-25 04:25:08,834 [INFO] ADCParametersView:116 -                Rank 1 : true
2026-05-25 04:25:08,839 [INFO] ADCParametersView:116 -                Rank 1 : true
2026-05-25 04:25:08,856 [INFO] ADCParametersView:116 -                Rank 1 : true
2026-05-25 04:25:08,858 [INFO] ADCParametersView:116 -                Rank 1 : true
2026-05-25 04:25:08,858 [INFO] ADCParametersView:116 -                Rank 1 : true
2026-05-25 04:25:08,858 [INFO] ADCParametersView:116 -                Rank 1 : true
2026-05-25 04:25:08,858 [INFO] ADCParametersView:116 -                Rank 1 : true
2026-05-25 04:25:08,858 [INFO] ADCParametersView:116 -                Rank 1 : true
2026-05-25 04:25:08,858 [INFO] ADCParametersView:116 -                Rank 1 : true
2026-05-25 04:25:08,858 [INFO] ADCParametersView:116 -                Rank 1 : true
2026-05-25 04:25:08,858 [INFO] ADCParametersView:116 -                Rank 1 : true
2026-05-25 04:25:08,858 [INFO] ADCParametersView:116 -                Rank 1 : true
2026-05-25 04:25:08,864 [INFO] ADCParametersView:116 -                Rank 1 : true
2026-05-25 04:26:14,624 [INFO] ADCParametersView:116 -                Rank 1 : true
2026-05-25 04:26:14,627 [INFO] ADCParametersView:116 -                Rank 1 : true
2026-05-25 04:26:14,627 [INFO] ADCParametersView:116 -                Rank 1 : true
2026-05-25 04:26:14,627 [INFO] ADCParametersView:116 -                Rank 1 : true
2026-05-25 04:26:14,628 [INFO] ADCParametersView:116 -                Rank 1 : true
2026-05-25 04:26:14,628 [INFO] ADCParametersView:116 -                Rank 1 : true
2026-05-25 04:26:14,628 [INFO] ADCParametersView:116 -                Rank 1 : true
2026-05-25 04:26:14,628 [INFO] ADCParametersView:116 -                Rank 1 : true
2026-05-25 04:26:14,628 [INFO] ADCParametersView:116 -                Rank 1 : true
2026-05-25 04:26:14,628 [INFO] ADCParametersView:116 -                Rank 1 : true
2026-05-25 04:26:14,635 [INFO] ADCParametersView:116 -                Rank 1 : true
2026-05-25 04:26:14,658 [INFO] ADCParametersView:116 -                Rank 1 : true
2026-05-25 04:26:14,660 [INFO] ADCParametersView:116 -                Rank 1 : true
2026-05-25 04:26:14,660 [INFO] ADCParametersView:116 -                Rank 1 : true
2026-05-25 04:26:14,660 [INFO] ADCParametersView:116 -                Rank 1 : true
2026-05-25 04:26:14,660 [INFO] ADCParametersView:116 -                Rank 1 : true
2026-05-25 04:26:14,660 [INFO] ADCParametersView:116 -                Rank 1 : true
2026-05-25 04:26:14,660 [INFO] ADCParametersView:116 -                Rank 1 : true
2026-05-25 04:26:14,660 [INFO] ADCParametersView:116 -                Rank 1 : true
2026-05-25 04:26:14,660 [INFO] ADCParametersView:116 -                Rank 1 : true
2026-05-25 04:26:14,661 [INFO] ADCParametersView:116 -                Rank 1 : true
2026-05-25 04:26:14,667 [INFO] ADCParametersView:116 -                Rank 1 : true
2026-05-25 04:26:14,882 [INFO] ADCParametersView:116 -                Rank 1 : true
2026-05-25 04:26:14,883 [INFO] ADCParametersView:116 -                Rank 1 : true
2026-05-25 04:26:14,884 [INFO] ADCParametersView:116 -                Rank 1 : true
2026-05-25 04:26:14,884 [INFO] ADCParametersView:116 -                Rank 1 : true
2026-05-25 04:26:14,884 [INFO] ADCParametersView:116 -                Rank 1 : true
2026-05-25 04:26:14,884 [INFO] ADCParametersView:116 -                Rank 1 : true
2026-05-25 04:26:14,884 [INFO] ADCParametersView:116 -                Rank 1 : true
2026-05-25 04:26:14,884 [INFO] ADCParametersView:116 -                Rank 1 : true
2026-05-25 04:26:14,884 [INFO] ADCParametersView:116 -                Rank 1 : true
2026-05-25 04:26:14,884 [INFO] ADCParametersView:116 -                Rank 1 : true
2026-05-25 04:26:14,890 [INFO] ADCParametersView:116 -                Rank 1 : true
2026-05-25 04:26:14,913 [INFO] ADCParametersView:116 -                Rank 1 : true
2026-05-25 04:26:14,914 [INFO] ADCParametersView:116 -                Rank 1 : true
2026-05-25 04:26:14,914 [INFO] ADCParametersView:116 -                Rank 1 : true
2026-05-25 04:26:14,914 [INFO] ADCParametersView:116 -                Rank 1 : true
2026-05-25 04:26:14,914 [INFO] ADCParametersView:116 -                Rank 1 : true
2026-05-25 04:26:14,914 [INFO] ADCParametersView:116 -                Rank 1 : true
2026-05-25 04:26:14,914 [INFO] ADCParametersView:116 -                Rank 1 : true
2026-05-25 04:26:14,914 [INFO] ADCParametersView:116 -                Rank 1 : true
2026-05-25 04:26:14,914 [INFO] ADCParametersView:116 -                Rank 1 : true
2026-05-25 04:26:14,914 [INFO] ADCParametersView:116 -                Rank 1 : true
2026-05-25 04:26:14,917 [INFO] ADCParametersView:116 -                Rank 1 : true
2026-05-25 04:26:22,530 [INFO] ADCParametersView:116 -                Rank 1 : true
2026-05-25 04:26:22,533 [INFO] ADCParametersView:116 -                Rank 1 : true
2026-05-25 04:26:22,533 [INFO] ADCParametersView:116 -                Rank 1 : true
2026-05-25 04:26:22,533 [INFO] ADCParametersView:116 -                Rank 1 : true
2026-05-25 04:26:22,533 [INFO] ADCParametersView:116 -                Rank 1 : true
2026-05-25 04:26:22,533 [INFO] ADCParametersView:116 -                Rank 1 : true
2026-05-25 04:26:22,533 [INFO] ADCParametersView:116 -                Rank 1 : true
2026-05-25 04:26:22,533 [INFO] ADCParametersView:116 -                Rank 1 : true
2026-05-25 04:26:22,533 [INFO] ADCParametersView:116 -                Rank 1 : true
2026-05-25 04:26:22,533 [INFO] ADCParametersView:116 -                Rank 1 : true
2026-05-25 04:26:22,544 [INFO] ADCParametersView:116 -                Rank 1 : true
2026-05-25 04:26:22,589 [INFO] ADCParametersView:116 -                Rank 1 : true
2026-05-25 04:26:22,592 [INFO] ADCParametersView:116 -                Rank 1 : true
2026-05-25 04:26:22,592 [INFO] ADCParametersView:116 -                Rank 1 : true
2026-05-25 04:26:22,593 [INFO] ADCParametersView:116 -                Rank 1 : true
2026-05-25 04:26:22,593 [INFO] ADCParametersView:116 -                Rank 1 : true
2026-05-25 04:26:22,593 [INFO] ADCParametersView:116 -                Rank 1 : true
2026-05-25 04:26:22,593 [INFO] ADCParametersView:116 -                Rank 1 : true
2026-05-25 04:26:22,593 [INFO] ADCParametersView:116 -                Rank 1 : true
2026-05-25 04:26:22,593 [INFO] ADCParametersView:116 -                Rank 1 : true
2026-05-25 04:26:22,594 [INFO] ADCParametersView:116 -                Rank 1 : true
2026-05-25 04:26:22,607 [INFO] ADCParametersView:116 -                Rank 1 : true
2026-05-25 04:26:22,817 [INFO] ADCParametersView:116 -                Rank 1 : true
2026-05-25 04:26:22,818 [INFO] ADCParametersView:116 -                Rank 1 : true
2026-05-25 04:26:22,818 [INFO] ADCParametersView:116 -                Rank 1 : true
2026-05-25 04:26:22,819 [INFO] ADCParametersView:116 -                Rank 1 : true
2026-05-25 04:26:22,819 [INFO] ADCParametersView:116 -                Rank 1 : true
2026-05-25 04:26:22,819 [INFO] ADCParametersView:116 -                Rank 1 : true
2026-05-25 04:26:22,819 [INFO] ADCParametersView:116 -                Rank 1 : true
2026-05-25 04:26:22,819 [INFO] ADCParametersView:116 -                Rank 1 : true
2026-05-25 04:26:22,819 [INFO] ADCParametersView:116 -                Rank 1 : true
2026-05-25 04:26:22,819 [INFO] ADCParametersView:116 -                Rank 1 : true
2026-05-25 04:26:22,825 [INFO] ADCParametersView:116 -                Rank 1 : true
2026-05-25 04:26:22,851 [INFO] ADCParametersView:116 -                Rank 1 : true
2026-05-25 04:26:22,852 [INFO] ADCParametersView:116 -                Rank 1 : true
2026-05-25 04:26:22,852 [INFO] ADCParametersView:116 -                Rank 1 : true
2026-05-25 04:26:22,852 [INFO] ADCParametersView:116 -                Rank 1 : true
2026-05-25 04:26:22,852 [INFO] ADCParametersView:116 -                Rank 1 : true
2026-05-25 04:26:22,852 [INFO] ADCParametersView:116 -                Rank 1 : true
2026-05-25 04:26:22,852 [INFO] ADCParametersView:116 -                Rank 1 : true
2026-05-25 04:26:22,852 [INFO] ADCParametersView:116 -                Rank 1 : true
2026-05-25 04:26:22,852 [INFO] ADCParametersView:116 -                Rank 1 : true
2026-05-25 04:26:22,852 [INFO] ADCParametersView:116 -                Rank 1 : true
2026-05-25 04:26:22,858 [INFO] ADCParametersView:116 -                Rank 1 : true
2026-05-25 04:26:31,335 [INFO] ADCParametersView:116 -                Rank 1 : true
2026-05-25 04:26:31,336 [INFO] ADCParametersView:116 -                Rank 1 : true
2026-05-25 04:26:31,337 [INFO] ADCParametersView:116 -                Rank 1 : true
2026-05-25 04:26:31,337 [INFO] ADCParametersView:116 -                Rank 1 : true
2026-05-25 04:26:31,337 [INFO] ADCParametersView:116 -                Rank 1 : true
2026-05-25 04:26:31,337 [INFO] ADCParametersView:116 -                Rank 1 : true
2026-05-25 04:26:31,337 [INFO] ADCParametersView:116 -                Rank 1 : true
2026-05-25 04:26:31,337 [INFO] ADCParametersView:116 -                Rank 1 : true
2026-05-25 04:26:31,337 [INFO] ADCParametersView:116 -                Rank 1 : true
2026-05-25 04:26:31,337 [INFO] ADCParametersView:116 -                Rank 1 : true
2026-05-25 04:26:31,345 [INFO] ADCParametersView:116 -                Rank 1 : true
2026-05-25 04:26:31,366 [INFO] ADCParametersView:116 -                Rank 1 : true
2026-05-25 04:26:31,367 [INFO] ADCParametersView:116 -                Rank 1 : true
2026-05-25 04:26:31,367 [INFO] ADCParametersView:116 -                Rank 1 : true
2026-05-25 04:26:31,367 [INFO] ADCParametersView:116 -                Rank 1 : true
2026-05-25 04:26:31,367 [INFO] ADCParametersView:116 -                Rank 1 : true
2026-05-25 04:26:31,367 [INFO] ADCParametersView:116 -                Rank 1 : true
2026-05-25 04:26:31,367 [INFO] ADCParametersView:116 -                Rank 1 : true
2026-05-25 04:26:31,367 [INFO] ADCParametersView:116 -                Rank 1 : true
2026-05-25 04:26:31,367 [INFO] ADCParametersView:116 -                Rank 1 : true
2026-05-25 04:26:31,368 [INFO] ADCParametersView:116 -                Rank 1 : true
2026-05-25 04:26:31,371 [INFO] ADCParametersView:116 -                Rank 1 : true
2026-05-25 04:26:31,548 [INFO] ADCParametersView:116 -                Rank 1 : true
2026-05-25 04:26:31,549 [INFO] ADCParametersView:116 -                Rank 1 : true
2026-05-25 04:26:31,549 [INFO] ADCParametersView:116 -                Rank 1 : true
2026-05-25 04:26:31,549 [INFO] ADCParametersView:116 -                Rank 1 : true
2026-05-25 04:26:31,549 [INFO] ADCParametersView:116 -                Rank 1 : true
2026-05-25 04:26:31,549 [INFO] ADCParametersView:116 -                Rank 1 : true
2026-05-25 04:26:31,549 [INFO] ADCParametersView:116 -                Rank 1 : true
2026-05-25 04:26:31,549 [INFO] ADCParametersView:116 -                Rank 1 : true
2026-05-25 04:26:31,549 [INFO] ADCParametersView:116 -                Rank 1 : true
2026-05-25 04:26:31,549 [INFO] ADCParametersView:116 -                Rank 1 : true
2026-05-25 04:26:31,552 [INFO] ADCParametersView:116 -                Rank 1 : true
2026-05-25 04:26:31,568 [INFO] ADCParametersView:116 -                Rank 1 : true
2026-05-25 04:26:31,570 [INFO] ADCParametersView:116 -                Rank 1 : true
2026-05-25 04:26:31,570 [INFO] ADCParametersView:116 -                Rank 1 : true
2026-05-25 04:26:31,570 [INFO] ADCParametersView:116 -                Rank 1 : true
2026-05-25 04:26:31,570 [INFO] ADCParametersView:116 -                Rank 1 : true
2026-05-25 04:26:31,570 [INFO] ADCParametersView:116 -                Rank 1 : true
2026-05-25 04:26:31,570 [INFO] ADCParametersView:116 -                Rank 1 : true
2026-05-25 04:26:31,570 [INFO] ADCParametersView:116 -                Rank 1 : true
2026-05-25 04:26:31,570 [INFO] ADCParametersView:116 -                Rank 1 : true
2026-05-25 04:26:31,570 [INFO] ADCParametersView:116 -                Rank 1 : true
2026-05-25 04:26:31,576 [INFO] ADCParametersView:116 -                Rank 1 : true
2026-05-25 04:26:52,269 [INFO] ADCParametersView:116 -                Rank 1 : true
2026-05-25 04:26:52,270 [INFO] ADCParametersView:116 -                Rank 1 : true
2026-05-25 04:26:52,271 [INFO] ADCParametersView:116 -                Rank 1 : true
2026-05-25 04:26:52,271 [INFO] ADCParametersView:116 -                Rank 1 : true
2026-05-25 04:26:52,271 [INFO] ADCParametersView:116 -                Rank 1 : true
2026-05-25 04:26:52,271 [INFO] ADCParametersView:116 -                Rank 1 : true
2026-05-25 04:26:52,271 [INFO] ADCParametersView:116 -                Rank 1 : true
2026-05-25 04:26:52,271 [INFO] ADCParametersView:116 -                Rank 1 : true
2026-05-25 04:26:52,271 [INFO] ADCParametersView:116 -                Rank 1 : true
2026-05-25 04:26:52,271 [INFO] ADCParametersView:116 -                Rank 1 : true
2026-05-25 04:26:52,277 [INFO] ADCParametersView:116 -                Rank 1 : true
2026-05-25 04:26:52,298 [INFO] ADCParametersView:116 -                Rank 1 : true
2026-05-25 04:26:52,298 [INFO] ADCParametersView:116 -                Rank 1 : true
2026-05-25 04:26:52,298 [INFO] ADCParametersView:116 -                Rank 1 : true
2026-05-25 04:26:52,298 [INFO] ADCParametersView:116 -                Rank 1 : true
2026-05-25 04:26:52,298 [INFO] ADCParametersView:116 -                Rank 1 : true
2026-05-25 04:26:52,298 [INFO] ADCParametersView:116 -                Rank 1 : true
2026-05-25 04:26:52,298 [INFO] ADCParametersView:116 -                Rank 1 : true
2026-05-25 04:26:52,298 [INFO] ADCParametersView:116 -                Rank 1 : true
2026-05-25 04:26:52,298 [INFO] ADCParametersView:116 -                Rank 1 : true
2026-05-25 04:26:52,299 [INFO] ADCParametersView:116 -                Rank 1 : true
2026-05-25 04:26:52,301 [INFO] ADCParametersView:116 -                Rank 1 : true
2026-05-25 04:26:52,465 [INFO] ADCParametersView:116 -                Rank 1 : true
2026-05-25 04:26:52,466 [INFO] ADCParametersView:116 -                Rank 1 : true
2026-05-25 04:26:52,466 [INFO] ADCParametersView:116 -                Rank 1 : true
2026-05-25 04:26:52,466 [INFO] ADCParametersView:116 -                Rank 1 : true
2026-05-25 04:26:52,466 [INFO] ADCParametersView:116 -                Rank 1 : true
2026-05-25 04:26:52,466 [INFO] ADCParametersView:116 -                Rank 1 : true
2026-05-25 04:26:52,466 [INFO] ADCParametersView:116 -                Rank 1 : true
2026-05-25 04:26:52,467 [INFO] ADCParametersView:116 -                Rank 1 : true
2026-05-25 04:26:52,467 [INFO] ADCParametersView:116 -                Rank 1 : true
2026-05-25 04:26:52,467 [INFO] ADCParametersView:116 -                Rank 1 : true
2026-05-25 04:26:52,470 [INFO] ADCParametersView:116 -                Rank 1 : true
2026-05-25 04:26:52,487 [INFO] ADCParametersView:116 -                Rank 1 : true
2026-05-25 04:26:52,488 [INFO] ADCParametersView:116 -                Rank 1 : true
2026-05-25 04:26:52,488 [INFO] ADCParametersView:116 -                Rank 1 : true
2026-05-25 04:26:52,488 [INFO] ADCParametersView:116 -                Rank 1 : true
2026-05-25 04:26:52,488 [INFO] ADCParametersView:116 -                Rank 1 : true
2026-05-25 04:26:52,488 [INFO] ADCParametersView:116 -                Rank 1 : true
2026-05-25 04:26:52,488 [INFO] ADCParametersView:116 -                Rank 1 : true
2026-05-25 04:26:52,489 [INFO] ADCParametersView:116 -                Rank 1 : true
2026-05-25 04:26:52,489 [INFO] ADCParametersView:116 -                Rank 1 : true
2026-05-25 04:26:52,489 [INFO] ADCParametersView:116 -                Rank 1 : true
2026-05-25 04:26:52,493 [INFO] ADCParametersView:116 -                Rank 1 : true
2026-05-25 04:27:24,229 [INFO] ADCParametersView:116 -                Rank 1 : true
2026-05-25 04:27:24,232 [INFO] ADCParametersView:116 -                Rank 1 : true
2026-05-25 04:27:24,232 [INFO] ADCParametersView:116 -                Rank 1 : true
2026-05-25 04:27:24,232 [INFO] ADCParametersView:116 -                Rank 1 : true
2026-05-25 04:27:24,232 [INFO] ADCParametersView:116 -                Rank 1 : true
2026-05-25 04:27:24,232 [INFO] ADCParametersView:116 -                Rank 1 : true
2026-05-25 04:27:24,232 [INFO] ADCParametersView:116 -                Rank 1 : true
2026-05-25 04:27:24,232 [INFO] ADCParametersView:116 -                Rank 1 : true
2026-05-25 04:27:24,232 [INFO] ADCParametersView:116 -                Rank 1 : true
2026-05-25 04:27:24,232 [INFO] ADCParametersView:116 -                Rank 1 : true
2026-05-25 04:27:24,241 [INFO] ADCParametersView:116 -                Rank 1 : true
2026-05-25 04:27:24,261 [INFO] ADCParametersView:116 -                Rank 1 : true
2026-05-25 04:27:24,262 [INFO] ADCParametersView:116 -                Rank 1 : true
2026-05-25 04:27:24,263 [INFO] ADCParametersView:116 -                Rank 1 : true
2026-05-25 04:27:24,263 [INFO] ADCParametersView:116 -                Rank 1 : true
2026-05-25 04:27:24,263 [INFO] ADCParametersView:116 -                Rank 1 : true
2026-05-25 04:27:24,263 [INFO] ADCParametersView:116 -                Rank 1 : true
2026-05-25 04:27:24,263 [INFO] ADCParametersView:116 -                Rank 1 : true
2026-05-25 04:27:24,263 [INFO] ADCParametersView:116 -                Rank 1 : true
2026-05-25 04:27:24,263 [INFO] ADCParametersView:116 -                Rank 1 : true
2026-05-25 04:27:24,263 [INFO] ADCParametersView:116 -                Rank 1 : true
2026-05-25 04:27:24,270 [INFO] ADCParametersView:116 -                Rank 1 : true
2026-05-25 04:27:24,591 [INFO] ADCParametersView:116 -                Rank 1 : true
2026-05-25 04:27:24,593 [INFO] ADCParametersView:116 -                Rank 1 : true
2026-05-25 04:27:24,594 [INFO] ADCParametersView:116 -                Rank 1 : true
2026-05-25 04:27:24,594 [INFO] ADCParametersView:116 -                Rank 1 : true
2026-05-25 04:27:24,594 [INFO] ADCParametersView:116 -                Rank 1 : true
2026-05-25 04:27:24,594 [INFO] ADCParametersView:116 -                Rank 1 : true
2026-05-25 04:27:24,594 [INFO] ADCParametersView:116 -                Rank 1 : true
2026-05-25 04:27:24,594 [INFO] ADCParametersView:116 -                Rank 1 : true
2026-05-25 04:27:24,594 [INFO] ADCParametersView:116 -                Rank 1 : true
2026-05-25 04:27:24,594 [INFO] ADCParametersView:116 -                Rank 1 : true
2026-05-25 04:27:24,601 [INFO] ADCParametersView:116 -                Rank 1 : true
2026-05-25 04:27:24,613 [INFO] ADCParametersView:116 -                Rank 1 : true
2026-05-25 04:27:24,613 [INFO] ADCParametersView:116 -                Rank 1 : true
2026-05-25 04:27:24,614 [INFO] ADCParametersView:116 -                Rank 1 : true
2026-05-25 04:27:24,614 [INFO] ADCParametersView:116 -                Rank 1 : true
2026-05-25 04:27:24,614 [INFO] ADCParametersView:116 -                Rank 1 : true
2026-05-25 04:27:24,614 [INFO] ADCParametersView:116 -                Rank 1 : true
2026-05-25 04:27:24,614 [INFO] ADCParametersView:116 -                Rank 1 : true
2026-05-25 04:27:24,614 [INFO] ADCParametersView:116 -                Rank 1 : true
2026-05-25 04:27:24,614 [INFO] ADCParametersView:116 -                Rank 1 : true
2026-05-25 04:27:24,614 [INFO] ADCParametersView:116 -                Rank 1 : true
2026-05-25 04:27:24,618 [INFO] ADCParametersView:116 -                Rank 1 : true
2026-05-25 04:27:26,935 [INFO] ADCParametersView:116 -                Rank 1 : true
2026-05-25 04:27:26,936 [INFO] ADCParametersView:116 -                Rank 1 : true
2026-05-25 04:27:26,936 [INFO] ADCParametersView:116 -                Rank 1 : true
2026-05-25 04:27:26,936 [INFO] ADCParametersView:116 -                Rank 1 : true
2026-05-25 04:27:26,936 [INFO] ADCParametersView:116 -                Rank 1 : true
2026-05-25 04:27:26,936 [INFO] ADCParametersView:116 -                Rank 1 : true
2026-05-25 04:27:26,936 [INFO] ADCParametersView:116 -                Rank 1 : true
2026-05-25 04:27:26,936 [INFO] ADCParametersView:116 -                Rank 1 : true
2026-05-25 04:27:26,936 [INFO] ADCParametersView:116 -                Rank 1 : true
2026-05-25 04:27:26,936 [INFO] ADCParametersView:116 -                Rank 1 : true
2026-05-25 04:27:26,940 [INFO] ADCParametersView:116 -                Rank 1 : true
2026-05-25 04:27:26,953 [INFO] ADCParametersView:116 -                Rank 1 : true
2026-05-25 04:27:26,954 [INFO] ADCParametersView:116 -                Rank 1 : true
2026-05-25 04:27:26,954 [INFO] ADCParametersView:116 -                Rank 1 : true
2026-05-25 04:27:26,954 [INFO] ADCParametersView:116 -                Rank 1 : true
2026-05-25 04:27:26,954 [INFO] ADCParametersView:116 -                Rank 1 : true
2026-05-25 04:27:26,954 [INFO] ADCParametersView:116 -                Rank 1 : true
2026-05-25 04:27:26,955 [INFO] ADCParametersView:116 -                Rank 1 : true
2026-05-25 04:27:26,955 [INFO] ADCParametersView:116 -                Rank 1 : true
2026-05-25 04:27:26,955 [INFO] ADCParametersView:116 -                Rank 1 : true
2026-05-25 04:27:26,955 [INFO] ADCParametersView:116 -                Rank 1 : true
2026-05-25 04:27:26,959 [INFO] ADCParametersView:116 -                Rank 1 : true
2026-05-25 04:27:27,106 [INFO] ADCParametersView:116 -                Rank 1 : true
2026-05-25 04:27:27,107 [INFO] ADCParametersView:116 -                Rank 1 : true
2026-05-25 04:27:27,108 [INFO] ADCParametersView:116 -                Rank 1 : true
2026-05-25 04:27:27,108 [INFO] ADCParametersView:116 -                Rank 1 : true
2026-05-25 04:27:27,108 [INFO] ADCParametersView:116 -                Rank 1 : true
2026-05-25 04:27:27,108 [INFO] ADCParametersView:116 -                Rank 1 : true
2026-05-25 04:27:27,108 [INFO] ADCParametersView:116 -                Rank 1 : true
2026-05-25 04:27:27,108 [INFO] ADCParametersView:116 -                Rank 1 : true
2026-05-25 04:27:27,108 [INFO] ADCParametersView:116 -                Rank 1 : true
2026-05-25 04:27:27,108 [INFO] ADCParametersView:116 -                Rank 1 : true
2026-05-25 04:27:27,118 [INFO] ADCParametersView:116 -                Rank 1 : true
2026-05-25 04:27:27,135 [INFO] ADCParametersView:116 -                Rank 1 : true
2026-05-25 04:27:27,136 [INFO] ADCParametersView:116 -                Rank 1 : true
2026-05-25 04:27:27,137 [INFO] ADCParametersView:116 -                Rank 1 : true
2026-05-25 04:27:27,137 [INFO] ADCParametersView:116 -                Rank 1 : true
2026-05-25 04:27:27,137 [INFO] ADCParametersView:116 -                Rank 1 : true
2026-05-25 04:27:27,137 [INFO] ADCParametersView:116 -                Rank 1 : true
2026-05-25 04:27:27,137 [INFO] ADCParametersView:116 -                Rank 1 : true
2026-05-25 04:27:27,137 [INFO] ADCParametersView:116 -                Rank 1 : true
2026-05-25 04:27:27,137 [INFO] ADCParametersView:116 -                Rank 1 : true
2026-05-25 04:27:27,137 [INFO] ADCParametersView:116 -                Rank 1 : true
2026-05-25 04:27:27,140 [INFO] ADCParametersView:116 -                Rank 1 : true
2026-05-25 04:27:30,139 [INFO] ADCParametersView:116 -                Rank 1 : true
2026-05-25 04:27:30,141 [INFO] ADCParametersView:116 -                Rank 1 : true
2026-05-25 04:27:30,141 [INFO] ADCParametersView:116 -                Rank 1 : true
2026-05-25 04:27:30,141 [INFO] ADCParametersView:116 -                Rank 1 : true
2026-05-25 04:27:30,141 [INFO] ADCParametersView:116 -                Rank 1 : true
2026-05-25 04:27:30,141 [INFO] ADCParametersView:116 -                Rank 1 : true
2026-05-25 04:27:30,142 [INFO] ADCParametersView:116 -                Rank 1 : true
2026-05-25 04:27:30,142 [INFO] ADCParametersView:116 -                Rank 1 : true
2026-05-25 04:27:30,142 [INFO] ADCParametersView:116 -                Rank 1 : true
2026-05-25 04:27:30,142 [INFO] ADCParametersView:116 -                Rank 1 : true
2026-05-25 04:27:30,145 [INFO] ADCParametersView:116 -                Rank 1 : true
2026-05-25 04:27:30,160 [INFO] ADCParametersView:116 -                Rank 1 : true
2026-05-25 04:27:30,161 [INFO] ADCParametersView:116 -                Rank 1 : true
2026-05-25 04:27:30,161 [INFO] ADCParametersView:116 -                Rank 1 : true
2026-05-25 04:27:30,161 [INFO] ADCParametersView:116 -                Rank 1 : true
2026-05-25 04:27:30,161 [INFO] ADCParametersView:116 -                Rank 1 : true
2026-05-25 04:27:30,161 [INFO] ADCParametersView:116 -                Rank 1 : true
2026-05-25 04:27:30,161 [INFO] ADCParametersView:116 -                Rank 1 : true
2026-05-25 04:27:30,161 [INFO] ADCParametersView:116 -                Rank 1 : true
2026-05-25 04:27:30,161 [INFO] ADCParametersView:116 -                Rank 1 : true
2026-05-25 04:27:30,161 [INFO] ADCParametersView:116 -                Rank 1 : true
2026-05-25 04:27:30,164 [INFO] ADCParametersView:116 -                Rank 1 : true
2026-05-25 04:27:30,321 [INFO] ADCParametersView:116 -                Rank 1 : true
2026-05-25 04:27:30,322 [INFO] ADCParametersView:116 -                Rank 1 : true
2026-05-25 04:27:30,322 [INFO] ADCParametersView:116 -                Rank 1 : true
2026-05-25 04:27:30,322 [INFO] ADCParametersView:116 -                Rank 1 : true
2026-05-25 04:27:30,322 [INFO] ADCParametersView:116 -                Rank 1 : true
2026-05-25 04:27:30,322 [INFO] ADCParametersView:116 -                Rank 1 : true
2026-05-25 04:27:30,322 [INFO] ADCParametersView:116 -                Rank 1 : true
2026-05-25 04:27:30,322 [INFO] ADCParametersView:116 -                Rank 1 : true
2026-05-25 04:27:30,322 [INFO] ADCParametersView:116 -                Rank 1 : true
2026-05-25 04:27:30,323 [INFO] ADCParametersView:116 -                Rank 1 : true
2026-05-25 04:27:30,328 [INFO] ADCParametersView:116 -                Rank 1 : true
2026-05-25 04:27:30,343 [INFO] ADCParametersView:116 -                Rank 1 : true
2026-05-25 04:27:30,344 [INFO] ADCParametersView:116 -                Rank 1 : true
2026-05-25 04:27:30,345 [INFO] ADCParametersView:116 -                Rank 1 : true
2026-05-25 04:27:30,345 [INFO] ADCParametersView:116 -                Rank 1 : true
2026-05-25 04:27:30,345 [INFO] ADCParametersView:116 -                Rank 1 : true
2026-05-25 04:27:30,345 [INFO] ADCParametersView:116 -                Rank 1 : true
2026-05-25 04:27:30,345 [INFO] ADCParametersView:116 -                Rank 1 : true
2026-05-25 04:27:30,345 [INFO] ADCParametersView:116 -                Rank 1 : true
2026-05-25 04:27:30,345 [INFO] ADCParametersView:116 -                Rank 1 : true
2026-05-25 04:27:30,345 [INFO] ADCParametersView:116 -                Rank 1 : true
2026-05-25 04:27:30,385 [INFO] ADCParametersView:116 -                Rank 1 : true
2026-05-25 04:27:56,737 [INFO] ADCParametersView:116 -                Rank 1 : true
2026-05-25 04:27:56,739 [INFO] ADCParametersView:116 -                Rank 1 : true
2026-05-25 04:27:56,739 [INFO] ADCParametersView:116 -                Rank 1 : true
2026-05-25 04:27:56,739 [INFO] ADCParametersView:116 -                Rank 1 : true
2026-05-25 04:27:56,740 [INFO] ADCParametersView:116 -                Rank 1 : true
2026-05-25 04:27:56,740 [INFO] ADCParametersView:116 -                Rank 1 : true
2026-05-25 04:27:56,740 [INFO] ADCParametersView:116 -                Rank 1 : true
2026-05-25 04:27:56,740 [INFO] ADCParametersView:116 -                Rank 1 : true
2026-05-25 04:27:56,740 [INFO] ADCParametersView:116 -                Rank 1 : true
2026-05-25 04:27:56,740 [INFO] ADCParametersView:116 -                Rank 1 : true
2026-05-25 04:27:56,749 [INFO] ADCParametersView:116 -                Rank 1 : true
2026-05-25 04:27:56,767 [INFO] ADCParametersView:116 -                Rank 1 : true
2026-05-25 04:27:56,768 [INFO] ADCParametersView:116 -                Rank 1 : true
2026-05-25 04:27:56,769 [INFO] ADCParametersView:116 -                Rank 1 : true
2026-05-25 04:27:56,769 [INFO] ADCParametersView:116 -                Rank 1 : true
2026-05-25 04:27:56,769 [INFO] ADCParametersView:116 -                Rank 1 : true
2026-05-25 04:27:56,769 [INFO] ADCParametersView:116 -                Rank 1 : true
2026-05-25 04:27:56,769 [INFO] ADCParametersView:116 -                Rank 1 : true
2026-05-25 04:27:56,769 [INFO] ADCParametersView:116 -                Rank 1 : true
2026-05-25 04:27:56,769 [INFO] ADCParametersView:116 -                Rank 1 : true
2026-05-25 04:27:56,769 [INFO] ADCParametersView:116 -                Rank 1 : true
2026-05-25 04:27:56,775 [INFO] ADCParametersView:116 -                Rank 1 : true
2026-05-25 04:27:56,869 [INFO] ADCParametersView:116 -                Rank 1 : true
2026-05-25 04:27:56,870 [INFO] ADCParametersView:116 -                Rank 1 : true
2026-05-25 04:27:56,870 [INFO] ADCParametersView:116 -                Rank 1 : true
2026-05-25 04:27:56,870 [INFO] ADCParametersView:116 -                Rank 1 : true
2026-05-25 04:27:56,870 [INFO] ADCParametersView:116 -                Rank 1 : true
2026-05-25 04:27:56,870 [INFO] ADCParametersView:116 -                Rank 1 : true
2026-05-25 04:27:56,870 [INFO] ADCParametersView:116 -                Rank 1 : true
2026-05-25 04:27:56,870 [INFO] ADCParametersView:116 -                Rank 1 : true
2026-05-25 04:27:56,870 [INFO] ADCParametersView:116 -                Rank 1 : true
2026-05-25 04:27:56,870 [INFO] ADCParametersView:116 -                Rank 1 : true
2026-05-25 04:27:56,874 [INFO] ADCParametersView:116 -                Rank 1 : true
2026-05-25 04:27:56,891 [INFO] ADCParametersView:116 -                Rank 1 : true
2026-05-25 04:27:56,893 [INFO] ADCParametersView:116 -                Rank 1 : true
2026-05-25 04:27:56,893 [INFO] ADCParametersView:116 -                Rank 1 : true
2026-05-25 04:27:56,893 [INFO] ADCParametersView:116 -                Rank 1 : true
2026-05-25 04:27:56,893 [INFO] ADCParametersView:116 -                Rank 1 : true
2026-05-25 04:27:56,893 [INFO] ADCParametersView:116 -                Rank 1 : true
2026-05-25 04:27:56,893 [INFO] ADCParametersView:116 -                Rank 1 : true
2026-05-25 04:27:56,893 [INFO] ADCParametersView:116 -                Rank 1 : true
2026-05-25 04:27:56,893 [INFO] ADCParametersView:116 -                Rank 1 : true
2026-05-25 04:27:56,893 [INFO] ADCParametersView:116 -                Rank 1 : true
2026-05-25 04:27:56,899 [INFO] ADCParametersView:116 -                Rank 1 : true
2026-05-25 04:27:59,660 [INFO] ADCParametersView:116 -                Rank 1 : true
2026-05-25 04:27:59,662 [INFO] ADCParametersView:116 -                Rank 1 : true
2026-05-25 04:27:59,662 [INFO] ADCParametersView:116 -                Rank 1 : true
2026-05-25 04:27:59,662 [INFO] ADCParametersView:116 -                Rank 1 : true
2026-05-25 04:27:59,662 [INFO] ADCParametersView:116 -                Rank 1 : true
2026-05-25 04:27:59,662 [INFO] ADCParametersView:116 -                Rank 1 : true
2026-05-25 04:27:59,662 [INFO] ADCParametersView:116 -                Rank 1 : true
2026-05-25 04:27:59,662 [INFO] ADCParametersView:116 -                Rank 1 : true
2026-05-25 04:27:59,662 [INFO] ADCParametersView:116 -                Rank 1 : true
2026-05-25 04:27:59,662 [INFO] ADCParametersView:116 -                Rank 1 : true
2026-05-25 04:27:59,668 [INFO] ADCParametersView:116 -                Rank 1 : true
2026-05-25 04:27:59,683 [INFO] ADCParametersView:116 -                Rank 1 : true
2026-05-25 04:27:59,684 [INFO] ADCParametersView:116 -                Rank 1 : true
2026-05-25 04:27:59,684 [INFO] ADCParametersView:116 -                Rank 1 : true
2026-05-25 04:27:59,684 [INFO] ADCParametersView:116 -                Rank 1 : true
2026-05-25 04:27:59,684 [INFO] ADCParametersView:116 -                Rank 1 : true
2026-05-25 04:27:59,684 [INFO] ADCParametersView:116 -                Rank 1 : true
2026-05-25 04:27:59,684 [INFO] ADCParametersView:116 -                Rank 1 : true
2026-05-25 04:27:59,684 [INFO] ADCParametersView:116 -                Rank 1 : true
2026-05-25 04:27:59,684 [INFO] ADCParametersView:116 -                Rank 1 : true
2026-05-25 04:27:59,684 [INFO] ADCParametersView:116 -                Rank 1 : true
2026-05-25 04:27:59,687 [INFO] ADCParametersView:116 -                Rank 1 : true
2026-05-25 04:27:59,855 [INFO] ADCParametersView:116 -                Rank 1 : true
2026-05-25 04:27:59,856 [INFO] ADCParametersView:116 -                Rank 1 : true
2026-05-25 04:27:59,856 [INFO] ADCParametersView:116 -                Rank 1 : true
2026-05-25 04:27:59,856 [INFO] ADCParametersView:116 -                Rank 1 : true
2026-05-25 04:27:59,856 [INFO] ADCParametersView:116 -                Rank 1 : true
2026-05-25 04:27:59,856 [INFO] ADCParametersView:116 -                Rank 1 : true
2026-05-25 04:27:59,856 [INFO] ADCParametersView:116 -                Rank 1 : true
2026-05-25 04:27:59,856 [INFO] ADCParametersView:116 -                Rank 1 : true
2026-05-25 04:27:59,856 [INFO] ADCParametersView:116 -                Rank 1 : true
2026-05-25 04:27:59,856 [INFO] ADCParametersView:116 -                Rank 1 : true
2026-05-25 04:27:59,859 [INFO] ADCParametersView:116 -                Rank 1 : true
2026-05-25 04:27:59,872 [INFO] ADCParametersView:116 -                Rank 1 : true
2026-05-25 04:27:59,872 [INFO] ADCParametersView:116 -                Rank 1 : true
2026-05-25 04:27:59,872 [INFO] ADCParametersView:116 -                Rank 1 : true
2026-05-25 04:27:59,872 [INFO] ADCParametersView:116 -                Rank 1 : true
2026-05-25 04:27:59,873 [INFO] ADCParametersView:116 -                Rank 1 : true
2026-05-25 04:27:59,873 [INFO] ADCParametersView:116 -                Rank 1 : true
2026-05-25 04:27:59,873 [INFO] ADCParametersView:116 -                Rank 1 : true
2026-05-25 04:27:59,873 [INFO] ADCParametersView:116 -                Rank 1 : true
2026-05-25 04:27:59,873 [INFO] ADCParametersView:116 -                Rank 1 : true
2026-05-25 04:27:59,873 [INFO] ADCParametersView:116 -                Rank 1 : true
2026-05-25 04:27:59,876 [INFO] ADCParametersView:116 -                Rank 1 : true
2026-05-25 04:28:19,346 [INFO] ADCParametersView:116 -                Rank 1 : true
2026-05-25 04:28:19,348 [INFO] ADCParametersView:116 -                Rank 1 : true
2026-05-25 04:28:19,348 [INFO] ADCParametersView:116 -                Rank 1 : true
2026-05-25 04:28:19,348 [INFO] ADCParametersView:116 -                Rank 1 : true
2026-05-25 04:28:19,348 [INFO] ADCParametersView:116 -                Rank 1 : true
2026-05-25 04:28:19,348 [INFO] ADCParametersView:116 -                Rank 1 : true
2026-05-25 04:28:19,348 [INFO] ADCParametersView:116 -                Rank 1 : true
2026-05-25 04:28:19,348 [INFO] ADCParametersView:116 -                Rank 1 : true
2026-05-25 04:28:19,348 [INFO] ADCParametersView:116 -                Rank 1 : true
2026-05-25 04:28:19,348 [INFO] ADCParametersView:116 -                Rank 1 : true
2026-05-25 04:28:19,355 [INFO] ADCParametersView:116 -                Rank 1 : true
2026-05-25 04:28:19,378 [INFO] ADCParametersView:116 -                Rank 1 : true
2026-05-25 04:28:19,379 [INFO] ADCParametersView:116 -                Rank 1 : true
2026-05-25 04:28:19,379 [INFO] ADCParametersView:116 -                Rank 1 : true
2026-05-25 04:28:19,380 [INFO] ADCParametersView:116 -                Rank 1 : true
2026-05-25 04:28:19,380 [INFO] ADCParametersView:116 -                Rank 1 : true
2026-05-25 04:28:19,380 [INFO] ADCParametersView:116 -                Rank 1 : true
2026-05-25 04:28:19,380 [INFO] ADCParametersView:116 -                Rank 1 : true
2026-05-25 04:28:19,380 [INFO] ADCParametersView:116 -                Rank 1 : true
2026-05-25 04:28:19,380 [INFO] ADCParametersView:116 -                Rank 1 : true
2026-05-25 04:28:19,380 [INFO] ADCParametersView:116 -                Rank 1 : true
2026-05-25 04:28:19,385 [INFO] ADCParametersView:116 -                Rank 1 : true
2026-05-25 04:28:19,533 [INFO] ADCParametersView:116 -                Rank 1 : true
2026-05-25 04:28:19,534 [INFO] ADCParametersView:116 -                Rank 1 : true
2026-05-25 04:28:19,534 [INFO] ADCParametersView:116 -                Rank 1 : true
2026-05-25 04:28:19,534 [INFO] ADCParametersView:116 -                Rank 1 : true
2026-05-25 04:28:19,534 [INFO] ADCParametersView:116 -                Rank 1 : true
2026-05-25 04:28:19,534 [INFO] ADCParametersView:116 -                Rank 1 : true
2026-05-25 04:28:19,534 [INFO] ADCParametersView:116 -                Rank 1 : true
2026-05-25 04:28:19,534 [INFO] ADCParametersView:116 -                Rank 1 : true
2026-05-25 04:28:19,534 [INFO] ADCParametersView:116 -                Rank 1 : true
2026-05-25 04:28:19,534 [INFO] ADCParametersView:116 -                Rank 1 : true
2026-05-25 04:28:19,538 [INFO] ADCParametersView:116 -                Rank 1 : true
2026-05-25 04:28:19,553 [INFO] ADCParametersView:116 -                Rank 1 : true
2026-05-25 04:28:19,554 [INFO] ADCParametersView:116 -                Rank 1 : true
2026-05-25 04:28:19,554 [INFO] ADCParametersView:116 -                Rank 1 : true
2026-05-25 04:28:19,554 [INFO] ADCParametersView:116 -                Rank 1 : true
2026-05-25 04:28:19,554 [INFO] ADCParametersView:116 -                Rank 1 : true
2026-05-25 04:28:19,554 [INFO] ADCParametersView:116 -                Rank 1 : true
2026-05-25 04:28:19,554 [INFO] ADCParametersView:116 -                Rank 1 : true
2026-05-25 04:28:19,554 [INFO] ADCParametersView:116 -                Rank 1 : true
2026-05-25 04:28:19,554 [INFO] ADCParametersView:116 -                Rank 1 : true
2026-05-25 04:28:19,554 [INFO] ADCParametersView:116 -                Rank 1 : true
2026-05-25 04:28:19,560 [INFO] ADCParametersView:116 -                Rank 1 : true
2026-05-25 04:28:23,149 [INFO] ADCParametersView:116 -                Rank 1 : true
2026-05-25 04:28:23,150 [INFO] ADCParametersView:116 -                Rank 1 : true
2026-05-25 04:28:23,150 [INFO] ADCParametersView:116 -                Rank 1 : true
2026-05-25 04:28:23,151 [INFO] ADCParametersView:116 -                Rank 1 : true
2026-05-25 04:28:23,151 [INFO] ADCParametersView:116 -                Rank 1 : true
2026-05-25 04:28:23,151 [INFO] ADCParametersView:116 -                Rank 1 : true
2026-05-25 04:28:23,151 [INFO] ADCParametersView:116 -                Rank 1 : true
2026-05-25 04:28:23,151 [INFO] ADCParametersView:116 -                Rank 1 : true
2026-05-25 04:28:23,151 [INFO] ADCParametersView:116 -                Rank 1 : true
2026-05-25 04:28:23,151 [INFO] ADCParametersView:116 -                Rank 1 : true
2026-05-25 04:28:23,154 [INFO] ADCParametersView:116 -                Rank 1 : true
2026-05-25 04:28:23,172 [INFO] ADCParametersView:116 -                Rank 1 : true
2026-05-25 04:28:23,173 [INFO] ADCParametersView:116 -                Rank 1 : true
2026-05-25 04:28:23,173 [INFO] ADCParametersView:116 -                Rank 1 : true
2026-05-25 04:28:23,173 [INFO] ADCParametersView:116 -                Rank 1 : true
2026-05-25 04:28:23,173 [INFO] ADCParametersView:116 -                Rank 1 : true
2026-05-25 04:28:23,174 [INFO] ADCParametersView:116 -                Rank 1 : true
2026-05-25 04:28:23,174 [INFO] ADCParametersView:116 -                Rank 1 : true
2026-05-25 04:28:23,174 [INFO] ADCParametersView:116 -                Rank 1 : true
2026-05-25 04:28:23,174 [INFO] ADCParametersView:116 -                Rank 1 : true
2026-05-25 04:28:23,174 [INFO] ADCParametersView:116 -                Rank 1 : true
2026-05-25 04:28:23,180 [INFO] ADCParametersView:116 -                Rank 1 : true
2026-05-25 04:28:23,401 [INFO] ADCParametersView:116 -                Rank 1 : true
2026-05-25 04:28:23,402 [INFO] ADCParametersView:116 -                Rank 1 : true
2026-05-25 04:28:23,402 [INFO] ADCParametersView:116 -                Rank 1 : true
2026-05-25 04:28:23,402 [INFO] ADCParametersView:116 -                Rank 1 : true
2026-05-25 04:28:23,402 [INFO] ADCParametersView:116 -                Rank 1 : true
2026-05-25 04:28:23,402 [INFO] ADCParametersView:116 -                Rank 1 : true
2026-05-25 04:28:23,402 [INFO] ADCParametersView:116 -                Rank 1 : true
2026-05-25 04:28:23,402 [INFO] ADCParametersView:116 -                Rank 1 : true
2026-05-25 04:28:23,402 [INFO] ADCParametersView:116 -                Rank 1 : true
2026-05-25 04:28:23,402 [INFO] ADCParametersView:116 -                Rank 1 : true
2026-05-25 04:28:23,406 [INFO] ADCParametersView:116 -                Rank 1 : true
2026-05-25 04:28:23,417 [INFO] ADCParametersView:116 -                Rank 1 : true
2026-05-25 04:28:23,418 [INFO] ADCParametersView:116 -                Rank 1 : true
2026-05-25 04:28:23,418 [INFO] ADCParametersView:116 -                Rank 1 : true
2026-05-25 04:28:23,419 [INFO] ADCParametersView:116 -                Rank 1 : true
2026-05-25 04:28:23,419 [INFO] ADCParametersView:116 -                Rank 1 : true
2026-05-25 04:28:23,419 [INFO] ADCParametersView:116 -                Rank 1 : true
2026-05-25 04:28:23,419 [INFO] ADCParametersView:116 -                Rank 1 : true
2026-05-25 04:28:23,419 [INFO] ADCParametersView:116 -                Rank 1 : true
2026-05-25 04:28:23,419 [INFO] ADCParametersView:116 -                Rank 1 : true
2026-05-25 04:28:23,419 [INFO] ADCParametersView:116 -                Rank 1 : true
2026-05-25 04:28:23,424 [INFO] ADCParametersView:116 -                Rank 1 : true
2026-05-25 04:28:43,182 [INFO] ADCParametersView:116 -                Rank 1 : true
2026-05-25 04:28:43,183 [INFO] ADCParametersView:116 -                Rank 1 : true
2026-05-25 04:28:43,184 [INFO] ADCParametersView:116 -                Rank 1 : true
2026-05-25 04:28:43,184 [INFO] ADCParametersView:116 -                Rank 1 : true
2026-05-25 04:28:43,184 [INFO] ADCParametersView:116 -                Rank 1 : true
2026-05-25 04:28:43,184 [INFO] ADCParametersView:116 -                Rank 1 : true
2026-05-25 04:28:43,184 [INFO] ADCParametersView:116 -                Rank 1 : true
2026-05-25 04:28:43,184 [INFO] ADCParametersView:116 -                Rank 1 : true
2026-05-25 04:28:43,184 [INFO] ADCParametersView:116 -                Rank 1 : true
2026-05-25 04:28:43,184 [INFO] ADCParametersView:116 -                Rank 1 : true
2026-05-25 04:28:43,191 [INFO] ADCParametersView:116 -                Rank 1 : true
2026-05-25 04:28:43,210 [INFO] ADCParametersView:116 -                Rank 1 : true
2026-05-25 04:28:43,212 [INFO] ADCParametersView:116 -                Rank 1 : true
2026-05-25 04:28:43,212 [INFO] ADCParametersView:116 -                Rank 1 : true
2026-05-25 04:28:43,213 [INFO] ADCParametersView:116 -                Rank 1 : true
2026-05-25 04:28:43,213 [INFO] ADCParametersView:116 -                Rank 1 : true
2026-05-25 04:28:43,213 [INFO] ADCParametersView:116 -                Rank 1 : true
2026-05-25 04:28:43,213 [INFO] ADCParametersView:116 -                Rank 1 : true
2026-05-25 04:28:43,213 [INFO] ADCParametersView:116 -                Rank 1 : true
2026-05-25 04:28:43,213 [INFO] ADCParametersView:116 -                Rank 1 : true
2026-05-25 04:28:43,213 [INFO] ADCParametersView:116 -                Rank 1 : true
2026-05-25 04:28:43,226 [INFO] ADCParametersView:116 -                Rank 1 : true
2026-05-25 04:28:43,379 [INFO] ADCParametersView:116 -                Rank 1 : true
2026-05-25 04:28:43,379 [INFO] ADCParametersView:116 -                Rank 1 : true
2026-05-25 04:28:43,379 [INFO] ADCParametersView:116 -                Rank 1 : true
2026-05-25 04:28:43,379 [INFO] ADCParametersView:116 -                Rank 1 : true
2026-05-25 04:28:43,379 [INFO] ADCParametersView:116 -                Rank 1 : true
2026-05-25 04:28:43,379 [INFO] ADCParametersView:116 -                Rank 1 : true
2026-05-25 04:28:43,380 [INFO] ADCParametersView:116 -                Rank 1 : true
2026-05-25 04:28:43,380 [INFO] ADCParametersView:116 -                Rank 1 : true
2026-05-25 04:28:43,380 [INFO] ADCParametersView:116 -                Rank 1 : true
2026-05-25 04:28:43,380 [INFO] ADCParametersView:116 -                Rank 1 : true
2026-05-25 04:28:43,383 [INFO] ADCParametersView:116 -                Rank 1 : true
2026-05-25 04:28:43,394 [INFO] ADCParametersView:116 -                Rank 1 : true
2026-05-25 04:28:43,395 [INFO] ADCParametersView:116 -                Rank 1 : true
2026-05-25 04:28:43,395 [INFO] ADCParametersView:116 -                Rank 1 : true
2026-05-25 04:28:43,395 [INFO] ADCParametersView:116 -                Rank 1 : true
2026-05-25 04:28:43,395 [INFO] ADCParametersView:116 -                Rank 1 : true
2026-05-25 04:28:43,395 [INFO] ADCParametersView:116 -                Rank 1 : true
2026-05-25 04:28:43,395 [INFO] ADCParametersView:116 -                Rank 1 : true
2026-05-25 04:28:43,395 [INFO] ADCParametersView:116 -                Rank 1 : true
2026-05-25 04:28:43,395 [INFO] ADCParametersView:116 -                Rank 1 : true
2026-05-25 04:28:43,395 [INFO] ADCParametersView:116 -                Rank 1 : true
2026-05-25 04:28:43,398 [INFO] ADCParametersView:116 -                Rank 1 : true
2026-05-25 04:28:50,306 [INFO] ADCParametersView:116 -                Rank 1 : true
2026-05-25 04:28:50,307 [INFO] ADCParametersView:116 -                Rank 1 : true
2026-05-25 04:28:50,307 [INFO] ADCParametersView:116 -                Rank 1 : true
2026-05-25 04:28:50,307 [INFO] ADCParametersView:116 -                Rank 1 : true
2026-05-25 04:28:50,307 [INFO] ADCParametersView:116 -                Rank 1 : true
2026-05-25 04:28:50,307 [INFO] ADCParametersView:116 -                Rank 1 : true
2026-05-25 04:28:50,307 [INFO] ADCParametersView:116 -                Rank 1 : true
2026-05-25 04:28:50,307 [INFO] ADCParametersView:116 -                Rank 1 : true
2026-05-25 04:28:50,307 [INFO] ADCParametersView:116 -                Rank 1 : true
2026-05-25 04:28:50,308 [INFO] ADCParametersView:116 -                Rank 1 : true
2026-05-25 04:28:50,311 [INFO] ADCParametersView:116 -                Rank 1 : true
2026-05-25 04:28:50,325 [INFO] ADCParametersView:116 -                Rank 1 : true
2026-05-25 04:28:50,326 [INFO] ADCParametersView:116 -                Rank 1 : true
2026-05-25 04:28:50,326 [INFO] ADCParametersView:116 -                Rank 1 : true
2026-05-25 04:28:50,326 [INFO] ADCParametersView:116 -                Rank 1 : true
2026-05-25 04:28:50,326 [INFO] ADCParametersView:116 -                Rank 1 : true
2026-05-25 04:28:50,326 [INFO] ADCParametersView:116 -                Rank 1 : true
2026-05-25 04:28:50,326 [INFO] ADCParametersView:116 -                Rank 1 : true
2026-05-25 04:28:50,326 [INFO] ADCParametersView:116 -                Rank 1 : true
2026-05-25 04:28:50,326 [INFO] ADCParametersView:116 -                Rank 1 : true
2026-05-25 04:28:50,326 [INFO] ADCParametersView:116 -                Rank 1 : true
2026-05-25 04:28:50,329 [INFO] ADCParametersView:116 -                Rank 1 : true
2026-05-25 04:28:50,453 [INFO] ADCParametersView:116 -                Rank 1 : true
2026-05-25 04:28:50,454 [INFO] ADCParametersView:116 -                Rank 1 : true
2026-05-25 04:28:50,454 [INFO] ADCParametersView:116 -                Rank 1 : true
2026-05-25 04:28:50,454 [INFO] ADCParametersView:116 -                Rank 1 : true
2026-05-25 04:28:50,454 [INFO] ADCParametersView:116 -                Rank 1 : true
2026-05-25 04:28:50,454 [INFO] ADCParametersView:116 -                Rank 1 : true
2026-05-25 04:28:50,454 [INFO] ADCParametersView:116 -                Rank 1 : true
2026-05-25 04:28:50,454 [INFO] ADCParametersView:116 -                Rank 1 : true
2026-05-25 04:28:50,454 [INFO] ADCParametersView:116 -                Rank 1 : true
2026-05-25 04:28:50,454 [INFO] ADCParametersView:116 -                Rank 1 : true
2026-05-25 04:28:50,459 [INFO] ADCParametersView:116 -                Rank 1 : true
2026-05-25 04:28:50,477 [INFO] ADCParametersView:116 -                Rank 1 : true
2026-05-25 04:28:50,478 [INFO] ADCParametersView:116 -                Rank 1 : true
2026-05-25 04:28:50,478 [INFO] ADCParametersView:116 -                Rank 1 : true
2026-05-25 04:28:50,478 [INFO] ADCParametersView:116 -                Rank 1 : true
2026-05-25 04:28:50,478 [INFO] ADCParametersView:116 -                Rank 1 : true
2026-05-25 04:28:50,478 [INFO] ADCParametersView:116 -                Rank 1 : true
2026-05-25 04:28:50,478 [INFO] ADCParametersView:116 -                Rank 1 : true
2026-05-25 04:28:50,478 [INFO] ADCParametersView:116 -                Rank 1 : true
2026-05-25 04:28:50,478 [INFO] ADCParametersView:116 -                Rank 1 : true
2026-05-25 04:28:50,478 [INFO] ADCParametersView:116 -                Rank 1 : true
2026-05-25 04:28:50,484 [INFO] ADCParametersView:116 -                Rank 1 : true
2026-05-25 04:28:56,652 [INFO] ADCParametersView:116 -                Rank 1 : true
2026-05-25 04:28:56,654 [INFO] ADCParametersView:116 -                Rank 1 : true
2026-05-25 04:28:56,654 [INFO] ADCParametersView:116 -                Rank 1 : true
2026-05-25 04:28:56,654 [INFO] ADCParametersView:116 -                Rank 1 : true
2026-05-25 04:28:56,655 [INFO] ADCParametersView:116 -                Rank 1 : true
2026-05-25 04:28:56,655 [INFO] ADCParametersView:116 -                Rank 1 : true
2026-05-25 04:28:56,655 [INFO] ADCParametersView:116 -                Rank 1 : true
2026-05-25 04:28:56,655 [INFO] ADCParametersView:116 -                Rank 1 : true
2026-05-25 04:28:56,655 [INFO] ADCParametersView:116 -                Rank 1 : true
2026-05-25 04:28:56,655 [INFO] ADCParametersView:116 -                Rank 1 : true
2026-05-25 04:28:56,674 [INFO] ADCParametersView:116 -                Rank 1 : true
2026-05-25 04:28:56,698 [INFO] ADCParametersView:116 -                Rank 1 : true
2026-05-25 04:28:56,699 [INFO] ADCParametersView:116 -                Rank 1 : true
2026-05-25 04:28:56,700 [INFO] ADCParametersView:116 -                Rank 1 : true
2026-05-25 04:28:56,700 [INFO] ADCParametersView:116 -                Rank 1 : true
2026-05-25 04:28:56,700 [INFO] ADCParametersView:116 -                Rank 1 : true
2026-05-25 04:28:56,700 [INFO] ADCParametersView:116 -                Rank 1 : true
2026-05-25 04:28:56,700 [INFO] ADCParametersView:116 -                Rank 1 : true
2026-05-25 04:28:56,700 [INFO] ADCParametersView:116 -                Rank 1 : true
2026-05-25 04:28:56,700 [INFO] ADCParametersView:116 -                Rank 1 : true
2026-05-25 04:28:56,700 [INFO] ADCParametersView:116 -                Rank 1 : true
2026-05-25 04:28:56,712 [INFO] ADCParametersView:116 -                Rank 1 : true
2026-05-25 04:28:56,918 [INFO] ADCParametersView:116 -                Rank 1 : true
2026-05-25 04:28:56,921 [INFO] ADCParametersView:116 -                Rank 1 : true
2026-05-25 04:28:56,921 [INFO] ADCParametersView:116 -                Rank 1 : true
2026-05-25 04:28:56,921 [INFO] ADCParametersView:116 -                Rank 1 : true
2026-05-25 04:28:56,921 [INFO] ADCParametersView:116 -                Rank 1 : true
2026-05-25 04:28:56,921 [INFO] ADCParametersView:116 -                Rank 1 : true
2026-05-25 04:28:56,921 [INFO] ADCParametersView:116 -                Rank 1 : true
2026-05-25 04:28:56,921 [INFO] ADCParametersView:116 -                Rank 1 : true
2026-05-25 04:28:56,921 [INFO] ADCParametersView:116 -                Rank 1 : true
2026-05-25 04:28:56,921 [INFO] ADCParametersView:116 -                Rank 1 : true
2026-05-25 04:28:56,933 [INFO] ADCParametersView:116 -                Rank 1 : true
2026-05-25 04:28:56,955 [INFO] ADCParametersView:116 -                Rank 1 : true
2026-05-25 04:28:56,956 [INFO] ADCParametersView:116 -                Rank 1 : true
2026-05-25 04:28:56,956 [INFO] ADCParametersView:116 -                Rank 1 : true
2026-05-25 04:28:56,956 [INFO] ADCParametersView:116 -                Rank 1 : true
2026-05-25 04:28:56,957 [INFO] ADCParametersView:116 -                Rank 1 : true
2026-05-25 04:28:56,957 [INFO] ADCParametersView:116 -                Rank 1 : true
2026-05-25 04:28:56,957 [INFO] ADCParametersView:116 -                Rank 1 : true
2026-05-25 04:28:56,957 [INFO] ADCParametersView:116 -                Rank 1 : true
2026-05-25 04:28:56,957 [INFO] ADCParametersView:116 -                Rank 1 : true
2026-05-25 04:28:56,957 [INFO] ADCParametersView:116 -                Rank 1 : true
2026-05-25 04:28:56,962 [INFO] ADCParametersView:116 -                Rank 1 : true
2026-05-25 04:29:03,502 [INFO] UtilMem:75 - End SaveConfig() Used Memory: 327714368 Bytes (1066401792)
2026-05-25 04:29:03,680 [INFO] UtilMem:75 - End SaveConfig() Used Memory: 338726464 Bytes (1066401792)
2026-05-25 04:29:05,702 [INFO] UtilMem:75 - End SaveConfig() Used Memory: 487669824 Bytes (1066401792)
2026-05-25 04:29:06,071 [INFO] BlockDiagram:2775 - set Specific Code input for plugin: NVIC
2026-05-25 04:29:06,071 [INFO] BlockDiagram:2775 - set Specific Code input for plugin: USART
2026-05-25 04:29:06,071 [INFO] BlockDiagram:2775 - set Specific Code input for plugin: IWDG
2026-05-25 04:29:06,071 [INFO] BlockDiagram:2775 - set Specific Code input for plugin: DMA
2026-05-25 04:29:06,071 [INFO] BlockDiagram:2775 - set Specific Code input for plugin: SYS
2026-05-25 04:29:06,072 [INFO] BlockDiagram:2775 - set Specific Code input for plugin: GPIO
2026-05-25 04:29:06,072 [INFO] BlockDiagram:2775 - set Specific Code input for plugin: ADC
2026-05-25 04:29:06,072 [INFO] BlockDiagram:2775 - set Specific Code input for plugin: RCC
2026-05-25 04:29:06,073 [INFO] CodeGenerator:892 - code generatio: config db path: C:\ST\STM32CubeIDE_1.19.0\STM32CubeIDE\plugins\com.st.stm32cube.common.mx_6.15.0.202507011659\\db\
2026-05-25 04:29:06,078 [INFO] Argument:325 - Argument : hdmavalue: null
2026-05-25 04:29:06,078 [INFO] Argument:327 - 	 sub Args: 
2026-05-25 04:29:06,079 [INFO] Argument:325 - Argument : Instancevalue: DMA1_Channel1
2026-05-25 04:29:06,079 [INFO] Argument:335 - Argument : Instancevalue: DMA1_Channel1
2026-05-25 04:29:06,079 [INFO] Argument:325 - Argument : Initvalue: null
2026-05-25 04:29:06,079 [INFO] Argument:327 - 	 sub Args: 
2026-05-25 04:29:06,079 [INFO] Argument:325 - Argument : Directionvalue: DMA_PERIPH_TO_MEMORY
2026-05-25 04:29:06,079 [INFO] Argument:335 - Argument : Directionvalue: DMA_PERIPH_TO_MEMORY
2026-05-25 04:29:06,079 [INFO] Argument:325 - Argument : PeriphIncvalue: DMA_PINC_DISABLE
2026-05-25 04:29:06,079 [INFO] Argument:335 - Argument : PeriphIncvalue: DMA_PINC_DISABLE
2026-05-25 04:29:06,079 [INFO] Argument:325 - Argument : MemIncvalue: DMA_MINC_ENABLE
2026-05-25 04:29:06,079 [INFO] Argument:335 - Argument : MemIncvalue: DMA_MINC_ENABLE
2026-05-25 04:29:06,079 [INFO] Argument:325 - Argument : PeriphDataAlignmentvalue: DMA_PDATAALIGN_WORD
2026-05-25 04:29:06,079 [INFO] Argument:335 - Argument : PeriphDataAlignmentvalue: DMA_PDATAALIGN_WORD
2026-05-25 04:29:06,079 [INFO] Argument:325 - Argument : MemDataAlignmentvalue: DMA_MDATAALIGN_WORD
2026-05-25 04:29:06,079 [INFO] Argument:335 - Argument : MemDataAlignmentvalue: DMA_MDATAALIGN_WORD
2026-05-25 04:29:06,079 [INFO] Argument:325 - Argument : Modevalue: DMA_CIRCULAR
2026-05-25 04:29:06,079 [INFO] Argument:335 - Argument : Modevalue: DMA_CIRCULAR
2026-05-25 04:29:06,079 [INFO] Argument:325 - Argument : Priorityvalue: DMA_PRIORITY_LOW
2026-05-25 04:29:06,080 [INFO] Argument:335 - Argument : Priorityvalue: DMA_PRIORITY_LOW
2026-05-25 04:29:06,080 [INFO] Argument:325 - Argument : Lockvalue: null
2026-05-25 04:29:06,080 [INFO] Argument:335 - Argument : Lockvalue: null
2026-05-25 04:29:06,080 [INFO] Argument:325 - Argument : Statevalue: null
2026-05-25 04:29:06,080 [INFO] Argument:335 - Argument : Statevalue: null
2026-05-25 04:29:06,080 [INFO] Argument:325 - Argument : Parentvalue: null
2026-05-25 04:29:06,080 [INFO] Argument:335 - Argument : Parentvalue: null
2026-05-25 04:29:06,080 [INFO] Argument:325 - Argument : XferCpltCallbackvalue: null
2026-05-25 04:29:06,080 [INFO] Argument:335 - Argument : XferCpltCallbackvalue: null
2026-05-25 04:29:06,080 [INFO] Argument:325 - Argument : XferHalfCpltCallbackvalue: null
2026-05-25 04:29:06,080 [INFO] Argument:335 - Argument : XferHalfCpltCallbackvalue: null
2026-05-25 04:29:06,080 [INFO] Argument:325 - Argument : XferErrorCallbackvalue: null
2026-05-25 04:29:06,080 [INFO] Argument:335 - Argument : XferErrorCallbackvalue: null
2026-05-25 04:29:06,080 [INFO] Argument:325 - Argument : ErrorCodevalue: null
2026-05-25 04:29:06,080 [INFO] Argument:335 - Argument : ErrorCodevalue: null
2026-05-25 04:29:06,093 [INFO] Argument:325 - Argument : hdmavalue: null
2026-05-25 04:29:06,094 [INFO] Argument:327 - 	 sub Args: 
2026-05-25 04:29:06,094 [INFO] Argument:325 - Argument : Instancevalue: DMA1_Channel5
2026-05-25 04:29:06,094 [INFO] Argument:335 - Argument : Instancevalue: DMA1_Channel5
2026-05-25 04:29:06,094 [INFO] Argument:325 - Argument : Initvalue: null
2026-05-25 04:29:06,094 [INFO] Argument:327 - 	 sub Args: 
2026-05-25 04:29:06,094 [INFO] Argument:325 - Argument : Directionvalue: DMA_PERIPH_TO_MEMORY
2026-05-25 04:29:06,094 [INFO] Argument:335 - Argument : Directionvalue: DMA_PERIPH_TO_MEMORY
2026-05-25 04:29:06,094 [INFO] Argument:325 - Argument : PeriphIncvalue: DMA_PINC_DISABLE
2026-05-25 04:29:06,094 [INFO] Argument:335 - Argument : PeriphIncvalue: DMA_PINC_DISABLE
2026-05-25 04:29:06,094 [INFO] Argument:325 - Argument : MemIncvalue: DMA_MINC_ENABLE
2026-05-25 04:29:06,094 [INFO] Argument:335 - Argument : MemIncvalue: DMA_MINC_ENABLE
2026-05-25 04:29:06,094 [INFO] Argument:325 - Argument : PeriphDataAlignmentvalue: DMA_PDATAALIGN_BYTE
2026-05-25 04:29:06,094 [INFO] Argument:335 - Argument : PeriphDataAlignmentvalue: DMA_PDATAALIGN_BYTE
2026-05-25 04:29:06,094 [INFO] Argument:325 - Argument : MemDataAlignmentvalue: DMA_MDATAALIGN_BYTE
2026-05-25 04:29:06,094 [INFO] Argument:335 - Argument : MemDataAlignmentvalue: DMA_MDATAALIGN_BYTE
2026-05-25 04:29:06,094 [INFO] Argument:325 - Argument : Modevalue: DMA_CIRCULAR
2026-05-25 04:29:06,094 [INFO] Argument:335 - Argument : Modevalue: DMA_CIRCULAR
2026-05-25 04:29:06,094 [INFO] Argument:325 - Argument : Priorityvalue: DMA_PRIORITY_LOW
2026-05-25 04:29:06,094 [INFO] Argument:335 - Argument : Priorityvalue: DMA_PRIORITY_LOW
2026-05-25 04:29:06,094 [INFO] Argument:325 - Argument : Lockvalue: null
2026-05-25 04:29:06,094 [INFO] Argument:335 - Argument : Lockvalue: null
2026-05-25 04:29:06,094 [INFO] Argument:325 - Argument : Statevalue: null
2026-05-25 04:29:06,094 [INFO] Argument:335 - Argument : Statevalue: null
2026-05-25 04:29:06,094 [INFO] Argument:325 - Argument : Parentvalue: null
2026-05-25 04:29:06,094 [INFO] Argument:335 - Argument : Parentvalue: null
2026-05-25 04:29:06,094 [INFO] Argument:325 - Argument : XferCpltCallbackvalue: null
2026-05-25 04:29:06,094 [INFO] Argument:335 - Argument : XferCpltCallbackvalue: null
2026-05-25 04:29:06,094 [INFO] Argument:325 - Argument : XferHalfCpltCallbackvalue: null
2026-05-25 04:29:06,095 [INFO] Argument:335 - Argument : XferHalfCpltCallbackvalue: null
2026-05-25 04:29:06,095 [INFO] Argument:325 - Argument : XferErrorCallbackvalue: null
2026-05-25 04:29:06,095 [INFO] Argument:335 - Argument : XferErrorCallbackvalue: null
2026-05-25 04:29:06,095 [INFO] Argument:325 - Argument : ErrorCodevalue: null
2026-05-25 04:29:06,095 [INFO] Argument:335 - Argument : ErrorCodevalue: null
2026-05-25 04:29:06,095 [INFO] Argument:325 - Argument : hdmavalue: null
2026-05-25 04:29:06,095 [INFO] Argument:327 - 	 sub Args: 
2026-05-25 04:29:06,095 [INFO] Argument:325 - Argument : Instancevalue: DMA1_Channel4
2026-05-25 04:29:06,095 [INFO] Argument:335 - Argument : Instancevalue: DMA1_Channel4
2026-05-25 04:29:06,095 [INFO] Argument:325 - Argument : Initvalue: null
2026-05-25 04:29:06,096 [INFO] Argument:327 - 	 sub Args: 
2026-05-25 04:29:06,096 [INFO] Argument:325 - Argument : Directionvalue: DMA_MEMORY_TO_PERIPH
2026-05-25 04:29:06,096 [INFO] Argument:335 - Argument : Directionvalue: DMA_MEMORY_TO_PERIPH
2026-05-25 04:29:06,096 [INFO] Argument:325 - Argument : PeriphIncvalue: DMA_PINC_DISABLE
2026-05-25 04:29:06,096 [INFO] Argument:335 - Argument : PeriphIncvalue: DMA_PINC_DISABLE
2026-05-25 04:29:06,099 [INFO] Argument:325 - Argument : MemIncvalue: DMA_MINC_ENABLE
2026-05-25 04:29:06,099 [INFO] Argument:335 - Argument : MemIncvalue: DMA_MINC_ENABLE
2026-05-25 04:29:06,099 [INFO] Argument:325 - Argument : PeriphDataAlignmentvalue: DMA_PDATAALIGN_BYTE
2026-05-25 04:29:06,099 [INFO] Argument:335 - Argument : PeriphDataAlignmentvalue: DMA_PDATAALIGN_BYTE
2026-05-25 04:29:06,099 [INFO] Argument:325 - Argument : MemDataAlignmentvalue: DMA_MDATAALIGN_BYTE
2026-05-25 04:29:06,099 [INFO] Argument:335 - Argument : MemDataAlignmentvalue: DMA_MDATAALIGN_BYTE
2026-05-25 04:29:06,099 [INFO] Argument:325 - Argument : Modevalue: DMA_NORMAL
2026-05-25 04:29:06,099 [INFO] Argument:335 - Argument : Modevalue: DMA_NORMAL
2026-05-25 04:29:06,099 [INFO] Argument:325 - Argument : Priorityvalue: DMA_PRIORITY_LOW
2026-05-25 04:29:06,099 [INFO] Argument:335 - Argument : Priorityvalue: DMA_PRIORITY_LOW
2026-05-25 04:29:06,099 [INFO] Argument:325 - Argument : Lockvalue: null
2026-05-25 04:29:06,099 [INFO] Argument:335 - Argument : Lockvalue: null
2026-05-25 04:29:06,100 [INFO] Argument:325 - Argument : Statevalue: null
2026-05-25 04:29:06,100 [INFO] Argument:335 - Argument : Statevalue: null
2026-05-25 04:29:06,100 [INFO] Argument:325 - Argument : Parentvalue: null
2026-05-25 04:29:06,100 [INFO] Argument:335 - Argument : Parentvalue: null
2026-05-25 04:29:06,100 [INFO] Argument:325 - Argument : XferCpltCallbackvalue: null
2026-05-25 04:29:06,100 [INFO] Argument:335 - Argument : XferCpltCallbackvalue: null
2026-05-25 04:29:06,100 [INFO] Argument:325 - Argument : XferHalfCpltCallbackvalue: null
2026-05-25 04:29:06,100 [INFO] Argument:335 - Argument : XferHalfCpltCallbackvalue: null
2026-05-25 04:29:06,100 [INFO] Argument:325 - Argument : XferErrorCallbackvalue: null
2026-05-25 04:29:06,100 [INFO] Argument:335 - Argument : XferErrorCallbackvalue: null
2026-05-25 04:29:06,100 [INFO] Argument:325 - Argument : ErrorCodevalue: null
2026-05-25 04:29:06,100 [INFO] Argument:335 - Argument : ErrorCodevalue: null
2026-05-25 04:29:06,336 [INFO] CodeEngine:265 - oldGeneratedFile, D:\my_Projects\Electronic\STM32\F1\CubeIDE\Switch24Queue\MXTmpFiles\license.tmp_save
2026-05-25 04:29:06,533 [INFO] CodeEngine:289 - Generated code: D:\my_Projects\Electronic\STM32\F1\CubeIDE\Switch24Queue\MXTmpFiles\license.tmp
2026-05-25 04:29:06,707 [INFO] CodeEngine:265 - oldGeneratedFile, D:\my_Projects\Electronic\STM32\F1\CubeIDE\Switch24Queue\MXTmpFiles\gpio.tmp_save
2026-05-25 04:29:06,871 [INFO] CodeEngine:289 - Generated code: D:\my_Projects\Electronic\STM32\F1\CubeIDE\Switch24Queue\MXTmpFiles\gpio.tmp
2026-05-25 04:29:07,438 [INFO] CodeEngine:265 - oldGeneratedFile, D:\my_Projects\Electronic\STM32\F1\CubeIDE\Switch24Queue\MXTmpFiles\dma.tmp_save
2026-05-25 04:29:07,517 [INFO] CodeEngine:289 - Generated code: D:\my_Projects\Electronic\STM32\F1\CubeIDE\Switch24Queue\MXTmpFiles\dma.tmp
2026-05-25 04:29:07,522 [INFO] CodeEngine:265 - oldGeneratedFile, D:\my_Projects\Electronic\STM32\F1\CubeIDE\Switch24Queue\MXTmpFiles\dma_GV.tmp_save
2026-05-25 04:29:07,632 [INFO] CodeEngine:289 - Generated code: D:\my_Projects\Electronic\STM32\F1\CubeIDE\Switch24Queue\MXTmpFiles\dma_GV.tmp
2026-05-25 04:29:07,659 [INFO] CodeEngine:265 - oldGeneratedFile, D:\my_Projects\Electronic\STM32\F1\CubeIDE\Switch24Queue\Core\Src\stm32f1xx_it.c_save
2026-05-25 04:29:07,774 [INFO] CodeEngine:289 - Generated code: D:\my_Projects\Electronic\STM32\F1\CubeIDE\Switch24Queue\Core\Src\stm32f1xx_it.c
2026-05-25 04:29:07,789 [INFO] CodeEngine:265 - oldGeneratedFile, D:\my_Projects\Electronic\STM32\F1\CubeIDE\Switch24Queue\Core\Inc\stm32f1xx_it.h_save
2026-05-25 04:29:07,929 [INFO] CodeEngine:289 - Generated code: D:\my_Projects\Electronic\STM32\F1\CubeIDE\Switch24Queue\Core\Inc\stm32f1xx_it.h
2026-05-25 04:29:07,957 [INFO] CodeEngine:265 - oldGeneratedFile, D:\my_Projects\Electronic\STM32\F1\CubeIDE\Switch24Queue\Core\Src\stm32f1xx_hal_msp.c_save
2026-05-25 04:29:08,112 [INFO] CodeEngine:289 - Generated code: D:\my_Projects\Electronic\STM32\F1\CubeIDE\Switch24Queue\Core\Src\stm32f1xx_hal_msp.c
2026-05-25 04:29:08,118 [INFO] CodeEngine:265 - oldGeneratedFile, D:\my_Projects\Electronic\STM32\F1\CubeIDE\Switch24Queue\MXTmpFiles\system.tmp_save
2026-05-25 04:29:08,179 [INFO] CodeEngine:289 - Generated code: D:\my_Projects\Electronic\STM32\F1\CubeIDE\Switch24Queue\MXTmpFiles\system.tmp
2026-05-25 04:29:08,189 [INFO] CodeEngine:265 - oldGeneratedFile, D:\my_Projects\Electronic\STM32\F1\CubeIDE\Switch24Queue\Core\Src\stm32f1xx_hal_timebase_tim.c_save
2026-05-25 04:29:08,276 [INFO] CodeEngine:289 - Generated code: D:\my_Projects\Electronic\STM32\F1\CubeIDE\Switch24Queue\Core\Src\stm32f1xx_hal_timebase_tim.c
2026-05-25 04:29:08,289 [INFO] CodeEngine:321 - oldGeneratedFile, D:\my_Projects\Electronic\STM32\F1\CubeIDE\Switch24Queue\Core\Inc\stm32f1xx_hal_conf.h_save
2026-05-25 04:29:08,450 [INFO] CodeEngine:345 - Generated code: D:\my_Projects\Electronic\STM32\F1\CubeIDE\Switch24Queue\Core\Inc\stm32f1xx_hal_conf.h
2026-05-25 04:29:08,496 [INFO] CodeEngine:265 - oldGeneratedFile, D:\my_Projects\Electronic\STM32\F1\CubeIDE\Switch24Queue\Core\Inc\main.h_save
2026-05-25 04:29:08,607 [INFO] CodeEngine:289 - Generated code: D:\my_Projects\Electronic\STM32\F1\CubeIDE\Switch24Queue\Core\Inc\main.h
2026-05-25 04:29:08,616 [INFO] CodeEngine:265 - oldGeneratedFile, D:\my_Projects\Electronic\STM32\F1\CubeIDE\Switch24Queue\Core\Src\main.c_save
2026-05-25 04:29:08,810 [INFO] CodeEngine:289 - Generated code: D:\my_Projects\Electronic\STM32\F1\CubeIDE\Switch24Queue\Core\Src\main.c
2026-05-25 04:29:09,490 [INFO] ProjectBuilder:3606 - Time for Copy HAL[1] : 320mS.
2026-05-25 04:29:09,497 [INFO] ProjectBuilder:5216 - Project Generator version: 4.7.0-B52
2026-05-25 04:29:09,700 [INFO] ConfigFileManager:1595 - The Die is : DIE418
2026-05-25 04:29:11,644 [INFO] ProjectBuilder:5496 - Time for Generating toolchain IDE Files: 2146mS.
2026-05-25 04:29:11,644 [INFO] ProjectBuilder:3463 - Time for Copy CMSIS : 0mS.
2026-05-25 04:29:11,653 [INFO] ProjectBuilder:3463 - Time for Copy CMSIS : 1mS.
2026-05-25 04:29:15,037 [ERROR] ConfigurationRetriever:142 - IOException on connection: sw-center.st.com
2026-05-25 04:29:15,037 [ERROR] ConfigurationRetriever:142 - IOException on connection: sw-center.st.com
2026-05-25 04:29:15,038 [ERROR] ConfigurationRetriever:142 - IOException on connection: sw-center.st.com
2026-05-25 04:29:15,038 [ERROR] ConfigurationRetriever:142 - IOException on connection: sw-center.st.com
2026-05-25 04:29:15,038 [ERROR] ConfigurationRetriever:142 - IOException on connection: sw-center.st.com
2026-05-25 04:29:15,039 [ERROR] ConfigurationRetriever:142 - IOException on connection: sw-center.st.com
2026-05-25 04:29:28,493 [INFO] ADCParametersView:116 -                Rank 1 : true
2026-05-25 04:29:28,501 [INFO] ADCParametersView:116 -                Rank 1 : true
2026-05-25 04:29:28,502 [INFO] ADCParametersView:116 -                Rank 1 : true
2026-05-25 04:29:28,504 [INFO] ADCParametersView:116 -                Rank 1 : true
2026-05-25 04:29:28,504 [INFO] ADCParametersView:116 -                Rank 1 : true
2026-05-25 04:29:28,505 [INFO] ADCParametersView:116 -                Rank 1 : true
2026-05-25 04:29:28,505 [INFO] ADCParametersView:116 -                Rank 1 : true
2026-05-25 04:29:28,505 [INFO] ADCParametersView:116 -                Rank 1 : true
2026-05-25 04:29:28,505 [INFO] ADCParametersView:116 -                Rank 1 : true
2026-05-25 04:29:28,505 [INFO] ADCParametersView:116 -                Rank 1 : true
2026-05-25 04:29:28,515 [INFO] ADCParametersView:116 -                Rank 1 : true
2026-05-25 04:29:28,539 [INFO] ADCParametersView:116 -                Rank 1 : true
2026-05-25 04:29:28,542 [INFO] ADCParametersView:116 -                Rank 1 : true
2026-05-25 04:29:28,543 [INFO] ADCParametersView:116 -                Rank 1 : true
2026-05-25 04:29:28,543 [INFO] ADCParametersView:116 -                Rank 1 : true
2026-05-25 04:29:28,544 [INFO] ADCParametersView:116 -                Rank 1 : true
2026-05-25 04:29:28,544 [INFO] ADCParametersView:116 -                Rank 1 : true
2026-05-25 04:29:28,545 [INFO] ADCParametersView:116 -                Rank 1 : true
2026-05-25 04:29:28,545 [INFO] ADCParametersView:116 -                Rank 1 : true
2026-05-25 04:29:28,545 [INFO] ADCParametersView:116 -                Rank 1 : true
2026-05-25 04:29:28,545 [INFO] ADCParametersView:116 -                Rank 1 : true
2026-05-25 04:29:28,554 [INFO] ADCParametersView:116 -                Rank 1 : true
2026-05-25 04:29:28,630 [INFO] ADCParametersView:116 -                Rank 1 : true
2026-05-25 04:29:28,630 [INFO] ADCParametersView:116 -                Rank 1 : true
2026-05-25 04:29:28,630 [INFO] ADCParametersView:116 -                Rank 1 : true
2026-05-25 04:29:28,631 [INFO] ADCParametersView:116 -                Rank 1 : true
2026-05-25 04:29:28,631 [INFO] ADCParametersView:116 -                Rank 1 : true
2026-05-25 04:29:28,631 [INFO] ADCParametersView:116 -                Rank 1 : true
2026-05-25 04:29:28,631 [INFO] ADCParametersView:116 -                Rank 1 : true
2026-05-25 04:29:28,631 [INFO] ADCParametersView:116 -                Rank 1 : true
2026-05-25 04:29:28,631 [INFO] ADCParametersView:116 -                Rank 1 : true
2026-05-25 04:29:28,631 [INFO] ADCParametersView:116 -                Rank 1 : true
2026-05-25 04:29:28,634 [INFO] ADCParametersView:116 -                Rank 1 : true
2026-05-25 04:29:28,656 [INFO] ADCParametersView:116 -                Rank 1 : true
2026-05-25 04:29:28,658 [INFO] ADCParametersView:116 -                Rank 1 : true
2026-05-25 04:29:28,658 [INFO] ADCParametersView:116 -                Rank 1 : true
2026-05-25 04:29:28,658 [INFO] ADCParametersView:116 -                Rank 1 : true
2026-05-25 04:29:28,658 [INFO] ADCParametersView:116 -                Rank 1 : true
2026-05-25 04:29:28,658 [INFO] ADCParametersView:116 -                Rank 1 : true
2026-05-25 04:29:28,658 [INFO] ADCParametersView:116 -                Rank 1 : true
2026-05-25 04:29:28,658 [INFO] ADCParametersView:116 -                Rank 1 : true
2026-05-25 04:29:28,658 [INFO] ADCParametersView:116 -                Rank 1 : true
2026-05-25 04:29:28,658 [INFO] ADCParametersView:116 -                Rank 1 : true
2026-05-25 04:29:28,664 [INFO] ADCParametersView:116 -                Rank 1 : true
2026-05-25 04:29:46,144 [INFO] ADCParametersView:116 -                Rank 1 : true
2026-05-25 04:29:46,145 [INFO] ADCParametersView:116 -                Rank 1 : true
2026-05-25 04:29:46,145 [INFO] ADCParametersView:116 -                Rank 1 : true
2026-05-25 04:29:46,145 [INFO] ADCParametersView:116 -                Rank 1 : true
2026-05-25 04:29:46,145 [INFO] ADCParametersView:116 -                Rank 1 : true
2026-05-25 04:29:46,145 [INFO] ADCParametersView:116 -                Rank 1 : true
2026-05-25 04:29:46,145 [INFO] ADCParametersView:116 -                Rank 1 : true
2026-05-25 04:29:46,145 [INFO] ADCParametersView:116 -                Rank 1 : true
2026-05-25 04:29:46,145 [INFO] ADCParametersView:116 -                Rank 1 : true
2026-05-25 04:29:46,145 [INFO] ADCParametersView:116 -                Rank 1 : true
2026-05-25 04:29:46,148 [INFO] ADCParametersView:116 -                Rank 1 : true
2026-05-25 04:29:46,160 [INFO] ADCParametersView:116 -                Rank 1 : true
2026-05-25 04:29:46,160 [INFO] ADCParametersView:116 -                Rank 1 : true
2026-05-25 04:29:46,160 [INFO] ADCParametersView:116 -                Rank 1 : true
2026-05-25 04:29:46,160 [INFO] ADCParametersView:116 -                Rank 1 : true
2026-05-25 04:29:46,161 [INFO] ADCParametersView:116 -                Rank 1 : true
2026-05-25 04:29:46,161 [INFO] ADCParametersView:116 -                Rank 1 : true
2026-05-25 04:29:46,161 [INFO] ADCParametersView:116 -                Rank 1 : true
2026-05-25 04:29:46,161 [INFO] ADCParametersView:116 -                Rank 1 : true
2026-05-25 04:29:46,161 [INFO] ADCParametersView:116 -                Rank 1 : true
2026-05-25 04:29:46,161 [INFO] ADCParametersView:116 -                Rank 1 : true
2026-05-25 04:29:46,164 [INFO] ADCParametersView:116 -                Rank 1 : true
2026-05-25 04:29:48,228 [INFO] ADCParametersView:116 -                Rank 1 : true
2026-05-25 04:29:48,229 [INFO] ADCParametersView:116 -                Rank 1 : true
2026-05-25 04:29:48,229 [INFO] ADCParametersView:116 -                Rank 1 : true
2026-05-25 04:29:48,229 [INFO] ADCParametersView:116 -                Rank 1 : true
2026-05-25 04:29:48,230 [INFO] ADCParametersView:116 -                Rank 1 : true
2026-05-25 04:29:48,230 [INFO] ADCParametersView:116 -                Rank 1 : true
2026-05-25 04:29:48,230 [INFO] ADCParametersView:116 -                Rank 1 : true
2026-05-25 04:29:48,230 [INFO] ADCParametersView:116 -                Rank 1 : true
2026-05-25 04:29:48,230 [INFO] ADCParametersView:116 -                Rank 1 : true
2026-05-25 04:29:48,230 [INFO] ADCParametersView:116 -                Rank 1 : true
2026-05-25 04:29:48,235 [INFO] ADCParametersView:116 -                Rank 1 : true
2026-05-25 04:29:48,246 [INFO] ADCParametersView:116 -                Rank 1 : true
2026-05-25 04:29:48,246 [INFO] ADCParametersView:116 -                Rank 1 : true
2026-05-25 04:29:48,247 [INFO] ADCParametersView:116 -                Rank 1 : true
2026-05-25 04:29:48,247 [INFO] ADCParametersView:116 -                Rank 1 : true
2026-05-25 04:29:48,247 [INFO] ADCParametersView:116 -                Rank 1 : true
2026-05-25 04:29:48,247 [INFO] ADCParametersView:116 -                Rank 1 : true
2026-05-25 04:29:48,247 [INFO] ADCParametersView:116 -                Rank 1 : true
2026-05-25 04:29:48,247 [INFO] ADCParametersView:116 -                Rank 1 : true
2026-05-25 04:29:48,247 [INFO] ADCParametersView:116 -                Rank 1 : true
2026-05-25 04:29:48,247 [INFO] ADCParametersView:116 -                Rank 1 : true
2026-05-25 04:29:48,250 [INFO] ADCParametersView:116 -                Rank 1 : true
2026-05-25 04:34:36,879 [INFO] ADCParametersView:116 -                Rank 1 : true
2026-05-25 04:34:36,886 [INFO] ADCParametersView:116 -                Rank 1 : true
2026-05-25 04:34:36,887 [INFO] ADCParametersView:116 -                Rank 1 : true
2026-05-25 04:34:36,888 [INFO] ADCParametersView:116 -                Rank 1 : true
2026-05-25 04:34:36,888 [INFO] ADCParametersView:116 -                Rank 1 : true
2026-05-25 04:34:36,888 [INFO] ADCParametersView:116 -                Rank 1 : true
2026-05-25 04:34:36,888 [INFO] ADCParametersView:116 -                Rank 1 : true
2026-05-25 04:34:36,888 [INFO] ADCParametersView:116 -                Rank 1 : true
2026-05-25 04:34:36,888 [INFO] ADCParametersView:116 -                Rank 1 : true
2026-05-25 04:34:36,888 [INFO] ADCParametersView:116 -                Rank 1 : true
2026-05-25 04:34:36,895 [INFO] ADCParametersView:116 -                Rank 1 : true
2026-05-25 04:34:36,917 [INFO] ADCParametersView:116 -                Rank 1 : true
2026-05-25 04:34:36,917 [INFO] ADCParametersView:116 -                Rank 1 : true
2026-05-25 04:34:36,917 [INFO] ADCParametersView:116 -                Rank 1 : true
2026-05-25 04:34:36,917 [INFO] ADCParametersView:116 -                Rank 1 : true
2026-05-25 04:34:36,917 [INFO] ADCParametersView:116 -                Rank 1 : true
2026-05-25 04:34:36,917 [INFO] ADCParametersView:116 -                Rank 1 : true
2026-05-25 04:34:36,917 [INFO] ADCParametersView:116 -                Rank 1 : true
2026-05-25 04:34:36,918 [INFO] ADCParametersView:116 -                Rank 1 : true
2026-05-25 04:34:36,918 [INFO] ADCParametersView:116 -                Rank 1 : true
2026-05-25 04:34:36,918 [INFO] ADCParametersView:116 -                Rank 1 : true
2026-05-25 04:34:36,921 [INFO] ADCParametersView:116 -                Rank 1 : true
2026-05-25 04:34:36,991 [INFO] ADCParametersView:116 -                Rank 1 : true
2026-05-25 04:34:36,994 [INFO] ADCParametersView:116 -                Rank 1 : true
2026-05-25 04:34:36,994 [INFO] ADCParametersView:116 -                Rank 1 : true
2026-05-25 04:34:36,994 [INFO] ADCParametersView:116 -                Rank 1 : true
2026-05-25 04:34:36,994 [INFO] ADCParametersView:116 -                Rank 1 : true
2026-05-25 04:34:36,994 [INFO] ADCParametersView:116 -                Rank 1 : true
2026-05-25 04:34:36,994 [INFO] ADCParametersView:116 -                Rank 1 : true
2026-05-25 04:34:36,994 [INFO] ADCParametersView:116 -                Rank 1 : true
2026-05-25 04:34:36,994 [INFO] ADCParametersView:116 -                Rank 1 : true
2026-05-25 04:34:36,995 [INFO] ADCParametersView:116 -                Rank 1 : true
2026-05-25 04:34:36,999 [INFO] ADCParametersView:116 -                Rank 1 : true
2026-05-25 04:34:37,020 [INFO] ADCParametersView:116 -                Rank 1 : true
2026-05-25 04:34:37,021 [INFO] ADCParametersView:116 -                Rank 1 : true
2026-05-25 04:34:37,021 [INFO] ADCParametersView:116 -                Rank 1 : true
2026-05-25 04:34:37,021 [INFO] ADCParametersView:116 -                Rank 1 : true
2026-05-25 04:34:37,021 [INFO] ADCParametersView:116 -                Rank 1 : true
2026-05-25 04:34:37,021 [INFO] ADCParametersView:116 -                Rank 1 : true
2026-05-25 04:34:37,021 [INFO] ADCParametersView:116 -                Rank 1 : true
2026-05-25 04:34:37,021 [INFO] ADCParametersView:116 -                Rank 1 : true
2026-05-25 04:34:37,021 [INFO] ADCParametersView:116 -                Rank 1 : true
2026-05-25 04:34:37,021 [INFO] ADCParametersView:116 -                Rank 1 : true
2026-05-25 04:34:37,027 [INFO] ADCParametersView:116 -                Rank 1 : true
2026-05-25 04:34:37,149 [INFO] ADCParametersView:116 -                Rank 1 : true
2026-05-25 04:34:37,150 [INFO] ADCParametersView:116 -                Rank 1 : true
2026-05-25 04:34:37,150 [INFO] ADCParametersView:116 -                Rank 1 : true
2026-05-25 04:34:37,150 [INFO] ADCParametersView:116 -                Rank 1 : true
2026-05-25 04:34:37,150 [INFO] ADCParametersView:116 -                Rank 1 : true
2026-05-25 04:34:37,150 [INFO] ADCParametersView:116 -                Rank 1 : true
2026-05-25 04:34:37,150 [INFO] ADCParametersView:116 -                Rank 1 : true
2026-05-25 04:34:37,150 [INFO] ADCParametersView:116 -                Rank 1 : true
2026-05-25 04:34:37,150 [INFO] ADCParametersView:116 -                Rank 1 : true
2026-05-25 04:34:37,150 [INFO] ADCParametersView:116 -                Rank 1 : true
2026-05-25 04:34:37,154 [INFO] ADCParametersView:116 -                Rank 1 : true
2026-05-25 04:34:37,164 [INFO] ADCParametersView:116 -                Rank 1 : true
2026-05-25 04:34:37,164 [INFO] ADCParametersView:116 -                Rank 1 : true
2026-05-25 04:34:37,164 [INFO] ADCParametersView:116 -                Rank 1 : true
2026-05-25 04:34:37,164 [INFO] ADCParametersView:116 -                Rank 1 : true
2026-05-25 04:34:37,164 [INFO] ADCParametersView:116 -                Rank 1 : true
2026-05-25 04:34:37,165 [INFO] ADCParametersView:116 -                Rank 1 : true
2026-05-25 04:34:37,165 [INFO] ADCParametersView:116 -                Rank 1 : true
2026-05-25 04:34:37,165 [INFO] ADCParametersView:116 -                Rank 1 : true
2026-05-25 04:34:37,165 [INFO] ADCParametersView:116 -                Rank 1 : true
2026-05-25 04:34:37,165 [INFO] ADCParametersView:116 -                Rank 1 : true
2026-05-25 04:34:37,168 [INFO] ADCParametersView:116 -                Rank 1 : true
2026-05-25 04:34:40,123 [INFO] ADCParametersView:116 -                Rank 1 : true
2026-05-25 04:34:40,124 [INFO] ADCParametersView:116 -                Rank 1 : true
2026-05-25 04:34:40,124 [INFO] ADCParametersView:116 -                Rank 1 : true
2026-05-25 04:34:40,124 [INFO] ADCParametersView:116 -                Rank 1 : true
2026-05-25 04:34:40,124 [INFO] ADCParametersView:116 -                Rank 1 : true
2026-05-25 04:34:40,124 [INFO] ADCParametersView:116 -                Rank 1 : true
2026-05-25 04:34:40,125 [INFO] ADCParametersView:116 -                Rank 1 : true
2026-05-25 04:34:40,125 [INFO] ADCParametersView:116 -                Rank 1 : true
2026-05-25 04:34:40,125 [INFO] ADCParametersView:116 -                Rank 1 : true
2026-05-25 04:34:40,125 [INFO] ADCParametersView:116 -                Rank 1 : true
2026-05-25 04:34:40,130 [INFO] ADCParametersView:116 -                Rank 1 : true
2026-05-25 04:34:40,170 [INFO] ADCParametersView:116 -                Rank 1 : true
2026-05-25 04:34:40,175 [INFO] ADCParametersView:116 -                Rank 1 : true
2026-05-25 04:34:40,176 [INFO] ADCParametersView:116 -                Rank 1 : true
2026-05-25 04:34:40,177 [INFO] ADCParametersView:116 -                Rank 1 : true
2026-05-25 04:34:40,177 [INFO] ADCParametersView:116 -                Rank 1 : true
2026-05-25 04:34:40,177 [INFO] ADCParametersView:116 -                Rank 1 : true
2026-05-25 04:34:40,178 [INFO] ADCParametersView:116 -                Rank 1 : true
2026-05-25 04:34:40,178 [INFO] ADCParametersView:116 -                Rank 1 : true
2026-05-25 04:34:40,179 [INFO] ADCParametersView:116 -                Rank 1 : true
2026-05-25 04:34:40,179 [INFO] ADCParametersView:116 -                Rank 1 : true
2026-05-25 04:34:40,198 [INFO] ADCParametersView:116 -                Rank 1 : true
2026-05-25 04:34:40,255 [INFO] ADCParametersView:116 -                Rank 1 : true
2026-05-25 04:34:40,255 [INFO] ADCParametersView:116 -                Rank 1 : true
2026-05-25 04:34:40,256 [INFO] ADCParametersView:116 -                Rank 1 : true
2026-05-25 04:34:40,256 [INFO] ADCParametersView:116 -                Rank 1 : true
2026-05-25 04:34:40,256 [INFO] ADCParametersView:116 -                Rank 1 : true
2026-05-25 04:34:40,256 [INFO] ADCParametersView:116 -                Rank 1 : true
2026-05-25 04:34:40,256 [INFO] ADCParametersView:116 -                Rank 1 : true
2026-05-25 04:34:40,256 [INFO] ADCParametersView:116 -                Rank 1 : true
2026-05-25 04:34:40,256 [INFO] ADCParametersView:116 -                Rank 1 : true
2026-05-25 04:34:40,256 [INFO] ADCParametersView:116 -                Rank 1 : true
2026-05-25 04:34:40,262 [INFO] ADCParametersView:116 -                Rank 1 : true
2026-05-25 04:34:40,276 [INFO] ADCParametersView:116 -                Rank 1 : true
2026-05-25 04:34:40,277 [INFO] ADCParametersView:116 -                Rank 1 : true
2026-05-25 04:34:40,277 [INFO] ADCParametersView:116 -                Rank 1 : true
2026-05-25 04:34:40,277 [INFO] ADCParametersView:116 -                Rank 1 : true
2026-05-25 04:34:40,277 [INFO] ADCParametersView:116 -                Rank 1 : true
2026-05-25 04:34:40,277 [INFO] ADCParametersView:116 -                Rank 1 : true
2026-05-25 04:34:40,277 [INFO] ADCParametersView:116 -                Rank 1 : true
2026-05-25 04:34:40,277 [INFO] ADCParametersView:116 -                Rank 1 : true
2026-05-25 04:34:40,277 [INFO] ADCParametersView:116 -                Rank 1 : true
2026-05-25 04:34:40,277 [INFO] ADCParametersView:116 -                Rank 1 : true
2026-05-25 04:34:40,280 [INFO] ADCParametersView:116 -                Rank 1 : true
2026-05-25 04:34:40,407 [INFO] ADCParametersView:116 -                Rank 1 : true
2026-05-25 04:34:40,408 [INFO] ADCParametersView:116 -                Rank 1 : true
2026-05-25 04:34:40,409 [INFO] ADCParametersView:116 -                Rank 1 : true
2026-05-25 04:34:40,409 [INFO] ADCParametersView:116 -                Rank 1 : true
2026-05-25 04:34:40,409 [INFO] ADCParametersView:116 -                Rank 1 : true
2026-05-25 04:34:40,409 [INFO] ADCParametersView:116 -                Rank 1 : true
2026-05-25 04:34:40,409 [INFO] ADCParametersView:116 -                Rank 1 : true
2026-05-25 04:34:40,409 [INFO] ADCParametersView:116 -                Rank 1 : true
2026-05-25 04:34:40,409 [INFO] ADCParametersView:116 -                Rank 1 : true
2026-05-25 04:34:40,409 [INFO] ADCParametersView:116 -                Rank 1 : true
2026-05-25 04:34:40,417 [INFO] ADCParametersView:116 -                Rank 1 : true
2026-05-25 04:34:40,447 [INFO] ADCParametersView:116 -                Rank 1 : true
2026-05-25 04:34:40,448 [INFO] ADCParametersView:116 -                Rank 1 : true
2026-05-25 04:34:40,448 [INFO] ADCParametersView:116 -                Rank 1 : true
2026-05-25 04:34:40,448 [INFO] ADCParametersView:116 -                Rank 1 : true
2026-05-25 04:34:40,448 [INFO] ADCParametersView:116 -                Rank 1 : true
2026-05-25 04:34:40,448 [INFO] ADCParametersView:116 -                Rank 1 : true
2026-05-25 04:34:40,448 [INFO] ADCParametersView:116 -                Rank 1 : true
2026-05-25 04:34:40,448 [INFO] ADCParametersView:116 -                Rank 1 : true
2026-05-25 04:34:40,448 [INFO] ADCParametersView:116 -                Rank 1 : true
2026-05-25 04:34:40,449 [INFO] ADCParametersView:116 -                Rank 1 : true
2026-05-25 04:34:40,456 [INFO] ADCParametersView:116 -                Rank 1 : true
2026-05-25 04:34:43,411 [INFO] ADCParametersView:116 -                Rank 1 : true
2026-05-25 04:34:43,412 [INFO] ADCParametersView:116 -                Rank 1 : true
2026-05-25 04:34:43,412 [INFO] ADCParametersView:116 -                Rank 1 : true
2026-05-25 04:34:43,412 [INFO] ADCParametersView:116 -                Rank 1 : true
2026-05-25 04:34:43,412 [INFO] ADCParametersView:116 -                Rank 1 : true
2026-05-25 04:34:43,412 [INFO] ADCParametersView:116 -                Rank 1 : true
2026-05-25 04:34:43,412 [INFO] ADCParametersView:116 -                Rank 1 : true
2026-05-25 04:34:43,412 [INFO] ADCParametersView:116 -                Rank 1 : true
2026-05-25 04:34:43,413 [INFO] ADCParametersView:116 -                Rank 1 : true
2026-05-25 04:34:43,413 [INFO] ADCParametersView:116 -                Rank 1 : true
2026-05-25 04:34:43,416 [INFO] ADCParametersView:116 -                Rank 1 : true
2026-05-25 04:34:43,452 [INFO] ADCParametersView:116 -                Rank 1 : true
2026-05-25 04:34:43,455 [INFO] ADCParametersView:116 -                Rank 1 : true
2026-05-25 04:34:43,455 [INFO] ADCParametersView:116 -                Rank 1 : true
2026-05-25 04:34:43,455 [INFO] ADCParametersView:116 -                Rank 1 : true
2026-05-25 04:34:43,455 [INFO] ADCParametersView:116 -                Rank 1 : true
2026-05-25 04:34:43,455 [INFO] ADCParametersView:116 -                Rank 1 : true
2026-05-25 04:34:43,455 [INFO] ADCParametersView:116 -                Rank 1 : true
2026-05-25 04:34:43,456 [INFO] ADCParametersView:116 -                Rank 1 : true
2026-05-25 04:34:43,457 [INFO] ADCParametersView:116 -                Rank 1 : true
2026-05-25 04:34:43,457 [INFO] ADCParametersView:116 -                Rank 1 : true
2026-05-25 04:34:43,466 [INFO] ADCParametersView:116 -                Rank 1 : true
2026-05-25 04:34:43,526 [INFO] ADCParametersView:116 -                Rank 1 : true
2026-05-25 04:34:43,527 [INFO] ADCParametersView:116 -                Rank 1 : true
2026-05-25 04:34:43,527 [INFO] ADCParametersView:116 -                Rank 1 : true
2026-05-25 04:34:43,527 [INFO] ADCParametersView:116 -                Rank 1 : true
2026-05-25 04:34:43,527 [INFO] ADCParametersView:116 -                Rank 1 : true
2026-05-25 04:34:43,527 [INFO] ADCParametersView:116 -                Rank 1 : true
2026-05-25 04:34:43,527 [INFO] ADCParametersView:116 -                Rank 1 : true
2026-05-25 04:34:43,527 [INFO] ADCParametersView:116 -                Rank 1 : true
2026-05-25 04:34:43,528 [INFO] ADCParametersView:116 -                Rank 1 : true
2026-05-25 04:34:43,528 [INFO] ADCParametersView:116 -                Rank 1 : true
2026-05-25 04:34:43,533 [INFO] ADCParametersView:116 -                Rank 1 : true
2026-05-25 04:34:43,556 [INFO] ADCParametersView:116 -                Rank 1 : true
2026-05-25 04:34:43,557 [INFO] ADCParametersView:116 -                Rank 1 : true
2026-05-25 04:34:43,557 [INFO] ADCParametersView:116 -                Rank 1 : true
2026-05-25 04:34:43,557 [INFO] ADCParametersView:116 -                Rank 1 : true
2026-05-25 04:34:43,558 [INFO] ADCParametersView:116 -                Rank 1 : true
2026-05-25 04:34:43,558 [INFO] ADCParametersView:116 -                Rank 1 : true
2026-05-25 04:34:43,558 [INFO] ADCParametersView:116 -                Rank 1 : true
2026-05-25 04:34:43,558 [INFO] ADCParametersView:116 -                Rank 1 : true
2026-05-25 04:34:43,558 [INFO] ADCParametersView:116 -                Rank 1 : true
2026-05-25 04:34:43,558 [INFO] ADCParametersView:116 -                Rank 1 : true
2026-05-25 04:34:43,561 [INFO] ADCParametersView:116 -                Rank 1 : true
2026-05-25 04:34:43,670 [INFO] ADCParametersView:116 -                Rank 1 : true
2026-05-25 04:34:43,672 [INFO] ADCParametersView:116 -                Rank 1 : true
2026-05-25 04:34:43,672 [INFO] ADCParametersView:116 -                Rank 1 : true
2026-05-25 04:34:43,672 [INFO] ADCParametersView:116 -                Rank 1 : true
2026-05-25 04:34:43,672 [INFO] ADCParametersView:116 -                Rank 1 : true
2026-05-25 04:34:43,672 [INFO] ADCParametersView:116 -                Rank 1 : true
2026-05-25 04:34:43,672 [INFO] ADCParametersView:116 -                Rank 1 : true
2026-05-25 04:34:43,672 [INFO] ADCParametersView:116 -                Rank 1 : true
2026-05-25 04:34:43,672 [INFO] ADCParametersView:116 -                Rank 1 : true
2026-05-25 04:34:43,672 [INFO] ADCParametersView:116 -                Rank 1 : true
2026-05-25 04:34:43,677 [INFO] ADCParametersView:116 -                Rank 1 : true
2026-05-25 04:34:43,687 [INFO] ADCParametersView:116 -                Rank 1 : true
2026-05-25 04:34:43,688 [INFO] ADCParametersView:116 -                Rank 1 : true
2026-05-25 04:34:43,688 [INFO] ADCParametersView:116 -                Rank 1 : true
2026-05-25 04:34:43,688 [INFO] ADCParametersView:116 -                Rank 1 : true
2026-05-25 04:34:43,689 [INFO] ADCParametersView:116 -                Rank 1 : true
2026-05-25 04:34:43,689 [INFO] ADCParametersView:116 -                Rank 1 : true
2026-05-25 04:34:43,689 [INFO] ADCParametersView:116 -                Rank 1 : true
2026-05-25 04:34:43,689 [INFO] ADCParametersView:116 -                Rank 1 : true
2026-05-25 04:34:43,689 [INFO] ADCParametersView:116 -                Rank 1 : true
2026-05-25 04:34:43,689 [INFO] ADCParametersView:116 -                Rank 1 : true
2026-05-25 04:34:43,696 [INFO] ADCParametersView:116 -                Rank 1 : true
2026-05-25 04:34:46,067 [INFO] ADCParametersView:116 -                Rank 1 : true
2026-05-25 04:34:46,070 [INFO] ADCParametersView:116 -                Rank 1 : true
2026-05-25 04:34:46,070 [INFO] ADCParametersView:116 -                Rank 1 : true
2026-05-25 04:34:46,070 [INFO] ADCParametersView:116 -                Rank 1 : true
2026-05-25 04:34:46,070 [INFO] ADCParametersView:116 -                Rank 1 : true
2026-05-25 04:34:46,070 [INFO] ADCParametersView:116 -                Rank 1 : true
2026-05-25 04:34:46,070 [INFO] ADCParametersView:116 -                Rank 1 : true
2026-05-25 04:34:46,070 [INFO] ADCParametersView:116 -                Rank 1 : true
2026-05-25 04:34:46,070 [INFO] ADCParametersView:116 -                Rank 1 : true
2026-05-25 04:34:46,071 [INFO] ADCParametersView:116 -                Rank 1 : true
2026-05-25 04:34:46,078 [INFO] ADCParametersView:116 -                Rank 1 : true
2026-05-25 04:34:46,102 [INFO] ADCParametersView:116 -                Rank 1 : true
2026-05-25 04:34:46,103 [INFO] ADCParametersView:116 -                Rank 1 : true
2026-05-25 04:34:46,103 [INFO] ADCParametersView:116 -                Rank 1 : true
2026-05-25 04:34:46,104 [INFO] ADCParametersView:116 -                Rank 1 : true
2026-05-25 04:34:46,104 [INFO] ADCParametersView:116 -                Rank 1 : true
2026-05-25 04:34:46,104 [INFO] ADCParametersView:116 -                Rank 1 : true
2026-05-25 04:34:46,104 [INFO] ADCParametersView:116 -                Rank 1 : true
2026-05-25 04:34:46,104 [INFO] ADCParametersView:116 -                Rank 1 : true
2026-05-25 04:34:46,104 [INFO] ADCParametersView:116 -                Rank 1 : true
2026-05-25 04:34:46,104 [INFO] ADCParametersView:116 -                Rank 1 : true
2026-05-25 04:34:46,110 [INFO] ADCParametersView:116 -                Rank 1 : true
2026-05-25 04:34:46,187 [INFO] ADCParametersView:116 -                Rank 1 : true
2026-05-25 04:34:46,188 [INFO] ADCParametersView:116 -                Rank 1 : true
2026-05-25 04:34:46,188 [INFO] ADCParametersView:116 -                Rank 1 : true
2026-05-25 04:34:46,188 [INFO] ADCParametersView:116 -                Rank 1 : true
2026-05-25 04:34:46,188 [INFO] ADCParametersView:116 -                Rank 1 : true
2026-05-25 04:34:46,188 [INFO] ADCParametersView:116 -                Rank 1 : true
2026-05-25 04:34:46,188 [INFO] ADCParametersView:116 -                Rank 1 : true
2026-05-25 04:34:46,188 [INFO] ADCParametersView:116 -                Rank 1 : true
2026-05-25 04:34:46,188 [INFO] ADCParametersView:116 -                Rank 1 : true
2026-05-25 04:34:46,188 [INFO] ADCParametersView:116 -                Rank 1 : true
2026-05-25 04:34:46,198 [INFO] ADCParametersView:116 -                Rank 1 : true
2026-05-25 04:34:46,231 [INFO] ADCParametersView:116 -                Rank 1 : true
2026-05-25 04:34:46,238 [INFO] ADCParametersView:116 -                Rank 1 : true
2026-05-25 04:34:46,238 [INFO] ADCParametersView:116 -                Rank 1 : true
2026-05-25 04:34:46,239 [INFO] ADCParametersView:116 -                Rank 1 : true
2026-05-25 04:34:46,239 [INFO] ADCParametersView:116 -                Rank 1 : true
2026-05-25 04:34:46,239 [INFO] ADCParametersView:116 -                Rank 1 : true
2026-05-25 04:34:46,240 [INFO] ADCParametersView:116 -                Rank 1 : true
2026-05-25 04:34:46,240 [INFO] ADCParametersView:116 -                Rank 1 : true
2026-05-25 04:34:46,240 [INFO] ADCParametersView:116 -                Rank 1 : true
2026-05-25 04:34:46,240 [INFO] ADCParametersView:116 -                Rank 1 : true
2026-05-25 04:34:46,248 [INFO] ADCParametersView:116 -                Rank 1 : true
2026-05-25 04:34:46,457 [INFO] ADCParametersView:116 -                Rank 1 : true
2026-05-25 04:34:46,458 [INFO] ADCParametersView:116 -                Rank 1 : true
2026-05-25 04:34:46,458 [INFO] ADCParametersView:116 -                Rank 1 : true
2026-05-25 04:34:46,458 [INFO] ADCParametersView:116 -                Rank 1 : true
2026-05-25 04:34:46,458 [INFO] ADCParametersView:116 -                Rank 1 : true
2026-05-25 04:34:46,459 [INFO] ADCParametersView:116 -                Rank 1 : true
2026-05-25 04:34:46,459 [INFO] ADCParametersView:116 -                Rank 1 : true
2026-05-25 04:34:46,459 [INFO] ADCParametersView:116 -                Rank 1 : true
2026-05-25 04:34:46,459 [INFO] ADCParametersView:116 -                Rank 1 : true
2026-05-25 04:34:46,459 [INFO] ADCParametersView:116 -                Rank 1 : true
2026-05-25 04:34:46,465 [INFO] ADCParametersView:116 -                Rank 1 : true
2026-05-25 04:34:46,484 [INFO] ADCParametersView:116 -                Rank 1 : true
2026-05-25 04:34:46,485 [INFO] ADCParametersView:116 -                Rank 1 : true
2026-05-25 04:34:46,485 [INFO] ADCParametersView:116 -                Rank 1 : true
2026-05-25 04:34:46,486 [INFO] ADCParametersView:116 -                Rank 1 : true
2026-05-25 04:34:46,486 [INFO] ADCParametersView:116 -                Rank 1 : true
2026-05-25 04:34:46,486 [INFO] ADCParametersView:116 -                Rank 1 : true
2026-05-25 04:34:46,486 [INFO] ADCParametersView:116 -                Rank 1 : true
2026-05-25 04:34:46,486 [INFO] ADCParametersView:116 -                Rank 1 : true
2026-05-25 04:34:46,486 [INFO] ADCParametersView:116 -                Rank 1 : true
2026-05-25 04:34:46,486 [INFO] ADCParametersView:116 -                Rank 1 : true
2026-05-25 04:34:46,492 [INFO] ADCParametersView:116 -                Rank 1 : true
2026-05-25 04:34:49,430 [INFO] ADCParametersView:116 -                Rank 1 : true
2026-05-25 04:34:49,432 [INFO] ADCParametersView:116 -                Rank 1 : true
2026-05-25 04:34:49,432 [INFO] ADCParametersView:116 -                Rank 1 : true
2026-05-25 04:34:49,432 [INFO] ADCParametersView:116 -                Rank 1 : true
2026-05-25 04:34:49,432 [INFO] ADCParametersView:116 -                Rank 1 : true
2026-05-25 04:34:49,432 [INFO] ADCParametersView:116 -                Rank 1 : true
2026-05-25 04:34:49,432 [INFO] ADCParametersView:116 -                Rank 1 : true
2026-05-25 04:34:49,432 [INFO] ADCParametersView:116 -                Rank 1 : true
2026-05-25 04:34:49,432 [INFO] ADCParametersView:116 -                Rank 1 : true
2026-05-25 04:34:49,432 [INFO] ADCParametersView:116 -                Rank 1 : true
2026-05-25 04:34:49,438 [INFO] ADCParametersView:116 -                Rank 1 : true
2026-05-25 04:34:49,459 [INFO] ADCParametersView:116 -                Rank 1 : true
2026-05-25 04:34:49,460 [INFO] ADCParametersView:116 -                Rank 1 : true
2026-05-25 04:34:49,460 [INFO] ADCParametersView:116 -                Rank 1 : true
2026-05-25 04:34:49,461 [INFO] ADCParametersView:116 -                Rank 1 : true
2026-05-25 04:34:49,461 [INFO] ADCParametersView:116 -                Rank 1 : true
2026-05-25 04:34:49,461 [INFO] ADCParametersView:116 -                Rank 1 : true
2026-05-25 04:34:49,461 [INFO] ADCParametersView:116 -                Rank 1 : true
2026-05-25 04:34:49,461 [INFO] ADCParametersView:116 -                Rank 1 : true
2026-05-25 04:34:49,461 [INFO] ADCParametersView:116 -                Rank 1 : true
2026-05-25 04:34:49,461 [INFO] ADCParametersView:116 -                Rank 1 : true
2026-05-25 04:34:49,464 [INFO] ADCParametersView:116 -                Rank 1 : true
2026-05-25 04:34:49,515 [INFO] ADCParametersView:116 -                Rank 1 : true
2026-05-25 04:34:49,517 [INFO] ADCParametersView:116 -                Rank 1 : true
2026-05-25 04:34:49,517 [INFO] ADCParametersView:116 -                Rank 1 : true
2026-05-25 04:34:49,517 [INFO] ADCParametersView:116 -                Rank 1 : true
2026-05-25 04:34:49,517 [INFO] ADCParametersView:116 -                Rank 1 : true
2026-05-25 04:34:49,517 [INFO] ADCParametersView:116 -                Rank 1 : true
2026-05-25 04:34:49,517 [INFO] ADCParametersView:116 -                Rank 1 : true
2026-05-25 04:34:49,517 [INFO] ADCParametersView:116 -                Rank 1 : true
2026-05-25 04:34:49,517 [INFO] ADCParametersView:116 -                Rank 1 : true
2026-05-25 04:34:49,517 [INFO] ADCParametersView:116 -                Rank 1 : true
2026-05-25 04:34:49,522 [INFO] ADCParametersView:116 -                Rank 1 : true
2026-05-25 04:34:49,538 [INFO] ADCParametersView:116 -                Rank 1 : true
2026-05-25 04:34:49,539 [INFO] ADCParametersView:116 -                Rank 1 : true
2026-05-25 04:34:49,539 [INFO] ADCParametersView:116 -                Rank 1 : true
2026-05-25 04:34:49,540 [INFO] ADCParametersView:116 -                Rank 1 : true
2026-05-25 04:34:49,540 [INFO] ADCParametersView:116 -                Rank 1 : true
2026-05-25 04:34:49,540 [INFO] ADCParametersView:116 -                Rank 1 : true
2026-05-25 04:34:49,540 [INFO] ADCParametersView:116 -                Rank 1 : true
2026-05-25 04:34:49,540 [INFO] ADCParametersView:116 -                Rank 1 : true
2026-05-25 04:34:49,540 [INFO] ADCParametersView:116 -                Rank 1 : true
2026-05-25 04:34:49,540 [INFO] ADCParametersView:116 -                Rank 1 : true
2026-05-25 04:34:49,543 [INFO] ADCParametersView:116 -                Rank 1 : true
2026-05-25 04:34:49,633 [INFO] ADCParametersView:116 -                Rank 1 : true
2026-05-25 04:34:49,634 [INFO] ADCParametersView:116 -                Rank 1 : true
2026-05-25 04:34:49,634 [INFO] ADCParametersView:116 -                Rank 1 : true
2026-05-25 04:34:49,634 [INFO] ADCParametersView:116 -                Rank 1 : true
2026-05-25 04:34:49,634 [INFO] ADCParametersView:116 -                Rank 1 : true
2026-05-25 04:34:49,634 [INFO] ADCParametersView:116 -                Rank 1 : true
2026-05-25 04:34:49,634 [INFO] ADCParametersView:116 -                Rank 1 : true
2026-05-25 04:34:49,634 [INFO] ADCParametersView:116 -                Rank 1 : true
2026-05-25 04:34:49,634 [INFO] ADCParametersView:116 -                Rank 1 : true
2026-05-25 04:34:49,634 [INFO] ADCParametersView:116 -                Rank 1 : true
2026-05-25 04:34:49,638 [INFO] ADCParametersView:116 -                Rank 1 : true
2026-05-25 04:34:49,656 [INFO] ADCParametersView:116 -                Rank 1 : true
2026-05-25 04:34:49,658 [INFO] ADCParametersView:116 -                Rank 1 : true
2026-05-25 04:34:49,658 [INFO] ADCParametersView:116 -                Rank 1 : true
2026-05-25 04:34:49,658 [INFO] ADCParametersView:116 -                Rank 1 : true
2026-05-25 04:34:49,658 [INFO] ADCParametersView:116 -                Rank 1 : true
2026-05-25 04:34:49,658 [INFO] ADCParametersView:116 -                Rank 1 : true
2026-05-25 04:34:49,658 [INFO] ADCParametersView:116 -                Rank 1 : true
2026-05-25 04:34:49,658 [INFO] ADCParametersView:116 -                Rank 1 : true
2026-05-25 04:34:49,658 [INFO] ADCParametersView:116 -                Rank 1 : true
2026-05-25 04:34:49,658 [INFO] ADCParametersView:116 -                Rank 1 : true
2026-05-25 04:34:49,663 [INFO] ADCParametersView:116 -                Rank 1 : true
2026-05-25 04:35:29,819 [INFO] Gpio:278 - dependency for GPIO [RCC, SYS, USART1]
2026-05-25 04:37:34,447 [INFO] UtilMem:75 - End SaveConfig() Used Memory: 705180440 Bytes (1059061760)
2026-05-25 04:37:34,639 [INFO] UtilMem:75 - End SaveConfig() Used Memory: 716192536 Bytes (1059061760)
2026-05-25 04:37:36,177 [INFO] UtilMem:75 - End SaveConfig() Used Memory: 808467224 Bytes (1059061760)
2026-05-25 04:37:36,482 [INFO] BlockDiagram:2775 - set Specific Code input for plugin: NVIC
2026-05-25 04:37:36,482 [INFO] BlockDiagram:2775 - set Specific Code input for plugin: USART
2026-05-25 04:37:36,482 [INFO] BlockDiagram:2775 - set Specific Code input for plugin: IWDG
2026-05-25 04:37:36,482 [INFO] BlockDiagram:2775 - set Specific Code input for plugin: DMA
2026-05-25 04:37:36,482 [INFO] BlockDiagram:2775 - set Specific Code input for plugin: SYS
2026-05-25 04:37:36,482 [INFO] BlockDiagram:2775 - set Specific Code input for plugin: GPIO
2026-05-25 04:37:36,482 [INFO] BlockDiagram:2775 - set Specific Code input for plugin: ADC
2026-05-25 04:37:36,482 [INFO] BlockDiagram:2775 - set Specific Code input for plugin: RCC
2026-05-25 04:37:36,484 [INFO] CodeGenerator:892 - code generatio: config db path: C:\ST\STM32CubeIDE_1.19.0\STM32CubeIDE\plugins\com.st.stm32cube.common.mx_6.15.0.202507011659\\db\
2026-05-25 04:37:36,489 [INFO] Argument:325 - Argument : hdmavalue: null
2026-05-25 04:37:36,489 [INFO] Argument:327 - 	 sub Args: 
2026-05-25 04:37:36,489 [INFO] Argument:325 - Argument : Instancevalue: DMA1_Channel1
2026-05-25 04:37:36,489 [INFO] Argument:335 - Argument : Instancevalue: DMA1_Channel1
2026-05-25 04:37:36,489 [INFO] Argument:325 - Argument : Initvalue: null
2026-05-25 04:37:36,489 [INFO] Argument:327 - 	 sub Args: 
2026-05-25 04:37:36,489 [INFO] Argument:325 - Argument : Directionvalue: DMA_PERIPH_TO_MEMORY
2026-05-25 04:37:36,489 [INFO] Argument:335 - Argument : Directionvalue: DMA_PERIPH_TO_MEMORY
2026-05-25 04:37:36,489 [INFO] Argument:325 - Argument : PeriphIncvalue: DMA_PINC_DISABLE
2026-05-25 04:37:36,489 [INFO] Argument:335 - Argument : PeriphIncvalue: DMA_PINC_DISABLE
2026-05-25 04:37:36,489 [INFO] Argument:325 - Argument : MemIncvalue: DMA_MINC_ENABLE
2026-05-25 04:37:36,489 [INFO] Argument:335 - Argument : MemIncvalue: DMA_MINC_ENABLE
2026-05-25 04:37:36,489 [INFO] Argument:325 - Argument : PeriphDataAlignmentvalue: DMA_PDATAALIGN_WORD
2026-05-25 04:37:36,489 [INFO] Argument:335 - Argument : PeriphDataAlignmentvalue: DMA_PDATAALIGN_WORD
2026-05-25 04:37:36,489 [INFO] Argument:325 - Argument : MemDataAlignmentvalue: DMA_MDATAALIGN_WORD
2026-05-25 04:37:36,490 [INFO] Argument:335 - Argument : MemDataAlignmentvalue: DMA_MDATAALIGN_WORD
2026-05-25 04:37:36,490 [INFO] Argument:325 - Argument : Modevalue: DMA_CIRCULAR
2026-05-25 04:37:36,490 [INFO] Argument:335 - Argument : Modevalue: DMA_CIRCULAR
2026-05-25 04:37:36,490 [INFO] Argument:325 - Argument : Priorityvalue: DMA_PRIORITY_LOW
2026-05-25 04:37:36,490 [INFO] Argument:335 - Argument : Priorityvalue: DMA_PRIORITY_LOW
2026-05-25 04:37:36,490 [INFO] Argument:325 - Argument : Lockvalue: null
2026-05-25 04:37:36,490 [INFO] Argument:335 - Argument : Lockvalue: null
2026-05-25 04:37:36,490 [INFO] Argument:325 - Argument : Statevalue: null
2026-05-25 04:37:36,490 [INFO] Argument:335 - Argument : Statevalue: null
2026-05-25 04:37:36,490 [INFO] Argument:325 - Argument : Parentvalue: null
2026-05-25 04:37:36,490 [INFO] Argument:335 - Argument : Parentvalue: null
2026-05-25 04:37:36,490 [INFO] Argument:325 - Argument : XferCpltCallbackvalue: null
2026-05-25 04:37:36,490 [INFO] Argument:335 - Argument : XferCpltCallbackvalue: null
2026-05-25 04:37:36,490 [INFO] Argument:325 - Argument : XferHalfCpltCallbackvalue: null
2026-05-25 04:37:36,490 [INFO] Argument:335 - Argument : XferHalfCpltCallbackvalue: null
2026-05-25 04:37:36,490 [INFO] Argument:325 - Argument : XferErrorCallbackvalue: null
2026-05-25 04:37:36,490 [INFO] Argument:335 - Argument : XferErrorCallbackvalue: null
2026-05-25 04:37:36,490 [INFO] Argument:325 - Argument : ErrorCodevalue: null
2026-05-25 04:37:36,490 [INFO] Argument:335 - Argument : ErrorCodevalue: null
2026-05-25 04:37:36,498 [INFO] Argument:325 - Argument : hdmavalue: null
2026-05-25 04:37:36,506 [INFO] Argument:327 - 	 sub Args: 
2026-05-25 04:37:36,506 [INFO] Argument:325 - Argument : Instancevalue: DMA1_Channel5
2026-05-25 04:37:36,506 [INFO] Argument:335 - Argument : Instancevalue: DMA1_Channel5
2026-05-25 04:37:36,506 [INFO] Argument:325 - Argument : Initvalue: null
2026-05-25 04:37:36,506 [INFO] Argument:327 - 	 sub Args: 
2026-05-25 04:37:36,506 [INFO] Argument:325 - Argument : Directionvalue: DMA_PERIPH_TO_MEMORY
2026-05-25 04:37:36,506 [INFO] Argument:335 - Argument : Directionvalue: DMA_PERIPH_TO_MEMORY
2026-05-25 04:37:36,506 [INFO] Argument:325 - Argument : PeriphIncvalue: DMA_PINC_DISABLE
2026-05-25 04:37:36,506 [INFO] Argument:335 - Argument : PeriphIncvalue: DMA_PINC_DISABLE
2026-05-25 04:37:36,506 [INFO] Argument:325 - Argument : MemIncvalue: DMA_MINC_ENABLE
2026-05-25 04:37:36,506 [INFO] Argument:335 - Argument : MemIncvalue: DMA_MINC_ENABLE
2026-05-25 04:37:36,506 [INFO] Argument:325 - Argument : PeriphDataAlignmentvalue: DMA_PDATAALIGN_BYTE
2026-05-25 04:37:36,506 [INFO] Argument:335 - Argument : PeriphDataAlignmentvalue: DMA_PDATAALIGN_BYTE
2026-05-25 04:37:36,506 [INFO] Argument:325 - Argument : MemDataAlignmentvalue: DMA_MDATAALIGN_BYTE
2026-05-25 04:37:36,506 [INFO] Argument:335 - Argument : MemDataAlignmentvalue: DMA_MDATAALIGN_BYTE
2026-05-25 04:37:36,506 [INFO] Argument:325 - Argument : Modevalue: DMA_CIRCULAR
2026-05-25 04:37:36,506 [INFO] Argument:335 - Argument : Modevalue: DMA_CIRCULAR
2026-05-25 04:37:36,506 [INFO] Argument:325 - Argument : Priorityvalue: DMA_PRIORITY_LOW
2026-05-25 04:37:36,506 [INFO] Argument:335 - Argument : Priorityvalue: DMA_PRIORITY_LOW
2026-05-25 04:37:36,506 [INFO] Argument:325 - Argument : Lockvalue: null
2026-05-25 04:37:36,506 [INFO] Argument:335 - Argument : Lockvalue: null
2026-05-25 04:37:36,506 [INFO] Argument:325 - Argument : Statevalue: null
2026-05-25 04:37:36,506 [INFO] Argument:335 - Argument : Statevalue: null
2026-05-25 04:37:36,506 [INFO] Argument:325 - Argument : Parentvalue: null
2026-05-25 04:37:36,507 [INFO] Argument:335 - Argument : Parentvalue: null
2026-05-25 04:37:36,507 [INFO] Argument:325 - Argument : XferCpltCallbackvalue: null
2026-05-25 04:37:36,507 [INFO] Argument:335 - Argument : XferCpltCallbackvalue: null
2026-05-25 04:37:36,507 [INFO] Argument:325 - Argument : XferHalfCpltCallbackvalue: null
2026-05-25 04:37:36,507 [INFO] Argument:335 - Argument : XferHalfCpltCallbackvalue: null
2026-05-25 04:37:36,507 [INFO] Argument:325 - Argument : XferErrorCallbackvalue: null
2026-05-25 04:37:36,507 [INFO] Argument:335 - Argument : XferErrorCallbackvalue: null
2026-05-25 04:37:36,507 [INFO] Argument:325 - Argument : ErrorCodevalue: null
2026-05-25 04:37:36,507 [INFO] Argument:335 - Argument : ErrorCodevalue: null
2026-05-25 04:37:36,507 [INFO] Argument:325 - Argument : hdmavalue: null
2026-05-25 04:37:36,507 [INFO] Argument:327 - 	 sub Args: 
2026-05-25 04:37:36,507 [INFO] Argument:325 - Argument : Instancevalue: DMA1_Channel4
2026-05-25 04:37:36,508 [INFO] Argument:335 - Argument : Instancevalue: DMA1_Channel4
2026-05-25 04:37:36,508 [INFO] Argument:325 - Argument : Initvalue: null
2026-05-25 04:37:36,508 [INFO] Argument:327 - 	 sub Args: 
2026-05-25 04:37:36,508 [INFO] Argument:325 - Argument : Directionvalue: DMA_MEMORY_TO_PERIPH
2026-05-25 04:37:36,508 [INFO] Argument:335 - Argument : Directionvalue: DMA_MEMORY_TO_PERIPH
2026-05-25 04:37:36,508 [INFO] Argument:325 - Argument : PeriphIncvalue: DMA_PINC_DISABLE
2026-05-25 04:37:36,508 [INFO] Argument:335 - Argument : PeriphIncvalue: DMA_PINC_DISABLE
2026-05-25 04:37:36,508 [INFO] Argument:325 - Argument : MemIncvalue: DMA_MINC_ENABLE
2026-05-25 04:37:36,508 [INFO] Argument:335 - Argument : MemIncvalue: DMA_MINC_ENABLE
2026-05-25 04:37:36,508 [INFO] Argument:325 - Argument : PeriphDataAlignmentvalue: DMA_PDATAALIGN_BYTE
2026-05-25 04:37:36,508 [INFO] Argument:335 - Argument : PeriphDataAlignmentvalue: DMA_PDATAALIGN_BYTE
2026-05-25 04:37:36,508 [INFO] Argument:325 - Argument : MemDataAlignmentvalue: DMA_MDATAALIGN_BYTE
2026-05-25 04:37:36,508 [INFO] Argument:335 - Argument : MemDataAlignmentvalue: DMA_MDATAALIGN_BYTE
2026-05-25 04:37:36,508 [INFO] Argument:325 - Argument : Modevalue: DMA_NORMAL
2026-05-25 04:37:36,508 [INFO] Argument:335 - Argument : Modevalue: DMA_NORMAL
2026-05-25 04:37:36,508 [INFO] Argument:325 - Argument : Priorityvalue: DMA_PRIORITY_LOW
2026-05-25 04:37:36,508 [INFO] Argument:335 - Argument : Priorityvalue: DMA_PRIORITY_LOW
2026-05-25 04:37:36,508 [INFO] Argument:325 - Argument : Lockvalue: null
2026-05-25 04:37:36,508 [INFO] Argument:335 - Argument : Lockvalue: null
2026-05-25 04:37:36,508 [INFO] Argument:325 - Argument : Statevalue: null
2026-05-25 04:37:36,508 [INFO] Argument:335 - Argument : Statevalue: null
2026-05-25 04:37:36,508 [INFO] Argument:325 - Argument : Parentvalue: null
2026-05-25 04:37:36,508 [INFO] Argument:335 - Argument : Parentvalue: null
2026-05-25 04:37:36,508 [INFO] Argument:325 - Argument : XferCpltCallbackvalue: null
2026-05-25 04:37:36,508 [INFO] Argument:335 - Argument : XferCpltCallbackvalue: null
2026-05-25 04:37:36,508 [INFO] Argument:325 - Argument : XferHalfCpltCallbackvalue: null
2026-05-25 04:37:36,508 [INFO] Argument:335 - Argument : XferHalfCpltCallbackvalue: null
2026-05-25 04:37:36,508 [INFO] Argument:325 - Argument : XferErrorCallbackvalue: null
2026-05-25 04:37:36,508 [INFO] Argument:335 - Argument : XferErrorCallbackvalue: null
2026-05-25 04:37:36,508 [INFO] Argument:325 - Argument : ErrorCodevalue: null
2026-05-25 04:37:36,508 [INFO] Argument:335 - Argument : ErrorCodevalue: null
2026-05-25 04:37:36,697 [INFO] CodeEngine:265 - oldGeneratedFile, D:\my_Projects\Electronic\STM32\F1\CubeIDE\Switch24Queue\MXTmpFiles\license.tmp_save
2026-05-25 04:37:36,849 [INFO] CodeEngine:289 - Generated code: D:\my_Projects\Electronic\STM32\F1\CubeIDE\Switch24Queue\MXTmpFiles\license.tmp
2026-05-25 04:37:36,933 [INFO] CodeEngine:265 - oldGeneratedFile, D:\my_Projects\Electronic\STM32\F1\CubeIDE\Switch24Queue\MXTmpFiles\gpio.tmp_save
2026-05-25 04:37:37,048 [INFO] CodeEngine:289 - Generated code: D:\my_Projects\Electronic\STM32\F1\CubeIDE\Switch24Queue\MXTmpFiles\gpio.tmp
2026-05-25 04:37:37,707 [INFO] CodeEngine:265 - oldGeneratedFile, D:\my_Projects\Electronic\STM32\F1\CubeIDE\Switch24Queue\MXTmpFiles\dma.tmp_save
2026-05-25 04:37:37,825 [INFO] CodeEngine:289 - Generated code: D:\my_Projects\Electronic\STM32\F1\CubeIDE\Switch24Queue\MXTmpFiles\dma.tmp
2026-05-25 04:37:37,831 [INFO] CodeEngine:265 - oldGeneratedFile, D:\my_Projects\Electronic\STM32\F1\CubeIDE\Switch24Queue\MXTmpFiles\dma_GV.tmp_save
2026-05-25 04:37:37,933 [INFO] CodeEngine:289 - Generated code: D:\my_Projects\Electronic\STM32\F1\CubeIDE\Switch24Queue\MXTmpFiles\dma_GV.tmp
2026-05-25 04:37:37,955 [INFO] CodeEngine:265 - oldGeneratedFile, D:\my_Projects\Electronic\STM32\F1\CubeIDE\Switch24Queue\Core\Src\stm32f1xx_it.c_save
2026-05-25 04:37:38,160 [INFO] CodeEngine:289 - Generated code: D:\my_Projects\Electronic\STM32\F1\CubeIDE\Switch24Queue\Core\Src\stm32f1xx_it.c
2026-05-25 04:37:38,168 [INFO] CodeEngine:265 - oldGeneratedFile, D:\my_Projects\Electronic\STM32\F1\CubeIDE\Switch24Queue\Core\Inc\stm32f1xx_it.h_save
2026-05-25 04:37:38,257 [INFO] CodeEngine:289 - Generated code: D:\my_Projects\Electronic\STM32\F1\CubeIDE\Switch24Queue\Core\Inc\stm32f1xx_it.h
2026-05-25 04:37:38,290 [INFO] CodeEngine:265 - oldGeneratedFile, D:\my_Projects\Electronic\STM32\F1\CubeIDE\Switch24Queue\Core\Src\stm32f1xx_hal_msp.c_save
2026-05-25 04:37:38,412 [INFO] CodeEngine:289 - Generated code: D:\my_Projects\Electronic\STM32\F1\CubeIDE\Switch24Queue\Core\Src\stm32f1xx_hal_msp.c
2026-05-25 04:37:38,420 [INFO] CodeEngine:265 - oldGeneratedFile, D:\my_Projects\Electronic\STM32\F1\CubeIDE\Switch24Queue\MXTmpFiles\system.tmp_save
2026-05-25 04:37:38,519 [INFO] CodeEngine:289 - Generated code: D:\my_Projects\Electronic\STM32\F1\CubeIDE\Switch24Queue\MXTmpFiles\system.tmp
2026-05-25 04:37:38,528 [INFO] CodeEngine:265 - oldGeneratedFile, D:\my_Projects\Electronic\STM32\F1\CubeIDE\Switch24Queue\Core\Src\stm32f1xx_hal_timebase_tim.c_save
2026-05-25 04:37:38,622 [INFO] CodeEngine:289 - Generated code: D:\my_Projects\Electronic\STM32\F1\CubeIDE\Switch24Queue\Core\Src\stm32f1xx_hal_timebase_tim.c
2026-05-25 04:37:38,640 [INFO] CodeEngine:321 - oldGeneratedFile, D:\my_Projects\Electronic\STM32\F1\CubeIDE\Switch24Queue\Core\Inc\stm32f1xx_hal_conf.h_save
2026-05-25 04:37:38,710 [INFO] CodeEngine:345 - Generated code: D:\my_Projects\Electronic\STM32\F1\CubeIDE\Switch24Queue\Core\Inc\stm32f1xx_hal_conf.h
2026-05-25 04:37:38,752 [INFO] CodeEngine:265 - oldGeneratedFile, D:\my_Projects\Electronic\STM32\F1\CubeIDE\Switch24Queue\Core\Inc\main.h_save
2026-05-25 04:37:38,846 [INFO] CodeEngine:289 - Generated code: D:\my_Projects\Electronic\STM32\F1\CubeIDE\Switch24Queue\Core\Inc\main.h
2026-05-25 04:37:38,852 [INFO] CodeEngine:265 - oldGeneratedFile, D:\my_Projects\Electronic\STM32\F1\CubeIDE\Switch24Queue\Core\Src\main.c_save
2026-05-25 04:37:38,985 [INFO] CodeEngine:289 - Generated code: D:\my_Projects\Electronic\STM32\F1\CubeIDE\Switch24Queue\Core\Src\main.c
2026-05-25 04:37:39,430 [INFO] ProjectBuilder:3606 - Time for Copy HAL[1] : 219mS.
2026-05-25 04:37:39,433 [INFO] ProjectBuilder:5216 - Project Generator version: 4.7.0-B52
2026-05-25 04:37:39,549 [INFO] ConfigFileManager:1595 - The Die is : DIE418
2026-05-25 04:37:41,154 [INFO] ProjectBuilder:5496 - Time for Generating toolchain IDE Files: 1721mS.
2026-05-25 04:37:41,155 [INFO] ProjectBuilder:3463 - Time for Copy CMSIS : 0mS.
2026-05-25 04:37:41,157 [INFO] ProjectBuilder:3463 - Time for Copy CMSIS : 1mS.
2026-05-25 04:37:43,727 [ERROR] ConfigurationRetriever:142 - IOException on connection: Connect timed out
2026-05-25 04:37:48,730 [ERROR] ConfigurationRetriever:142 - IOException on connection: Connect timed out
2026-05-25 04:37:53,734 [ERROR] ConfigurationRetriever:142 - IOException on connection: Connect timed out
2026-05-25 05:06:31,271 [ERROR] ConfigurationRetriever:142 - IOException on connection: sw-center.st.com
2026-05-25 05:06:31,272 [ERROR] ConfigurationRetriever:142 - IOException on connection: sw-center.st.com
2026-05-25 05:06:31,272 [ERROR] ConfigurationRetriever:142 - IOException on connection: sw-center.st.com
2026-05-25 15:12:47,256 [ERROR] ConfigurationRetriever:142 - IOException on connection: Connect timed out
2026-05-25 15:12:49,260 [ERROR] ConfigurationRetriever:142 - IOException on connection: Connect timed out
2026-05-25 15:12:51,262 [ERROR] ConfigurationRetriever:142 - IOException on connection: Connect timed out
2026-05-25 15:14:20,134 [ERROR] ConfigurationRetriever:142 - IOException on connection: Connect timed out
2026-05-25 15:14:22,137 [ERROR] ConfigurationRetriever:142 - IOException on connection: Connect timed out
2026-05-25 15:14:24,150 [ERROR] ConfigurationRetriever:142 - IOException on connection: Connect timed out
