2026-03-17 21:21:36,919 [ERROR] ConfigurationRetriever:142 - IOException on connection: Connect timed out
2026-03-17 21:21:37,376 [ERROR] ConfigurationRetriever:142 - IOException on connection: Connect timed out
2026-03-17 21:21:38,945 [ERROR] ConfigurationRetriever:142 - IOException on connection: Connect timed out
2026-03-17 21:21:40,949 [ERROR] ConfigurationRetriever:142 - IOException on connection: Connect timed out
2026-03-17 21:22:25,105 [INFO] UtilMem:75 - End SaveConfig() Used Memory: 443943752 Bytes (1052770304)
2026-03-17 21:22:25,309 [INFO] UtilMem:75 - End SaveConfig() Used Memory: 461489944 Bytes (1052770304)
2026-03-17 21:22:28,450 [INFO] UtilMem:75 - End SaveConfig() Used Memory: 547420440 Bytes (1052770304)
2026-03-17 21:22:28,900 [INFO] BlockDiagram:2775 - set Specific Code input for plugin: NVIC
2026-03-17 21:22:28,900 [INFO] BlockDiagram:2775 - set Specific Code input for plugin: IWDG
2026-03-17 21:22:28,900 [INFO] BlockDiagram:2775 - set Specific Code input for plugin: SYS
2026-03-17 21:22:28,900 [INFO] BlockDiagram:2775 - set Specific Code input for plugin: GPIO
2026-03-17 21:22:28,900 [INFO] BlockDiagram:2775 - set Specific Code input for plugin: RCC
2026-03-17 21:22:28,901 [INFO] CodeGenerator:892 - code generatio: config db path: C:\ST\STM32CubeIDE_1.19.0\STM32CubeIDE\plugins\com.st.stm32cube.common.mx_6.15.0.202507011659\\db\
2026-03-17 21:22:29,235 [INFO] CodeEngine:265 - oldGeneratedFile, D:\my_Projects\Electronic\STM32\F1\CubeIDE\lezgiBoard_RS485\MXTmpFiles\license.tmp_save
2026-03-17 21:22:29,747 [INFO] CodeEngine:289 - Generated code: D:\my_Projects\Electronic\STM32\F1\CubeIDE\lezgiBoard_RS485\MXTmpFiles\license.tmp
2026-03-17 21:22:29,797 [INFO] CodeEngine:265 - oldGeneratedFile, D:\my_Projects\Electronic\STM32\F1\CubeIDE\lezgiBoard_RS485\MXTmpFiles\gpio.tmp_save
2026-03-17 21:22:30,135 [INFO] CodeEngine:289 - Generated code: D:\my_Projects\Electronic\STM32\F1\CubeIDE\lezgiBoard_RS485\MXTmpFiles\gpio.tmp
2026-03-17 21:22:30,209 [INFO] CodeEngine:265 - oldGeneratedFile, D:\my_Projects\Electronic\STM32\F1\CubeIDE\lezgiBoard_RS485\Core\Src\stm32f1xx_it.c_save
2026-03-17 21:22:30,486 [INFO] CodeEngine:289 - Generated code: D:\my_Projects\Electronic\STM32\F1\CubeIDE\lezgiBoard_RS485\Core\Src\stm32f1xx_it.c
2026-03-17 21:22:30,504 [ERROR] ConfigurationRetriever:142 - IOException on connection: Connect timed out
2026-03-17 21:22:30,506 [INFO] CodeEngine:265 - oldGeneratedFile, D:\my_Projects\Electronic\STM32\F1\CubeIDE\lezgiBoard_RS485\Core\Inc\stm32f1xx_it.h_save
2026-03-17 21:22:30,779 [INFO] CodeEngine:289 - Generated code: D:\my_Projects\Electronic\STM32\F1\CubeIDE\lezgiBoard_RS485\Core\Inc\stm32f1xx_it.h
2026-03-17 21:22:30,813 [INFO] CodeEngine:265 - oldGeneratedFile, D:\my_Projects\Electronic\STM32\F1\CubeIDE\lezgiBoard_RS485\Core\Src\stm32f1xx_hal_msp.c_save
2026-03-17 21:22:31,219 [INFO] CodeEngine:289 - Generated code: D:\my_Projects\Electronic\STM32\F1\CubeIDE\lezgiBoard_RS485\Core\Src\stm32f1xx_hal_msp.c
2026-03-17 21:22:31,228 [INFO] CodeEngine:265 - oldGeneratedFile, D:\my_Projects\Electronic\STM32\F1\CubeIDE\lezgiBoard_RS485\MXTmpFiles\system.tmp_save
2026-03-17 21:22:31,437 [INFO] CodeEngine:289 - Generated code: D:\my_Projects\Electronic\STM32\F1\CubeIDE\lezgiBoard_RS485\MXTmpFiles\system.tmp
2026-03-17 21:22:31,449 [INFO] CodeEngine:265 - oldGeneratedFile, D:\my_Projects\Electronic\STM32\F1\CubeIDE\lezgiBoard_RS485\Core\Src\stm32f1xx_hal_timebase_tim.c_save
2026-03-17 21:22:31,639 [INFO] CodeEngine:289 - Generated code: D:\my_Projects\Electronic\STM32\F1\CubeIDE\lezgiBoard_RS485\Core\Src\stm32f1xx_hal_timebase_tim.c
2026-03-17 21:22:31,659 [INFO] CodeEngine:321 - oldGeneratedFile, D:\my_Projects\Electronic\STM32\F1\CubeIDE\lezgiBoard_RS485\Core\Inc\stm32f1xx_hal_conf.h_save
2026-03-17 21:22:31,809 [INFO] CodeEngine:345 - Generated code: D:\my_Projects\Electronic\STM32\F1\CubeIDE\lezgiBoard_RS485\Core\Inc\stm32f1xx_hal_conf.h
2026-03-17 21:22:31,849 [INFO] ApiDbMcu:532 - Load IP Config File for IWDG
2026-03-17 21:22:31,865 [INFO] CodeEngine:265 - oldGeneratedFile, D:\my_Projects\Electronic\STM32\F1\CubeIDE\lezgiBoard_RS485\Core\Inc\main.h_save
2026-03-17 21:22:32,007 [INFO] CodeEngine:289 - Generated code: D:\my_Projects\Electronic\STM32\F1\CubeIDE\lezgiBoard_RS485\Core\Inc\main.h
2026-03-17 21:22:32,021 [INFO] CodeEngine:265 - oldGeneratedFile, D:\my_Projects\Electronic\STM32\F1\CubeIDE\lezgiBoard_RS485\Core\Src\main.c_save
2026-03-17 21:22:32,263 [INFO] CodeEngine:289 - Generated code: D:\my_Projects\Electronic\STM32\F1\CubeIDE\lezgiBoard_RS485\Core\Src\main.c
2026-03-17 21:22:32,927 [INFO] ProjectBuilder:3606 - Time for Copy HAL[1] : 277mS.
2026-03-17 21:22:32,933 [INFO] ProjectBuilder:5216 - Project Generator version: 4.7.0-B52
2026-03-17 21:22:33,156 [INFO] ConfigFileManager:1595 - The Die is : DIE418
2026-03-17 21:22:33,548 [ERROR] ConfigurationRetriever:142 - IOException on connection: Connect timed out
2026-03-17 21:22:35,506 [ERROR] ConfigurationRetriever:142 - IOException on connection: Connect timed out
2026-03-17 21:22:35,609 [INFO] ProjectBuilder:5496 - Time for Generating toolchain IDE Files: 2676mS.
2026-03-17 21:22:35,611 [INFO] ProjectBuilder:3463 - Time for Copy CMSIS : 1mS.
2026-03-17 21:22:35,613 [INFO] ProjectBuilder:3463 - Time for Copy CMSIS : 0mS.
2026-03-17 21:22:37,699 [ERROR] ConfigurationRetriever:142 - IOException on connection: Connect timed out
2026-03-17 21:22:38,550 [ERROR] ConfigurationRetriever:142 - IOException on connection: Connect timed out
2026-03-17 21:22:39,700 [ERROR] ConfigurationRetriever:142 - IOException on connection: Connect timed out
2026-03-17 21:22:40,508 [ERROR] ConfigurationRetriever:142 - IOException on connection: Connect timed out
2026-03-17 21:22:41,705 [ERROR] ConfigurationRetriever:142 - IOException on connection: Connect timed out
2026-03-17 21:22:43,552 [ERROR] ConfigurationRetriever:142 - IOException on connection: Connect timed out
2026-03-17 21:23:05,305 [WARN] CheckConnectionManager:291 - Warning during Server Connection :  timeout Connect to sw-center.st.com:443 [sw-center.st.com/185.200.232.50, sw-center.st.com/185.200.232.40] failed: Connect timed out
2026-03-17 21:23:07,314 [WARN] CheckConnectionManager:291 - Warning during Server Connection :  timeout Connect to sw-center.st.com:443 [sw-center.st.com/185.200.232.50, sw-center.st.com/185.200.232.40] failed: Connect timed out
2026-03-17 21:23:07,318 [INFO] MainUpdater:2872 - connection check result : 22
2026-03-17 21:23:07,386 [INFO] MicroXplorer:468 - Change Database Path : 
2026-03-17 21:23:07,386 [INFO] MicroXplorer:498 - Change Database Version : DB.6.0.150
2026-03-17 21:23:07,508 [ERROR] ProjectManagerView:395 - 
java.lang.NullPointerException: Cannot invoke "javax.swing.JTextField.getText()" because the return value of "java.util.List.get(int)" is null
	at com.st.microxplorer.plugins.projectmanager.gui.ProjectChoiceTab$9.caretUpdate(ProjectChoiceTab.java:2706) ~[filemanager.jar:?]
	at javax.swing.text.JTextComponent.fireCaretUpdate(JTextComponent.java:408) ~[?:?]
	at javax.swing.text.JTextComponent$MutableCaretEvent.fire(JTextComponent.java:4484) ~[?:?]
	at javax.swing.text.JTextComponent$MutableCaretEvent.stateChanged(JTextComponent.java:4506) ~[?:?]
	at javax.swing.text.DefaultCaret.fireStateChanged(DefaultCaret.java:857) ~[?:?]
	at javax.swing.text.DefaultCaret.changeCaretPosition(DefaultCaret.java:1343) ~[?:?]
	at javax.swing.text.DefaultCaret.handleSetDot(DefaultCaret.java:1242) ~[?:?]
	at javax.swing.text.DefaultCaret.setDot(DefaultCaret.java:1223) ~[?:?]
	at javax.swing.text.DefaultCaret$Handler.insertUpdate(DefaultCaret.java:1819) ~[?:?]
	at javax.swing.text.AbstractDocument.fireInsertUpdate(AbstractDocument.java:227) ~[?:?]
	at javax.swing.text.AbstractDocument.handleInsertString(AbstractDocument.java:781) ~[?:?]
	at javax.swing.text.AbstractDocument.insertString(AbstractDocument.java:740) ~[?:?]
	at javax.swing.text.PlainDocument.insertString(PlainDocument.java:131) ~[?:?]
	at javax.swing.text.AbstractDocument.replace(AbstractDocument.java:699) ~[?:?]
	at javax.swing.text.JTextComponent.setText(JTextComponent.java:1725) ~[?:?]
	at com.st.microxplorer.plugins.projectmanager.gui.ProjectChoiceTab.createHeapStackFields(ProjectChoiceTab.java:993) ~[filemanager.jar:?]
	at com.st.microxplorer.plugins.projectmanager.gui.ProjectChoiceTab.buildLinkSettingsPanel(ProjectChoiceTab.java:3813) ~[filemanager.jar:?]
	at com.st.microxplorer.plugins.projectmanager.gui.ProjectChoiceTab.defineWindowsFields(ProjectChoiceTab.java:1987) ~[filemanager.jar:?]
	at com.st.microxplorer.plugins.projectmanager.gui.ProjectChoiceTab.updateSettings(ProjectChoiceTab.java:558) ~[filemanager.jar:?]
	at com.st.microxplorer.plugins.projectmanager.gui.ProjectSettingsPanel.UpdateDialog(ProjectSettingsPanel.java:247) ~[filemanager.jar:?]
	at com.st.microxplorer.plugins.projectmanager.ProjectManagerView.propertyChange(ProjectManagerView.java:392) ~[filemanager.jar:?]
	at java.beans.PropertyChangeSupport.fire(PropertyChangeSupport.java:343) ~[?:?]
	at java.beans.PropertyChangeSupport.firePropertyChange(PropertyChangeSupport.java:335) ~[?:?]
	at java.beans.PropertyChangeSupport.firePropertyChange(PropertyChangeSupport.java:268) ~[?:?]
	at com.st.microxplorer.util.MXPropertyChangeSupport.firePropertyChange(MXPropertyChangeSupport.java:54) ~[STM32CubeMX.jar:?]
	at com.st.microxplorer.mxsystem.MxSystem.closeConfig(MxSystem.java:899) ~[STM32CubeMX.jar:?]
	at com.st.microxplorer.maingui.MainPanel.closeConfig(MainPanel.java:792) ~[STM32CubeMX.jar:?]
	at com.st.microxplorer.plugins.filemanager.engine.OpenFileManager.loadConfigurationFile(OpenFileManager.java:288) ~[filemanager.jar:?]
	at com.st.microxplorer.plugins.filemanager.engine.MainFileManager.userLoadConfig(MainFileManager.java:364) ~[filemanager.jar:?]
	at com.st.microxplorer.plugins.filemanager.engine.MainFileManager.userLoadConfig(MainFileManager.java:342) ~[filemanager.jar:?]
	at com.st.microxplorer.plugins.filemanager.FileManagerView.getSpecificTask(FileManagerView.java:264) ~[filemanager.jar:?]
	at com.st.stm32cube.common.mx.editor.CubeMxEditor.getMxTabbedPaneInstance(CubeMxEditor.java:1198) ~[com.st.stm32cube.common.mx_6.15.0.202507011659/:?]
	at com.st.stm32cube.common.mx.editor.CubeMxEditor$12$1.createSwingComponent(CubeMxEditor.java:1068) ~[com.st.stm32cube.common.mx_6.15.0.202507011659/:?]
	at com.st.stm32cube.common.mx.oss.core.awtswtbridge.EmbeddedSwingComposite.doComponentCreation(EmbeddedSwingComposite.java:492) ~[com.st.stm32cube.common.mx.oss_6.15.0.202507011659/:?]
	at com.st.stm32cube.common.mx.oss.core.awtswtbridge.EmbeddedSwingComposite$4.run(EmbeddedSwingComposite.java:291) ~[com.st.stm32cube.common.mx.oss_6.15.0.202507011659/:?]
	at com.st.stm32cube.common.mx.oss.core.awtswtbridge.AwtEnvironment$2.run(AwtEnvironment.java:166) ~[com.st.stm32cube.common.mx.oss_6.15.0.202507011659/:?]
	at java.awt.event.InvocationEvent.dispatch(InvocationEvent.java:318) ~[?:?]
	at java.awt.EventQueue.dispatchEventImpl(EventQueue.java:773) ~[?:?]
	at java.awt.EventQueue$4.run(EventQueue.java:720) ~[?:?]
	at java.awt.EventQueue$4.run(EventQueue.java:714) ~[?:?]
	at java.security.AccessController.doPrivileged(AccessController.java:400) ~[?:?]
	at java.security.ProtectionDomain$JavaSecurityAccessImpl.doIntersectionPrivilege(ProtectionDomain.java:87) ~[?:?]
	at java.awt.EventQueue.dispatchEvent(EventQueue.java:742) ~[?:?]
	at java.awt.EventDispatchThread.pumpOneEventForFilters(EventDispatchThread.java:203) ~[?:?]
	at java.awt.EventDispatchThread.pumpEventsForFilter(EventDispatchThread.java:124) ~[?:?]
	at java.awt.EventDispatchThread.pumpEventsForHierarchy(EventDispatchThread.java:113) ~[?:?]
	at java.awt.EventDispatchThread.pumpEvents(EventDispatchThread.java:109) ~[?:?]
	at java.awt.EventDispatchThread.pumpEvents(EventDispatchThread.java:101) ~[?:?]
	at java.awt.EventDispatchThread.run(EventDispatchThread.java:90) ~[?:?]
2026-03-17 21:23:07,510 [WARN] ThirdParty:871 - waiting for thirdparty lock release [close project]
2026-03-17 21:23:07,510 [INFO] ThirdParty:873 - entering critical section [close project]
2026-03-17 21:23:07,510 [INFO] ThirdParty:883 - exiting critical section [close project]
2026-03-17 21:23:07,513 [INFO] PinOutPanel:1589 - setPackage(No Configuration,No Configuration)
2026-03-17 21:23:07,520 [INFO] UtilMem:75 - Begin LoadConfig() Used Memory: 711887376 Bytes (1052770304)
2026-03-17 21:23:07,521 [INFO] MicroXplorer:468 - Change Database Path : 
2026-03-17 21:23:07,521 [INFO] MicroXplorer:498 - Change Database Version : DB.6.0.150
2026-03-17 21:23:07,522 [INFO] OpenFileManager:355 - Change cursor
2026-03-17 21:23:07,563 [INFO] RulesReader:64 - Compatibility file has been processed (317 Rules)
2026-03-17 21:23:07,569 [INFO] Mcu:2029 - Initializing MCU STM32F107R(B-C)Tx STM32F107RCTx STM32F107RCT6
2026-03-17 21:23:09,675 [INFO] Context:786 - Trying to add GPIOservice into a context  which must be forbidden
2026-03-17 21:23:10,287 [INFO] ImportTextPane:234 - (OptionalMessage_ERROR) Pin28 (VP_RIF_VS_RIF1) cannot be retrieved for this MCU
2026-03-17 21:23:10,376 [INFO] RtosManager:558 - Registered RTOS mode: class=CMSIS, group=RTOS, mode=CMSIS_V1, owner=FREERTOS
2026-03-17 21:23:10,377 [INFO] RtosManager:558 - Registered RTOS mode: class=CMSIS, group=RTOS2, mode=CMSIS_V2, owner=FREERTOS
2026-03-17 21:23:10,378 [INFO] RtosManager:558 - Registered RTOS mode: class=RTOS, group=Core, mode=CMSIS_V1, owner=FREERTOS
2026-03-17 21:23:10,378 [INFO] RtosManager:558 - Registered RTOS mode: class=RTOS, group=Core, mode=CMSIS_V2, owner=FREERTOS
2026-03-17 21:23:10,378 [WARN] ModelIntegratedComponent:184 - Missing modes for component STMicroelectronics:FreeRTOS:0.0.1:STMicroelectronics:RTOS:FreeRTOS:Core:::10.2.0:
2026-03-17 21:23:10,396 [WARN] ModelIntegratedComponent:63 - No mode defined for component null
2026-03-17 21:23:10,396 [WARN] ModelIntegratedComponent:63 - No mode defined for component null
2026-03-17 21:23:10,396 [WARN] ModelIntegratedComponent:63 - No mode defined for component null
2026-03-17 21:23:10,396 [WARN] ModelIntegratedComponent:63 - No mode defined for component null
2026-03-17 21:23:10,396 [WARN] ModelIntegratedComponent:63 - No mode defined for component null
2026-03-17 21:23:10,398 [WARN] ModelIntegratedComponent:63 - No mode defined for component null
2026-03-17 21:23:10,398 [WARN] ModelIntegratedComponent:63 - No mode defined for component null
2026-03-17 21:23:10,398 [WARN] ModelIntegratedComponent:63 - No mode defined for component null
2026-03-17 21:23:10,398 [WARN] ModelIntegratedComponent:63 - No mode defined for component null
2026-03-17 21:23:10,398 [WARN] ModelIntegratedComponent:63 - No mode defined for component null
2026-03-17 21:23:10,398 [WARN] ModelIntegratedComponent:63 - No mode defined for component null
2026-03-17 21:23:10,398 [WARN] ModelIntegratedComponent:63 - No mode defined for component null
2026-03-17 21:23:10,398 [WARN] ModelIntegratedComponent:63 - No mode defined for component null
2026-03-17 21:23:10,398 [WARN] ModelIntegratedComponent:63 - No mode defined for component null
2026-03-17 21:23:10,398 [WARN] ModelIntegratedComponent:63 - No mode defined for component null
2026-03-17 21:23:10,399 [WARN] ModelIntegratedComponent:63 - No mode defined for component null
2026-03-17 21:23:10,399 [WARN] ModelIntegratedComponent:63 - No mode defined for component null
2026-03-17 21:23:10,399 [WARN] ModelIntegratedComponent:63 - No mode defined for component null
2026-03-17 21:23:10,399 [WARN] ModelIntegratedComponent:63 - No mode defined for component null
2026-03-17 21:23:10,399 [WARN] ModelIntegratedComponent:63 - No mode defined for component null
2026-03-17 21:23:10,399 [WARN] ModelIntegratedComponent:63 - No mode defined for component null
2026-03-17 21:23:10,399 [WARN] ModelIntegratedComponent:63 - No mode defined for component null
2026-03-17 21:23:10,399 [WARN] ModelIntegratedComponent:63 - No mode defined for component null
2026-03-17 21:23:10,399 [WARN] ModelIntegratedComponent:63 - No mode defined for component null
2026-03-17 21:23:10,399 [WARN] ModelIntegratedComponent:63 - No mode defined for component null
2026-03-17 21:23:10,399 [WARN] ModelIntegratedComponent:63 - No mode defined for component null
2026-03-17 21:23:10,399 [WARN] ModelIntegratedComponent:63 - No mode defined for component null
2026-03-17 21:23:10,399 [WARN] ModelIntegratedComponent:63 - No mode defined for component null
2026-03-17 21:23:10,399 [WARN] ModelIntegratedComponent:63 - No mode defined for component null
2026-03-17 21:23:10,399 [WARN] ModelIntegratedComponent:63 - No mode defined for component null
2026-03-17 21:23:10,400 [WARN] ModelIntegratedComponent:63 - No mode defined for component null
2026-03-17 21:23:10,400 [WARN] ModelIntegratedComponent:63 - No mode defined for component null
2026-03-17 21:23:10,400 [WARN] ModelIntegratedComponent:63 - No mode defined for component null
2026-03-17 21:23:10,400 [WARN] ModelIntegratedComponent:63 - No mode defined for component null
2026-03-17 21:23:10,400 [WARN] ModelIntegratedComponent:63 - No mode defined for component null
2026-03-17 21:23:10,400 [WARN] ModelPack:524 - Component already loaded: STMicroelectronics:HAL Drivers:0.0.0:STMicroelectronics:Device:STMicro_Driver:XSPI:HAL::0.0.1:HAL_XSPI
2026-03-17 21:23:10,939 [INFO] ThirdPartyModel:298 - Start build external matchings
2026-03-17 21:23:13,586 [INFO] ThirdPartyModel:316 - End build external matchings
2026-03-17 21:23:13,659 [INFO] ImportTextPane:234 - (OptionalMessage_ERROR) IP (DMA) : Parameter (Instance) has Id (MEMTOMEM1) currently not set
2026-03-17 21:23:13,659 [INFO] ImportTextPane:234 - (OptionalMessage_ERROR) IP (DMA) : Parameter (Direction) has Id (MEMTOMEM1) currently not set
2026-03-17 21:23:13,659 [INFO] ImportTextPane:234 - (OptionalMessage_ERROR) IP (DMA) : Parameter (PeriphInc) has Id (MEMTOMEM1) currently not set
2026-03-17 21:23:13,659 [INFO] ImportTextPane:234 - (OptionalMessage_ERROR) IP (DMA) : Parameter (MemInc) has Id (MEMTOMEM1) currently not set
2026-03-17 21:23:13,660 [INFO] ImportTextPane:234 - (OptionalMessage_ERROR) IP (DMA) : Parameter (PeriphDataAlignment) has Id (MEMTOMEM1) currently not set
2026-03-17 21:23:13,660 [INFO] ImportTextPane:234 - (OptionalMessage_ERROR) IP (DMA) : Parameter (MemDataAlignment) has Id (MEMTOMEM1) currently not set
2026-03-17 21:23:13,660 [INFO] ImportTextPane:234 - (OptionalMessage_ERROR) IP (DMA) : Parameter (Mode) has Id (MEMTOMEM1) currently not set
2026-03-17 21:23:13,660 [INFO] ImportTextPane:234 - (OptionalMessage_ERROR) IP (DMA) : Parameter (Priority) has Id (MEMTOMEM1) currently not set
2026-03-17 21:23:13,660 [INFO] ImportTextPane:234 - (OptionalMessage_ERROR) IP (DMA) : Parameter (Instance) has Id (USART3_TX) currently not set
2026-03-17 21:23:13,660 [INFO] ImportTextPane:234 - (OptionalMessage_ERROR) IP (DMA) : Parameter (Direction) has Id (USART3_TX) currently not set
2026-03-17 21:23:13,660 [INFO] ImportTextPane:234 - (OptionalMessage_ERROR) IP (DMA) : Parameter (PeriphInc) has Id (USART3_TX) currently not set
2026-03-17 21:23:13,660 [INFO] ImportTextPane:234 - (OptionalMessage_ERROR) IP (DMA) : Parameter (MemInc) has Id (USART3_TX) currently not set
2026-03-17 21:23:13,660 [INFO] ImportTextPane:234 - (OptionalMessage_ERROR) IP (DMA) : Parameter (PeriphDataAlignment) has Id (USART3_TX) currently not set
2026-03-17 21:23:13,660 [INFO] ImportTextPane:234 - (OptionalMessage_ERROR) IP (DMA) : Parameter (MemDataAlignment) has Id (USART3_TX) currently not set
2026-03-17 21:23:13,660 [INFO] ImportTextPane:234 - (OptionalMessage_ERROR) IP (DMA) : Parameter (Mode) has Id (USART3_TX) currently not set
2026-03-17 21:23:13,661 [INFO] ImportTextPane:234 - (OptionalMessage_ERROR) IP (DMA) : Parameter (Priority) has Id (USART3_TX) currently not set
2026-03-17 21:23:13,665 [WARN] IP:2250 - CMSIS_VERSION not found: check if there is a RefParameter without a condition.
2026-03-17 21:23:13,669 [WARN] IP:2250 - LWIP_NETIF_HOSTNAME_NAME not found: check if there is a RefParameter without a condition.
2026-03-17 21:23:13,698 [INFO] ImportTextPane:234 - (OptionalMessage_ERROR) IP (RCC) : Parameter (ADCFreqValue) has invalid value (36000000)
2026-03-17 21:23:13,698 [INFO] ImportTextPane:234 - (OptionalMessage_ERROR) IP (RCC) : Invalid parameter (FamilyName)
2026-03-17 21:23:13,698 [INFO] ImportTextPane:234 - (OptionalMessage_ERROR) IP (RCC) : Parameter (MCOFreq_Value) has invalid value (72000000)
2026-03-17 21:23:14,085 [INFO] UtilMem:75 - End LoadConfig() Used Memory: 693644952 Bytes (1052770304)
2026-03-17 21:23:14,168 [WARN] ThirdParty:833 - waiting for thirdparty lock release [change project]
2026-03-17 21:23:14,169 [INFO] ThirdParty:835 - entering critical section [change project]
2026-03-17 21:23:14,170 [INFO] ThirdParty:1030 - CMSIS Pack Vendor :STMicroelectronics X-CUBE-PM33A1 1.0.0
2026-03-17 21:23:14,170 [INFO] ThirdParty:1030 - CMSIS Pack Vendor :STMicroelectronics USBPD 4.1
2026-03-17 21:23:14,170 [INFO] ThirdParty:1030 - CMSIS Pack Vendor :STMicroelectronics USB_HOST 2.0.0
2026-03-17 21:23:14,170 [INFO] ThirdParty:1030 - CMSIS Pack Vendor :STMicroelectronics FP-SNS-MOTENVWB1 1.4.0
2026-03-17 21:23:14,170 [INFO] ThirdParty:1030 - CMSIS Pack Vendor :STMicroelectronics X-CUBE-AZRTOS-F4 1.1.0
2026-03-17 21:23:14,170 [INFO] ThirdParty:1030 - CMSIS Pack Vendor :STMicroelectronics LIBJPEG 8.0.0
2026-03-17 21:23:14,171 [INFO] ThirdParty:1030 - CMSIS Pack Vendor :STMicroelectronics FP-ATR-ASTRA1 2.0.2
2026-03-17 21:23:14,171 [INFO] ThirdParty:1030 - CMSIS Pack Vendor :STMicroelectronics FP-ATR-ASTRA1 2.0.1
2026-03-17 21:23:14,171 [INFO] ThirdParty:1030 - CMSIS Pack Vendor :Avnet-IotConnect X-CUBE-IoTC-DA16k-PMOD 1.0.0
2026-03-17 21:23:14,172 [INFO] ThirdParty:1030 - CMSIS Pack Vendor :STMicroelectronics X-CUBE-SMBUS 2.1.0
2026-03-17 21:23:14,172 [INFO] ThirdParty:1030 - CMSIS Pack Vendor :STMicroelectronics X-CUBE-WB05N 1.1.0
2026-03-17 21:23:14,173 [INFO] ThirdParty:1030 - CMSIS Pack Vendor :STMicroelectronics X-CUBE-ISPU 2.1.0
2026-03-17 21:23:14,173 [INFO] ThirdParty:1030 - CMSIS Pack Vendor :STMicroelectronics X-CUBE-IPS 3.2.0
2026-03-17 21:23:14,173 [INFO] ThirdParty:1030 - CMSIS Pack Vendor :STMicroelectronics X-CUBE-ST60 1.0.0
2026-03-17 21:23:14,173 [INFO] ThirdParty:1030 - CMSIS Pack Vendor :STMicroelectronics X-CUBE-NFC12 1.0.0
2026-03-17 21:23:14,173 [INFO] ThirdParty:1030 - CMSIS Pack Vendor :STMicroelectronics X-CUBE-AZRTOS-F7 1.1.0
2026-03-17 21:23:14,173 [INFO] ThirdParty:1030 - CMSIS Pack Vendor :STMicroelectronics X-CUBE-AZRTOS-L5 2.0.0
2026-03-17 21:23:14,173 [INFO] ThirdParty:1030 - CMSIS Pack Vendor :STMicroelectronics USB_DEVICE 2.0.0
2026-03-17 21:23:14,173 [INFO] ThirdParty:1030 - CMSIS Pack Vendor :STMicroelectronics X-CUBE-NFC6 3.1.0
2026-03-17 21:23:14,173 [INFO] ThirdParty:1030 - CMSIS Pack Vendor :STMicroelectronics FP-SNS-MOTENV1 5.1.0
2026-03-17 21:23:14,174 [INFO] ThirdParty:1030 - CMSIS Pack Vendor :STMicroelectronics FreeRTOS 0.0.1
2026-03-17 21:23:14,174 [INFO] ThirdParty:1030 - CMSIS Pack Vendor :STMicroelectronics X-CUBE-DPower 1.2.0
2026-03-17 21:23:14,174 [INFO] ThirdParty:1030 - CMSIS Pack Vendor :STMicroelectronics FP-SNS-FLIGHT1 5.0.2
2026-03-17 21:23:14,174 [INFO] ThirdParty:1030 - CMSIS Pack Vendor :Infineon AIROC-Wi-Fi-Bluetooth-STM32 1.7.0
2026-03-17 21:23:14,175 [INFO] ThirdParty:1030 - CMSIS Pack Vendor :STMicroelectronics PDM2PCM 3.3.0
2026-03-17 21:23:14,176 [INFO] ThirdParty:1030 - CMSIS Pack Vendor :STMicroelectronics X-CUBE-AZRTOS-H7 3.4.0
2026-03-17 21:23:14,176 [INFO] ThirdParty:1030 - CMSIS Pack Vendor :STMicroelectronics X-CUBE-DISPLAY 3.0.0
2026-03-17 21:23:14,176 [INFO] ThirdParty:1030 - CMSIS Pack Vendor :STMicroelectronics X-CUBE-BLE1 7.0.0
2026-03-17 21:23:14,176 [INFO] ThirdParty:1030 - CMSIS Pack Vendor :STMicroelectronics X-CUBE-NFC10 1.0.0
2026-03-17 21:23:14,177 [INFO] ThirdParty:1030 - CMSIS Pack Vendor :STMicroelectronics X-CUBE-BLEMGR 4.0.0
2026-03-17 21:23:14,177 [INFO] ThirdParty:1030 - CMSIS Pack Vendor :STMicroelectronics X-CUBE-FREERTOS 1.3.1
2026-03-17 21:23:14,177 [INFO] ThirdParty:1030 - CMSIS Pack Vendor :STMicroelectronics HAL Drivers 0.0.0
2026-03-17 21:23:14,178 [INFO] ThirdParty:1030 - CMSIS Pack Vendor :STMicroelectronics X-CUBE-ST60 1.1.0
2026-03-17 21:23:14,178 [INFO] ThirdParty:1030 - CMSIS Pack Vendor :emotas I-CUBE-CANOPEN 1.3.0
2026-03-17 21:23:14,178 [INFO] ThirdParty:1030 - CMSIS Pack Vendor :STMicroelectronics X-CUBE-FREERTOS 1.3.0
2026-03-17 21:23:14,178 [INFO] ThirdParty:1030 - CMSIS Pack Vendor :STMicroelectronics X-CUBE-NFC7 1.0.1
2026-03-17 21:23:14,178 [INFO] ThirdParty:1030 - CMSIS Pack Vendor :STMicroelectronics MBEDTLS 2.14.1
2026-03-17 21:23:14,178 [INFO] ThirdParty:1030 - CMSIS Pack Vendor :STMicroelectronics X-CUBE-GNSS1 7.1.0
2026-03-17 21:23:14,178 [INFO] ThirdParty:1030 - CMSIS Pack Vendor :STMicroelectronics X-CUBE-TOUCHGFX 4.26.0
2026-03-17 21:23:14,178 [INFO] ThirdParty:1030 - CMSIS Pack Vendor :STMicroelectronics X-CUBE-AI 10.0.0
2026-03-17 21:23:14,178 [INFO] ThirdParty:1030 - CMSIS Pack Vendor :STMicroelectronics FP-SNS-STBOX1 2.1.0
2026-03-17 21:23:14,178 [INFO] ThirdParty:1030 - CMSIS Pack Vendor :STMicroelectronics FP-SNS-STAIOTCFT 1.0.0
2026-03-17 21:23:14,178 [INFO] ThirdParty:1030 - CMSIS Pack Vendor :STMicroelectronics FP-SNS-SMARTAG2 1.2.0
2026-03-17 21:23:14,181 [INFO] ThirdParty:1030 - CMSIS Pack Vendor :STMicroelectronics FP-SNS-FLIGHT1 5.1.0
2026-03-17 21:23:14,181 [INFO] ThirdParty:1030 - CMSIS Pack Vendor :STMicroelectronics X-CUBE-MEMS1 11.1.0
2026-03-17 21:23:14,183 [INFO] ThirdParty:1030 - CMSIS Pack Vendor :STMicroelectronics X-CUBE-AZRTOS-WL 2.0.0
2026-03-17 21:23:14,183 [INFO] ThirdParty:1030 - CMSIS Pack Vendor :STMicroelectronics X-CUBE-DPower 1.3.0
2026-03-17 21:23:14,183 [INFO] ThirdParty:1030 - CMSIS Pack Vendor :STMicroelectronics FP-SNS-MOTENV1 5.0.0
2026-03-17 21:23:14,183 [INFO] ThirdParty:1030 - CMSIS Pack Vendor :STMicroelectronics USB_DEVICE 1.0.0
2026-03-17 21:23:14,183 [INFO] ThirdParty:1030 - CMSIS Pack Vendor :wolfSSL I-CUBE-wolfMQTT 1.19.0
2026-03-17 21:23:14,183 [INFO] ThirdParty:1030 - CMSIS Pack Vendor :STMicroelectronics X-CUBE-AZRTOS-L4 2.0.0
2026-03-17 21:23:14,183 [INFO] ThirdParty:1030 - CMSIS Pack Vendor :STMicroelectronics ThreadX 0.0.2
2026-03-17 21:23:14,183 [INFO] ThirdParty:1030 - CMSIS Pack Vendor :WES I-CUBE-Cesium 1.3.0
2026-03-17 21:23:14,183 [INFO] ThirdParty:1030 - CMSIS Pack Vendor :STMicroelectronics lwIP 2.1.2
2026-03-17 21:23:14,183 [INFO] ThirdParty:1030 - CMSIS Pack Vendor :STMicroelectronics X-CUBE-SFXS2LP1 4.0.0
2026-03-17 21:23:14,184 [INFO] ThirdParty:1030 - CMSIS Pack Vendor :STMicroelectronics X-CUBE-BLE2 3.3.0
2026-03-17 21:23:14,184 [INFO] ThirdParty:1030 - CMSIS Pack Vendor :STMicroelectronics PDM2PCM 3.2.0
2026-03-17 21:23:14,184 [INFO] ThirdParty:1030 - CMSIS Pack Vendor :STMicroelectronics X-CUBE-AZRTOS-H7 3.3.0
2026-03-17 21:23:14,184 [INFO] ThirdParty:1030 - CMSIS Pack Vendor :STMicroelectronics X-CUBE-NFC9 1.0.0
2026-03-17 21:23:14,184 [INFO] ThirdParty:1030 - CMSIS Pack Vendor :STMicroelectronics X-CUBE-BLE1 7.1.0
2026-03-17 21:23:14,184 [INFO] ThirdParty:1030 - CMSIS Pack Vendor :wolfSSL I-CUBE-wolfMQTT 1.19.2
2026-03-17 21:23:14,184 [INFO] ThirdParty:1030 - CMSIS Pack Vendor :STMicroelectronics USB_DEVICE 3.0.0
2026-03-17 21:23:14,184 [INFO] ThirdParty:1030 - CMSIS Pack Vendor :STMicroelectronics X-CUBE-EEPRMA1 5.2.0
2026-03-17 21:23:14,184 [INFO] ThirdParty:1030 - CMSIS Pack Vendor :STMicroelectronics X-CUBE-BLEMGR 4.1.0
2026-03-17 21:23:14,185 [INFO] ThirdParty:1030 - CMSIS Pack Vendor :STMicroelectronics X-CUBE-AZRTOS-WB 2.0.0
2026-03-17 21:23:14,185 [INFO] ThirdParty:1030 - CMSIS Pack Vendor :STMicroelectronics X-CUBE-GNSS1 7.0.1
2026-03-17 21:23:14,185 [INFO] ThirdParty:1030 - CMSIS Pack Vendor :STMicroelectronics X-CUBE-TOUCHGFX 4.25.0
2026-03-17 21:23:14,185 [INFO] ThirdParty:1030 - CMSIS Pack Vendor :STMicroelectronics X-CUBE-ST67W61 1.1.0
2026-03-17 21:23:14,185 [INFO] ThirdParty:1030 - CMSIS Pack Vendor :STMicroelectronics FP-SNS-STBOX1 2.0.0
2026-03-17 21:23:14,185 [INFO] ThirdParty:1030 - CMSIS Pack Vendor :STMicroelectronics X-CUBE-AZRTOS-G0 1.1.0
2026-03-17 21:23:14,185 [INFO] ThirdParty:1030 - CMSIS Pack Vendor :STMicroelectronics X-CUBE-SAFEA1 1.2.2
2026-03-17 21:23:14,185 [INFO] ThirdParty:1030 - CMSIS Pack Vendor :STMicroelectronics X-CUBE-NFC4 3.0.0
2026-03-17 21:23:14,185 [INFO] ThirdParty:1030 - CMSIS Pack Vendor :STMicroelectronics X-CUBE-SUBG2 5.0.0
2026-03-17 21:23:14,185 [INFO] ThirdParty:1030 - CMSIS Pack Vendor :STMicroelectronics X-CUBE-AZRTOS-H7RS 1.1.0
2026-03-17 21:23:14,185 [INFO] ThirdParty:1030 - CMSIS Pack Vendor :STMicroelectronics STM32_WPAN 1.0.0
2026-03-17 21:23:14,185 [INFO] ThirdParty:1030 - CMSIS Pack Vendor :EmbeddedOffice I-CUBE-FS-RTOS 1.0.1
2026-03-17 21:23:14,185 [INFO] ThirdParty:1030 - CMSIS Pack Vendor :STMicroelectronics lwIP 2.0.3
2026-03-17 21:23:14,185 [INFO] ThirdParty:1030 - CMSIS Pack Vendor :Cesanta I-CUBE-Mongoose 7.13.0
2026-03-17 21:23:14,185 [INFO] ThirdParty:1030 - CMSIS Pack Vendor :STMicroelectronics USB_HOST 1.0.0
2026-03-17 21:23:14,185 [INFO] ThirdParty:1030 - CMSIS Pack Vendor :STMicroelectronics X-CUBE-AZRTOS-G4 2.0.0
2026-03-17 21:23:14,185 [INFO] ThirdParty:1030 - CMSIS Pack Vendor :STMicroelectronics X-CUBE-WB05N 2.0.0
2026-03-17 21:23:14,185 [INFO] ThirdParty:1030 - CMSIS Pack Vendor :STMicroelectronics PDM2PCM 3.1.0
2026-03-17 21:23:14,185 [INFO] ThirdParty:1030 - CMSIS Pack Vendor :wolfSSL I-CUBE-wolfTPM 3.8.0
2026-03-17 21:23:14,185 [INFO] ThirdParty:1030 - CMSIS Pack Vendor :wolfSSL I-CUBE-wolfSSH 1.4.20
2026-03-17 21:23:14,185 [INFO] ThirdParty:1030 - CMSIS Pack Vendor :STMicroelectronics X-CUBE-NFC7 2.0.0
2026-03-17 21:23:14,185 [INFO] ThirdParty:1030 - CMSIS Pack Vendor :STMicroelectronics X-CUBE-TCPP 4.2.0
2026-03-17 21:23:14,186 [INFO] ThirdParty:1030 - CMSIS Pack Vendor :RealThread X-CUBE-RT-Thread_Nano 4.1.1
2026-03-17 21:23:14,186 [INFO] ThirdParty:1030 - CMSIS Pack Vendor :STMicroelectronics FP-ATR-SIGFOX1 3.2.0
2026-03-17 21:23:14,186 [INFO] ThirdParty:1030 - CMSIS Pack Vendor :quantropi X-CUBE-qispace-sdk-base 1.9.3
2026-03-17 21:23:14,186 [INFO] ThirdParty:1030 - CMSIS Pack Vendor :STMicroelectronics X-CUBE-EEPRMA1 5.1.0
2026-03-17 21:23:14,186 [INFO] ThirdParty:1030 - CMSIS Pack Vendor :STMicroelectronics MBEDTLS 2.16.2
2026-03-17 21:23:14,186 [INFO] ThirdParty:1030 - CMSIS Pack Vendor :STMicroelectronics X-CUBE-IPS 3.1.0
2026-03-17 21:23:14,186 [INFO] ThirdParty:1030 - CMSIS Pack Vendor :STMicroelectronics X-CUBE-ALS 1.0.2
2026-03-17 21:23:14,186 [INFO] ThirdParty:1030 - CMSIS Pack Vendor :wolfSSL I-CUBE-wolfSSL 5.7.6
2026-03-17 21:23:14,186 [INFO] ThirdParty:1030 - CMSIS Pack Vendor :ITTIA_DB I-CUBE-ITTIADB 8.9.0
2026-03-17 21:23:14,186 [INFO] ThirdParty:1030 - CMSIS Pack Vendor :STMicroelectronics X-CUBE-TOUCHGFX 4.24.2
2026-03-17 21:23:14,186 [INFO] ThirdParty:1030 - CMSIS Pack Vendor :STMicroelectronics X-CUBE-STSE01 1.0.0
2026-03-17 21:23:14,186 [INFO] ThirdParty:1030 - CMSIS Pack Vendor :wolfSSL I-CUBE-wolfTPM 3.4.0
2026-03-17 21:23:14,186 [INFO] ThirdParty:1030 - CMSIS Pack Vendor :portGmbH I-Cube-SoM-uGOAL 1.1.0
2026-03-17 21:23:14,186 [INFO] ThirdParty:1030 - CMSIS Pack Vendor :STMicroelectronics X-CUBE-ST67W61 1.0.0
2026-03-17 21:23:14,186 [INFO] ThirdParty:1030 - CMSIS Pack Vendor :STMicroelectronics X-CUBE-AI 10.2.0
2026-03-17 21:23:14,186 [INFO] ThirdParty:1030 - CMSIS Pack Vendor :STMicroelectronics ThreadX 1.0.0
2026-03-17 21:23:14,186 [INFO] ThirdParty:1030 - CMSIS Pack Vendor :SEGGER I-CUBE-embOS 1.3.1
2026-03-17 21:23:14,186 [INFO] ThirdParty:1030 - CMSIS Pack Vendor :STMicroelectronics X-CUBE-ALGOBUILD 1.4.0
2026-03-17 21:23:14,186 [INFO] ThirdParty:1030 - CMSIS Pack Vendor :STMicroelectronics X-CUBE-MEMS1 11.3.0
2026-03-17 21:23:14,186 [INFO] ThirdParty:1030 - CMSIS Pack Vendor :STMicroelectronics X-CUBE-AZRTOS-H7RS 1.0.0
2026-03-17 21:23:14,187 [INFO] ThirdParty:1030 - CMSIS Pack Vendor :STMicroelectronics X-CUBE-TOF1 3.4.2
2026-03-17 21:23:14,187 [INFO] ThirdParty:1030 - CMSIS Pack Vendor :STMicroelectronics X-CUBE-TOF1 3.4.3
2026-03-17 21:23:14,187 [INFO] ThirdParty:1030 - CMSIS Pack Vendor :wolfSSL I-CUBE-wolfSSH 1.4.17
2026-03-17 21:23:14,187 [INFO] ThirdParty:841 - exiting critical section [change project]
2026-03-17 21:23:14,481 [INFO] PinOutPanel:1589 - setPackage(No Configuration,No Configuration)
2026-03-17 21:23:14,482 [INFO] PinOutPanel:1589 - setPackage(STM32F107RCTx,LQFP64)
2026-03-17 21:23:15,204 [INFO] UtilMem:75 - Before build in PCC Used Memory: 834471008 Bytes (1052770304)
2026-03-17 21:23:15,735 [INFO] UtilMem:75 - After build in PCC Used Memory: 879033440 Bytes (1052770304)
2026-03-17 21:23:15,751 [INFO] ApiDbMcu:532 - Load IP Config File for LWIP
2026-03-17 21:23:15,779 [INFO] IPUIPlugin:80 - create IPUIPlugin
2026-03-17 21:23:15,780 [INFO] IPUIPlugin:80 - create IPUIPlugin
2026-03-17 21:23:15,780 [INFO] IPUIPlugin:80 - create IPUIPlugin
2026-03-17 21:23:15,780 [INFO] IPUIPlugin:80 - create IPUIPlugin
2026-03-17 21:23:15,780 [INFO] IPUIPlugin:80 - create IPUIPlugin
2026-03-17 21:23:15,780 [INFO] IPUIPlugin:80 - create IPUIPlugin
2026-03-17 21:23:15,780 [INFO] IPUIPlugin:80 - create IPUIPlugin
2026-03-17 21:23:15,781 [INFO] IPUIPlugin:80 - create IPUIPlugin
2026-03-17 21:23:15,781 [INFO] IPUIPlugin:80 - create IPUIPlugin
2026-03-17 21:23:15,781 [INFO] IPUIPlugin:80 - create IPUIPlugin
2026-03-17 21:23:15,781 [INFO] IPUIPlugin:80 - create IPUIPlugin
2026-03-17 21:23:15,781 [INFO] IPUIPlugin:80 - create IPUIPlugin
2026-03-17 21:23:15,783 [INFO] IPUIPlugin:80 - create IPUIPlugin
2026-03-17 21:23:15,785 [INFO] IPUIPlugin:80 - create IPUIPlugin
2026-03-17 21:23:15,786 [INFO] IPUIPlugin:80 - create IPUIPlugin
2026-03-17 21:23:15,788 [INFO] IPUIPlugin:80 - create IPUIPlugin
2026-03-17 21:23:15,789 [INFO] IPUIPlugin:80 - create IPUIPlugin
2026-03-17 21:23:15,790 [INFO] IPUIPlugin:80 - create IPUIPlugin
2026-03-17 21:23:15,792 [INFO] IPUIPlugin:80 - create IPUIPlugin
2026-03-17 21:23:15,793 [INFO] IPUIPlugin:80 - create IPUIPlugin
2026-03-17 21:23:15,793 [INFO] IPUIPlugin:80 - create IPUIPlugin
2026-03-17 21:23:15,793 [INFO] IPUIPlugin:80 - create IPUIPlugin
2026-03-17 21:23:15,793 [INFO] IPUIPlugin:80 - create IPUIPlugin
2026-03-17 21:23:15,794 [INFO] IPUIPlugin:80 - create IPUIPlugin
2026-03-17 21:23:15,794 [INFO] IPUIPlugin:80 - create IPUIPlugin
2026-03-17 21:23:15,795 [INFO] IPUIPlugin:80 - create IPUIPlugin
2026-03-17 21:23:15,796 [INFO] IPUIPlugin:80 - create IPUIPlugin
2026-03-17 21:23:15,796 [INFO] IPUIPlugin:80 - create IPUIPlugin
2026-03-17 21:23:15,796 [INFO] IPUIPlugin:80 - create IPUIPlugin
2026-03-17 21:23:15,797 [INFO] IPUIPlugin:80 - create IPUIPlugin
2026-03-17 21:23:15,797 [INFO] IPUIPlugin:80 - create IPUIPlugin
2026-03-17 21:23:15,797 [INFO] IPUIPlugin:80 - create IPUIPlugin
2026-03-17 21:23:15,797 [INFO] IPUIPlugin:80 - create IPUIPlugin
2026-03-17 21:23:15,799 [INFO] IPUIPlugin:80 - create IPUIPlugin
2026-03-17 21:23:15,799 [INFO] IPUIPlugin:80 - create IPUIPlugin
2026-03-17 21:23:15,800 [INFO] IPUIPlugin:80 - create IPUIPlugin
2026-03-17 21:23:15,800 [INFO] IPUIPlugin:80 - create IPUIPlugin
2026-03-17 21:23:15,801 [INFO] IPUIPlugin:80 - create IPUIPlugin
2026-03-17 21:23:15,801 [INFO] IPUIPlugin:80 - create IPUIPlugin
2026-03-17 21:23:15,908 [INFO] CADModel:165 - CPN selected for project levelSTM32F107RCT6
2026-03-17 21:23:15,908 [INFO] CADModel:114 - Register for checkConnection events
2026-03-17 21:23:15,991 [INFO] OpenFileManager:386 - Restore cursor
2026-03-17 21:23:16,060 [WARN] IP:2250 - CMSIS_VERSION not found: check if there is a RefParameter without a condition.
2026-03-17 21:23:16,064 [WARN] IP:2250 - LWIP_NETIF_HOSTNAME_NAME not found: check if there is a RefParameter without a condition.
2026-03-17 21:23:16,156 [WARN] IP:2250 - CMSIS_VERSION not found: check if there is a RefParameter without a condition.
2026-03-17 21:23:16,160 [WARN] IP:2250 - LWIP_NETIF_HOSTNAME_NAME not found: check if there is a RefParameter without a condition.
2026-03-17 21:23:27,300 [WARN] CheckConnectionManager:291 - Warning during Server Connection :  timeout Connect to sw-center.st.com:443 [sw-center.st.com/185.200.232.50, sw-center.st.com/185.200.232.40] failed: Connect timed out
2026-03-17 21:23:29,307 [WARN] CheckConnectionManager:291 - Warning during Server Connection :  timeout Connect to sw-center.st.com:443 [sw-center.st.com/185.200.232.50, sw-center.st.com/185.200.232.40] failed: Connect timed out
2026-03-17 21:23:29,308 [INFO] MainUpdater:2872 - connection check result : 22
2026-03-17 21:23:29,395 [INFO] MicroXplorer:468 - Change Database Path : 
2026-03-17 21:23:29,395 [INFO] MicroXplorer:498 - Change Database Version : DB.6.0.150
2026-03-17 21:23:29,429 [ERROR] ProjectManagerView:395 - 
java.lang.NullPointerException: Cannot invoke "javax.swing.JTextField.getText()" because the return value of "java.util.List.get(int)" is null
	at com.st.microxplorer.plugins.projectmanager.gui.ProjectChoiceTab$9.caretUpdate(ProjectChoiceTab.java:2706) ~[filemanager.jar:?]
	at javax.swing.text.JTextComponent.fireCaretUpdate(JTextComponent.java:408) ~[?:?]
	at javax.swing.text.JTextComponent$MutableCaretEvent.fire(JTextComponent.java:4484) ~[?:?]
	at javax.swing.text.JTextComponent$MutableCaretEvent.stateChanged(JTextComponent.java:4506) ~[?:?]
	at javax.swing.text.DefaultCaret.fireStateChanged(DefaultCaret.java:857) ~[?:?]
	at javax.swing.text.DefaultCaret.changeCaretPosition(DefaultCaret.java:1343) ~[?:?]
	at javax.swing.text.DefaultCaret.handleSetDot(DefaultCaret.java:1242) ~[?:?]
	at javax.swing.text.DefaultCaret.setDot(DefaultCaret.java:1223) ~[?:?]
	at javax.swing.text.DefaultCaret$Handler.insertUpdate(DefaultCaret.java:1819) ~[?:?]
	at javax.swing.text.AbstractDocument.fireInsertUpdate(AbstractDocument.java:227) ~[?:?]
	at javax.swing.text.AbstractDocument.handleInsertString(AbstractDocument.java:781) ~[?:?]
	at javax.swing.text.AbstractDocument.insertString(AbstractDocument.java:740) ~[?:?]
	at javax.swing.text.PlainDocument.insertString(PlainDocument.java:131) ~[?:?]
	at javax.swing.text.AbstractDocument.replace(AbstractDocument.java:699) ~[?:?]
	at javax.swing.text.JTextComponent.setText(JTextComponent.java:1725) ~[?:?]
	at com.st.microxplorer.plugins.projectmanager.gui.ProjectChoiceTab.createHeapStackFields(ProjectChoiceTab.java:993) ~[filemanager.jar:?]
	at com.st.microxplorer.plugins.projectmanager.gui.ProjectChoiceTab.buildLinkSettingsPanel(ProjectChoiceTab.java:3813) ~[filemanager.jar:?]
	at com.st.microxplorer.plugins.projectmanager.gui.ProjectChoiceTab.defineWindowsFields(ProjectChoiceTab.java:1987) ~[filemanager.jar:?]
	at com.st.microxplorer.plugins.projectmanager.gui.ProjectChoiceTab.updateSettings(ProjectChoiceTab.java:558) ~[filemanager.jar:?]
	at com.st.microxplorer.plugins.projectmanager.gui.ProjectSettingsPanel.UpdateDialog(ProjectSettingsPanel.java:247) ~[filemanager.jar:?]
	at com.st.microxplorer.plugins.projectmanager.ProjectManagerView.propertyChange(ProjectManagerView.java:392) ~[filemanager.jar:?]
	at java.beans.PropertyChangeSupport.fire(PropertyChangeSupport.java:343) ~[?:?]
	at java.beans.PropertyChangeSupport.firePropertyChange(PropertyChangeSupport.java:335) ~[?:?]
	at java.beans.PropertyChangeSupport.firePropertyChange(PropertyChangeSupport.java:268) ~[?:?]
	at com.st.microxplorer.util.MXPropertyChangeSupport.firePropertyChange(MXPropertyChangeSupport.java:54) ~[STM32CubeMX.jar:?]
	at com.st.microxplorer.mxsystem.MxSystem.closeConfig(MxSystem.java:899) ~[STM32CubeMX.jar:?]
	at com.st.microxplorer.maingui.MainPanel.closeConfig(MainPanel.java:792) ~[STM32CubeMX.jar:?]
	at com.st.microxplorer.plugins.filemanager.engine.OpenFileManager.loadConfigurationFile(OpenFileManager.java:288) ~[filemanager.jar:?]
	at com.st.microxplorer.plugins.filemanager.engine.MainFileManager.userLoadConfig(MainFileManager.java:364) ~[filemanager.jar:?]
	at com.st.microxplorer.plugins.filemanager.engine.MainFileManager.userLoadConfig(MainFileManager.java:342) ~[filemanager.jar:?]
	at com.st.microxplorer.plugins.filemanager.FileManagerView.getSpecificTask(FileManagerView.java:264) ~[filemanager.jar:?]
	at com.st.stm32cube.common.mx.editor.CubeMxEditor.getMxTabbedPaneInstance(CubeMxEditor.java:1198) ~[com.st.stm32cube.common.mx_6.15.0.202507011659/:?]
	at com.st.stm32cube.common.mx.editor.CubeMxEditor$12$1.createSwingComponent(CubeMxEditor.java:1068) ~[com.st.stm32cube.common.mx_6.15.0.202507011659/:?]
	at com.st.stm32cube.common.mx.oss.core.awtswtbridge.EmbeddedSwingComposite.doComponentCreation(EmbeddedSwingComposite.java:492) ~[com.st.stm32cube.common.mx.oss_6.15.0.202507011659/:?]
	at com.st.stm32cube.common.mx.oss.core.awtswtbridge.EmbeddedSwingComposite$4.run(EmbeddedSwingComposite.java:291) ~[com.st.stm32cube.common.mx.oss_6.15.0.202507011659/:?]
	at com.st.stm32cube.common.mx.oss.core.awtswtbridge.AwtEnvironment$2.run(AwtEnvironment.java:166) ~[com.st.stm32cube.common.mx.oss_6.15.0.202507011659/:?]
	at java.awt.event.InvocationEvent.dispatch(InvocationEvent.java:318) ~[?:?]
	at java.awt.EventQueue.dispatchEventImpl(EventQueue.java:773) ~[?:?]
	at java.awt.EventQueue$4.run(EventQueue.java:720) ~[?:?]
	at java.awt.EventQueue$4.run(EventQueue.java:714) ~[?:?]
	at java.security.AccessController.doPrivileged(AccessController.java:400) ~[?:?]
	at java.security.ProtectionDomain$JavaSecurityAccessImpl.doIntersectionPrivilege(ProtectionDomain.java:87) ~[?:?]
	at java.awt.EventQueue.dispatchEvent(EventQueue.java:742) ~[?:?]
	at java.awt.EventDispatchThread.pumpOneEventForFilters(EventDispatchThread.java:203) ~[?:?]
	at java.awt.EventDispatchThread.pumpEventsForFilter(EventDispatchThread.java:124) ~[?:?]
	at java.awt.EventDispatchThread.pumpEventsForHierarchy(EventDispatchThread.java:113) ~[?:?]
	at java.awt.EventDispatchThread.pumpEvents(EventDispatchThread.java:109) ~[?:?]
	at java.awt.EventDispatchThread.pumpEvents(EventDispatchThread.java:101) ~[?:?]
	at java.awt.EventDispatchThread.run(EventDispatchThread.java:90) ~[?:?]
2026-03-17 21:23:29,431 [WARN] ThirdParty:871 - waiting for thirdparty lock release [close project]
2026-03-17 21:23:29,431 [INFO] ThirdParty:873 - entering critical section [close project]
2026-03-17 21:23:29,431 [INFO] ThirdParty:883 - exiting critical section [close project]
2026-03-17 21:23:29,432 [INFO] PinOutPanel:1589 - setPackage(No Configuration,No Configuration)
2026-03-17 21:23:29,436 [INFO] UtilMem:75 - Begin LoadConfig() Used Memory: 636538480 Bytes (1052770304)
2026-03-17 21:23:29,437 [INFO] MicroXplorer:468 - Change Database Path : 
2026-03-17 21:23:29,437 [INFO] MicroXplorer:498 - Change Database Version : DB.6.0.150
2026-03-17 21:23:29,437 [INFO] OpenFileManager:355 - Change cursor
2026-03-17 21:23:29,450 [INFO] Mcu:2029 - Initializing MCU STM32F107R(B-C)Tx STM32F107RCTx STM32F107RCT6
2026-03-17 21:23:30,626 [INFO] Context:786 - Trying to add GPIOservice into a context  which must be forbidden
2026-03-17 21:23:31,080 [INFO] ImportTextPane:234 - (OptionalMessage_ERROR) Pin6 (VP_RIF_VS_RIF1) cannot be retrieved for this MCU
2026-03-17 21:23:31,114 [INFO] RtosManager:558 - Registered RTOS mode: class=CMSIS, group=RTOS, mode=CMSIS_V1, owner=FREERTOS
2026-03-17 21:23:31,114 [INFO] RtosManager:558 - Registered RTOS mode: class=CMSIS, group=RTOS2, mode=CMSIS_V2, owner=FREERTOS
2026-03-17 21:23:31,114 [INFO] RtosManager:558 - Registered RTOS mode: class=RTOS, group=Core, mode=CMSIS_V1, owner=FREERTOS
2026-03-17 21:23:31,114 [INFO] RtosManager:558 - Registered RTOS mode: class=RTOS, group=Core, mode=CMSIS_V2, owner=FREERTOS
2026-03-17 21:23:31,114 [WARN] ModelIntegratedComponent:184 - Missing modes for component STMicroelectronics:FreeRTOS:0.0.1:STMicroelectronics:RTOS:FreeRTOS:Core:::10.2.0:
2026-03-17 21:23:31,122 [WARN] ModelIntegratedComponent:63 - No mode defined for component null
2026-03-17 21:23:31,122 [WARN] ModelIntegratedComponent:63 - No mode defined for component null
2026-03-17 21:23:31,122 [WARN] ModelIntegratedComponent:63 - No mode defined for component null
2026-03-17 21:23:31,122 [WARN] ModelIntegratedComponent:63 - No mode defined for component null
2026-03-17 21:23:31,122 [WARN] ModelIntegratedComponent:63 - No mode defined for component null
2026-03-17 21:23:31,123 [WARN] ModelIntegratedComponent:63 - No mode defined for component null
2026-03-17 21:23:31,123 [WARN] ModelIntegratedComponent:63 - No mode defined for component null
2026-03-17 21:23:31,123 [WARN] ModelIntegratedComponent:63 - No mode defined for component null
2026-03-17 21:23:31,123 [WARN] ModelIntegratedComponent:63 - No mode defined for component null
2026-03-17 21:23:31,124 [WARN] ModelIntegratedComponent:63 - No mode defined for component null
2026-03-17 21:23:31,125 [WARN] ModelIntegratedComponent:63 - No mode defined for component null
2026-03-17 21:23:31,125 [WARN] ModelIntegratedComponent:63 - No mode defined for component null
2026-03-17 21:23:31,125 [WARN] ModelIntegratedComponent:63 - No mode defined for component null
2026-03-17 21:23:31,125 [WARN] ModelIntegratedComponent:63 - No mode defined for component null
2026-03-17 21:23:31,125 [WARN] ModelIntegratedComponent:63 - No mode defined for component null
2026-03-17 21:23:31,125 [WARN] ModelIntegratedComponent:63 - No mode defined for component null
2026-03-17 21:23:31,125 [WARN] ModelIntegratedComponent:63 - No mode defined for component null
2026-03-17 21:23:31,125 [WARN] ModelIntegratedComponent:63 - No mode defined for component null
2026-03-17 21:23:31,125 [WARN] ModelIntegratedComponent:63 - No mode defined for component null
2026-03-17 21:23:31,125 [WARN] ModelIntegratedComponent:63 - No mode defined for component null
2026-03-17 21:23:31,125 [WARN] ModelIntegratedComponent:63 - No mode defined for component null
2026-03-17 21:23:31,125 [WARN] ModelIntegratedComponent:63 - No mode defined for component null
2026-03-17 21:23:31,126 [WARN] ModelIntegratedComponent:63 - No mode defined for component null
2026-03-17 21:23:31,126 [WARN] ModelIntegratedComponent:63 - No mode defined for component null
2026-03-17 21:23:31,126 [WARN] ModelIntegratedComponent:63 - No mode defined for component null
2026-03-17 21:23:31,126 [WARN] ModelIntegratedComponent:63 - No mode defined for component null
2026-03-17 21:23:31,126 [WARN] ModelIntegratedComponent:63 - No mode defined for component null
2026-03-17 21:23:31,126 [WARN] ModelIntegratedComponent:63 - No mode defined for component null
2026-03-17 21:23:31,126 [WARN] ModelIntegratedComponent:63 - No mode defined for component null
2026-03-17 21:23:31,126 [WARN] ModelIntegratedComponent:63 - No mode defined for component null
2026-03-17 21:23:31,126 [WARN] ModelIntegratedComponent:63 - No mode defined for component null
2026-03-17 21:23:31,126 [WARN] ModelIntegratedComponent:63 - No mode defined for component null
2026-03-17 21:23:31,126 [WARN] ModelIntegratedComponent:63 - No mode defined for component null
2026-03-17 21:23:31,126 [WARN] ModelIntegratedComponent:63 - No mode defined for component null
2026-03-17 21:23:31,126 [WARN] ModelIntegratedComponent:63 - No mode defined for component null
2026-03-17 21:23:31,126 [WARN] ModelPack:524 - Component already loaded: STMicroelectronics:HAL Drivers:0.0.0:STMicroelectronics:Device:STMicro_Driver:XSPI:HAL::0.0.1:HAL_XSPI
2026-03-17 21:23:31,476 [INFO] ThirdPartyModel:298 - Start build external matchings
2026-03-17 21:23:33,662 [INFO] ThirdPartyModel:316 - End build external matchings
2026-03-17 21:23:33,681 [INFO] ImportTextPane:234 - (OptionalMessage_ERROR) IP (RCC) : Parameter (ADCFreqValue) has invalid value (36000000)
2026-03-17 21:23:33,681 [INFO] ImportTextPane:234 - (OptionalMessage_ERROR) IP (RCC) : Invalid parameter (FamilyName)
2026-03-17 21:23:33,681 [INFO] ImportTextPane:234 - (OptionalMessage_ERROR) IP (RCC) : Parameter (MCOFreq_Value) has invalid value (72000000)
2026-03-17 21:23:33,995 [INFO] UtilMem:75 - End LoadConfig() Used Memory: 555044672 Bytes (1073741824)
2026-03-17 21:23:34,119 [WARN] ThirdParty:833 - waiting for thirdparty lock release [change project]
2026-03-17 21:23:34,119 [INFO] ThirdParty:835 - entering critical section [change project]
2026-03-17 21:23:34,120 [INFO] ThirdParty:1030 - CMSIS Pack Vendor :STMicroelectronics X-CUBE-PM33A1 1.0.0
2026-03-17 21:23:34,120 [INFO] ThirdParty:1030 - CMSIS Pack Vendor :STMicroelectronics USBPD 4.1
2026-03-17 21:23:34,120 [INFO] ThirdParty:1030 - CMSIS Pack Vendor :STMicroelectronics USB_HOST 2.0.0
2026-03-17 21:23:34,120 [INFO] ThirdParty:1030 - CMSIS Pack Vendor :STMicroelectronics FP-SNS-MOTENVWB1 1.4.0
2026-03-17 21:23:34,120 [INFO] ThirdParty:1030 - CMSIS Pack Vendor :STMicroelectronics X-CUBE-AZRTOS-F4 1.1.0
2026-03-17 21:23:34,120 [INFO] ThirdParty:1030 - CMSIS Pack Vendor :STMicroelectronics LIBJPEG 8.0.0
2026-03-17 21:23:34,120 [INFO] ThirdParty:1030 - CMSIS Pack Vendor :STMicroelectronics FP-ATR-ASTRA1 2.0.2
2026-03-17 21:23:34,120 [INFO] ThirdParty:1030 - CMSIS Pack Vendor :STMicroelectronics FP-ATR-ASTRA1 2.0.1
2026-03-17 21:23:34,120 [INFO] ThirdParty:1030 - CMSIS Pack Vendor :Avnet-IotConnect X-CUBE-IoTC-DA16k-PMOD 1.0.0
2026-03-17 21:23:34,120 [INFO] ThirdParty:1030 - CMSIS Pack Vendor :STMicroelectronics X-CUBE-SMBUS 2.1.0
2026-03-17 21:23:34,120 [INFO] ThirdParty:1030 - CMSIS Pack Vendor :STMicroelectronics X-CUBE-WB05N 1.1.0
2026-03-17 21:23:34,120 [INFO] ThirdParty:1030 - CMSIS Pack Vendor :STMicroelectronics X-CUBE-ISPU 2.1.0
2026-03-17 21:23:34,120 [INFO] ThirdParty:1030 - CMSIS Pack Vendor :STMicroelectronics X-CUBE-IPS 3.2.0
2026-03-17 21:23:34,120 [INFO] ThirdParty:1030 - CMSIS Pack Vendor :STMicroelectronics X-CUBE-ST60 1.0.0
2026-03-17 21:23:34,120 [INFO] ThirdParty:1030 - CMSIS Pack Vendor :STMicroelectronics X-CUBE-NFC12 1.0.0
2026-03-17 21:23:34,120 [INFO] ThirdParty:1030 - CMSIS Pack Vendor :STMicroelectronics X-CUBE-AZRTOS-F7 1.1.0
2026-03-17 21:23:34,121 [INFO] ThirdParty:1030 - CMSIS Pack Vendor :STMicroelectronics X-CUBE-AZRTOS-L5 2.0.0
2026-03-17 21:23:34,121 [INFO] ThirdParty:1030 - CMSIS Pack Vendor :STMicroelectronics USB_DEVICE 2.0.0
2026-03-17 21:23:34,121 [INFO] ThirdParty:1030 - CMSIS Pack Vendor :STMicroelectronics X-CUBE-NFC6 3.1.0
2026-03-17 21:23:34,121 [INFO] ThirdParty:1030 - CMSIS Pack Vendor :STMicroelectronics FP-SNS-MOTENV1 5.1.0
2026-03-17 21:23:34,121 [INFO] ThirdParty:1030 - CMSIS Pack Vendor :STMicroelectronics FreeRTOS 0.0.1
2026-03-17 21:23:34,121 [INFO] ThirdParty:1030 - CMSIS Pack Vendor :STMicroelectronics X-CUBE-DPower 1.2.0
2026-03-17 21:23:34,121 [INFO] ThirdParty:1030 - CMSIS Pack Vendor :STMicroelectronics FP-SNS-FLIGHT1 5.0.2
2026-03-17 21:23:34,121 [INFO] ThirdParty:1030 - CMSIS Pack Vendor :Infineon AIROC-Wi-Fi-Bluetooth-STM32 1.7.0
2026-03-17 21:23:34,121 [INFO] ThirdParty:1030 - CMSIS Pack Vendor :STMicroelectronics PDM2PCM 3.3.0
2026-03-17 21:23:34,121 [INFO] ThirdParty:1030 - CMSIS Pack Vendor :STMicroelectronics X-CUBE-AZRTOS-H7 3.4.0
2026-03-17 21:23:34,121 [INFO] ThirdParty:1030 - CMSIS Pack Vendor :STMicroelectronics X-CUBE-DISPLAY 3.0.0
2026-03-17 21:23:34,121 [INFO] ThirdParty:1030 - CMSIS Pack Vendor :STMicroelectronics X-CUBE-BLE1 7.0.0
2026-03-17 21:23:34,121 [INFO] ThirdParty:1030 - CMSIS Pack Vendor :STMicroelectronics X-CUBE-NFC10 1.0.0
2026-03-17 21:23:34,122 [INFO] ThirdParty:1030 - CMSIS Pack Vendor :STMicroelectronics X-CUBE-BLEMGR 4.0.0
2026-03-17 21:23:34,122 [INFO] ThirdParty:1030 - CMSIS Pack Vendor :STMicroelectronics X-CUBE-FREERTOS 1.3.1
2026-03-17 21:23:34,122 [INFO] ThirdParty:1030 - CMSIS Pack Vendor :STMicroelectronics HAL Drivers 0.0.0
2026-03-17 21:23:34,122 [INFO] ThirdParty:1030 - CMSIS Pack Vendor :STMicroelectronics X-CUBE-ST60 1.1.0
2026-03-17 21:23:34,122 [INFO] ThirdParty:1030 - CMSIS Pack Vendor :emotas I-CUBE-CANOPEN 1.3.0
2026-03-17 21:23:34,122 [INFO] ThirdParty:1030 - CMSIS Pack Vendor :STMicroelectronics X-CUBE-FREERTOS 1.3.0
2026-03-17 21:23:34,122 [INFO] ThirdParty:1030 - CMSIS Pack Vendor :STMicroelectronics X-CUBE-NFC7 1.0.1
2026-03-17 21:23:34,122 [INFO] ThirdParty:1030 - CMSIS Pack Vendor :STMicroelectronics MBEDTLS 2.14.1
2026-03-17 21:23:34,123 [INFO] ThirdParty:1030 - CMSIS Pack Vendor :STMicroelectronics X-CUBE-GNSS1 7.1.0
2026-03-17 21:23:34,123 [INFO] ThirdParty:1030 - CMSIS Pack Vendor :STMicroelectronics X-CUBE-TOUCHGFX 4.26.0
2026-03-17 21:23:34,123 [INFO] ThirdParty:1030 - CMSIS Pack Vendor :STMicroelectronics X-CUBE-AI 10.0.0
2026-03-17 21:23:34,123 [INFO] ThirdParty:1030 - CMSIS Pack Vendor :STMicroelectronics FP-SNS-STBOX1 2.1.0
2026-03-17 21:23:34,123 [INFO] ThirdParty:1030 - CMSIS Pack Vendor :STMicroelectronics FP-SNS-STAIOTCFT 1.0.0
2026-03-17 21:23:34,124 [INFO] ThirdParty:1030 - CMSIS Pack Vendor :STMicroelectronics FP-SNS-SMARTAG2 1.2.0
2026-03-17 21:23:34,124 [INFO] ThirdParty:1030 - CMSIS Pack Vendor :STMicroelectronics FP-SNS-FLIGHT1 5.1.0
2026-03-17 21:23:34,124 [INFO] ThirdParty:1030 - CMSIS Pack Vendor :STMicroelectronics X-CUBE-MEMS1 11.1.0
2026-03-17 21:23:34,124 [INFO] ThirdParty:1030 - CMSIS Pack Vendor :STMicroelectronics X-CUBE-AZRTOS-WL 2.0.0
2026-03-17 21:23:34,124 [INFO] ThirdParty:1030 - CMSIS Pack Vendor :STMicroelectronics X-CUBE-DPower 1.3.0
2026-03-17 21:23:34,124 [INFO] ThirdParty:1030 - CMSIS Pack Vendor :STMicroelectronics FP-SNS-MOTENV1 5.0.0
2026-03-17 21:23:34,125 [INFO] ThirdParty:1030 - CMSIS Pack Vendor :STMicroelectronics USB_DEVICE 1.0.0
2026-03-17 21:23:34,125 [INFO] ThirdParty:1030 - CMSIS Pack Vendor :wolfSSL I-CUBE-wolfMQTT 1.19.0
2026-03-17 21:23:34,125 [INFO] ThirdParty:1030 - CMSIS Pack Vendor :STMicroelectronics X-CUBE-AZRTOS-L4 2.0.0
2026-03-17 21:23:34,125 [INFO] ThirdParty:1030 - CMSIS Pack Vendor :STMicroelectronics ThreadX 0.0.2
2026-03-17 21:23:34,125 [INFO] ThirdParty:1030 - CMSIS Pack Vendor :WES I-CUBE-Cesium 1.3.0
2026-03-17 21:23:34,125 [INFO] ThirdParty:1030 - CMSIS Pack Vendor :STMicroelectronics lwIP 2.1.2
2026-03-17 21:23:34,126 [INFO] ThirdParty:1030 - CMSIS Pack Vendor :STMicroelectronics X-CUBE-SFXS2LP1 4.0.0
2026-03-17 21:23:34,126 [INFO] ThirdParty:1030 - CMSIS Pack Vendor :STMicroelectronics X-CUBE-BLE2 3.3.0
2026-03-17 21:23:34,126 [INFO] ThirdParty:1030 - CMSIS Pack Vendor :STMicroelectronics PDM2PCM 3.2.0
2026-03-17 21:23:34,126 [INFO] ThirdParty:1030 - CMSIS Pack Vendor :STMicroelectronics X-CUBE-AZRTOS-H7 3.3.0
2026-03-17 21:23:34,126 [INFO] ThirdParty:1030 - CMSIS Pack Vendor :STMicroelectronics X-CUBE-NFC9 1.0.0
2026-03-17 21:23:34,126 [INFO] ThirdParty:1030 - CMSIS Pack Vendor :STMicroelectronics X-CUBE-BLE1 7.1.0
2026-03-17 21:23:34,126 [INFO] ThirdParty:1030 - CMSIS Pack Vendor :wolfSSL I-CUBE-wolfMQTT 1.19.2
2026-03-17 21:23:34,126 [INFO] ThirdParty:1030 - CMSIS Pack Vendor :STMicroelectronics USB_DEVICE 3.0.0
2026-03-17 21:23:34,126 [INFO] ThirdParty:1030 - CMSIS Pack Vendor :STMicroelectronics X-CUBE-EEPRMA1 5.2.0
2026-03-17 21:23:34,126 [INFO] ThirdParty:1030 - CMSIS Pack Vendor :STMicroelectronics X-CUBE-BLEMGR 4.1.0
2026-03-17 21:23:34,126 [INFO] ThirdParty:1030 - CMSIS Pack Vendor :STMicroelectronics X-CUBE-AZRTOS-WB 2.0.0
2026-03-17 21:23:34,126 [INFO] ThirdParty:1030 - CMSIS Pack Vendor :STMicroelectronics X-CUBE-GNSS1 7.0.1
2026-03-17 21:23:34,127 [INFO] ThirdParty:1030 - CMSIS Pack Vendor :STMicroelectronics X-CUBE-TOUCHGFX 4.25.0
2026-03-17 21:23:34,127 [INFO] ThirdParty:1030 - CMSIS Pack Vendor :STMicroelectronics X-CUBE-ST67W61 1.1.0
2026-03-17 21:23:34,127 [INFO] ThirdParty:1030 - CMSIS Pack Vendor :STMicroelectronics FP-SNS-STBOX1 2.0.0
2026-03-17 21:23:34,127 [INFO] ThirdParty:1030 - CMSIS Pack Vendor :STMicroelectronics X-CUBE-AZRTOS-G0 1.1.0
2026-03-17 21:23:34,127 [INFO] ThirdParty:1030 - CMSIS Pack Vendor :STMicroelectronics X-CUBE-SAFEA1 1.2.2
2026-03-17 21:23:34,127 [INFO] ThirdParty:1030 - CMSIS Pack Vendor :STMicroelectronics X-CUBE-NFC4 3.0.0
2026-03-17 21:23:34,127 [INFO] ThirdParty:1030 - CMSIS Pack Vendor :STMicroelectronics X-CUBE-SUBG2 5.0.0
2026-03-17 21:23:34,127 [INFO] ThirdParty:1030 - CMSIS Pack Vendor :STMicroelectronics X-CUBE-AZRTOS-H7RS 1.1.0
2026-03-17 21:23:34,127 [INFO] ThirdParty:1030 - CMSIS Pack Vendor :STMicroelectronics STM32_WPAN 1.0.0
2026-03-17 21:23:34,127 [INFO] ThirdParty:1030 - CMSIS Pack Vendor :EmbeddedOffice I-CUBE-FS-RTOS 1.0.1
2026-03-17 21:23:34,128 [INFO] ThirdParty:1030 - CMSIS Pack Vendor :STMicroelectronics lwIP 2.0.3
2026-03-17 21:23:34,128 [INFO] ThirdParty:1030 - CMSIS Pack Vendor :Cesanta I-CUBE-Mongoose 7.13.0
2026-03-17 21:23:34,128 [INFO] ThirdParty:1030 - CMSIS Pack Vendor :STMicroelectronics USB_HOST 1.0.0
2026-03-17 21:23:34,128 [INFO] ThirdParty:1030 - CMSIS Pack Vendor :STMicroelectronics X-CUBE-AZRTOS-G4 2.0.0
2026-03-17 21:23:34,128 [INFO] ThirdParty:1030 - CMSIS Pack Vendor :STMicroelectronics X-CUBE-WB05N 2.0.0
2026-03-17 21:23:34,128 [INFO] ThirdParty:1030 - CMSIS Pack Vendor :STMicroelectronics PDM2PCM 3.1.0
2026-03-17 21:23:34,128 [INFO] ThirdParty:1030 - CMSIS Pack Vendor :wolfSSL I-CUBE-wolfTPM 3.8.0
2026-03-17 21:23:34,128 [INFO] ThirdParty:1030 - CMSIS Pack Vendor :wolfSSL I-CUBE-wolfSSH 1.4.20
2026-03-17 21:23:34,128 [INFO] ThirdParty:1030 - CMSIS Pack Vendor :STMicroelectronics X-CUBE-NFC7 2.0.0
2026-03-17 21:23:34,128 [INFO] ThirdParty:1030 - CMSIS Pack Vendor :STMicroelectronics X-CUBE-TCPP 4.2.0
2026-03-17 21:23:34,128 [INFO] ThirdParty:1030 - CMSIS Pack Vendor :RealThread X-CUBE-RT-Thread_Nano 4.1.1
2026-03-17 21:23:34,128 [INFO] ThirdParty:1030 - CMSIS Pack Vendor :STMicroelectronics FP-ATR-SIGFOX1 3.2.0
2026-03-17 21:23:34,128 [INFO] ThirdParty:1030 - CMSIS Pack Vendor :quantropi X-CUBE-qispace-sdk-base 1.9.3
2026-03-17 21:23:34,128 [INFO] ThirdParty:1030 - CMSIS Pack Vendor :STMicroelectronics X-CUBE-EEPRMA1 5.1.0
2026-03-17 21:23:34,128 [INFO] ThirdParty:1030 - CMSIS Pack Vendor :STMicroelectronics MBEDTLS 2.16.2
2026-03-17 21:23:34,129 [INFO] ThirdParty:1030 - CMSIS Pack Vendor :STMicroelectronics X-CUBE-IPS 3.1.0
2026-03-17 21:23:34,129 [INFO] ThirdParty:1030 - CMSIS Pack Vendor :STMicroelectronics X-CUBE-ALS 1.0.2
2026-03-17 21:23:34,129 [INFO] ThirdParty:1030 - CMSIS Pack Vendor :wolfSSL I-CUBE-wolfSSL 5.7.6
2026-03-17 21:23:34,129 [INFO] ThirdParty:1030 - CMSIS Pack Vendor :ITTIA_DB I-CUBE-ITTIADB 8.9.0
2026-03-17 21:23:34,129 [INFO] ThirdParty:1030 - CMSIS Pack Vendor :STMicroelectronics X-CUBE-TOUCHGFX 4.24.2
2026-03-17 21:23:34,129 [INFO] ThirdParty:1030 - CMSIS Pack Vendor :STMicroelectronics X-CUBE-STSE01 1.0.0
2026-03-17 21:23:34,129 [INFO] ThirdParty:1030 - CMSIS Pack Vendor :wolfSSL I-CUBE-wolfTPM 3.4.0
2026-03-17 21:23:34,129 [INFO] ThirdParty:1030 - CMSIS Pack Vendor :portGmbH I-Cube-SoM-uGOAL 1.1.0
2026-03-17 21:23:34,129 [INFO] ThirdParty:1030 - CMSIS Pack Vendor :STMicroelectronics X-CUBE-ST67W61 1.0.0
2026-03-17 21:23:34,129 [INFO] ThirdParty:1030 - CMSIS Pack Vendor :STMicroelectronics X-CUBE-AI 10.2.0
2026-03-17 21:23:34,130 [INFO] ThirdParty:1030 - CMSIS Pack Vendor :STMicroelectronics ThreadX 1.0.0
2026-03-17 21:23:34,130 [INFO] ThirdParty:1030 - CMSIS Pack Vendor :SEGGER I-CUBE-embOS 1.3.1
2026-03-17 21:23:34,130 [INFO] ThirdParty:1030 - CMSIS Pack Vendor :STMicroelectronics X-CUBE-ALGOBUILD 1.4.0
2026-03-17 21:23:34,130 [INFO] ThirdParty:1030 - CMSIS Pack Vendor :STMicroelectronics X-CUBE-MEMS1 11.3.0
2026-03-17 21:23:34,130 [INFO] ThirdParty:1030 - CMSIS Pack Vendor :STMicroelectronics X-CUBE-AZRTOS-H7RS 1.0.0
2026-03-17 21:23:34,130 [INFO] ThirdParty:1030 - CMSIS Pack Vendor :STMicroelectronics X-CUBE-TOF1 3.4.2
2026-03-17 21:23:34,130 [INFO] ThirdParty:1030 - CMSIS Pack Vendor :STMicroelectronics X-CUBE-TOF1 3.4.3
2026-03-17 21:23:34,130 [INFO] ThirdParty:1030 - CMSIS Pack Vendor :wolfSSL I-CUBE-wolfSSH 1.4.17
2026-03-17 21:23:34,130 [INFO] ThirdParty:841 - exiting critical section [change project]
2026-03-17 21:23:34,419 [INFO] PinOutPanel:1589 - setPackage(No Configuration,No Configuration)
2026-03-17 21:23:34,420 [INFO] PinOutPanel:1589 - setPackage(STM32F107RCTx,LQFP64)
2026-03-17 21:23:34,990 [INFO] UtilMem:75 - Before build in PCC Used Memory: 722685520 Bytes (1073741824)
2026-03-17 21:23:35,286 [INFO] UtilMem:75 - After build in PCC Used Memory: 765150800 Bytes (1073741824)
2026-03-17 21:23:35,319 [INFO] IPUIPlugin:80 - create IPUIPlugin
2026-03-17 21:23:35,319 [INFO] IPUIPlugin:80 - create IPUIPlugin
2026-03-17 21:23:35,319 [INFO] IPUIPlugin:80 - create IPUIPlugin
2026-03-17 21:23:35,320 [INFO] IPUIPlugin:80 - create IPUIPlugin
2026-03-17 21:23:35,320 [INFO] IPUIPlugin:80 - create IPUIPlugin
2026-03-17 21:23:35,320 [INFO] IPUIPlugin:80 - create IPUIPlugin
2026-03-17 21:23:35,320 [INFO] IPUIPlugin:80 - create IPUIPlugin
2026-03-17 21:23:35,320 [INFO] IPUIPlugin:80 - create IPUIPlugin
2026-03-17 21:23:35,320 [INFO] IPUIPlugin:80 - create IPUIPlugin
2026-03-17 21:23:35,320 [INFO] IPUIPlugin:80 - create IPUIPlugin
2026-03-17 21:23:35,320 [INFO] IPUIPlugin:80 - create IPUIPlugin
2026-03-17 21:23:35,320 [INFO] IPUIPlugin:80 - create IPUIPlugin
2026-03-17 21:23:35,321 [INFO] IPUIPlugin:80 - create IPUIPlugin
2026-03-17 21:23:35,321 [INFO] IPUIPlugin:80 - create IPUIPlugin
2026-03-17 21:23:35,321 [INFO] IPUIPlugin:80 - create IPUIPlugin
2026-03-17 21:23:35,321 [INFO] IPUIPlugin:80 - create IPUIPlugin
2026-03-17 21:23:35,322 [INFO] IPUIPlugin:80 - create IPUIPlugin
2026-03-17 21:23:35,322 [INFO] IPUIPlugin:80 - create IPUIPlugin
2026-03-17 21:23:35,323 [INFO] IPUIPlugin:80 - create IPUIPlugin
2026-03-17 21:23:35,323 [INFO] IPUIPlugin:80 - create IPUIPlugin
2026-03-17 21:23:35,323 [INFO] IPUIPlugin:80 - create IPUIPlugin
2026-03-17 21:23:35,324 [INFO] IPUIPlugin:80 - create IPUIPlugin
2026-03-17 21:23:35,324 [INFO] IPUIPlugin:80 - create IPUIPlugin
2026-03-17 21:23:35,324 [INFO] IPUIPlugin:80 - create IPUIPlugin
2026-03-17 21:23:35,324 [INFO] IPUIPlugin:80 - create IPUIPlugin
2026-03-17 21:23:35,325 [INFO] IPUIPlugin:80 - create IPUIPlugin
2026-03-17 21:23:35,325 [INFO] IPUIPlugin:80 - create IPUIPlugin
2026-03-17 21:23:35,325 [INFO] IPUIPlugin:80 - create IPUIPlugin
2026-03-17 21:23:35,325 [INFO] IPUIPlugin:80 - create IPUIPlugin
2026-03-17 21:23:35,326 [INFO] IPUIPlugin:80 - create IPUIPlugin
2026-03-17 21:23:35,326 [INFO] IPUIPlugin:80 - create IPUIPlugin
2026-03-17 21:23:35,326 [INFO] IPUIPlugin:80 - create IPUIPlugin
2026-03-17 21:23:35,327 [INFO] IPUIPlugin:80 - create IPUIPlugin
2026-03-17 21:23:35,327 [INFO] IPUIPlugin:80 - create IPUIPlugin
2026-03-17 21:23:35,327 [INFO] IPUIPlugin:80 - create IPUIPlugin
2026-03-17 21:23:35,328 [INFO] IPUIPlugin:80 - create IPUIPlugin
2026-03-17 21:23:35,328 [INFO] IPUIPlugin:80 - create IPUIPlugin
2026-03-17 21:23:35,328 [INFO] IPUIPlugin:80 - create IPUIPlugin
2026-03-17 21:23:35,328 [INFO] IPUIPlugin:80 - create IPUIPlugin
2026-03-17 21:23:35,376 [INFO] CADModel:165 - CPN selected for project levelSTM32F107RCT6
2026-03-17 21:23:35,376 [INFO] CADModel:114 - Register for checkConnection events
2026-03-17 21:23:35,457 [INFO] OpenFileManager:386 - Restore cursor
2026-03-17 21:23:51,793 [INFO] NvicIntPanel:101 - NVIC parent = com.st.microxplorer.plugins.ip.nvic.MultiNvicIntPanel[,0,0,526x222,layout=javax.swing.BoxLayout,alignmentX=0.0,alignmentY=0.0,border=,flags=9,maximumSize=,minimumSize=,preferredSize=]
2026-03-17 21:23:52,898 [INFO] NvicIntPanel:101 - NVIC parent = com.st.microxplorer.plugins.ip.nvic.MultiNvicIntPanel[,0,0,0x0,invalid,layout=javax.swing.BoxLayout,alignmentX=0.0,alignmentY=0.0,border=,flags=9,maximumSize=,minimumSize=,preferredSize=]
2026-03-17 21:23:52,999 [INFO] NvicIntPanel:101 - NVIC parent = com.st.microxplorer.plugins.ip.nvic.MultiNvicIntPanel[,0,0,0x0,invalid,layout=javax.swing.BoxLayout,alignmentX=0.0,alignmentY=0.0,border=,flags=9,maximumSize=,minimumSize=,preferredSize=]
2026-03-17 21:23:53,572 [INFO] NvicIntPanel:101 - NVIC parent = com.st.microxplorer.plugins.ip.nvic.MultiNvicIntPanel[,0,0,0x0,invalid,layout=javax.swing.BoxLayout,alignmentX=0.0,alignmentY=0.0,border=,flags=9,maximumSize=,minimumSize=,preferredSize=]
2026-03-17 21:24:10,715 [INFO] ApiDbMcu:532 - Load IP Config File for LWIP
2026-03-17 21:24:10,846 [WARN] IP:2250 - CMSIS_VERSION not found: check if there is a RefParameter without a condition.
2026-03-17 21:24:10,849 [WARN] IP:2250 - LWIP_NETIF_HOSTNAME_NAME not found: check if there is a RefParameter without a condition.
2026-03-17 21:24:10,871 [WARN] IP:2250 - CMSIS_VERSION not found: check if there is a RefParameter without a condition.
2026-03-17 21:24:10,874 [WARN] IP:2250 - LWIP_NETIF_HOSTNAME_NAME not found: check if there is a RefParameter without a condition.
2026-03-17 21:24:10,972 [WARN] IP:2250 - CMSIS_VERSION not found: check if there is a RefParameter without a condition.
2026-03-17 21:24:10,975 [WARN] IP:2250 - LWIP_NETIF_HOSTNAME_NAME not found: check if there is a RefParameter without a condition.
2026-03-17 21:24:11,171 [WARN] IP:2250 - CMSIS_VERSION not found: check if there is a RefParameter without a condition.
2026-03-17 21:24:11,175 [WARN] IP:2250 - LWIP_NETIF_HOSTNAME_NAME not found: check if there is a RefParameter without a condition.
2026-03-17 21:24:20,786 [WARN] IP:2250 - CMSIS_VERSION not found: check if there is a RefParameter without a condition.
2026-03-17 21:24:20,788 [WARN] IP:2250 - LWIP_NETIF_HOSTNAME_NAME not found: check if there is a RefParameter without a condition.
2026-03-17 21:24:32,430 [WARN] IP:2250 - CMSIS_VERSION not found: check if there is a RefParameter without a condition.
2026-03-17 21:24:32,436 [WARN] IP:2250 - LWIP_NETIF_HOSTNAME_NAME not found: check if there is a RefParameter without a condition.
2026-03-17 21:24:32,520 [WARN] IP:2250 - CMSIS_VERSION not found: check if there is a RefParameter without a condition.
2026-03-17 21:24:32,529 [WARN] IP:2250 - LWIP_NETIF_HOSTNAME_NAME not found: check if there is a RefParameter without a condition.
2026-03-17 21:24:32,793 [WARN] IP:2250 - CMSIS_VERSION not found: check if there is a RefParameter without a condition.
2026-03-17 21:24:32,795 [WARN] IP:2250 - LWIP_NETIF_HOSTNAME_NAME not found: check if there is a RefParameter without a condition.
2026-03-17 21:24:47,088 [WARN] IP:2250 - CMSIS_VERSION not found: check if there is a RefParameter without a condition.
2026-03-17 21:24:47,091 [WARN] IP:2250 - LWIP_NETIF_HOSTNAME_NAME not found: check if there is a RefParameter without a condition.
2026-03-17 21:24:58,849 [WARN] IP:2250 - CMSIS_VERSION not found: check if there is a RefParameter without a condition.
2026-03-17 21:24:58,851 [WARN] IP:2250 - LWIP_NETIF_HOSTNAME_NAME not found: check if there is a RefParameter without a condition.
2026-03-17 21:24:58,875 [WARN] IP:2250 - CMSIS_VERSION not found: check if there is a RefParameter without a condition.
2026-03-17 21:24:58,877 [WARN] IP:2250 - LWIP_NETIF_HOSTNAME_NAME not found: check if there is a RefParameter without a condition.
2026-03-17 21:24:58,961 [WARN] IP:2250 - CMSIS_VERSION not found: check if there is a RefParameter without a condition.
2026-03-17 21:24:58,965 [WARN] IP:2250 - LWIP_NETIF_HOSTNAME_NAME not found: check if there is a RefParameter without a condition.
2026-03-17 21:25:06,463 [WARN] IP:2250 - CMSIS_VERSION not found: check if there is a RefParameter without a condition.
2026-03-17 21:25:06,471 [WARN] IP:2250 - LWIP_NETIF_HOSTNAME_NAME not found: check if there is a RefParameter without a condition.
2026-03-17 21:25:06,914 [WARN] IP:2250 - CMSIS_VERSION not found: check if there is a RefParameter without a condition.
2026-03-17 21:25:06,917 [WARN] IP:2250 - LWIP_NETIF_HOSTNAME_NAME not found: check if there is a RefParameter without a condition.
2026-03-17 21:25:07,327 [WARN] IP:2250 - CMSIS_VERSION not found: check if there is a RefParameter without a condition.
2026-03-17 21:25:07,334 [WARN] IP:2250 - LWIP_NETIF_HOSTNAME_NAME not found: check if there is a RefParameter without a condition.
2026-03-17 21:25:07,858 [WARN] IP:2250 - CMSIS_VERSION not found: check if there is a RefParameter without a condition.
2026-03-17 21:25:07,862 [WARN] IP:2250 - LWIP_NETIF_HOSTNAME_NAME not found: check if there is a RefParameter without a condition.
2026-03-17 21:25:08,393 [WARN] IP:2250 - CMSIS_VERSION not found: check if there is a RefParameter without a condition.
2026-03-17 21:25:08,395 [WARN] IP:2250 - LWIP_NETIF_HOSTNAME_NAME not found: check if there is a RefParameter without a condition.
2026-03-17 21:25:09,125 [WARN] IP:2250 - CMSIS_VERSION not found: check if there is a RefParameter without a condition.
2026-03-17 21:25:09,127 [WARN] IP:2250 - LWIP_NETIF_HOSTNAME_NAME not found: check if there is a RefParameter without a condition.
2026-03-17 21:25:09,709 [WARN] IP:2250 - CMSIS_VERSION not found: check if there is a RefParameter without a condition.
2026-03-17 21:25:09,711 [WARN] IP:2250 - LWIP_NETIF_HOSTNAME_NAME not found: check if there is a RefParameter without a condition.
2026-03-17 21:25:10,202 [WARN] IP:2250 - CMSIS_VERSION not found: check if there is a RefParameter without a condition.
2026-03-17 21:25:10,204 [WARN] IP:2250 - LWIP_NETIF_HOSTNAME_NAME not found: check if there is a RefParameter without a condition.
2026-03-17 21:25:11,325 [WARN] IP:2250 - CMSIS_VERSION not found: check if there is a RefParameter without a condition.
2026-03-17 21:25:11,328 [WARN] IP:2250 - LWIP_NETIF_HOSTNAME_NAME not found: check if there is a RefParameter without a condition.
2026-03-17 21:25:11,892 [WARN] IP:2250 - CMSIS_VERSION not found: check if there is a RefParameter without a condition.
2026-03-17 21:25:11,896 [WARN] IP:2250 - LWIP_NETIF_HOSTNAME_NAME not found: check if there is a RefParameter without a condition.
2026-03-17 21:25:21,818 [INFO] UtilMem:75 - End SaveConfig() Used Memory: 669811488 Bytes (1073741824)
2026-03-17 21:25:22,458 [INFO] UtilMem:75 - End SaveConfig() Used Memory: 692880160 Bytes (1073741824)
2026-03-17 21:25:24,374 [INFO] UtilMem:75 - End SaveConfig() Used Memory: 815509152 Bytes (1073741824)
2026-03-17 21:25:25,591 [INFO] BlockDiagram:2775 - set Specific Code input for plugin: NVIC
2026-03-17 21:25:25,592 [INFO] BlockDiagram:2775 - set Specific Code input for plugin: LWIP
2026-03-17 21:25:25,592 [INFO] BlockDiagram:2775 - set Specific Code input for plugin: IWDG
2026-03-17 21:25:25,592 [INFO] BlockDiagram:2775 - set Specific Code input for plugin: SYS
2026-03-17 21:25:25,592 [INFO] BlockDiagram:2775 - set Specific Code input for plugin: GPIO
2026-03-17 21:25:25,592 [INFO] BlockDiagram:2775 - set Specific Code input for plugin: RCC
2026-03-17 21:25:25,592 [INFO] BlockDiagram:2775 - set Specific Code input for plugin: ETH
2026-03-17 21:25:25,593 [INFO] CodeGenerator:892 - code generatio: config db path: C:\ST\STM32CubeIDE_1.19.0\STM32CubeIDE\plugins\com.st.stm32cube.common.mx_6.15.0.202507011659\\db\
2026-03-17 21:25:25,598 [WARN] IP:2250 - CMSIS_VERSION not found: check if there is a RefParameter without a condition.
2026-03-17 21:25:25,603 [WARN] IP:2250 - LWIP_NETIF_HOSTNAME_NAME not found: check if there is a RefParameter without a condition.
2026-03-17 21:25:26,268 [INFO] CodeEngine:265 - oldGeneratedFile, D:\my_Projects\Electronic\STM32\F1\CubeIDE\lezgiBoard_RS485\MXTmpFiles\license.tmp_save
2026-03-17 21:25:26,793 [INFO] CodeEngine:289 - Generated code: D:\my_Projects\Electronic\STM32\F1\CubeIDE\lezgiBoard_RS485\MXTmpFiles\license.tmp
2026-03-17 21:25:26,919 [INFO] CodeEngine:265 - oldGeneratedFile, D:\my_Projects\Electronic\STM32\F1\CubeIDE\lezgiBoard_RS485\MXTmpFiles\gpio.tmp_save
2026-03-17 21:25:27,000 [ERROR] ConfigurationRetriever:142 - IOException on connection: Connect timed out
2026-03-17 21:25:27,223 [INFO] CodeEngine:289 - Generated code: D:\my_Projects\Electronic\STM32\F1\CubeIDE\lezgiBoard_RS485\MXTmpFiles\gpio.tmp
2026-03-17 21:25:27,333 [INFO] CodeEngine:265 - oldGeneratedFile, D:\my_Projects\Electronic\STM32\F1\CubeIDE\lezgiBoard_RS485\MXTmpFiles\eth_vars.tmp_save
2026-03-17 21:25:27,633 [INFO] CodeEngine:289 - Generated code: D:\my_Projects\Electronic\STM32\F1\CubeIDE\lezgiBoard_RS485\MXTmpFiles\eth_vars.tmp
2026-03-17 21:25:27,649 [INFO] CodeEngine:265 - oldGeneratedFile, D:\my_Projects\Electronic\STM32\F1\CubeIDE\lezgiBoard_RS485\MXTmpFiles\eth_inc.tmp_save
2026-03-17 21:25:27,888 [INFO] CodeEngine:289 - Generated code: D:\my_Projects\Electronic\STM32\F1\CubeIDE\lezgiBoard_RS485\MXTmpFiles\eth_inc.tmp
2026-03-17 21:25:27,905 [INFO] CodeEngine:265 - oldGeneratedFile, D:\my_Projects\Electronic\STM32\F1\CubeIDE\lezgiBoard_RS485\MXTmpFiles\eth_HalInit.tmp_save
2026-03-17 21:25:28,140 [INFO] CodeEngine:289 - Generated code: D:\my_Projects\Electronic\STM32\F1\CubeIDE\lezgiBoard_RS485\MXTmpFiles\eth_HalInit.tmp
2026-03-17 21:25:28,159 [INFO] CodeEngine:265 - oldGeneratedFile, D:\my_Projects\Electronic\STM32\F1\CubeIDE\lezgiBoard_RS485\MXTmpFiles\eth_Msp.tmp_save
2026-03-17 21:25:28,317 [INFO] CodeEngine:289 - Generated code: D:\my_Projects\Electronic\STM32\F1\CubeIDE\lezgiBoard_RS485\MXTmpFiles\eth_Msp.tmp
2026-03-17 21:25:28,440 [INFO] Middleware:1452 - No code input for Bsp Dependency
2026-03-17 21:25:28,501 [INFO] Middleware:1452 - No code input for Bsp Dependency
2026-03-17 21:25:28,551 [INFO] CodeEngine:265 - oldGeneratedFile, D:\my_Projects\Electronic\STM32\F1\CubeIDE\lezgiBoard_RS485\LWIP\App\lwip.c_save
2026-03-17 21:25:28,716 [INFO] CodeEngine:289 - Generated code: D:\my_Projects\Electronic\STM32\F1\CubeIDE\lezgiBoard_RS485\LWIP\App\lwip.c
2026-03-17 21:25:28,726 [INFO] CodeEngine:265 - oldGeneratedFile, D:\my_Projects\Electronic\STM32\F1\CubeIDE\lezgiBoard_RS485\LWIP\App\lwip.h_save
2026-03-17 21:25:28,821 [INFO] CodeEngine:289 - Generated code: D:\my_Projects\Electronic\STM32\F1\CubeIDE\lezgiBoard_RS485\LWIP\App\lwip.h
2026-03-17 21:25:28,834 [INFO] CodeEngine:265 - oldGeneratedFile, D:\my_Projects\Electronic\STM32\F1\CubeIDE\lezgiBoard_RS485\LWIP\Target\lwipopts.h_save
2026-03-17 21:25:29,258 [INFO] CodeEngine:289 - Generated code: D:\my_Projects\Electronic\STM32\F1\CubeIDE\lezgiBoard_RS485\LWIP\Target\lwipopts.h
2026-03-17 21:25:29,272 [INFO] CodeEngine:265 - oldGeneratedFile, D:\my_Projects\Electronic\STM32\F1\CubeIDE\lezgiBoard_RS485\LWIP\Target\ethernetif.c_save
2026-03-17 21:25:29,404 [INFO] CodeEngine:289 - Generated code: D:\my_Projects\Electronic\STM32\F1\CubeIDE\lezgiBoard_RS485\LWIP\Target\ethernetif.c
2026-03-17 21:25:29,418 [INFO] CodeEngine:265 - oldGeneratedFile, D:\my_Projects\Electronic\STM32\F1\CubeIDE\lezgiBoard_RS485\LWIP\Target\ethernetif.h_save
2026-03-17 21:25:29,548 [ERROR] ConfigurationRetriever:142 - IOException on connection: Connect timed out
2026-03-17 21:25:29,570 [INFO] CodeEngine:289 - Generated code: D:\my_Projects\Electronic\STM32\F1\CubeIDE\lezgiBoard_RS485\LWIP\Target\ethernetif.h
2026-03-17 21:25:29,594 [INFO] CodeEngine:265 - oldGeneratedFile, D:\my_Projects\Electronic\STM32\F1\CubeIDE\lezgiBoard_RS485\Core\Src\stm32f1xx_it.c_save
2026-03-17 21:25:29,749 [INFO] CodeEngine:289 - Generated code: D:\my_Projects\Electronic\STM32\F1\CubeIDE\lezgiBoard_RS485\Core\Src\stm32f1xx_it.c
2026-03-17 21:25:29,760 [INFO] CodeEngine:265 - oldGeneratedFile, D:\my_Projects\Electronic\STM32\F1\CubeIDE\lezgiBoard_RS485\Core\Inc\stm32f1xx_it.h_save
2026-03-17 21:25:29,850 [INFO] CodeEngine:289 - Generated code: D:\my_Projects\Electronic\STM32\F1\CubeIDE\lezgiBoard_RS485\Core\Inc\stm32f1xx_it.h
2026-03-17 21:25:29,880 [INFO] CodeEngine:265 - oldGeneratedFile, D:\my_Projects\Electronic\STM32\F1\CubeIDE\lezgiBoard_RS485\Core\Src\stm32f1xx_hal_msp.c_save
2026-03-17 21:25:30,095 [INFO] CodeEngine:289 - Generated code: D:\my_Projects\Electronic\STM32\F1\CubeIDE\lezgiBoard_RS485\Core\Src\stm32f1xx_hal_msp.c
2026-03-17 21:25:30,105 [INFO] CodeEngine:265 - oldGeneratedFile, D:\my_Projects\Electronic\STM32\F1\CubeIDE\lezgiBoard_RS485\MXTmpFiles\system.tmp_save
2026-03-17 21:25:30,185 [INFO] CodeEngine:289 - Generated code: D:\my_Projects\Electronic\STM32\F1\CubeIDE\lezgiBoard_RS485\MXTmpFiles\system.tmp
2026-03-17 21:25:30,197 [INFO] CodeEngine:265 - oldGeneratedFile, D:\my_Projects\Electronic\STM32\F1\CubeIDE\lezgiBoard_RS485\Core\Src\stm32f1xx_hal_timebase_tim.c_save
2026-03-17 21:25:30,320 [INFO] CodeEngine:289 - Generated code: D:\my_Projects\Electronic\STM32\F1\CubeIDE\lezgiBoard_RS485\Core\Src\stm32f1xx_hal_timebase_tim.c
2026-03-17 21:25:30,339 [INFO] CodeEngine:321 - oldGeneratedFile, D:\my_Projects\Electronic\STM32\F1\CubeIDE\lezgiBoard_RS485\Core\Inc\stm32f1xx_hal_conf.h_save
2026-03-17 21:25:30,513 [INFO] CodeEngine:345 - Generated code: D:\my_Projects\Electronic\STM32\F1\CubeIDE\lezgiBoard_RS485\Core\Inc\stm32f1xx_hal_conf.h
2026-03-17 21:25:30,555 [INFO] ApiDbMcu:532 - Load IP Config File for IWDG
2026-03-17 21:25:30,560 [INFO] ApiDbMcu:532 - Load IP Config File for RCC
2026-03-17 21:25:30,577 [INFO] CodeEngine:265 - oldGeneratedFile, D:\my_Projects\Electronic\STM32\F1\CubeIDE\lezgiBoard_RS485\Core\Inc\main.h_save
2026-03-17 21:25:30,738 [INFO] CodeEngine:289 - Generated code: D:\my_Projects\Electronic\STM32\F1\CubeIDE\lezgiBoard_RS485\Core\Inc\main.h
2026-03-17 21:25:30,746 [INFO] CodeEngine:265 - oldGeneratedFile, D:\my_Projects\Electronic\STM32\F1\CubeIDE\lezgiBoard_RS485\Core\Src\main.c_save
2026-03-17 21:25:30,913 [INFO] CodeEngine:289 - Generated code: D:\my_Projects\Electronic\STM32\F1\CubeIDE\lezgiBoard_RS485\Core\Src\main.c
2026-03-17 21:25:32,002 [ERROR] ConfigurationRetriever:142 - IOException on connection: Connect timed out
2026-03-17 21:25:32,195 [INFO] ProjectBuilder:3606 - Time for Copy HAL[1] : 919mS.
2026-03-17 21:25:32,210 [INFO] ProjectBuilder:5216 - Project Generator version: 4.7.0-B52
2026-03-17 21:25:32,360 [INFO] ConfigFileManager:1595 - The Die is : DIE418
2026-03-17 21:25:32,363 [INFO] ApiDbMcu:532 - Load IP Config File for FATFS
2026-03-17 21:25:32,368 [INFO] ApiDbMcu:532 - Load IP Config File for FREERTOS
2026-03-17 21:25:32,381 [INFO] ApiDbMcu:532 - Load IP Config File for USB_DEVICE
2026-03-17 21:25:32,388 [INFO] ApiDbMcu:532 - Load IP Config File for USB_HOST
2026-03-17 21:25:34,550 [ERROR] ConfigurationRetriever:142 - IOException on connection: Connect timed out
2026-03-17 21:25:35,967 [INFO] ProjectBuilder:5496 - Time for Generating toolchain IDE Files: 3757mS.
2026-03-17 21:25:35,968 [INFO] ProjectBuilder:3463 - Time for Copy CMSIS : 1mS.
2026-03-17 21:25:35,983 [INFO] ProjectBuilder:3463 - Time for Copy CMSIS : 0mS.
2026-03-17 21:25:37,006 [ERROR] ConfigurationRetriever:142 - IOException on connection: Connect timed out
2026-03-17 21:25:39,553 [ERROR] ConfigurationRetriever:142 - IOException on connection: Connect timed out
2026-03-17 21:26:46,437 [WARN] CheckConnectionManager:291 - Warning during Server Connection :  timeout Connect to sw-center.st.com:443 [sw-center.st.com/185.200.232.40, sw-center.st.com/185.200.232.50] failed: Connect timed out
2026-03-17 21:26:48,442 [WARN] CheckConnectionManager:291 - Warning during Server Connection :  timeout Connect to sw-center.st.com:443 [sw-center.st.com/185.200.232.40, sw-center.st.com/185.200.232.50] failed: Connect timed out
2026-03-17 21:26:48,443 [INFO] MainUpdater:2872 - connection check result : 22
2026-03-17 21:26:48,524 [INFO] MicroXplorer:468 - Change Database Path : 
2026-03-17 21:26:48,524 [INFO] MicroXplorer:498 - Change Database Version : DB.6.0.150
2026-03-17 21:26:48,541 [ERROR] ProjectManagerView:395 - 
java.lang.NullPointerException: Cannot invoke "javax.swing.JTextField.getText()" because the return value of "java.util.List.get(int)" is null
	at com.st.microxplorer.plugins.projectmanager.gui.ProjectChoiceTab$9.caretUpdate(ProjectChoiceTab.java:2706) ~[filemanager.jar:?]
	at javax.swing.text.JTextComponent.fireCaretUpdate(JTextComponent.java:408) ~[?:?]
	at javax.swing.text.JTextComponent$MutableCaretEvent.fire(JTextComponent.java:4484) ~[?:?]
	at javax.swing.text.JTextComponent$MutableCaretEvent.stateChanged(JTextComponent.java:4506) ~[?:?]
	at javax.swing.text.DefaultCaret.fireStateChanged(DefaultCaret.java:857) ~[?:?]
	at javax.swing.text.DefaultCaret.changeCaretPosition(DefaultCaret.java:1343) ~[?:?]
	at javax.swing.text.DefaultCaret.handleSetDot(DefaultCaret.java:1242) ~[?:?]
	at javax.swing.text.DefaultCaret.setDot(DefaultCaret.java:1223) ~[?:?]
	at javax.swing.text.DefaultCaret$Handler.insertUpdate(DefaultCaret.java:1819) ~[?:?]
	at javax.swing.text.AbstractDocument.fireInsertUpdate(AbstractDocument.java:227) ~[?:?]
	at javax.swing.text.AbstractDocument.handleInsertString(AbstractDocument.java:781) ~[?:?]
	at javax.swing.text.AbstractDocument.insertString(AbstractDocument.java:740) ~[?:?]
	at javax.swing.text.PlainDocument.insertString(PlainDocument.java:131) ~[?:?]
	at javax.swing.text.AbstractDocument.replace(AbstractDocument.java:699) ~[?:?]
	at javax.swing.text.JTextComponent.setText(JTextComponent.java:1725) ~[?:?]
	at com.st.microxplorer.plugins.projectmanager.gui.ProjectChoiceTab.createHeapStackFields(ProjectChoiceTab.java:993) ~[filemanager.jar:?]
	at com.st.microxplorer.plugins.projectmanager.gui.ProjectChoiceTab.buildLinkSettingsPanel(ProjectChoiceTab.java:3813) ~[filemanager.jar:?]
	at com.st.microxplorer.plugins.projectmanager.gui.ProjectChoiceTab.defineWindowsFields(ProjectChoiceTab.java:1987) ~[filemanager.jar:?]
	at com.st.microxplorer.plugins.projectmanager.gui.ProjectChoiceTab.updateSettings(ProjectChoiceTab.java:558) ~[filemanager.jar:?]
	at com.st.microxplorer.plugins.projectmanager.gui.ProjectSettingsPanel.UpdateDialog(ProjectSettingsPanel.java:247) ~[filemanager.jar:?]
	at com.st.microxplorer.plugins.projectmanager.ProjectManagerView.propertyChange(ProjectManagerView.java:392) ~[filemanager.jar:?]
	at java.beans.PropertyChangeSupport.fire(PropertyChangeSupport.java:343) ~[?:?]
	at java.beans.PropertyChangeSupport.firePropertyChange(PropertyChangeSupport.java:335) ~[?:?]
	at java.beans.PropertyChangeSupport.firePropertyChange(PropertyChangeSupport.java:268) ~[?:?]
	at com.st.microxplorer.util.MXPropertyChangeSupport.firePropertyChange(MXPropertyChangeSupport.java:54) ~[STM32CubeMX.jar:?]
	at com.st.microxplorer.mxsystem.MxSystem.closeConfig(MxSystem.java:899) ~[STM32CubeMX.jar:?]
	at com.st.microxplorer.maingui.MainPanel.closeConfig(MainPanel.java:792) ~[STM32CubeMX.jar:?]
	at com.st.microxplorer.plugins.filemanager.engine.OpenFileManager.loadConfigurationFile(OpenFileManager.java:288) ~[filemanager.jar:?]
	at com.st.microxplorer.plugins.filemanager.engine.MainFileManager.userLoadConfig(MainFileManager.java:364) ~[filemanager.jar:?]
	at com.st.microxplorer.plugins.filemanager.engine.MainFileManager.userLoadConfig(MainFileManager.java:342) ~[filemanager.jar:?]
	at com.st.microxplorer.plugins.filemanager.FileManagerView.getSpecificTask(FileManagerView.java:264) ~[filemanager.jar:?]
	at com.st.stm32cube.common.mx.editor.CubeMxEditor.getMxTabbedPaneInstance(CubeMxEditor.java:1198) ~[com.st.stm32cube.common.mx_6.15.0.202507011659/:?]
	at com.st.stm32cube.common.mx.editor.CubeMxEditor$12$1.createSwingComponent(CubeMxEditor.java:1068) ~[com.st.stm32cube.common.mx_6.15.0.202507011659/:?]
	at com.st.stm32cube.common.mx.oss.core.awtswtbridge.EmbeddedSwingComposite.doComponentCreation(EmbeddedSwingComposite.java:492) ~[com.st.stm32cube.common.mx.oss_6.15.0.202507011659/:?]
	at com.st.stm32cube.common.mx.oss.core.awtswtbridge.EmbeddedSwingComposite$4.run(EmbeddedSwingComposite.java:291) ~[com.st.stm32cube.common.mx.oss_6.15.0.202507011659/:?]
	at com.st.stm32cube.common.mx.oss.core.awtswtbridge.AwtEnvironment$2.run(AwtEnvironment.java:166) ~[com.st.stm32cube.common.mx.oss_6.15.0.202507011659/:?]
	at java.awt.event.InvocationEvent.dispatch(InvocationEvent.java:318) ~[?:?]
	at java.awt.EventQueue.dispatchEventImpl(EventQueue.java:773) ~[?:?]
	at java.awt.EventQueue$4.run(EventQueue.java:720) ~[?:?]
	at java.awt.EventQueue$4.run(EventQueue.java:714) ~[?:?]
	at java.security.AccessController.doPrivileged(AccessController.java:400) ~[?:?]
	at java.security.ProtectionDomain$JavaSecurityAccessImpl.doIntersectionPrivilege(ProtectionDomain.java:87) ~[?:?]
	at java.awt.EventQueue.dispatchEvent(EventQueue.java:742) ~[?:?]
	at java.awt.EventDispatchThread.pumpOneEventForFilters(EventDispatchThread.java:203) ~[?:?]
	at java.awt.EventDispatchThread.pumpEventsForFilter(EventDispatchThread.java:124) ~[?:?]
	at java.awt.EventDispatchThread.pumpEventsForHierarchy(EventDispatchThread.java:113) ~[?:?]
	at java.awt.EventDispatchThread.pumpEvents(EventDispatchThread.java:109) ~[?:?]
	at java.awt.EventDispatchThread.pumpEvents(EventDispatchThread.java:101) ~[?:?]
	at java.awt.EventDispatchThread.run(EventDispatchThread.java:90) ~[?:?]
2026-03-17 21:26:48,542 [WARN] ThirdParty:871 - waiting for thirdparty lock release [close project]
2026-03-17 21:26:48,542 [INFO] ThirdParty:873 - entering critical section [close project]
2026-03-17 21:26:48,542 [INFO] ThirdParty:883 - exiting critical section [close project]
2026-03-17 21:26:48,544 [INFO] PinOutPanel:1589 - setPackage(No Configuration,No Configuration)
2026-03-17 21:26:48,554 [INFO] UtilMem:75 - Begin LoadConfig() Used Memory: 720800360 Bytes (1073741824)
2026-03-17 21:26:48,556 [INFO] MicroXplorer:468 - Change Database Path : 
2026-03-17 21:26:48,556 [INFO] MicroXplorer:498 - Change Database Version : DB.6.0.150
2026-03-17 21:26:48,556 [INFO] OpenFileManager:355 - Change cursor
2026-03-17 21:26:48,587 [INFO] RulesReader:64 - Compatibility file has been processed (317 Rules)
2026-03-17 21:26:48,590 [INFO] Mcu:2029 - Initializing MCU STM32F107R(B-C)Tx STM32F107RCTx STM32F107RCT6
2026-03-17 21:26:50,450 [INFO] Context:786 - Trying to add GPIOservice into a context  which must be forbidden
2026-03-17 21:26:51,001 [INFO] ImportTextPane:234 - (OptionalMessage_ERROR) Pin28 (VP_RIF_VS_RIF1) cannot be retrieved for this MCU
2026-03-17 21:26:51,046 [INFO] RtosManager:558 - Registered RTOS mode: class=CMSIS, group=RTOS, mode=CMSIS_V1, owner=FREERTOS
2026-03-17 21:26:51,046 [INFO] RtosManager:558 - Registered RTOS mode: class=CMSIS, group=RTOS2, mode=CMSIS_V2, owner=FREERTOS
2026-03-17 21:26:51,046 [INFO] RtosManager:558 - Registered RTOS mode: class=RTOS, group=Core, mode=CMSIS_V1, owner=FREERTOS
2026-03-17 21:26:51,046 [INFO] RtosManager:558 - Registered RTOS mode: class=RTOS, group=Core, mode=CMSIS_V2, owner=FREERTOS
2026-03-17 21:26:51,046 [WARN] ModelIntegratedComponent:184 - Missing modes for component STMicroelectronics:FreeRTOS:0.0.1:STMicroelectronics:RTOS:FreeRTOS:Core:::10.2.0:
2026-03-17 21:26:51,060 [WARN] ModelIntegratedComponent:63 - No mode defined for component null
2026-03-17 21:26:51,060 [WARN] ModelIntegratedComponent:63 - No mode defined for component null
2026-03-17 21:26:51,060 [WARN] ModelIntegratedComponent:63 - No mode defined for component null
2026-03-17 21:26:51,060 [WARN] ModelIntegratedComponent:63 - No mode defined for component null
2026-03-17 21:26:51,060 [WARN] ModelIntegratedComponent:63 - No mode defined for component null
2026-03-17 21:26:51,060 [WARN] ModelIntegratedComponent:63 - No mode defined for component null
2026-03-17 21:26:51,060 [WARN] ModelIntegratedComponent:63 - No mode defined for component null
2026-03-17 21:26:51,060 [WARN] ModelIntegratedComponent:63 - No mode defined for component null
2026-03-17 21:26:51,060 [WARN] ModelIntegratedComponent:63 - No mode defined for component null
2026-03-17 21:26:51,060 [WARN] ModelIntegratedComponent:63 - No mode defined for component null
2026-03-17 21:26:51,060 [WARN] ModelIntegratedComponent:63 - No mode defined for component null
2026-03-17 21:26:51,060 [WARN] ModelIntegratedComponent:63 - No mode defined for component null
2026-03-17 21:26:51,060 [WARN] ModelIntegratedComponent:63 - No mode defined for component null
2026-03-17 21:26:51,060 [WARN] ModelIntegratedComponent:63 - No mode defined for component null
2026-03-17 21:26:51,060 [WARN] ModelIntegratedComponent:63 - No mode defined for component null
2026-03-17 21:26:51,060 [WARN] ModelIntegratedComponent:63 - No mode defined for component null
2026-03-17 21:26:51,060 [WARN] ModelIntegratedComponent:63 - No mode defined for component null
2026-03-17 21:26:51,060 [WARN] ModelIntegratedComponent:63 - No mode defined for component null
2026-03-17 21:26:51,060 [WARN] ModelIntegratedComponent:63 - No mode defined for component null
2026-03-17 21:26:51,060 [WARN] ModelIntegratedComponent:63 - No mode defined for component null
2026-03-17 21:26:51,061 [WARN] ModelIntegratedComponent:63 - No mode defined for component null
2026-03-17 21:26:51,061 [WARN] ModelIntegratedComponent:63 - No mode defined for component null
2026-03-17 21:26:51,061 [WARN] ModelIntegratedComponent:63 - No mode defined for component null
2026-03-17 21:26:51,061 [WARN] ModelIntegratedComponent:63 - No mode defined for component null
2026-03-17 21:26:51,061 [WARN] ModelIntegratedComponent:63 - No mode defined for component null
2026-03-17 21:26:51,061 [WARN] ModelIntegratedComponent:63 - No mode defined for component null
2026-03-17 21:26:51,061 [WARN] ModelIntegratedComponent:63 - No mode defined for component null
2026-03-17 21:26:51,061 [WARN] ModelIntegratedComponent:63 - No mode defined for component null
2026-03-17 21:26:51,061 [WARN] ModelIntegratedComponent:63 - No mode defined for component null
2026-03-17 21:26:51,061 [WARN] ModelIntegratedComponent:63 - No mode defined for component null
2026-03-17 21:26:51,061 [WARN] ModelIntegratedComponent:63 - No mode defined for component null
2026-03-17 21:26:51,061 [WARN] ModelIntegratedComponent:63 - No mode defined for component null
2026-03-17 21:26:51,061 [WARN] ModelIntegratedComponent:63 - No mode defined for component null
2026-03-17 21:26:51,061 [WARN] ModelIntegratedComponent:63 - No mode defined for component null
2026-03-17 21:26:51,061 [WARN] ModelIntegratedComponent:63 - No mode defined for component null
2026-03-17 21:26:51,061 [WARN] ModelPack:524 - Component already loaded: STMicroelectronics:HAL Drivers:0.0.0:STMicroelectronics:Device:STMicro_Driver:XSPI:HAL::0.0.1:HAL_XSPI
2026-03-17 21:26:51,458 [INFO] ThirdPartyModel:298 - Start build external matchings
2026-03-17 21:26:53,796 [INFO] ThirdPartyModel:316 - End build external matchings
2026-03-17 21:26:53,824 [INFO] ImportTextPane:234 - (OptionalMessage_ERROR) IP (DMA) : Parameter (Instance) has Id (MEMTOMEM1) currently not set
2026-03-17 21:26:53,824 [INFO] ImportTextPane:234 - (OptionalMessage_ERROR) IP (DMA) : Parameter (Direction) has Id (MEMTOMEM1) currently not set
2026-03-17 21:26:53,825 [INFO] ImportTextPane:234 - (OptionalMessage_ERROR) IP (DMA) : Parameter (PeriphInc) has Id (MEMTOMEM1) currently not set
2026-03-17 21:26:53,825 [INFO] ImportTextPane:234 - (OptionalMessage_ERROR) IP (DMA) : Parameter (MemInc) has Id (MEMTOMEM1) currently not set
2026-03-17 21:26:53,825 [INFO] ImportTextPane:234 - (OptionalMessage_ERROR) IP (DMA) : Parameter (PeriphDataAlignment) has Id (MEMTOMEM1) currently not set
2026-03-17 21:26:53,825 [INFO] ImportTextPane:234 - (OptionalMessage_ERROR) IP (DMA) : Parameter (MemDataAlignment) has Id (MEMTOMEM1) currently not set
2026-03-17 21:26:53,825 [INFO] ImportTextPane:234 - (OptionalMessage_ERROR) IP (DMA) : Parameter (Mode) has Id (MEMTOMEM1) currently not set
2026-03-17 21:26:53,825 [INFO] ImportTextPane:234 - (OptionalMessage_ERROR) IP (DMA) : Parameter (Priority) has Id (MEMTOMEM1) currently not set
2026-03-17 21:26:53,825 [INFO] ImportTextPane:234 - (OptionalMessage_ERROR) IP (DMA) : Parameter (Instance) has Id (USART3_TX) currently not set
2026-03-17 21:26:53,825 [INFO] ImportTextPane:234 - (OptionalMessage_ERROR) IP (DMA) : Parameter (Direction) has Id (USART3_TX) currently not set
2026-03-17 21:26:53,825 [INFO] ImportTextPane:234 - (OptionalMessage_ERROR) IP (DMA) : Parameter (PeriphInc) has Id (USART3_TX) currently not set
2026-03-17 21:26:53,825 [INFO] ImportTextPane:234 - (OptionalMessage_ERROR) IP (DMA) : Parameter (MemInc) has Id (USART3_TX) currently not set
2026-03-17 21:26:53,826 [INFO] ImportTextPane:234 - (OptionalMessage_ERROR) IP (DMA) : Parameter (PeriphDataAlignment) has Id (USART3_TX) currently not set
2026-03-17 21:26:53,826 [INFO] ImportTextPane:234 - (OptionalMessage_ERROR) IP (DMA) : Parameter (MemDataAlignment) has Id (USART3_TX) currently not set
2026-03-17 21:26:53,828 [INFO] ImportTextPane:234 - (OptionalMessage_ERROR) IP (DMA) : Parameter (Mode) has Id (USART3_TX) currently not set
2026-03-17 21:26:53,828 [INFO] ImportTextPane:234 - (OptionalMessage_ERROR) IP (DMA) : Parameter (Priority) has Id (USART3_TX) currently not set
2026-03-17 21:26:53,830 [WARN] IP:2250 - CMSIS_VERSION not found: check if there is a RefParameter without a condition.
2026-03-17 21:26:53,834 [WARN] IP:2250 - LWIP_NETIF_HOSTNAME_NAME not found: check if there is a RefParameter without a condition.
2026-03-17 21:26:53,856 [INFO] ImportTextPane:234 - (OptionalMessage_ERROR) IP (RCC) : Parameter (ADCFreqValue) has invalid value (36000000)
2026-03-17 21:26:53,856 [INFO] ImportTextPane:234 - (OptionalMessage_ERROR) IP (RCC) : Invalid parameter (FamilyName)
2026-03-17 21:26:53,856 [INFO] ImportTextPane:234 - (OptionalMessage_ERROR) IP (RCC) : Parameter (MCOFreq_Value) has invalid value (72000000)
2026-03-17 21:26:54,181 [INFO] UtilMem:75 - End LoadConfig() Used Memory: 587855488 Bytes (1073741824)
2026-03-17 21:26:54,276 [WARN] ThirdParty:833 - waiting for thirdparty lock release [change project]
2026-03-17 21:26:54,277 [INFO] ThirdParty:835 - entering critical section [change project]
2026-03-17 21:26:54,278 [INFO] ThirdParty:1030 - CMSIS Pack Vendor :STMicroelectronics X-CUBE-PM33A1 1.0.0
2026-03-17 21:26:54,279 [INFO] ThirdParty:1030 - CMSIS Pack Vendor :STMicroelectronics USBPD 4.1
2026-03-17 21:26:54,279 [INFO] ThirdParty:1030 - CMSIS Pack Vendor :STMicroelectronics USB_HOST 2.0.0
2026-03-17 21:26:54,279 [INFO] ThirdParty:1030 - CMSIS Pack Vendor :STMicroelectronics FP-SNS-MOTENVWB1 1.4.0
2026-03-17 21:26:54,279 [INFO] ThirdParty:1030 - CMSIS Pack Vendor :STMicroelectronics X-CUBE-AZRTOS-F4 1.1.0
2026-03-17 21:26:54,279 [INFO] ThirdParty:1030 - CMSIS Pack Vendor :STMicroelectronics LIBJPEG 8.0.0
2026-03-17 21:26:54,279 [INFO] ThirdParty:1030 - CMSIS Pack Vendor :STMicroelectronics FP-ATR-ASTRA1 2.0.2
2026-03-17 21:26:54,279 [INFO] ThirdParty:1030 - CMSIS Pack Vendor :STMicroelectronics FP-ATR-ASTRA1 2.0.1
2026-03-17 21:26:54,279 [INFO] ThirdParty:1030 - CMSIS Pack Vendor :Avnet-IotConnect X-CUBE-IoTC-DA16k-PMOD 1.0.0
2026-03-17 21:26:54,279 [INFO] ThirdParty:1030 - CMSIS Pack Vendor :STMicroelectronics X-CUBE-SMBUS 2.1.0
2026-03-17 21:26:54,279 [INFO] ThirdParty:1030 - CMSIS Pack Vendor :STMicroelectronics X-CUBE-WB05N 1.1.0
2026-03-17 21:26:54,279 [INFO] ThirdParty:1030 - CMSIS Pack Vendor :STMicroelectronics X-CUBE-ISPU 2.1.0
2026-03-17 21:26:54,280 [INFO] ThirdParty:1030 - CMSIS Pack Vendor :STMicroelectronics X-CUBE-IPS 3.2.0
2026-03-17 21:26:54,280 [INFO] ThirdParty:1030 - CMSIS Pack Vendor :STMicroelectronics X-CUBE-ST60 1.0.0
2026-03-17 21:26:54,280 [INFO] ThirdParty:1030 - CMSIS Pack Vendor :STMicroelectronics X-CUBE-NFC12 1.0.0
2026-03-17 21:26:54,280 [INFO] ThirdParty:1030 - CMSIS Pack Vendor :STMicroelectronics X-CUBE-AZRTOS-F7 1.1.0
2026-03-17 21:26:54,280 [INFO] ThirdParty:1030 - CMSIS Pack Vendor :STMicroelectronics X-CUBE-AZRTOS-L5 2.0.0
2026-03-17 21:26:54,280 [INFO] ThirdParty:1030 - CMSIS Pack Vendor :STMicroelectronics USB_DEVICE 2.0.0
2026-03-17 21:26:54,280 [INFO] ThirdParty:1030 - CMSIS Pack Vendor :STMicroelectronics X-CUBE-NFC6 3.1.0
2026-03-17 21:26:54,280 [INFO] ThirdParty:1030 - CMSIS Pack Vendor :STMicroelectronics FP-SNS-MOTENV1 5.1.0
2026-03-17 21:26:54,280 [INFO] ThirdParty:1030 - CMSIS Pack Vendor :STMicroelectronics FreeRTOS 0.0.1
2026-03-17 21:26:54,280 [INFO] ThirdParty:1030 - CMSIS Pack Vendor :STMicroelectronics X-CUBE-DPower 1.2.0
2026-03-17 21:26:54,280 [INFO] ThirdParty:1030 - CMSIS Pack Vendor :STMicroelectronics FP-SNS-FLIGHT1 5.0.2
2026-03-17 21:26:54,280 [INFO] ThirdParty:1030 - CMSIS Pack Vendor :Infineon AIROC-Wi-Fi-Bluetooth-STM32 1.7.0
2026-03-17 21:26:54,281 [INFO] ThirdParty:1030 - CMSIS Pack Vendor :STMicroelectronics PDM2PCM 3.3.0
2026-03-17 21:26:54,281 [INFO] ThirdParty:1030 - CMSIS Pack Vendor :STMicroelectronics X-CUBE-AZRTOS-H7 3.4.0
2026-03-17 21:26:54,281 [INFO] ThirdParty:1030 - CMSIS Pack Vendor :STMicroelectronics X-CUBE-DISPLAY 3.0.0
2026-03-17 21:26:54,281 [INFO] ThirdParty:1030 - CMSIS Pack Vendor :STMicroelectronics X-CUBE-BLE1 7.0.0
2026-03-17 21:26:54,281 [INFO] ThirdParty:1030 - CMSIS Pack Vendor :STMicroelectronics X-CUBE-NFC10 1.0.0
2026-03-17 21:26:54,282 [INFO] ThirdParty:1030 - CMSIS Pack Vendor :STMicroelectronics X-CUBE-BLEMGR 4.0.0
2026-03-17 21:26:54,282 [INFO] ThirdParty:1030 - CMSIS Pack Vendor :STMicroelectronics X-CUBE-FREERTOS 1.3.1
2026-03-17 21:26:54,282 [INFO] ThirdParty:1030 - CMSIS Pack Vendor :STMicroelectronics HAL Drivers 0.0.0
2026-03-17 21:26:54,282 [INFO] ThirdParty:1030 - CMSIS Pack Vendor :STMicroelectronics X-CUBE-ST60 1.1.0
2026-03-17 21:26:54,282 [INFO] ThirdParty:1030 - CMSIS Pack Vendor :emotas I-CUBE-CANOPEN 1.3.0
2026-03-17 21:26:54,282 [INFO] ThirdParty:1030 - CMSIS Pack Vendor :STMicroelectronics X-CUBE-FREERTOS 1.3.0
2026-03-17 21:26:54,282 [INFO] ThirdParty:1030 - CMSIS Pack Vendor :STMicroelectronics X-CUBE-NFC7 1.0.1
2026-03-17 21:26:54,282 [INFO] ThirdParty:1030 - CMSIS Pack Vendor :STMicroelectronics MBEDTLS 2.14.1
2026-03-17 21:26:54,282 [INFO] ThirdParty:1030 - CMSIS Pack Vendor :STMicroelectronics X-CUBE-GNSS1 7.1.0
2026-03-17 21:26:54,282 [INFO] ThirdParty:1030 - CMSIS Pack Vendor :STMicroelectronics X-CUBE-TOUCHGFX 4.26.0
2026-03-17 21:26:54,282 [INFO] ThirdParty:1030 - CMSIS Pack Vendor :STMicroelectronics X-CUBE-AI 10.0.0
2026-03-17 21:26:54,282 [INFO] ThirdParty:1030 - CMSIS Pack Vendor :STMicroelectronics FP-SNS-STBOX1 2.1.0
2026-03-17 21:26:54,282 [INFO] ThirdParty:1030 - CMSIS Pack Vendor :STMicroelectronics FP-SNS-STAIOTCFT 1.0.0
2026-03-17 21:26:54,282 [INFO] ThirdParty:1030 - CMSIS Pack Vendor :STMicroelectronics FP-SNS-SMARTAG2 1.2.0
2026-03-17 21:26:54,282 [INFO] ThirdParty:1030 - CMSIS Pack Vendor :STMicroelectronics FP-SNS-FLIGHT1 5.1.0
2026-03-17 21:26:54,282 [INFO] ThirdParty:1030 - CMSIS Pack Vendor :STMicroelectronics X-CUBE-MEMS1 11.1.0
2026-03-17 21:26:54,283 [INFO] ThirdParty:1030 - CMSIS Pack Vendor :STMicroelectronics X-CUBE-AZRTOS-WL 2.0.0
2026-03-17 21:26:54,283 [INFO] ThirdParty:1030 - CMSIS Pack Vendor :STMicroelectronics X-CUBE-DPower 1.3.0
2026-03-17 21:26:54,283 [INFO] ThirdParty:1030 - CMSIS Pack Vendor :STMicroelectronics FP-SNS-MOTENV1 5.0.0
2026-03-17 21:26:54,283 [INFO] ThirdParty:1030 - CMSIS Pack Vendor :STMicroelectronics USB_DEVICE 1.0.0
2026-03-17 21:26:54,283 [INFO] ThirdParty:1030 - CMSIS Pack Vendor :wolfSSL I-CUBE-wolfMQTT 1.19.0
2026-03-17 21:26:54,284 [INFO] ThirdParty:1030 - CMSIS Pack Vendor :STMicroelectronics X-CUBE-AZRTOS-L4 2.0.0
2026-03-17 21:26:54,285 [INFO] ThirdParty:1030 - CMSIS Pack Vendor :STMicroelectronics ThreadX 0.0.2
2026-03-17 21:26:54,286 [INFO] ThirdParty:1030 - CMSIS Pack Vendor :WES I-CUBE-Cesium 1.3.0
2026-03-17 21:26:54,286 [INFO] ThirdParty:1030 - CMSIS Pack Vendor :STMicroelectronics lwIP 2.1.2
2026-03-17 21:26:54,286 [INFO] ThirdParty:1030 - CMSIS Pack Vendor :STMicroelectronics X-CUBE-SFXS2LP1 4.0.0
2026-03-17 21:26:54,286 [INFO] ThirdParty:1030 - CMSIS Pack Vendor :STMicroelectronics X-CUBE-BLE2 3.3.0
2026-03-17 21:26:54,287 [INFO] ThirdParty:1030 - CMSIS Pack Vendor :STMicroelectronics PDM2PCM 3.2.0
2026-03-17 21:26:54,287 [INFO] ThirdParty:1030 - CMSIS Pack Vendor :STMicroelectronics X-CUBE-AZRTOS-H7 3.3.0
2026-03-17 21:26:54,287 [INFO] ThirdParty:1030 - CMSIS Pack Vendor :STMicroelectronics X-CUBE-NFC9 1.0.0
2026-03-17 21:26:54,287 [INFO] ThirdParty:1030 - CMSIS Pack Vendor :STMicroelectronics X-CUBE-BLE1 7.1.0
2026-03-17 21:26:54,287 [INFO] ThirdParty:1030 - CMSIS Pack Vendor :wolfSSL I-CUBE-wolfMQTT 1.19.2
2026-03-17 21:26:54,287 [INFO] ThirdParty:1030 - CMSIS Pack Vendor :STMicroelectronics USB_DEVICE 3.0.0
2026-03-17 21:26:54,287 [INFO] ThirdParty:1030 - CMSIS Pack Vendor :STMicroelectronics X-CUBE-EEPRMA1 5.2.0
2026-03-17 21:26:54,287 [INFO] ThirdParty:1030 - CMSIS Pack Vendor :STMicroelectronics X-CUBE-BLEMGR 4.1.0
2026-03-17 21:26:54,287 [INFO] ThirdParty:1030 - CMSIS Pack Vendor :STMicroelectronics X-CUBE-AZRTOS-WB 2.0.0
2026-03-17 21:26:54,287 [INFO] ThirdParty:1030 - CMSIS Pack Vendor :STMicroelectronics X-CUBE-GNSS1 7.0.1
2026-03-17 21:26:54,287 [INFO] ThirdParty:1030 - CMSIS Pack Vendor :STMicroelectronics X-CUBE-TOUCHGFX 4.25.0
2026-03-17 21:26:54,287 [INFO] ThirdParty:1030 - CMSIS Pack Vendor :STMicroelectronics X-CUBE-ST67W61 1.1.0
2026-03-17 21:26:54,287 [INFO] ThirdParty:1030 - CMSIS Pack Vendor :STMicroelectronics FP-SNS-STBOX1 2.0.0
2026-03-17 21:26:54,287 [INFO] ThirdParty:1030 - CMSIS Pack Vendor :STMicroelectronics X-CUBE-AZRTOS-G0 1.1.0
2026-03-17 21:26:54,287 [INFO] ThirdParty:1030 - CMSIS Pack Vendor :STMicroelectronics X-CUBE-SAFEA1 1.2.2
2026-03-17 21:26:54,287 [INFO] ThirdParty:1030 - CMSIS Pack Vendor :STMicroelectronics X-CUBE-NFC4 3.0.0
2026-03-17 21:26:54,287 [INFO] ThirdParty:1030 - CMSIS Pack Vendor :STMicroelectronics X-CUBE-SUBG2 5.0.0
2026-03-17 21:26:54,287 [INFO] ThirdParty:1030 - CMSIS Pack Vendor :STMicroelectronics X-CUBE-AZRTOS-H7RS 1.1.0
2026-03-17 21:26:54,287 [INFO] ThirdParty:1030 - CMSIS Pack Vendor :STMicroelectronics STM32_WPAN 1.0.0
2026-03-17 21:26:54,287 [INFO] ThirdParty:1030 - CMSIS Pack Vendor :EmbeddedOffice I-CUBE-FS-RTOS 1.0.1
2026-03-17 21:26:54,287 [INFO] ThirdParty:1030 - CMSIS Pack Vendor :STMicroelectronics lwIP 2.0.3
2026-03-17 21:26:54,288 [INFO] ThirdParty:1030 - CMSIS Pack Vendor :Cesanta I-CUBE-Mongoose 7.13.0
2026-03-17 21:26:54,288 [INFO] ThirdParty:1030 - CMSIS Pack Vendor :STMicroelectronics USB_HOST 1.0.0
2026-03-17 21:26:54,288 [INFO] ThirdParty:1030 - CMSIS Pack Vendor :STMicroelectronics X-CUBE-AZRTOS-G4 2.0.0
2026-03-17 21:26:54,288 [INFO] ThirdParty:1030 - CMSIS Pack Vendor :STMicroelectronics X-CUBE-WB05N 2.0.0
2026-03-17 21:26:54,288 [INFO] ThirdParty:1030 - CMSIS Pack Vendor :STMicroelectronics PDM2PCM 3.1.0
2026-03-17 21:26:54,288 [INFO] ThirdParty:1030 - CMSIS Pack Vendor :wolfSSL I-CUBE-wolfTPM 3.8.0
2026-03-17 21:26:54,288 [INFO] ThirdParty:1030 - CMSIS Pack Vendor :wolfSSL I-CUBE-wolfSSH 1.4.20
2026-03-17 21:26:54,288 [INFO] ThirdParty:1030 - CMSIS Pack Vendor :STMicroelectronics X-CUBE-NFC7 2.0.0
2026-03-17 21:26:54,288 [INFO] ThirdParty:1030 - CMSIS Pack Vendor :STMicroelectronics X-CUBE-TCPP 4.2.0
2026-03-17 21:26:54,288 [INFO] ThirdParty:1030 - CMSIS Pack Vendor :RealThread X-CUBE-RT-Thread_Nano 4.1.1
2026-03-17 21:26:54,288 [INFO] ThirdParty:1030 - CMSIS Pack Vendor :STMicroelectronics FP-ATR-SIGFOX1 3.2.0
2026-03-17 21:26:54,288 [INFO] ThirdParty:1030 - CMSIS Pack Vendor :quantropi X-CUBE-qispace-sdk-base 1.9.3
2026-03-17 21:26:54,288 [INFO] ThirdParty:1030 - CMSIS Pack Vendor :STMicroelectronics X-CUBE-EEPRMA1 5.1.0
2026-03-17 21:26:54,288 [INFO] ThirdParty:1030 - CMSIS Pack Vendor :STMicroelectronics MBEDTLS 2.16.2
2026-03-17 21:26:54,288 [INFO] ThirdParty:1030 - CMSIS Pack Vendor :STMicroelectronics X-CUBE-IPS 3.1.0
2026-03-17 21:26:54,288 [INFO] ThirdParty:1030 - CMSIS Pack Vendor :STMicroelectronics X-CUBE-ALS 1.0.2
2026-03-17 21:26:54,288 [INFO] ThirdParty:1030 - CMSIS Pack Vendor :wolfSSL I-CUBE-wolfSSL 5.7.6
2026-03-17 21:26:54,288 [INFO] ThirdParty:1030 - CMSIS Pack Vendor :ITTIA_DB I-CUBE-ITTIADB 8.9.0
2026-03-17 21:26:54,288 [INFO] ThirdParty:1030 - CMSIS Pack Vendor :STMicroelectronics X-CUBE-TOUCHGFX 4.24.2
2026-03-17 21:26:54,288 [INFO] ThirdParty:1030 - CMSIS Pack Vendor :STMicroelectronics X-CUBE-STSE01 1.0.0
2026-03-17 21:26:54,288 [INFO] ThirdParty:1030 - CMSIS Pack Vendor :wolfSSL I-CUBE-wolfTPM 3.4.0
2026-03-17 21:26:54,289 [INFO] ThirdParty:1030 - CMSIS Pack Vendor :portGmbH I-Cube-SoM-uGOAL 1.1.0
2026-03-17 21:26:54,289 [INFO] ThirdParty:1030 - CMSIS Pack Vendor :STMicroelectronics X-CUBE-ST67W61 1.0.0
2026-03-17 21:26:54,289 [INFO] ThirdParty:1030 - CMSIS Pack Vendor :STMicroelectronics X-CUBE-AI 10.2.0
2026-03-17 21:26:54,289 [INFO] ThirdParty:1030 - CMSIS Pack Vendor :STMicroelectronics ThreadX 1.0.0
2026-03-17 21:26:54,289 [INFO] ThirdParty:1030 - CMSIS Pack Vendor :SEGGER I-CUBE-embOS 1.3.1
2026-03-17 21:26:54,289 [INFO] ThirdParty:1030 - CMSIS Pack Vendor :STMicroelectronics X-CUBE-ALGOBUILD 1.4.0
2026-03-17 21:26:54,289 [INFO] ThirdParty:1030 - CMSIS Pack Vendor :STMicroelectronics X-CUBE-MEMS1 11.3.0
2026-03-17 21:26:54,289 [INFO] ThirdParty:1030 - CMSIS Pack Vendor :STMicroelectronics X-CUBE-AZRTOS-H7RS 1.0.0
2026-03-17 21:26:54,289 [INFO] ThirdParty:1030 - CMSIS Pack Vendor :STMicroelectronics X-CUBE-TOF1 3.4.2
2026-03-17 21:26:54,289 [INFO] ThirdParty:1030 - CMSIS Pack Vendor :STMicroelectronics X-CUBE-TOF1 3.4.3
2026-03-17 21:26:54,289 [INFO] ThirdParty:1030 - CMSIS Pack Vendor :wolfSSL I-CUBE-wolfSSH 1.4.17
2026-03-17 21:26:54,289 [INFO] ThirdParty:841 - exiting critical section [change project]
2026-03-17 21:26:54,462 [INFO] PinOutPanel:1589 - setPackage(No Configuration,No Configuration)
2026-03-17 21:26:54,464 [INFO] PinOutPanel:1589 - setPackage(STM32F107RCTx,LQFP64)
2026-03-17 21:26:54,707 [INFO] UtilMem:75 - Before build in PCC Used Memory: 728475616 Bytes (1073741824)
2026-03-17 21:26:54,986 [INFO] UtilMem:75 - After build in PCC Used Memory: 770944992 Bytes (1073741824)
2026-03-17 21:26:55,003 [INFO] ApiDbMcu:532 - Load IP Config File for LWIP
2026-03-17 21:26:55,024 [INFO] IPUIPlugin:80 - create IPUIPlugin
2026-03-17 21:26:55,024 [INFO] IPUIPlugin:80 - create IPUIPlugin
2026-03-17 21:26:55,024 [INFO] IPUIPlugin:80 - create IPUIPlugin
2026-03-17 21:26:55,024 [INFO] IPUIPlugin:80 - create IPUIPlugin
2026-03-17 21:26:55,024 [INFO] IPUIPlugin:80 - create IPUIPlugin
2026-03-17 21:26:55,025 [INFO] IPUIPlugin:80 - create IPUIPlugin
2026-03-17 21:26:55,025 [INFO] IPUIPlugin:80 - create IPUIPlugin
2026-03-17 21:26:55,025 [INFO] IPUIPlugin:80 - create IPUIPlugin
2026-03-17 21:26:55,025 [INFO] IPUIPlugin:80 - create IPUIPlugin
2026-03-17 21:26:55,025 [INFO] IPUIPlugin:80 - create IPUIPlugin
2026-03-17 21:26:55,025 [INFO] IPUIPlugin:80 - create IPUIPlugin
2026-03-17 21:26:55,025 [INFO] IPUIPlugin:80 - create IPUIPlugin
2026-03-17 21:26:55,025 [INFO] IPUIPlugin:80 - create IPUIPlugin
2026-03-17 21:26:55,025 [INFO] IPUIPlugin:80 - create IPUIPlugin
2026-03-17 21:26:55,025 [INFO] IPUIPlugin:80 - create IPUIPlugin
2026-03-17 21:26:55,026 [INFO] IPUIPlugin:80 - create IPUIPlugin
2026-03-17 21:26:55,026 [INFO] IPUIPlugin:80 - create IPUIPlugin
2026-03-17 21:26:55,026 [INFO] IPUIPlugin:80 - create IPUIPlugin
2026-03-17 21:26:55,027 [INFO] IPUIPlugin:80 - create IPUIPlugin
2026-03-17 21:26:55,028 [INFO] IPUIPlugin:80 - create IPUIPlugin
2026-03-17 21:26:55,028 [INFO] IPUIPlugin:80 - create IPUIPlugin
2026-03-17 21:26:55,028 [INFO] IPUIPlugin:80 - create IPUIPlugin
2026-03-17 21:26:55,028 [INFO] IPUIPlugin:80 - create IPUIPlugin
2026-03-17 21:26:55,029 [INFO] IPUIPlugin:80 - create IPUIPlugin
2026-03-17 21:26:55,029 [INFO] IPUIPlugin:80 - create IPUIPlugin
2026-03-17 21:26:55,029 [INFO] IPUIPlugin:80 - create IPUIPlugin
2026-03-17 21:26:55,029 [INFO] IPUIPlugin:80 - create IPUIPlugin
2026-03-17 21:26:55,030 [INFO] IPUIPlugin:80 - create IPUIPlugin
2026-03-17 21:26:55,030 [INFO] IPUIPlugin:80 - create IPUIPlugin
2026-03-17 21:26:55,030 [INFO] IPUIPlugin:80 - create IPUIPlugin
2026-03-17 21:26:55,030 [INFO] IPUIPlugin:80 - create IPUIPlugin
2026-03-17 21:26:55,030 [INFO] IPUIPlugin:80 - create IPUIPlugin
2026-03-17 21:26:55,030 [INFO] IPUIPlugin:80 - create IPUIPlugin
2026-03-17 21:26:55,031 [INFO] IPUIPlugin:80 - create IPUIPlugin
2026-03-17 21:26:55,031 [INFO] IPUIPlugin:80 - create IPUIPlugin
2026-03-17 21:26:55,031 [INFO] IPUIPlugin:80 - create IPUIPlugin
2026-03-17 21:26:55,031 [INFO] IPUIPlugin:80 - create IPUIPlugin
2026-03-17 21:26:55,031 [INFO] IPUIPlugin:80 - create IPUIPlugin
2026-03-17 21:26:55,032 [INFO] IPUIPlugin:80 - create IPUIPlugin
2026-03-17 21:26:55,099 [INFO] CADModel:165 - CPN selected for project levelSTM32F107RCT6
2026-03-17 21:26:55,099 [INFO] CADModel:114 - Register for checkConnection events
2026-03-17 21:26:55,185 [INFO] OpenFileManager:386 - Restore cursor
2026-03-17 21:26:55,228 [WARN] IP:2250 - CMSIS_VERSION not found: check if there is a RefParameter without a condition.
2026-03-17 21:26:55,232 [WARN] IP:2250 - LWIP_NETIF_HOSTNAME_NAME not found: check if there is a RefParameter without a condition.
2026-03-17 21:26:55,266 [WARN] IP:2250 - CMSIS_VERSION not found: check if there is a RefParameter without a condition.
2026-03-17 21:26:55,269 [WARN] IP:2250 - LWIP_NETIF_HOSTNAME_NAME not found: check if there is a RefParameter without a condition.
2026-03-17 21:27:08,196 [WARN] IP:2250 - CMSIS_VERSION not found: check if there is a RefParameter without a condition.
2026-03-17 21:27:08,198 [WARN] IP:2250 - LWIP_NETIF_HOSTNAME_NAME not found: check if there is a RefParameter without a condition.
2026-03-17 21:27:08,218 [WARN] IP:2250 - CMSIS_VERSION not found: check if there is a RefParameter without a condition.
2026-03-17 21:27:08,221 [WARN] IP:2250 - LWIP_NETIF_HOSTNAME_NAME not found: check if there is a RefParameter without a condition.
2026-03-17 21:27:08,311 [WARN] IP:2250 - CMSIS_VERSION not found: check if there is a RefParameter without a condition.
2026-03-17 21:27:08,316 [WARN] IP:2250 - LWIP_NETIF_HOSTNAME_NAME not found: check if there is a RefParameter without a condition.
2026-03-17 21:27:08,357 [WARN] IP:2250 - CMSIS_VERSION not found: check if there is a RefParameter without a condition.
2026-03-17 21:27:08,360 [WARN] IP:2250 - LWIP_NETIF_HOSTNAME_NAME not found: check if there is a RefParameter without a condition.
2026-03-17 21:27:38,373 [INFO] UtilMem:75 - End SaveConfig() Used Memory: 650942768 Bytes (1073741824)
2026-03-17 21:27:38,553 [INFO] UtilMem:75 - End SaveConfig() Used Memory: 665622832 Bytes (1073741824)
2026-03-17 21:27:40,325 [INFO] UtilMem:75 - End SaveConfig() Used Memory: 755278128 Bytes (1073741824)
2026-03-17 21:27:40,778 [INFO] BlockDiagram:2775 - set Specific Code input for plugin: NVIC
2026-03-17 21:27:40,778 [INFO] BlockDiagram:2775 - set Specific Code input for plugin: LWIP
2026-03-17 21:27:40,778 [INFO] BlockDiagram:2775 - set Specific Code input for plugin: USART
2026-03-17 21:27:40,778 [INFO] BlockDiagram:2775 - set Specific Code input for plugin: IWDG
2026-03-17 21:27:40,778 [INFO] BlockDiagram:2775 - set Specific Code input for plugin: DMA
2026-03-17 21:27:40,778 [INFO] BlockDiagram:2775 - set Specific Code input for plugin: UART
2026-03-17 21:27:40,778 [INFO] BlockDiagram:2775 - set Specific Code input for plugin: SYS
2026-03-17 21:27:40,779 [INFO] BlockDiagram:2775 - set Specific Code input for plugin: GPIO
2026-03-17 21:27:40,779 [INFO] BlockDiagram:2775 - set Specific Code input for plugin: RCC
2026-03-17 21:27:40,779 [INFO] BlockDiagram:2775 - set Specific Code input for plugin: ETH
2026-03-17 21:27:40,781 [INFO] CodeGenerator:892 - code generatio: config db path: C:\ST\STM32CubeIDE_1.19.0\STM32CubeIDE\plugins\com.st.stm32cube.common.mx_6.15.0.202507011659\\db\
2026-03-17 21:27:40,791 [WARN] IP:2250 - CMSIS_VERSION not found: check if there is a RefParameter without a condition.
2026-03-17 21:27:40,798 [WARN] IP:2250 - LWIP_NETIF_HOSTNAME_NAME not found: check if there is a RefParameter without a condition.
2026-03-17 21:27:41,151 [INFO] CodeEngine:265 - oldGeneratedFile, D:\my_Projects\Electronic\STM32\F1\CubeIDE\lezgiBoard_RS485\MXTmpFiles\license.tmp_save
2026-03-17 21:27:41,318 [INFO] CodeEngine:289 - Generated code: D:\my_Projects\Electronic\STM32\F1\CubeIDE\lezgiBoard_RS485\MXTmpFiles\license.tmp
2026-03-17 21:27:41,394 [INFO] CodeEngine:265 - oldGeneratedFile, D:\my_Projects\Electronic\STM32\F1\CubeIDE\lezgiBoard_RS485\MXTmpFiles\gpio.tmp_save
2026-03-17 21:27:41,523 [INFO] CodeEngine:289 - Generated code: D:\my_Projects\Electronic\STM32\F1\CubeIDE\lezgiBoard_RS485\MXTmpFiles\gpio.tmp
2026-03-17 21:27:41,647 [INFO] CodeEngine:265 - oldGeneratedFile, D:\my_Projects\Electronic\STM32\F1\CubeIDE\lezgiBoard_RS485\MXTmpFiles\eth_vars.tmp_save
2026-03-17 21:27:41,788 [INFO] CodeEngine:289 - Generated code: D:\my_Projects\Electronic\STM32\F1\CubeIDE\lezgiBoard_RS485\MXTmpFiles\eth_vars.tmp
2026-03-17 21:27:41,796 [INFO] CodeEngine:265 - oldGeneratedFile, D:\my_Projects\Electronic\STM32\F1\CubeIDE\lezgiBoard_RS485\MXTmpFiles\eth_inc.tmp_save
2026-03-17 21:27:41,988 [INFO] CodeEngine:289 - Generated code: D:\my_Projects\Electronic\STM32\F1\CubeIDE\lezgiBoard_RS485\MXTmpFiles\eth_inc.tmp
2026-03-17 21:27:41,997 [INFO] CodeEngine:265 - oldGeneratedFile, D:\my_Projects\Electronic\STM32\F1\CubeIDE\lezgiBoard_RS485\MXTmpFiles\eth_HalInit.tmp_save
2026-03-17 21:27:42,168 [INFO] CodeEngine:289 - Generated code: D:\my_Projects\Electronic\STM32\F1\CubeIDE\lezgiBoard_RS485\MXTmpFiles\eth_HalInit.tmp
2026-03-17 21:27:42,174 [INFO] CodeEngine:265 - oldGeneratedFile, D:\my_Projects\Electronic\STM32\F1\CubeIDE\lezgiBoard_RS485\MXTmpFiles\eth_Msp.tmp_save
2026-03-17 21:27:42,321 [INFO] CodeEngine:289 - Generated code: D:\my_Projects\Electronic\STM32\F1\CubeIDE\lezgiBoard_RS485\MXTmpFiles\eth_Msp.tmp
2026-03-17 21:27:42,689 [INFO] Middleware:1452 - No code input for Bsp Dependency
2026-03-17 21:27:42,775 [INFO] CodeEngine:265 - oldGeneratedFile, D:\my_Projects\Electronic\STM32\F1\CubeIDE\lezgiBoard_RS485\MXTmpFiles\dma.tmp_save
2026-03-17 21:27:42,920 [INFO] CodeEngine:289 - Generated code: D:\my_Projects\Electronic\STM32\F1\CubeIDE\lezgiBoard_RS485\MXTmpFiles\dma.tmp
2026-03-17 21:27:42,957 [INFO] CodeEngine:265 - oldGeneratedFile, D:\my_Projects\Electronic\STM32\F1\CubeIDE\lezgiBoard_RS485\MXTmpFiles\dma_GV.tmp_save
2026-03-17 21:27:43,110 [INFO] CodeEngine:289 - Generated code: D:\my_Projects\Electronic\STM32\F1\CubeIDE\lezgiBoard_RS485\MXTmpFiles\dma_GV.tmp
2026-03-17 21:27:43,129 [INFO] Middleware:1452 - No code input for Bsp Dependency
2026-03-17 21:27:43,160 [INFO] CodeEngine:265 - oldGeneratedFile, D:\my_Projects\Electronic\STM32\F1\CubeIDE\lezgiBoard_RS485\LWIP\App\lwip.c_save
2026-03-17 21:27:43,360 [INFO] CodeEngine:289 - Generated code: D:\my_Projects\Electronic\STM32\F1\CubeIDE\lezgiBoard_RS485\LWIP\App\lwip.c
2026-03-17 21:27:43,379 [INFO] CodeEngine:265 - oldGeneratedFile, D:\my_Projects\Electronic\STM32\F1\CubeIDE\lezgiBoard_RS485\LWIP\App\lwip.h_save
2026-03-17 21:27:43,536 [ERROR] ConfigurationRetriever:142 - IOException on connection: Connect timed out
2026-03-17 21:27:43,546 [INFO] CodeEngine:289 - Generated code: D:\my_Projects\Electronic\STM32\F1\CubeIDE\lezgiBoard_RS485\LWIP\App\lwip.h
2026-03-17 21:27:43,557 [INFO] CodeEngine:265 - oldGeneratedFile, D:\my_Projects\Electronic\STM32\F1\CubeIDE\lezgiBoard_RS485\LWIP\Target\lwipopts.h_save
2026-03-17 21:27:43,746 [INFO] CodeEngine:289 - Generated code: D:\my_Projects\Electronic\STM32\F1\CubeIDE\lezgiBoard_RS485\LWIP\Target\lwipopts.h
2026-03-17 21:27:43,756 [INFO] CodeEngine:265 - oldGeneratedFile, D:\my_Projects\Electronic\STM32\F1\CubeIDE\lezgiBoard_RS485\LWIP\Target\ethernetif.c_save
2026-03-17 21:27:43,854 [INFO] CodeEngine:289 - Generated code: D:\my_Projects\Electronic\STM32\F1\CubeIDE\lezgiBoard_RS485\LWIP\Target\ethernetif.c
2026-03-17 21:27:43,861 [INFO] CodeEngine:265 - oldGeneratedFile, D:\my_Projects\Electronic\STM32\F1\CubeIDE\lezgiBoard_RS485\LWIP\Target\ethernetif.h_save
2026-03-17 21:27:43,938 [INFO] CodeEngine:289 - Generated code: D:\my_Projects\Electronic\STM32\F1\CubeIDE\lezgiBoard_RS485\LWIP\Target\ethernetif.h
2026-03-17 21:27:43,966 [INFO] CodeEngine:265 - oldGeneratedFile, D:\my_Projects\Electronic\STM32\F1\CubeIDE\lezgiBoard_RS485\Core\Src\stm32f1xx_it.c_save
2026-03-17 21:27:44,079 [INFO] CodeEngine:289 - Generated code: D:\my_Projects\Electronic\STM32\F1\CubeIDE\lezgiBoard_RS485\Core\Src\stm32f1xx_it.c
2026-03-17 21:27:44,085 [INFO] CodeEngine:265 - oldGeneratedFile, D:\my_Projects\Electronic\STM32\F1\CubeIDE\lezgiBoard_RS485\Core\Inc\stm32f1xx_it.h_save
2026-03-17 21:27:44,159 [INFO] CodeEngine:289 - Generated code: D:\my_Projects\Electronic\STM32\F1\CubeIDE\lezgiBoard_RS485\Core\Inc\stm32f1xx_it.h
2026-03-17 21:27:44,178 [INFO] CodeEngine:265 - oldGeneratedFile, D:\my_Projects\Electronic\STM32\F1\CubeIDE\lezgiBoard_RS485\Core\Src\stm32f1xx_hal_msp.c_save
2026-03-17 21:27:44,267 [INFO] CodeEngine:289 - Generated code: D:\my_Projects\Electronic\STM32\F1\CubeIDE\lezgiBoard_RS485\Core\Src\stm32f1xx_hal_msp.c
2026-03-17 21:27:44,272 [INFO] CodeEngine:265 - oldGeneratedFile, D:\my_Projects\Electronic\STM32\F1\CubeIDE\lezgiBoard_RS485\MXTmpFiles\system.tmp_save
2026-03-17 21:27:44,326 [INFO] CodeEngine:289 - Generated code: D:\my_Projects\Electronic\STM32\F1\CubeIDE\lezgiBoard_RS485\MXTmpFiles\system.tmp
2026-03-17 21:27:44,336 [INFO] CodeEngine:265 - oldGeneratedFile, D:\my_Projects\Electronic\STM32\F1\CubeIDE\lezgiBoard_RS485\Core\Src\stm32f1xx_hal_timebase_tim.c_save
2026-03-17 21:27:44,425 [INFO] CodeEngine:289 - Generated code: D:\my_Projects\Electronic\STM32\F1\CubeIDE\lezgiBoard_RS485\Core\Src\stm32f1xx_hal_timebase_tim.c
2026-03-17 21:27:44,437 [INFO] CodeEngine:321 - oldGeneratedFile, D:\my_Projects\Electronic\STM32\F1\CubeIDE\lezgiBoard_RS485\Core\Inc\stm32f1xx_hal_conf.h_save
2026-03-17 21:27:44,501 [INFO] CodeEngine:345 - Generated code: D:\my_Projects\Electronic\STM32\F1\CubeIDE\lezgiBoard_RS485\Core\Inc\stm32f1xx_hal_conf.h
2026-03-17 21:27:44,518 [INFO] ApiDbMcu:532 - Load IP Config File for IWDG
2026-03-17 21:27:44,526 [INFO] ApiDbMcu:532 - Load IP Config File for UART5
2026-03-17 21:27:44,536 [INFO] ApiDbMcu:532 - Load IP Config File for USART3
2026-03-17 21:27:44,542 [INFO] ApiDbMcu:532 - Load IP Config File for RCC
2026-03-17 21:27:44,568 [INFO] CodeEngine:265 - oldGeneratedFile, D:\my_Projects\Electronic\STM32\F1\CubeIDE\lezgiBoard_RS485\Core\Inc\main.h_save
2026-03-17 21:27:44,630 [INFO] CodeEngine:289 - Generated code: D:\my_Projects\Electronic\STM32\F1\CubeIDE\lezgiBoard_RS485\Core\Inc\main.h
2026-03-17 21:27:44,636 [INFO] CodeEngine:265 - oldGeneratedFile, D:\my_Projects\Electronic\STM32\F1\CubeIDE\lezgiBoard_RS485\Core\Src\main.c_save
2026-03-17 21:27:44,789 [INFO] CodeEngine:289 - Generated code: D:\my_Projects\Electronic\STM32\F1\CubeIDE\lezgiBoard_RS485\Core\Src\main.c
2026-03-17 21:27:45,566 [ERROR] ConfigurationRetriever:142 - IOException on connection: Connect timed out
2026-03-17 21:27:45,898 [INFO] ProjectBuilder:3606 - Time for Copy HAL[1] : 762mS.
2026-03-17 21:27:45,909 [INFO] ProjectBuilder:5216 - Project Generator version: 4.7.0-B52
2026-03-17 21:27:46,040 [INFO] ConfigFileManager:1595 - The Die is : DIE418
2026-03-17 21:27:46,042 [INFO] ApiDbMcu:532 - Load IP Config File for FATFS
2026-03-17 21:27:46,049 [INFO] ApiDbMcu:532 - Load IP Config File for FREERTOS
2026-03-17 21:27:46,053 [INFO] ApiDbMcu:532 - Load IP Config File for USB_DEVICE
2026-03-17 21:27:46,057 [INFO] ApiDbMcu:532 - Load IP Config File for USB_HOST
2026-03-17 21:27:48,391 [INFO] ProjectBuilder:5496 - Time for Generating toolchain IDE Files: 2483mS.
2026-03-17 21:27:48,393 [INFO] ProjectBuilder:3463 - Time for Copy CMSIS : 0mS.
2026-03-17 21:27:48,413 [INFO] ProjectBuilder:3463 - Time for Copy CMSIS : 1mS.
2026-03-17 21:27:48,539 [ERROR] ConfigurationRetriever:142 - IOException on connection: Connect timed out
2026-03-17 21:27:50,569 [ERROR] ConfigurationRetriever:142 - IOException on connection: Connect timed out
2026-03-17 21:27:53,542 [ERROR] ConfigurationRetriever:142 - IOException on connection: Connect timed out
2026-03-17 21:27:55,571 [ERROR] ConfigurationRetriever:142 - IOException on connection: Connect timed out
2026-03-17 21:28:14,232 [INFO] UtilMem:75 - End SaveConfig() Used Memory: 554752736 Bytes (1073741824)
2026-03-17 21:28:14,423 [INFO] UtilMem:75 - End SaveConfig() Used Memory: 569959136 Bytes (1073741824)
2026-03-17 21:28:15,811 [INFO] UtilMem:75 - End SaveConfig() Used Memory: 723051232 Bytes (1073741824)
2026-03-17 21:28:16,136 [INFO] BlockDiagram:2775 - set Specific Code input for plugin: NVIC
2026-03-17 21:28:16,136 [INFO] BlockDiagram:2775 - set Specific Code input for plugin: LWIP
2026-03-17 21:28:16,136 [INFO] BlockDiagram:2775 - set Specific Code input for plugin: USART
2026-03-17 21:28:16,136 [INFO] BlockDiagram:2775 - set Specific Code input for plugin: IWDG
2026-03-17 21:28:16,136 [INFO] BlockDiagram:2775 - set Specific Code input for plugin: DMA
2026-03-17 21:28:16,136 [INFO] BlockDiagram:2775 - set Specific Code input for plugin: UART
2026-03-17 21:28:16,136 [INFO] BlockDiagram:2775 - set Specific Code input for plugin: SYS
2026-03-17 21:28:16,137 [INFO] BlockDiagram:2775 - set Specific Code input for plugin: GPIO
2026-03-17 21:28:16,137 [INFO] BlockDiagram:2775 - set Specific Code input for plugin: RCC
2026-03-17 21:28:16,137 [INFO] BlockDiagram:2775 - set Specific Code input for plugin: ETH
2026-03-17 21:28:16,138 [INFO] CodeGenerator:892 - code generatio: config db path: C:\ST\STM32CubeIDE_1.19.0\STM32CubeIDE\plugins\com.st.stm32cube.common.mx_6.15.0.202507011659\\db\
2026-03-17 21:28:16,139 [INFO] Argument:325 - Argument : hdmavalue: null
2026-03-17 21:28:16,139 [INFO] Argument:327 - 	 sub Args: 
2026-03-17 21:28:16,139 [INFO] Argument:325 - Argument : Instancevalue: DMA1_Channel1
2026-03-17 21:28:16,139 [INFO] Argument:335 - Argument : Instancevalue: DMA1_Channel1
2026-03-17 21:28:16,139 [INFO] Argument:325 - Argument : Initvalue: null
2026-03-17 21:28:16,139 [INFO] Argument:327 - 	 sub Args: 
2026-03-17 21:28:16,139 [INFO] Argument:325 - Argument : Directionvalue: DMA_MEMORY_TO_MEMORY
2026-03-17 21:28:16,140 [INFO] Argument:335 - Argument : Directionvalue: DMA_MEMORY_TO_MEMORY
2026-03-17 21:28:16,140 [INFO] Argument:325 - Argument : PeriphIncvalue: DMA_PINC_ENABLE
2026-03-17 21:28:16,140 [INFO] Argument:335 - Argument : PeriphIncvalue: DMA_PINC_ENABLE
2026-03-17 21:28:16,140 [INFO] Argument:325 - Argument : MemIncvalue: DMA_MINC_ENABLE
2026-03-17 21:28:16,140 [INFO] Argument:335 - Argument : MemIncvalue: DMA_MINC_ENABLE
2026-03-17 21:28:16,140 [INFO] Argument:325 - Argument : PeriphDataAlignmentvalue: DMA_PDATAALIGN_BYTE
2026-03-17 21:28:16,140 [INFO] Argument:335 - Argument : PeriphDataAlignmentvalue: DMA_PDATAALIGN_BYTE
2026-03-17 21:28:16,140 [INFO] Argument:325 - Argument : MemDataAlignmentvalue: DMA_MDATAALIGN_BYTE
2026-03-17 21:28:16,140 [INFO] Argument:335 - Argument : MemDataAlignmentvalue: DMA_MDATAALIGN_BYTE
2026-03-17 21:28:16,140 [INFO] Argument:325 - Argument : Modevalue: DMA_NORMAL
2026-03-17 21:28:16,140 [INFO] Argument:335 - Argument : Modevalue: DMA_NORMAL
2026-03-17 21:28:16,140 [INFO] Argument:325 - Argument : Priorityvalue: DMA_PRIORITY_MEDIUM
2026-03-17 21:28:16,140 [INFO] Argument:335 - Argument : Priorityvalue: DMA_PRIORITY_MEDIUM
2026-03-17 21:28:16,140 [INFO] Argument:325 - Argument : Lockvalue: null
2026-03-17 21:28:16,140 [INFO] Argument:335 - Argument : Lockvalue: null
2026-03-17 21:28:16,140 [INFO] Argument:325 - Argument : Statevalue: null
2026-03-17 21:28:16,140 [INFO] Argument:335 - Argument : Statevalue: null
2026-03-17 21:28:16,140 [INFO] Argument:325 - Argument : Parentvalue: null
2026-03-17 21:28:16,140 [INFO] Argument:335 - Argument : Parentvalue: null
2026-03-17 21:28:16,140 [INFO] Argument:325 - Argument : XferCpltCallbackvalue: null
2026-03-17 21:28:16,140 [INFO] Argument:335 - Argument : XferCpltCallbackvalue: null
2026-03-17 21:28:16,140 [INFO] Argument:325 - Argument : XferHalfCpltCallbackvalue: null
2026-03-17 21:28:16,140 [INFO] Argument:335 - Argument : XferHalfCpltCallbackvalue: null
2026-03-17 21:28:16,140 [INFO] Argument:325 - Argument : XferErrorCallbackvalue: null
2026-03-17 21:28:16,140 [INFO] Argument:335 - Argument : XferErrorCallbackvalue: null
2026-03-17 21:28:16,140 [INFO] Argument:325 - Argument : ErrorCodevalue: null
2026-03-17 21:28:16,140 [INFO] Argument:335 - Argument : ErrorCodevalue: null
2026-03-17 21:28:16,140 [INFO] Argument:325 - Argument : hdmavalue: null
2026-03-17 21:28:16,140 [INFO] Argument:327 - 	 sub Args: 
2026-03-17 21:28:16,140 [INFO] Argument:325 - Argument : Instancevalue: DMA1_Channel3
2026-03-17 21:28:16,140 [INFO] Argument:335 - Argument : Instancevalue: DMA1_Channel3
2026-03-17 21:28:16,140 [INFO] Argument:325 - Argument : Initvalue: null
2026-03-17 21:28:16,141 [INFO] Argument:327 - 	 sub Args: 
2026-03-17 21:28:16,141 [INFO] Argument:325 - Argument : Directionvalue: DMA_MEMORY_TO_MEMORY
2026-03-17 21:28:16,141 [INFO] Argument:335 - Argument : Directionvalue: DMA_MEMORY_TO_MEMORY
2026-03-17 21:28:16,141 [INFO] Argument:325 - Argument : PeriphIncvalue: DMA_PINC_ENABLE
2026-03-17 21:28:16,141 [INFO] Argument:335 - Argument : PeriphIncvalue: DMA_PINC_ENABLE
2026-03-17 21:28:16,141 [INFO] Argument:325 - Argument : MemIncvalue: DMA_MINC_ENABLE
2026-03-17 21:28:16,141 [INFO] Argument:335 - Argument : MemIncvalue: DMA_MINC_ENABLE
2026-03-17 21:28:16,141 [INFO] Argument:325 - Argument : PeriphDataAlignmentvalue: DMA_PDATAALIGN_BYTE
2026-03-17 21:28:16,141 [INFO] Argument:335 - Argument : PeriphDataAlignmentvalue: DMA_PDATAALIGN_BYTE
2026-03-17 21:28:16,141 [INFO] Argument:325 - Argument : MemDataAlignmentvalue: DMA_MDATAALIGN_BYTE
2026-03-17 21:28:16,141 [INFO] Argument:335 - Argument : MemDataAlignmentvalue: DMA_MDATAALIGN_BYTE
2026-03-17 21:28:16,141 [INFO] Argument:325 - Argument : Modevalue: DMA_NORMAL
2026-03-17 21:28:16,141 [INFO] Argument:335 - Argument : Modevalue: DMA_NORMAL
2026-03-17 21:28:16,141 [INFO] Argument:325 - Argument : Priorityvalue: DMA_PRIORITY_LOW
2026-03-17 21:28:16,141 [INFO] Argument:335 - Argument : Priorityvalue: DMA_PRIORITY_LOW
2026-03-17 21:28:16,141 [INFO] Argument:325 - Argument : Lockvalue: null
2026-03-17 21:28:16,141 [INFO] Argument:335 - Argument : Lockvalue: null
2026-03-17 21:28:16,141 [INFO] Argument:325 - Argument : Statevalue: null
2026-03-17 21:28:16,141 [INFO] Argument:335 - Argument : Statevalue: null
2026-03-17 21:28:16,141 [INFO] Argument:325 - Argument : Parentvalue: null
2026-03-17 21:28:16,141 [INFO] Argument:335 - Argument : Parentvalue: null
2026-03-17 21:28:16,141 [INFO] Argument:325 - Argument : XferCpltCallbackvalue: null
2026-03-17 21:28:16,141 [INFO] Argument:335 - Argument : XferCpltCallbackvalue: null
2026-03-17 21:28:16,141 [INFO] Argument:325 - Argument : XferHalfCpltCallbackvalue: null
2026-03-17 21:28:16,141 [INFO] Argument:335 - Argument : XferHalfCpltCallbackvalue: null
2026-03-17 21:28:16,141 [INFO] Argument:325 - Argument : XferErrorCallbackvalue: null
2026-03-17 21:28:16,141 [INFO] Argument:335 - Argument : XferErrorCallbackvalue: null
2026-03-17 21:28:16,141 [INFO] Argument:325 - Argument : ErrorCodevalue: null
2026-03-17 21:28:16,142 [INFO] Argument:335 - Argument : ErrorCodevalue: null
2026-03-17 21:28:16,142 [INFO] Argument:325 - Argument : hdmavalue: null
2026-03-17 21:28:16,142 [INFO] Argument:327 - 	 sub Args: 
2026-03-17 21:28:16,142 [INFO] Argument:325 - Argument : Instancevalue: DMA1_Channel1
2026-03-17 21:28:16,142 [INFO] Argument:335 - Argument : Instancevalue: DMA1_Channel1
2026-03-17 21:28:16,142 [INFO] Argument:325 - Argument : Initvalue: null
2026-03-17 21:28:16,142 [INFO] Argument:327 - 	 sub Args: 
2026-03-17 21:28:16,142 [INFO] Argument:325 - Argument : Directionvalue: DMA_MEMORY_TO_MEMORY
2026-03-17 21:28:16,142 [INFO] Argument:335 - Argument : Directionvalue: DMA_MEMORY_TO_MEMORY
2026-03-17 21:28:16,142 [INFO] Argument:325 - Argument : PeriphIncvalue: DMA_PINC_ENABLE
2026-03-17 21:28:16,142 [INFO] Argument:335 - Argument : PeriphIncvalue: DMA_PINC_ENABLE
2026-03-17 21:28:16,142 [INFO] Argument:325 - Argument : MemIncvalue: DMA_MINC_ENABLE
2026-03-17 21:28:16,142 [INFO] Argument:335 - Argument : MemIncvalue: DMA_MINC_ENABLE
2026-03-17 21:28:16,142 [INFO] Argument:325 - Argument : PeriphDataAlignmentvalue: DMA_PDATAALIGN_BYTE
2026-03-17 21:28:16,142 [INFO] Argument:335 - Argument : PeriphDataAlignmentvalue: DMA_PDATAALIGN_BYTE
2026-03-17 21:28:16,142 [INFO] Argument:325 - Argument : MemDataAlignmentvalue: DMA_MDATAALIGN_BYTE
2026-03-17 21:28:16,142 [INFO] Argument:335 - Argument : MemDataAlignmentvalue: DMA_MDATAALIGN_BYTE
2026-03-17 21:28:16,142 [INFO] Argument:325 - Argument : Modevalue: DMA_NORMAL
2026-03-17 21:28:16,142 [INFO] Argument:335 - Argument : Modevalue: DMA_NORMAL
2026-03-17 21:28:16,142 [INFO] Argument:325 - Argument : Priorityvalue: DMA_PRIORITY_MEDIUM
2026-03-17 21:28:16,142 [INFO] Argument:335 - Argument : Priorityvalue: DMA_PRIORITY_MEDIUM
2026-03-17 21:28:16,142 [INFO] Argument:325 - Argument : Lockvalue: null
2026-03-17 21:28:16,142 [INFO] Argument:335 - Argument : Lockvalue: null
2026-03-17 21:28:16,142 [INFO] Argument:325 - Argument : Statevalue: null
2026-03-17 21:28:16,142 [INFO] Argument:335 - Argument : Statevalue: null
2026-03-17 21:28:16,142 [INFO] Argument:325 - Argument : Parentvalue: null
2026-03-17 21:28:16,142 [INFO] Argument:335 - Argument : Parentvalue: null
2026-03-17 21:28:16,143 [INFO] Argument:325 - Argument : XferCpltCallbackvalue: null
2026-03-17 21:28:16,143 [INFO] Argument:335 - Argument : XferCpltCallbackvalue: null
2026-03-17 21:28:16,143 [INFO] Argument:325 - Argument : XferHalfCpltCallbackvalue: null
2026-03-17 21:28:16,143 [INFO] Argument:335 - Argument : XferHalfCpltCallbackvalue: null
2026-03-17 21:28:16,143 [INFO] Argument:325 - Argument : XferErrorCallbackvalue: null
2026-03-17 21:28:16,143 [INFO] Argument:335 - Argument : XferErrorCallbackvalue: null
2026-03-17 21:28:16,143 [INFO] Argument:325 - Argument : ErrorCodevalue: null
2026-03-17 21:28:16,143 [INFO] Argument:335 - Argument : ErrorCodevalue: null
2026-03-17 21:28:16,151 [WARN] IP:2250 - CMSIS_VERSION not found: check if there is a RefParameter without a condition.
2026-03-17 21:28:16,161 [WARN] IP:2250 - LWIP_NETIF_HOSTNAME_NAME not found: check if there is a RefParameter without a condition.
2026-03-17 21:28:16,248 [INFO] Argument:325 - Argument : hdmavalue: null
2026-03-17 21:28:16,249 [INFO] Argument:327 - 	 sub Args: 
2026-03-17 21:28:16,249 [INFO] Argument:325 - Argument : Instancevalue: DMA1_Channel2
2026-03-17 21:28:16,249 [INFO] Argument:335 - Argument : Instancevalue: DMA1_Channel2
2026-03-17 21:28:16,249 [INFO] Argument:325 - Argument : Initvalue: null
2026-03-17 21:28:16,249 [INFO] Argument:327 - 	 sub Args: 
2026-03-17 21:28:16,249 [INFO] Argument:325 - Argument : Directionvalue: DMA_MEMORY_TO_PERIPH
2026-03-17 21:28:16,249 [INFO] Argument:335 - Argument : Directionvalue: DMA_MEMORY_TO_PERIPH
2026-03-17 21:28:16,249 [INFO] Argument:325 - Argument : PeriphIncvalue: DMA_PINC_DISABLE
2026-03-17 21:28:16,249 [INFO] Argument:335 - Argument : PeriphIncvalue: DMA_PINC_DISABLE
2026-03-17 21:28:16,249 [INFO] Argument:325 - Argument : MemIncvalue: DMA_MINC_ENABLE
2026-03-17 21:28:16,249 [INFO] Argument:335 - Argument : MemIncvalue: DMA_MINC_ENABLE
2026-03-17 21:28:16,249 [INFO] Argument:325 - Argument : PeriphDataAlignmentvalue: DMA_PDATAALIGN_BYTE
2026-03-17 21:28:16,249 [INFO] Argument:335 - Argument : PeriphDataAlignmentvalue: DMA_PDATAALIGN_BYTE
2026-03-17 21:28:16,249 [INFO] Argument:325 - Argument : MemDataAlignmentvalue: DMA_MDATAALIGN_BYTE
2026-03-17 21:28:16,249 [INFO] Argument:335 - Argument : MemDataAlignmentvalue: DMA_MDATAALIGN_BYTE
2026-03-17 21:28:16,249 [INFO] Argument:325 - Argument : Modevalue: DMA_NORMAL
2026-03-17 21:28:16,249 [INFO] Argument:335 - Argument : Modevalue: DMA_NORMAL
2026-03-17 21:28:16,249 [INFO] Argument:325 - Argument : Priorityvalue: DMA_PRIORITY_LOW
2026-03-17 21:28:16,249 [INFO] Argument:335 - Argument : Priorityvalue: DMA_PRIORITY_LOW
2026-03-17 21:28:16,249 [INFO] Argument:325 - Argument : Lockvalue: null
2026-03-17 21:28:16,249 [INFO] Argument:335 - Argument : Lockvalue: null
2026-03-17 21:28:16,249 [INFO] Argument:325 - Argument : Statevalue: null
2026-03-17 21:28:16,249 [INFO] Argument:335 - Argument : Statevalue: null
2026-03-17 21:28:16,249 [INFO] Argument:325 - Argument : Parentvalue: null
2026-03-17 21:28:16,249 [INFO] Argument:335 - Argument : Parentvalue: null
2026-03-17 21:28:16,249 [INFO] Argument:325 - Argument : XferCpltCallbackvalue: null
2026-03-17 21:28:16,249 [INFO] Argument:335 - Argument : XferCpltCallbackvalue: null
2026-03-17 21:28:16,250 [INFO] Argument:325 - Argument : XferHalfCpltCallbackvalue: null
2026-03-17 21:28:16,250 [INFO] Argument:335 - Argument : XferHalfCpltCallbackvalue: null
2026-03-17 21:28:16,250 [INFO] Argument:325 - Argument : XferErrorCallbackvalue: null
2026-03-17 21:28:16,250 [INFO] Argument:335 - Argument : XferErrorCallbackvalue: null
2026-03-17 21:28:16,250 [INFO] Argument:325 - Argument : ErrorCodevalue: null
2026-03-17 21:28:16,250 [INFO] Argument:335 - Argument : ErrorCodevalue: null
2026-03-17 21:28:16,400 [INFO] CodeEngine:265 - oldGeneratedFile, D:\my_Projects\Electronic\STM32\F1\CubeIDE\lezgiBoard_RS485\MXTmpFiles\license.tmp_save
2026-03-17 21:28:16,559 [INFO] CodeEngine:289 - Generated code: D:\my_Projects\Electronic\STM32\F1\CubeIDE\lezgiBoard_RS485\MXTmpFiles\license.tmp
2026-03-17 21:28:16,610 [INFO] CodeEngine:265 - oldGeneratedFile, D:\my_Projects\Electronic\STM32\F1\CubeIDE\lezgiBoard_RS485\MXTmpFiles\gpio.tmp_save
2026-03-17 21:28:16,727 [INFO] CodeEngine:289 - Generated code: D:\my_Projects\Electronic\STM32\F1\CubeIDE\lezgiBoard_RS485\MXTmpFiles\gpio.tmp
2026-03-17 21:28:16,809 [INFO] CodeEngine:265 - oldGeneratedFile, D:\my_Projects\Electronic\STM32\F1\CubeIDE\lezgiBoard_RS485\MXTmpFiles\eth_vars.tmp_save
2026-03-17 21:28:16,873 [INFO] CodeEngine:289 - Generated code: D:\my_Projects\Electronic\STM32\F1\CubeIDE\lezgiBoard_RS485\MXTmpFiles\eth_vars.tmp
2026-03-17 21:28:16,887 [INFO] CodeEngine:265 - oldGeneratedFile, D:\my_Projects\Electronic\STM32\F1\CubeIDE\lezgiBoard_RS485\MXTmpFiles\eth_inc.tmp_save
2026-03-17 21:28:16,987 [INFO] CodeEngine:289 - Generated code: D:\my_Projects\Electronic\STM32\F1\CubeIDE\lezgiBoard_RS485\MXTmpFiles\eth_inc.tmp
2026-03-17 21:28:16,995 [INFO] CodeEngine:265 - oldGeneratedFile, D:\my_Projects\Electronic\STM32\F1\CubeIDE\lezgiBoard_RS485\MXTmpFiles\eth_HalInit.tmp_save
2026-03-17 21:28:17,107 [INFO] CodeEngine:289 - Generated code: D:\my_Projects\Electronic\STM32\F1\CubeIDE\lezgiBoard_RS485\MXTmpFiles\eth_HalInit.tmp
2026-03-17 21:28:17,112 [INFO] CodeEngine:265 - oldGeneratedFile, D:\my_Projects\Electronic\STM32\F1\CubeIDE\lezgiBoard_RS485\MXTmpFiles\eth_Msp.tmp_save
2026-03-17 21:28:17,178 [INFO] CodeEngine:289 - Generated code: D:\my_Projects\Electronic\STM32\F1\CubeIDE\lezgiBoard_RS485\MXTmpFiles\eth_Msp.tmp
2026-03-17 21:28:17,475 [INFO] Middleware:1452 - No code input for Bsp Dependency
2026-03-17 21:28:17,527 [INFO] CodeEngine:265 - oldGeneratedFile, D:\my_Projects\Electronic\STM32\F1\CubeIDE\lezgiBoard_RS485\MXTmpFiles\dma.tmp_save
2026-03-17 21:28:17,634 [INFO] CodeEngine:289 - Generated code: D:\my_Projects\Electronic\STM32\F1\CubeIDE\lezgiBoard_RS485\MXTmpFiles\dma.tmp
2026-03-17 21:28:17,639 [INFO] CodeEngine:265 - oldGeneratedFile, D:\my_Projects\Electronic\STM32\F1\CubeIDE\lezgiBoard_RS485\MXTmpFiles\dma_GV.tmp_save
2026-03-17 21:28:17,718 [INFO] CodeEngine:289 - Generated code: D:\my_Projects\Electronic\STM32\F1\CubeIDE\lezgiBoard_RS485\MXTmpFiles\dma_GV.tmp
2026-03-17 21:28:17,728 [INFO] Middleware:1452 - No code input for Bsp Dependency
2026-03-17 21:28:17,752 [INFO] CodeEngine:265 - oldGeneratedFile, D:\my_Projects\Electronic\STM32\F1\CubeIDE\lezgiBoard_RS485\LWIP\App\lwip.c_save
2026-03-17 21:28:17,849 [INFO] CodeEngine:289 - Generated code: D:\my_Projects\Electronic\STM32\F1\CubeIDE\lezgiBoard_RS485\LWIP\App\lwip.c
2026-03-17 21:28:17,860 [INFO] CodeEngine:265 - oldGeneratedFile, D:\my_Projects\Electronic\STM32\F1\CubeIDE\lezgiBoard_RS485\LWIP\App\lwip.h_save
2026-03-17 21:28:17,939 [INFO] CodeEngine:289 - Generated code: D:\my_Projects\Electronic\STM32\F1\CubeIDE\lezgiBoard_RS485\LWIP\App\lwip.h
2026-03-17 21:28:17,949 [INFO] CodeEngine:265 - oldGeneratedFile, D:\my_Projects\Electronic\STM32\F1\CubeIDE\lezgiBoard_RS485\LWIP\Target\lwipopts.h_save
2026-03-17 21:28:18,212 [INFO] CodeEngine:289 - Generated code: D:\my_Projects\Electronic\STM32\F1\CubeIDE\lezgiBoard_RS485\LWIP\Target\lwipopts.h
2026-03-17 21:28:18,226 [INFO] CodeEngine:265 - oldGeneratedFile, D:\my_Projects\Electronic\STM32\F1\CubeIDE\lezgiBoard_RS485\LWIP\Target\ethernetif.c_save
2026-03-17 21:28:18,361 [INFO] CodeEngine:289 - Generated code: D:\my_Projects\Electronic\STM32\F1\CubeIDE\lezgiBoard_RS485\LWIP\Target\ethernetif.c
2026-03-17 21:28:18,371 [INFO] CodeEngine:265 - oldGeneratedFile, D:\my_Projects\Electronic\STM32\F1\CubeIDE\lezgiBoard_RS485\LWIP\Target\ethernetif.h_save
2026-03-17 21:28:18,499 [INFO] CodeEngine:289 - Generated code: D:\my_Projects\Electronic\STM32\F1\CubeIDE\lezgiBoard_RS485\LWIP\Target\ethernetif.h
2026-03-17 21:28:18,516 [INFO] CodeEngine:265 - oldGeneratedFile, D:\my_Projects\Electronic\STM32\F1\CubeIDE\lezgiBoard_RS485\Core\Src\stm32f1xx_it.c_save
2026-03-17 21:28:18,628 [INFO] CodeEngine:289 - Generated code: D:\my_Projects\Electronic\STM32\F1\CubeIDE\lezgiBoard_RS485\Core\Src\stm32f1xx_it.c
2026-03-17 21:28:18,634 [INFO] CodeEngine:265 - oldGeneratedFile, D:\my_Projects\Electronic\STM32\F1\CubeIDE\lezgiBoard_RS485\Core\Inc\stm32f1xx_it.h_save
2026-03-17 21:28:18,691 [INFO] CodeEngine:289 - Generated code: D:\my_Projects\Electronic\STM32\F1\CubeIDE\lezgiBoard_RS485\Core\Inc\stm32f1xx_it.h
2026-03-17 21:28:18,707 [INFO] CodeEngine:265 - oldGeneratedFile, D:\my_Projects\Electronic\STM32\F1\CubeIDE\lezgiBoard_RS485\Core\Src\stm32f1xx_hal_msp.c_save
2026-03-17 21:28:18,812 [INFO] CodeEngine:289 - Generated code: D:\my_Projects\Electronic\STM32\F1\CubeIDE\lezgiBoard_RS485\Core\Src\stm32f1xx_hal_msp.c
2026-03-17 21:28:18,817 [INFO] CodeEngine:265 - oldGeneratedFile, D:\my_Projects\Electronic\STM32\F1\CubeIDE\lezgiBoard_RS485\MXTmpFiles\system.tmp_save
2026-03-17 21:28:18,875 [INFO] CodeEngine:289 - Generated code: D:\my_Projects\Electronic\STM32\F1\CubeIDE\lezgiBoard_RS485\MXTmpFiles\system.tmp
2026-03-17 21:28:18,888 [INFO] CodeEngine:265 - oldGeneratedFile, D:\my_Projects\Electronic\STM32\F1\CubeIDE\lezgiBoard_RS485\Core\Src\stm32f1xx_hal_timebase_tim.c_save
2026-03-17 21:28:18,962 [INFO] CodeEngine:289 - Generated code: D:\my_Projects\Electronic\STM32\F1\CubeIDE\lezgiBoard_RS485\Core\Src\stm32f1xx_hal_timebase_tim.c
2026-03-17 21:28:18,985 [INFO] CodeEngine:321 - oldGeneratedFile, D:\my_Projects\Electronic\STM32\F1\CubeIDE\lezgiBoard_RS485\Core\Inc\stm32f1xx_hal_conf.h_save
2026-03-17 21:28:19,054 [INFO] CodeEngine:345 - Generated code: D:\my_Projects\Electronic\STM32\F1\CubeIDE\lezgiBoard_RS485\Core\Inc\stm32f1xx_hal_conf.h
2026-03-17 21:28:19,086 [INFO] CodeEngine:265 - oldGeneratedFile, D:\my_Projects\Electronic\STM32\F1\CubeIDE\lezgiBoard_RS485\Core\Inc\main.h_save
2026-03-17 21:28:19,175 [INFO] CodeEngine:289 - Generated code: D:\my_Projects\Electronic\STM32\F1\CubeIDE\lezgiBoard_RS485\Core\Inc\main.h
2026-03-17 21:28:19,185 [INFO] CodeEngine:265 - oldGeneratedFile, D:\my_Projects\Electronic\STM32\F1\CubeIDE\lezgiBoard_RS485\Core\Src\main.c_save
2026-03-17 21:28:19,291 [INFO] CodeEngine:289 - Generated code: D:\my_Projects\Electronic\STM32\F1\CubeIDE\lezgiBoard_RS485\Core\Src\main.c
2026-03-17 21:28:19,378 [ERROR] ConfigurationRetriever:142 - IOException on connection: Connect timed out
2026-03-17 21:28:20,538 [INFO] ProjectBuilder:3606 - Time for Copy HAL[1] : 684mS.
2026-03-17 21:28:20,549 [INFO] ProjectBuilder:5216 - Project Generator version: 4.7.0-B52
2026-03-17 21:28:20,665 [INFO] ConfigFileManager:1595 - The Die is : DIE418
2026-03-17 21:28:22,960 [INFO] ProjectBuilder:5496 - Time for Generating toolchain IDE Files: 2411mS.
2026-03-17 21:28:22,961 [INFO] ProjectBuilder:3463 - Time for Copy CMSIS : 1mS.
2026-03-17 21:28:22,983 [INFO] ProjectBuilder:3463 - Time for Copy CMSIS : 0mS.
2026-03-17 21:28:24,381 [ERROR] ConfigurationRetriever:142 - IOException on connection: Connect timed out
2026-03-17 21:28:29,383 [ERROR] ConfigurationRetriever:142 - IOException on connection: Connect timed out
2026-03-17 21:34:26,974 [ERROR] ConfigurationRetriever:142 - IOException on connection: Connect timed out
2026-03-17 21:34:28,976 [ERROR] ConfigurationRetriever:142 - IOException on connection: Connect timed out
2026-03-17 21:34:30,978 [ERROR] ConfigurationRetriever:142 - IOException on connection: Connect timed out
2026-03-17 21:42:59,177 [ERROR] ConfigurationRetriever:142 - IOException on connection: Connect timed out
2026-03-17 21:43:01,180 [ERROR] ConfigurationRetriever:142 - IOException on connection: Connect timed out
2026-03-17 21:43:03,181 [ERROR] ConfigurationRetriever:142 - IOException on connection: Connect timed out
2026-03-17 21:44:12,234 [WARN] CheckConnectionManager:291 - Warning during Server Connection :  timeout Connect to sw-center.st.com:443 [sw-center.st.com/185.200.232.40, sw-center.st.com/185.200.232.50] failed: Connect timed out
2026-03-17 21:44:14,239 [WARN] CheckConnectionManager:291 - Warning during Server Connection :  timeout Connect to sw-center.st.com:443 [sw-center.st.com/185.200.232.40, sw-center.st.com/185.200.232.50] failed: Connect timed out
2026-03-17 21:44:14,240 [INFO] MainUpdater:2872 - connection check result : 22
2026-03-17 21:44:14,392 [INFO] MicroXplorer:468 - Change Database Path : 
2026-03-17 21:44:14,392 [INFO] MicroXplorer:498 - Change Database Version : DB.6.0.150
2026-03-17 21:44:14,463 [ERROR] ProjectManagerView:395 - 
java.lang.NullPointerException: Cannot invoke "javax.swing.JTextField.getText()" because the return value of "java.util.List.get(int)" is null
	at com.st.microxplorer.plugins.projectmanager.gui.ProjectChoiceTab$9.caretUpdate(ProjectChoiceTab.java:2706) ~[filemanager.jar:?]
	at javax.swing.text.JTextComponent.fireCaretUpdate(JTextComponent.java:408) ~[?:?]
	at javax.swing.text.JTextComponent$MutableCaretEvent.fire(JTextComponent.java:4484) ~[?:?]
	at javax.swing.text.JTextComponent$MutableCaretEvent.stateChanged(JTextComponent.java:4506) ~[?:?]
	at javax.swing.text.DefaultCaret.fireStateChanged(DefaultCaret.java:857) ~[?:?]
	at javax.swing.text.DefaultCaret.changeCaretPosition(DefaultCaret.java:1343) ~[?:?]
	at javax.swing.text.DefaultCaret.handleSetDot(DefaultCaret.java:1242) ~[?:?]
	at javax.swing.text.DefaultCaret.setDot(DefaultCaret.java:1223) ~[?:?]
	at javax.swing.text.DefaultCaret$Handler.insertUpdate(DefaultCaret.java:1819) ~[?:?]
	at javax.swing.text.AbstractDocument.fireInsertUpdate(AbstractDocument.java:227) ~[?:?]
	at javax.swing.text.AbstractDocument.handleInsertString(AbstractDocument.java:781) ~[?:?]
	at javax.swing.text.AbstractDocument.insertString(AbstractDocument.java:740) ~[?:?]
	at javax.swing.text.PlainDocument.insertString(PlainDocument.java:131) ~[?:?]
	at javax.swing.text.AbstractDocument.replace(AbstractDocument.java:699) ~[?:?]
	at javax.swing.text.JTextComponent.setText(JTextComponent.java:1725) ~[?:?]
	at com.st.microxplorer.plugins.projectmanager.gui.ProjectChoiceTab.createHeapStackFields(ProjectChoiceTab.java:993) ~[filemanager.jar:?]
	at com.st.microxplorer.plugins.projectmanager.gui.ProjectChoiceTab.buildLinkSettingsPanel(ProjectChoiceTab.java:3813) ~[filemanager.jar:?]
	at com.st.microxplorer.plugins.projectmanager.gui.ProjectChoiceTab.defineWindowsFields(ProjectChoiceTab.java:1987) ~[filemanager.jar:?]
	at com.st.microxplorer.plugins.projectmanager.gui.ProjectChoiceTab.updateSettings(ProjectChoiceTab.java:558) ~[filemanager.jar:?]
	at com.st.microxplorer.plugins.projectmanager.gui.ProjectSettingsPanel.UpdateDialog(ProjectSettingsPanel.java:247) ~[filemanager.jar:?]
	at com.st.microxplorer.plugins.projectmanager.ProjectManagerView.propertyChange(ProjectManagerView.java:392) ~[filemanager.jar:?]
	at java.beans.PropertyChangeSupport.fire(PropertyChangeSupport.java:343) ~[?:?]
	at java.beans.PropertyChangeSupport.firePropertyChange(PropertyChangeSupport.java:335) ~[?:?]
	at java.beans.PropertyChangeSupport.firePropertyChange(PropertyChangeSupport.java:268) ~[?:?]
	at com.st.microxplorer.util.MXPropertyChangeSupport.firePropertyChange(MXPropertyChangeSupport.java:54) ~[STM32CubeMX.jar:?]
	at com.st.microxplorer.mxsystem.MxSystem.closeConfig(MxSystem.java:899) ~[STM32CubeMX.jar:?]
	at com.st.microxplorer.maingui.MainPanel.closeConfig(MainPanel.java:792) ~[STM32CubeMX.jar:?]
	at com.st.microxplorer.plugins.filemanager.engine.OpenFileManager.loadConfigurationFile(OpenFileManager.java:288) ~[filemanager.jar:?]
	at com.st.microxplorer.plugins.filemanager.engine.MainFileManager.userLoadConfig(MainFileManager.java:364) ~[filemanager.jar:?]
	at com.st.microxplorer.plugins.filemanager.engine.MainFileManager.userLoadConfig(MainFileManager.java:342) ~[filemanager.jar:?]
	at com.st.microxplorer.plugins.filemanager.FileManagerView.getSpecificTask(FileManagerView.java:264) ~[filemanager.jar:?]
	at com.st.stm32cube.common.mx.editor.CubeMxEditor.getMxTabbedPaneInstance(CubeMxEditor.java:1198) ~[com.st.stm32cube.common.mx_6.15.0.202507011659/:?]
	at com.st.stm32cube.common.mx.editor.CubeMxEditor$12$1.createSwingComponent(CubeMxEditor.java:1068) ~[com.st.stm32cube.common.mx_6.15.0.202507011659/:?]
	at com.st.stm32cube.common.mx.oss.core.awtswtbridge.EmbeddedSwingComposite.doComponentCreation(EmbeddedSwingComposite.java:492) ~[com.st.stm32cube.common.mx.oss_6.15.0.202507011659/:?]
	at com.st.stm32cube.common.mx.oss.core.awtswtbridge.EmbeddedSwingComposite$4.run(EmbeddedSwingComposite.java:291) ~[com.st.stm32cube.common.mx.oss_6.15.0.202507011659/:?]
	at com.st.stm32cube.common.mx.oss.core.awtswtbridge.AwtEnvironment$2.run(AwtEnvironment.java:166) ~[com.st.stm32cube.common.mx.oss_6.15.0.202507011659/:?]
	at java.awt.event.InvocationEvent.dispatch(InvocationEvent.java:318) ~[?:?]
	at java.awt.EventQueue.dispatchEventImpl(EventQueue.java:773) ~[?:?]
	at java.awt.EventQueue$4.run(EventQueue.java:720) ~[?:?]
	at java.awt.EventQueue$4.run(EventQueue.java:714) ~[?:?]
	at java.security.AccessController.doPrivileged(AccessController.java:400) ~[?:?]
	at java.security.ProtectionDomain$JavaSecurityAccessImpl.doIntersectionPrivilege(ProtectionDomain.java:87) ~[?:?]
	at java.awt.EventQueue.dispatchEvent(EventQueue.java:742) ~[?:?]
	at java.awt.EventDispatchThread.pumpOneEventForFilters(EventDispatchThread.java:203) ~[?:?]
	at java.awt.EventDispatchThread.pumpEventsForFilter(EventDispatchThread.java:124) ~[?:?]
	at java.awt.EventDispatchThread.pumpEventsForHierarchy(EventDispatchThread.java:113) ~[?:?]
	at java.awt.EventDispatchThread.pumpEvents(EventDispatchThread.java:109) ~[?:?]
	at java.awt.EventDispatchThread.pumpEvents(EventDispatchThread.java:101) ~[?:?]
	at java.awt.EventDispatchThread.run(EventDispatchThread.java:90) ~[?:?]
2026-03-17 21:44:14,466 [WARN] ThirdParty:871 - waiting for thirdparty lock release [close project]
2026-03-17 21:44:14,466 [INFO] ThirdParty:873 - entering critical section [close project]
2026-03-17 21:44:14,466 [INFO] ThirdParty:883 - exiting critical section [close project]
2026-03-17 21:44:14,472 [INFO] PinOutPanel:1589 - setPackage(No Configuration,No Configuration)
2026-03-17 21:44:14,481 [INFO] UtilMem:75 - Begin LoadConfig() Used Memory: 646702072 Bytes (1073741824)
2026-03-17 21:44:14,481 [INFO] MicroXplorer:468 - Change Database Path : 
2026-03-17 21:44:14,481 [INFO] MicroXplorer:498 - Change Database Version : DB.6.0.150
2026-03-17 21:44:14,481 [INFO] OpenFileManager:355 - Change cursor
2026-03-17 21:44:14,548 [INFO] RulesReader:64 - Compatibility file has been processed (317 Rules)
2026-03-17 21:44:14,560 [INFO] Mcu:2029 - Initializing MCU STM32F107R(B-C)Tx STM32F107RCTx STM32F107RCT6
2026-03-17 21:44:16,586 [INFO] Context:786 - Trying to add GPIOservice into a context  which must be forbidden
2026-03-17 21:44:17,125 [INFO] ImportTextPane:234 - (OptionalMessage_ERROR) Pin28 (VP_RIF_VS_RIF1) cannot be retrieved for this MCU
2026-03-17 21:44:17,242 [INFO] RtosManager:558 - Registered RTOS mode: class=CMSIS, group=RTOS, mode=CMSIS_V1, owner=FREERTOS
2026-03-17 21:44:17,242 [INFO] RtosManager:558 - Registered RTOS mode: class=CMSIS, group=RTOS2, mode=CMSIS_V2, owner=FREERTOS
2026-03-17 21:44:17,242 [INFO] RtosManager:558 - Registered RTOS mode: class=RTOS, group=Core, mode=CMSIS_V1, owner=FREERTOS
2026-03-17 21:44:17,242 [INFO] RtosManager:558 - Registered RTOS mode: class=RTOS, group=Core, mode=CMSIS_V2, owner=FREERTOS
2026-03-17 21:44:17,242 [WARN] ModelIntegratedComponent:184 - Missing modes for component STMicroelectronics:FreeRTOS:0.0.1:STMicroelectronics:RTOS:FreeRTOS:Core:::10.2.0:
2026-03-17 21:44:17,262 [WARN] ModelIntegratedComponent:63 - No mode defined for component null
2026-03-17 21:44:17,262 [WARN] ModelIntegratedComponent:63 - No mode defined for component null
2026-03-17 21:44:17,262 [WARN] ModelIntegratedComponent:63 - No mode defined for component null
2026-03-17 21:44:17,262 [WARN] ModelIntegratedComponent:63 - No mode defined for component null
2026-03-17 21:44:17,262 [WARN] ModelIntegratedComponent:63 - No mode defined for component null
2026-03-17 21:44:17,263 [WARN] ModelIntegratedComponent:63 - No mode defined for component null
2026-03-17 21:44:17,263 [WARN] ModelIntegratedComponent:63 - No mode defined for component null
2026-03-17 21:44:17,263 [WARN] ModelIntegratedComponent:63 - No mode defined for component null
2026-03-17 21:44:17,263 [WARN] ModelIntegratedComponent:63 - No mode defined for component null
2026-03-17 21:44:17,263 [WARN] ModelIntegratedComponent:63 - No mode defined for component null
2026-03-17 21:44:17,263 [WARN] ModelIntegratedComponent:63 - No mode defined for component null
2026-03-17 21:44:17,263 [WARN] ModelIntegratedComponent:63 - No mode defined for component null
2026-03-17 21:44:17,263 [WARN] ModelIntegratedComponent:63 - No mode defined for component null
2026-03-17 21:44:17,263 [WARN] ModelIntegratedComponent:63 - No mode defined for component null
2026-03-17 21:44:17,263 [WARN] ModelIntegratedComponent:63 - No mode defined for component null
2026-03-17 21:44:17,263 [WARN] ModelIntegratedComponent:63 - No mode defined for component null
2026-03-17 21:44:17,263 [WARN] ModelIntegratedComponent:63 - No mode defined for component null
2026-03-17 21:44:17,263 [WARN] ModelIntegratedComponent:63 - No mode defined for component null
2026-03-17 21:44:17,263 [WARN] ModelIntegratedComponent:63 - No mode defined for component null
2026-03-17 21:44:17,263 [WARN] ModelIntegratedComponent:63 - No mode defined for component null
2026-03-17 21:44:17,263 [WARN] ModelIntegratedComponent:63 - No mode defined for component null
2026-03-17 21:44:17,263 [WARN] ModelIntegratedComponent:63 - No mode defined for component null
2026-03-17 21:44:17,263 [WARN] ModelIntegratedComponent:63 - No mode defined for component null
2026-03-17 21:44:17,263 [WARN] ModelIntegratedComponent:63 - No mode defined for component null
2026-03-17 21:44:17,263 [WARN] ModelIntegratedComponent:63 - No mode defined for component null
2026-03-17 21:44:17,263 [WARN] ModelIntegratedComponent:63 - No mode defined for component null
2026-03-17 21:44:17,263 [WARN] ModelIntegratedComponent:63 - No mode defined for component null
2026-03-17 21:44:17,263 [WARN] ModelIntegratedComponent:63 - No mode defined for component null
2026-03-17 21:44:17,263 [WARN] ModelIntegratedComponent:63 - No mode defined for component null
2026-03-17 21:44:17,263 [WARN] ModelIntegratedComponent:63 - No mode defined for component null
2026-03-17 21:44:17,263 [WARN] ModelIntegratedComponent:63 - No mode defined for component null
2026-03-17 21:44:17,263 [WARN] ModelIntegratedComponent:63 - No mode defined for component null
2026-03-17 21:44:17,263 [WARN] ModelIntegratedComponent:63 - No mode defined for component null
2026-03-17 21:44:17,263 [WARN] ModelIntegratedComponent:63 - No mode defined for component null
2026-03-17 21:44:17,264 [WARN] ModelIntegratedComponent:63 - No mode defined for component null
2026-03-17 21:44:17,264 [WARN] ModelPack:524 - Component already loaded: STMicroelectronics:HAL Drivers:0.0.0:STMicroelectronics:Device:STMicro_Driver:XSPI:HAL::0.0.1:HAL_XSPI
2026-03-17 21:44:17,805 [INFO] ThirdPartyModel:298 - Start build external matchings
2026-03-17 21:44:20,619 [INFO] ThirdPartyModel:316 - End build external matchings
2026-03-17 21:44:20,663 [INFO] ImportTextPane:234 - (OptionalMessage_ERROR) IP (DMA) : Parameter (Instance) has Id (MEMTOMEM1) currently not set
2026-03-17 21:44:20,663 [INFO] ImportTextPane:234 - (OptionalMessage_ERROR) IP (DMA) : Parameter (Direction) has Id (MEMTOMEM1) currently not set
2026-03-17 21:44:20,664 [INFO] ImportTextPane:234 - (OptionalMessage_ERROR) IP (DMA) : Parameter (PeriphInc) has Id (MEMTOMEM1) currently not set
2026-03-17 21:44:20,664 [INFO] ImportTextPane:234 - (OptionalMessage_ERROR) IP (DMA) : Parameter (MemInc) has Id (MEMTOMEM1) currently not set
2026-03-17 21:44:20,664 [INFO] ImportTextPane:234 - (OptionalMessage_ERROR) IP (DMA) : Parameter (PeriphDataAlignment) has Id (MEMTOMEM1) currently not set
2026-03-17 21:44:20,664 [INFO] ImportTextPane:234 - (OptionalMessage_ERROR) IP (DMA) : Parameter (MemDataAlignment) has Id (MEMTOMEM1) currently not set
2026-03-17 21:44:20,664 [INFO] ImportTextPane:234 - (OptionalMessage_ERROR) IP (DMA) : Parameter (Mode) has Id (MEMTOMEM1) currently not set
2026-03-17 21:44:20,664 [INFO] ImportTextPane:234 - (OptionalMessage_ERROR) IP (DMA) : Parameter (Priority) has Id (MEMTOMEM1) currently not set
2026-03-17 21:44:20,664 [INFO] ImportTextPane:234 - (OptionalMessage_ERROR) IP (DMA) : Parameter (Instance) has Id (USART3_TX) currently not set
2026-03-17 21:44:20,664 [INFO] ImportTextPane:234 - (OptionalMessage_ERROR) IP (DMA) : Parameter (Direction) has Id (USART3_TX) currently not set
2026-03-17 21:44:20,665 [INFO] ImportTextPane:234 - (OptionalMessage_ERROR) IP (DMA) : Parameter (PeriphInc) has Id (USART3_TX) currently not set
2026-03-17 21:44:20,665 [INFO] ImportTextPane:234 - (OptionalMessage_ERROR) IP (DMA) : Parameter (MemInc) has Id (USART3_TX) currently not set
2026-03-17 21:44:20,665 [INFO] ImportTextPane:234 - (OptionalMessage_ERROR) IP (DMA) : Parameter (PeriphDataAlignment) has Id (USART3_TX) currently not set
2026-03-17 21:44:20,665 [INFO] ImportTextPane:234 - (OptionalMessage_ERROR) IP (DMA) : Parameter (MemDataAlignment) has Id (USART3_TX) currently not set
2026-03-17 21:44:20,665 [INFO] ImportTextPane:234 - (OptionalMessage_ERROR) IP (DMA) : Parameter (Mode) has Id (USART3_TX) currently not set
2026-03-17 21:44:20,665 [INFO] ImportTextPane:234 - (OptionalMessage_ERROR) IP (DMA) : Parameter (Priority) has Id (USART3_TX) currently not set
2026-03-17 21:44:20,672 [WARN] IP:2250 - CMSIS_VERSION not found: check if there is a RefParameter without a condition.
2026-03-17 21:44:20,682 [WARN] IP:2250 - LWIP_NETIF_HOSTNAME_NAME not found: check if there is a RefParameter without a condition.
2026-03-17 21:44:20,772 [INFO] ImportTextPane:234 - (OptionalMessage_ERROR) IP (RCC) : Parameter (ADCFreqValue) has invalid value (36000000)
2026-03-17 21:44:20,772 [INFO] ImportTextPane:234 - (OptionalMessage_ERROR) IP (RCC) : Invalid parameter (FamilyName)
2026-03-17 21:44:20,772 [INFO] ImportTextPane:234 - (OptionalMessage_ERROR) IP (RCC) : Parameter (MCOFreq_Value) has invalid value (72000000)
2026-03-17 21:44:21,319 [INFO] UtilMem:75 - End LoadConfig() Used Memory: 549794664 Bytes (1073741824)
2026-03-17 21:44:21,443 [WARN] ThirdParty:833 - waiting for thirdparty lock release [change project]
2026-03-17 21:44:21,444 [INFO] ThirdParty:835 - entering critical section [change project]
2026-03-17 21:44:21,444 [INFO] ThirdParty:1030 - CMSIS Pack Vendor :STMicroelectronics X-CUBE-PM33A1 1.0.0
2026-03-17 21:44:21,444 [INFO] ThirdParty:1030 - CMSIS Pack Vendor :STMicroelectronics USBPD 4.1
2026-03-17 21:44:21,444 [INFO] ThirdParty:1030 - CMSIS Pack Vendor :STMicroelectronics USB_HOST 2.0.0
2026-03-17 21:44:21,444 [INFO] ThirdParty:1030 - CMSIS Pack Vendor :STMicroelectronics FP-SNS-MOTENVWB1 1.4.0
2026-03-17 21:44:21,444 [INFO] ThirdParty:1030 - CMSIS Pack Vendor :STMicroelectronics X-CUBE-AZRTOS-F4 1.1.0
2026-03-17 21:44:21,444 [INFO] ThirdParty:1030 - CMSIS Pack Vendor :STMicroelectronics LIBJPEG 8.0.0
2026-03-17 21:44:21,444 [INFO] ThirdParty:1030 - CMSIS Pack Vendor :STMicroelectronics FP-ATR-ASTRA1 2.0.2
2026-03-17 21:44:21,444 [INFO] ThirdParty:1030 - CMSIS Pack Vendor :STMicroelectronics FP-ATR-ASTRA1 2.0.1
2026-03-17 21:44:21,444 [INFO] ThirdParty:1030 - CMSIS Pack Vendor :Avnet-IotConnect X-CUBE-IoTC-DA16k-PMOD 1.0.0
2026-03-17 21:44:21,444 [INFO] ThirdParty:1030 - CMSIS Pack Vendor :STMicroelectronics X-CUBE-SMBUS 2.1.0
2026-03-17 21:44:21,444 [INFO] ThirdParty:1030 - CMSIS Pack Vendor :STMicroelectronics X-CUBE-WB05N 1.1.0
2026-03-17 21:44:21,444 [INFO] ThirdParty:1030 - CMSIS Pack Vendor :STMicroelectronics X-CUBE-ISPU 2.1.0
2026-03-17 21:44:21,444 [INFO] ThirdParty:1030 - CMSIS Pack Vendor :STMicroelectronics X-CUBE-IPS 3.2.0
2026-03-17 21:44:21,444 [INFO] ThirdParty:1030 - CMSIS Pack Vendor :STMicroelectronics X-CUBE-ST60 1.0.0
2026-03-17 21:44:21,444 [INFO] ThirdParty:1030 - CMSIS Pack Vendor :STMicroelectronics X-CUBE-NFC12 1.0.0
2026-03-17 21:44:21,444 [INFO] ThirdParty:1030 - CMSIS Pack Vendor :STMicroelectronics X-CUBE-AZRTOS-F7 1.1.0
2026-03-17 21:44:21,444 [INFO] ThirdParty:1030 - CMSIS Pack Vendor :STMicroelectronics X-CUBE-AZRTOS-L5 2.0.0
2026-03-17 21:44:21,444 [INFO] ThirdParty:1030 - CMSIS Pack Vendor :STMicroelectronics USB_DEVICE 2.0.0
2026-03-17 21:44:21,444 [INFO] ThirdParty:1030 - CMSIS Pack Vendor :STMicroelectronics X-CUBE-NFC6 3.1.0
2026-03-17 21:44:21,444 [INFO] ThirdParty:1030 - CMSIS Pack Vendor :STMicroelectronics FP-SNS-MOTENV1 5.1.0
2026-03-17 21:44:21,445 [INFO] ThirdParty:1030 - CMSIS Pack Vendor :STMicroelectronics FreeRTOS 0.0.1
2026-03-17 21:44:21,445 [INFO] ThirdParty:1030 - CMSIS Pack Vendor :STMicroelectronics X-CUBE-DPower 1.2.0
2026-03-17 21:44:21,445 [INFO] ThirdParty:1030 - CMSIS Pack Vendor :STMicroelectronics FP-SNS-FLIGHT1 5.0.2
2026-03-17 21:44:21,445 [INFO] ThirdParty:1030 - CMSIS Pack Vendor :Infineon AIROC-Wi-Fi-Bluetooth-STM32 1.7.0
2026-03-17 21:44:21,445 [INFO] ThirdParty:1030 - CMSIS Pack Vendor :STMicroelectronics PDM2PCM 3.3.0
2026-03-17 21:44:21,445 [INFO] ThirdParty:1030 - CMSIS Pack Vendor :STMicroelectronics X-CUBE-AZRTOS-H7 3.4.0
2026-03-17 21:44:21,445 [INFO] ThirdParty:1030 - CMSIS Pack Vendor :STMicroelectronics X-CUBE-DISPLAY 3.0.0
2026-03-17 21:44:21,445 [INFO] ThirdParty:1030 - CMSIS Pack Vendor :STMicroelectronics X-CUBE-BLE1 7.0.0
2026-03-17 21:44:21,445 [INFO] ThirdParty:1030 - CMSIS Pack Vendor :STMicroelectronics X-CUBE-NFC10 1.0.0
2026-03-17 21:44:21,445 [INFO] ThirdParty:1030 - CMSIS Pack Vendor :STMicroelectronics X-CUBE-BLEMGR 4.0.0
2026-03-17 21:44:21,445 [INFO] ThirdParty:1030 - CMSIS Pack Vendor :STMicroelectronics X-CUBE-FREERTOS 1.3.1
2026-03-17 21:44:21,445 [INFO] ThirdParty:1030 - CMSIS Pack Vendor :STMicroelectronics HAL Drivers 0.0.0
2026-03-17 21:44:21,445 [INFO] ThirdParty:1030 - CMSIS Pack Vendor :STMicroelectronics X-CUBE-ST60 1.1.0
2026-03-17 21:44:21,445 [INFO] ThirdParty:1030 - CMSIS Pack Vendor :emotas I-CUBE-CANOPEN 1.3.0
2026-03-17 21:44:21,445 [INFO] ThirdParty:1030 - CMSIS Pack Vendor :STMicroelectronics X-CUBE-FREERTOS 1.3.0
2026-03-17 21:44:21,445 [INFO] ThirdParty:1030 - CMSIS Pack Vendor :STMicroelectronics X-CUBE-NFC7 1.0.1
2026-03-17 21:44:21,445 [INFO] ThirdParty:1030 - CMSIS Pack Vendor :STMicroelectronics MBEDTLS 2.14.1
2026-03-17 21:44:21,445 [INFO] ThirdParty:1030 - CMSIS Pack Vendor :STMicroelectronics X-CUBE-GNSS1 7.1.0
2026-03-17 21:44:21,445 [INFO] ThirdParty:1030 - CMSIS Pack Vendor :STMicroelectronics X-CUBE-TOUCHGFX 4.26.0
2026-03-17 21:44:21,445 [INFO] ThirdParty:1030 - CMSIS Pack Vendor :STMicroelectronics X-CUBE-AI 10.0.0
2026-03-17 21:44:21,445 [INFO] ThirdParty:1030 - CMSIS Pack Vendor :STMicroelectronics FP-SNS-STBOX1 2.1.0
2026-03-17 21:44:21,445 [INFO] ThirdParty:1030 - CMSIS Pack Vendor :STMicroelectronics FP-SNS-STAIOTCFT 1.0.0
2026-03-17 21:44:21,445 [INFO] ThirdParty:1030 - CMSIS Pack Vendor :STMicroelectronics FP-SNS-SMARTAG2 1.2.0
2026-03-17 21:44:21,445 [INFO] ThirdParty:1030 - CMSIS Pack Vendor :STMicroelectronics FP-SNS-FLIGHT1 5.1.0
2026-03-17 21:44:21,446 [INFO] ThirdParty:1030 - CMSIS Pack Vendor :STMicroelectronics X-CUBE-MEMS1 11.1.0
2026-03-17 21:44:21,446 [INFO] ThirdParty:1030 - CMSIS Pack Vendor :STMicroelectronics X-CUBE-AZRTOS-WL 2.0.0
2026-03-17 21:44:21,446 [INFO] ThirdParty:1030 - CMSIS Pack Vendor :STMicroelectronics X-CUBE-DPower 1.3.0
2026-03-17 21:44:21,446 [INFO] ThirdParty:1030 - CMSIS Pack Vendor :STMicroelectronics FP-SNS-MOTENV1 5.0.0
2026-03-17 21:44:21,446 [INFO] ThirdParty:1030 - CMSIS Pack Vendor :STMicroelectronics USB_DEVICE 1.0.0
2026-03-17 21:44:21,446 [INFO] ThirdParty:1030 - CMSIS Pack Vendor :wolfSSL I-CUBE-wolfMQTT 1.19.0
2026-03-17 21:44:21,446 [INFO] ThirdParty:1030 - CMSIS Pack Vendor :STMicroelectronics X-CUBE-AZRTOS-L4 2.0.0
2026-03-17 21:44:21,446 [INFO] ThirdParty:1030 - CMSIS Pack Vendor :STMicroelectronics ThreadX 0.0.2
2026-03-17 21:44:21,446 [INFO] ThirdParty:1030 - CMSIS Pack Vendor :WES I-CUBE-Cesium 1.3.0
2026-03-17 21:44:21,446 [INFO] ThirdParty:1030 - CMSIS Pack Vendor :STMicroelectronics lwIP 2.1.2
2026-03-17 21:44:21,446 [INFO] ThirdParty:1030 - CMSIS Pack Vendor :STMicroelectronics X-CUBE-SFXS2LP1 4.0.0
2026-03-17 21:44:21,446 [INFO] ThirdParty:1030 - CMSIS Pack Vendor :STMicroelectronics X-CUBE-BLE2 3.3.0
2026-03-17 21:44:21,446 [INFO] ThirdParty:1030 - CMSIS Pack Vendor :STMicroelectronics PDM2PCM 3.2.0
2026-03-17 21:44:21,446 [INFO] ThirdParty:1030 - CMSIS Pack Vendor :STMicroelectronics X-CUBE-AZRTOS-H7 3.3.0
2026-03-17 21:44:21,446 [INFO] ThirdParty:1030 - CMSIS Pack Vendor :STMicroelectronics X-CUBE-NFC9 1.0.0
2026-03-17 21:44:21,446 [INFO] ThirdParty:1030 - CMSIS Pack Vendor :STMicroelectronics X-CUBE-BLE1 7.1.0
2026-03-17 21:44:21,446 [INFO] ThirdParty:1030 - CMSIS Pack Vendor :wolfSSL I-CUBE-wolfMQTT 1.19.2
2026-03-17 21:44:21,447 [INFO] ThirdParty:1030 - CMSIS Pack Vendor :STMicroelectronics USB_DEVICE 3.0.0
2026-03-17 21:44:21,447 [INFO] ThirdParty:1030 - CMSIS Pack Vendor :STMicroelectronics X-CUBE-EEPRMA1 5.2.0
2026-03-17 21:44:21,447 [INFO] ThirdParty:1030 - CMSIS Pack Vendor :STMicroelectronics X-CUBE-BLEMGR 4.1.0
2026-03-17 21:44:21,447 [INFO] ThirdParty:1030 - CMSIS Pack Vendor :STMicroelectronics X-CUBE-AZRTOS-WB 2.0.0
2026-03-17 21:44:21,447 [INFO] ThirdParty:1030 - CMSIS Pack Vendor :STMicroelectronics X-CUBE-GNSS1 7.0.1
2026-03-17 21:44:21,447 [INFO] ThirdParty:1030 - CMSIS Pack Vendor :STMicroelectronics X-CUBE-TOUCHGFX 4.25.0
2026-03-17 21:44:21,447 [INFO] ThirdParty:1030 - CMSIS Pack Vendor :STMicroelectronics X-CUBE-ST67W61 1.1.0
2026-03-17 21:44:21,448 [INFO] ThirdParty:1030 - CMSIS Pack Vendor :STMicroelectronics FP-SNS-STBOX1 2.0.0
2026-03-17 21:44:21,448 [INFO] ThirdParty:1030 - CMSIS Pack Vendor :STMicroelectronics X-CUBE-AZRTOS-G0 1.1.0
2026-03-17 21:44:21,448 [INFO] ThirdParty:1030 - CMSIS Pack Vendor :STMicroelectronics X-CUBE-SAFEA1 1.2.2
2026-03-17 21:44:21,448 [INFO] ThirdParty:1030 - CMSIS Pack Vendor :STMicroelectronics X-CUBE-NFC4 3.0.0
2026-03-17 21:44:21,448 [INFO] ThirdParty:1030 - CMSIS Pack Vendor :STMicroelectronics X-CUBE-SUBG2 5.0.0
2026-03-17 21:44:21,448 [INFO] ThirdParty:1030 - CMSIS Pack Vendor :STMicroelectronics X-CUBE-AZRTOS-H7RS 1.1.0
2026-03-17 21:44:21,448 [INFO] ThirdParty:1030 - CMSIS Pack Vendor :STMicroelectronics STM32_WPAN 1.0.0
2026-03-17 21:44:21,448 [INFO] ThirdParty:1030 - CMSIS Pack Vendor :EmbeddedOffice I-CUBE-FS-RTOS 1.0.1
2026-03-17 21:44:21,448 [INFO] ThirdParty:1030 - CMSIS Pack Vendor :STMicroelectronics lwIP 2.0.3
2026-03-17 21:44:21,448 [INFO] ThirdParty:1030 - CMSIS Pack Vendor :Cesanta I-CUBE-Mongoose 7.13.0
2026-03-17 21:44:21,448 [INFO] ThirdParty:1030 - CMSIS Pack Vendor :STMicroelectronics USB_HOST 1.0.0
2026-03-17 21:44:21,448 [INFO] ThirdParty:1030 - CMSIS Pack Vendor :STMicroelectronics X-CUBE-AZRTOS-G4 2.0.0
2026-03-17 21:44:21,448 [INFO] ThirdParty:1030 - CMSIS Pack Vendor :STMicroelectronics X-CUBE-WB05N 2.0.0
2026-03-17 21:44:21,448 [INFO] ThirdParty:1030 - CMSIS Pack Vendor :STMicroelectronics PDM2PCM 3.1.0
2026-03-17 21:44:21,448 [INFO] ThirdParty:1030 - CMSIS Pack Vendor :wolfSSL I-CUBE-wolfTPM 3.8.0
2026-03-17 21:44:21,448 [INFO] ThirdParty:1030 - CMSIS Pack Vendor :wolfSSL I-CUBE-wolfSSH 1.4.20
2026-03-17 21:44:21,448 [INFO] ThirdParty:1030 - CMSIS Pack Vendor :STMicroelectronics X-CUBE-NFC7 2.0.0
2026-03-17 21:44:21,448 [INFO] ThirdParty:1030 - CMSIS Pack Vendor :STMicroelectronics X-CUBE-TCPP 4.2.0
2026-03-17 21:44:21,448 [INFO] ThirdParty:1030 - CMSIS Pack Vendor :RealThread X-CUBE-RT-Thread_Nano 4.1.1
2026-03-17 21:44:21,448 [INFO] ThirdParty:1030 - CMSIS Pack Vendor :STMicroelectronics FP-ATR-SIGFOX1 3.2.0
2026-03-17 21:44:21,448 [INFO] ThirdParty:1030 - CMSIS Pack Vendor :quantropi X-CUBE-qispace-sdk-base 1.9.3
2026-03-17 21:44:21,448 [INFO] ThirdParty:1030 - CMSIS Pack Vendor :STMicroelectronics X-CUBE-EEPRMA1 5.1.0
2026-03-17 21:44:21,448 [INFO] ThirdParty:1030 - CMSIS Pack Vendor :STMicroelectronics MBEDTLS 2.16.2
2026-03-17 21:44:21,448 [INFO] ThirdParty:1030 - CMSIS Pack Vendor :STMicroelectronics X-CUBE-IPS 3.1.0
2026-03-17 21:44:21,448 [INFO] ThirdParty:1030 - CMSIS Pack Vendor :STMicroelectronics X-CUBE-ALS 1.0.2
2026-03-17 21:44:21,448 [INFO] ThirdParty:1030 - CMSIS Pack Vendor :wolfSSL I-CUBE-wolfSSL 5.7.6
2026-03-17 21:44:21,448 [INFO] ThirdParty:1030 - CMSIS Pack Vendor :ITTIA_DB I-CUBE-ITTIADB 8.9.0
2026-03-17 21:44:21,448 [INFO] ThirdParty:1030 - CMSIS Pack Vendor :STMicroelectronics X-CUBE-TOUCHGFX 4.24.2
2026-03-17 21:44:21,448 [INFO] ThirdParty:1030 - CMSIS Pack Vendor :STMicroelectronics X-CUBE-STSE01 1.0.0
2026-03-17 21:44:21,449 [INFO] ThirdParty:1030 - CMSIS Pack Vendor :wolfSSL I-CUBE-wolfTPM 3.4.0
2026-03-17 21:44:21,449 [INFO] ThirdParty:1030 - CMSIS Pack Vendor :portGmbH I-Cube-SoM-uGOAL 1.1.0
2026-03-17 21:44:21,449 [INFO] ThirdParty:1030 - CMSIS Pack Vendor :STMicroelectronics X-CUBE-ST67W61 1.0.0
2026-03-17 21:44:21,449 [INFO] ThirdParty:1030 - CMSIS Pack Vendor :STMicroelectronics X-CUBE-AI 10.2.0
2026-03-17 21:44:21,449 [INFO] ThirdParty:1030 - CMSIS Pack Vendor :STMicroelectronics ThreadX 1.0.0
2026-03-17 21:44:21,450 [INFO] ThirdParty:1030 - CMSIS Pack Vendor :SEGGER I-CUBE-embOS 1.3.1
2026-03-17 21:44:21,450 [INFO] ThirdParty:1030 - CMSIS Pack Vendor :STMicroelectronics X-CUBE-ALGOBUILD 1.4.0
2026-03-17 21:44:21,450 [INFO] ThirdParty:1030 - CMSIS Pack Vendor :STMicroelectronics X-CUBE-MEMS1 11.3.0
2026-03-17 21:44:21,450 [INFO] ThirdParty:1030 - CMSIS Pack Vendor :STMicroelectronics X-CUBE-AZRTOS-H7RS 1.0.0
2026-03-17 21:44:21,450 [INFO] ThirdParty:1030 - CMSIS Pack Vendor :STMicroelectronics X-CUBE-TOF1 3.4.2
2026-03-17 21:44:21,450 [INFO] ThirdParty:1030 - CMSIS Pack Vendor :STMicroelectronics X-CUBE-TOF1 3.4.3
2026-03-17 21:44:21,450 [INFO] ThirdParty:1030 - CMSIS Pack Vendor :wolfSSL I-CUBE-wolfSSH 1.4.17
2026-03-17 21:44:21,451 [INFO] ThirdParty:841 - exiting critical section [change project]
2026-03-17 21:44:21,938 [INFO] PinOutPanel:1589 - setPackage(No Configuration,No Configuration)
2026-03-17 21:44:21,939 [INFO] PinOutPanel:1589 - setPackage(STM32F107RCTx,LQFP64)
2026-03-17 21:44:22,798 [INFO] UtilMem:75 - Before build in PCC Used Memory: 691352424 Bytes (1073741824)
2026-03-17 21:44:23,341 [INFO] UtilMem:75 - After build in PCC Used Memory: 735392616 Bytes (1073741824)
2026-03-17 21:44:23,364 [INFO] ApiDbMcu:532 - Load IP Config File for LWIP
2026-03-17 21:44:23,406 [INFO] IPUIPlugin:80 - create IPUIPlugin
2026-03-17 21:44:23,406 [INFO] IPUIPlugin:80 - create IPUIPlugin
2026-03-17 21:44:23,406 [INFO] IPUIPlugin:80 - create IPUIPlugin
2026-03-17 21:44:23,406 [INFO] IPUIPlugin:80 - create IPUIPlugin
2026-03-17 21:44:23,406 [INFO] IPUIPlugin:80 - create IPUIPlugin
2026-03-17 21:44:23,407 [INFO] IPUIPlugin:80 - create IPUIPlugin
2026-03-17 21:44:23,407 [INFO] IPUIPlugin:80 - create IPUIPlugin
2026-03-17 21:44:23,407 [INFO] IPUIPlugin:80 - create IPUIPlugin
2026-03-17 21:44:23,408 [INFO] IPUIPlugin:80 - create IPUIPlugin
2026-03-17 21:44:23,408 [INFO] IPUIPlugin:80 - create IPUIPlugin
2026-03-17 21:44:23,408 [INFO] IPUIPlugin:80 - create IPUIPlugin
2026-03-17 21:44:23,408 [INFO] IPUIPlugin:80 - create IPUIPlugin
2026-03-17 21:44:23,408 [INFO] IPUIPlugin:80 - create IPUIPlugin
2026-03-17 21:44:23,408 [INFO] IPUIPlugin:80 - create IPUIPlugin
2026-03-17 21:44:23,409 [INFO] IPUIPlugin:80 - create IPUIPlugin
2026-03-17 21:44:23,409 [INFO] IPUIPlugin:80 - create IPUIPlugin
2026-03-17 21:44:23,409 [INFO] IPUIPlugin:80 - create IPUIPlugin
2026-03-17 21:44:23,409 [INFO] IPUIPlugin:80 - create IPUIPlugin
2026-03-17 21:44:23,410 [INFO] IPUIPlugin:80 - create IPUIPlugin
2026-03-17 21:44:23,410 [INFO] IPUIPlugin:80 - create IPUIPlugin
2026-03-17 21:44:23,410 [INFO] IPUIPlugin:80 - create IPUIPlugin
2026-03-17 21:44:23,411 [INFO] IPUIPlugin:80 - create IPUIPlugin
2026-03-17 21:44:23,411 [INFO] IPUIPlugin:80 - create IPUIPlugin
2026-03-17 21:44:23,411 [INFO] IPUIPlugin:80 - create IPUIPlugin
2026-03-17 21:44:23,411 [INFO] IPUIPlugin:80 - create IPUIPlugin
2026-03-17 21:44:23,412 [INFO] IPUIPlugin:80 - create IPUIPlugin
2026-03-17 21:44:23,413 [INFO] IPUIPlugin:80 - create IPUIPlugin
2026-03-17 21:44:23,413 [INFO] IPUIPlugin:80 - create IPUIPlugin
2026-03-17 21:44:23,414 [INFO] IPUIPlugin:80 - create IPUIPlugin
2026-03-17 21:44:23,414 [INFO] IPUIPlugin:80 - create IPUIPlugin
2026-03-17 21:44:23,415 [INFO] IPUIPlugin:80 - create IPUIPlugin
2026-03-17 21:44:23,415 [INFO] IPUIPlugin:80 - create IPUIPlugin
2026-03-17 21:44:23,415 [INFO] IPUIPlugin:80 - create IPUIPlugin
2026-03-17 21:44:23,416 [INFO] IPUIPlugin:80 - create IPUIPlugin
2026-03-17 21:44:23,416 [INFO] IPUIPlugin:80 - create IPUIPlugin
2026-03-17 21:44:23,416 [INFO] IPUIPlugin:80 - create IPUIPlugin
2026-03-17 21:44:23,418 [INFO] IPUIPlugin:80 - create IPUIPlugin
2026-03-17 21:44:23,419 [INFO] IPUIPlugin:80 - create IPUIPlugin
2026-03-17 21:44:23,420 [INFO] IPUIPlugin:80 - create IPUIPlugin
2026-03-17 21:44:23,563 [INFO] CADModel:165 - CPN selected for project levelSTM32F107RCT6
2026-03-17 21:44:23,563 [INFO] CADModel:114 - Register for checkConnection events
2026-03-17 21:44:23,693 [INFO] OpenFileManager:386 - Restore cursor
2026-03-17 21:44:23,747 [WARN] IP:2250 - CMSIS_VERSION not found: check if there is a RefParameter without a condition.
2026-03-17 21:44:23,751 [WARN] IP:2250 - LWIP_NETIF_HOSTNAME_NAME not found: check if there is a RefParameter without a condition.
2026-03-17 21:44:23,812 [WARN] IP:2250 - CMSIS_VERSION not found: check if there is a RefParameter without a condition.
2026-03-17 21:44:23,816 [WARN] IP:2250 - LWIP_NETIF_HOSTNAME_NAME not found: check if there is a RefParameter without a condition.
2026-03-17 21:45:25,801 [ERROR] ConfigurationRetriever:142 - IOException on connection: Connect timed out
2026-03-17 21:45:27,803 [ERROR] ConfigurationRetriever:142 - IOException on connection: Connect timed out
2026-03-17 21:45:29,807 [ERROR] ConfigurationRetriever:142 - IOException on connection: Connect timed out
2026-03-17 21:49:42,492 [ERROR] ConfigurationRetriever:142 - IOException on connection: Connect timed out
2026-03-17 21:49:44,493 [ERROR] ConfigurationRetriever:142 - IOException on connection: Connect timed out
2026-03-17 21:49:46,494 [ERROR] ConfigurationRetriever:142 - IOException on connection: Connect timed out
2026-03-17 21:55:52,469 [ERROR] ConfigurationRetriever:142 - IOException on connection: Connect timed out
2026-03-17 21:55:54,472 [ERROR] ConfigurationRetriever:142 - IOException on connection: Connect timed out
2026-03-17 21:55:56,475 [ERROR] ConfigurationRetriever:142 - IOException on connection: Connect timed out
2026-03-17 21:56:26,951 [ERROR] ConfigurationRetriever:142 - IOException on connection: Connect timed out
2026-03-17 21:56:28,954 [ERROR] ConfigurationRetriever:142 - IOException on connection: Connect timed out
2026-03-17 21:56:30,955 [ERROR] ConfigurationRetriever:142 - IOException on connection: Connect timed out
2026-03-17 21:57:39,467 [ERROR] ConfigurationRetriever:142 - IOException on connection: Connect timed out
2026-03-17 21:57:41,469 [ERROR] ConfigurationRetriever:142 - IOException on connection: Connect timed out
2026-03-17 21:57:43,472 [ERROR] ConfigurationRetriever:142 - IOException on connection: Connect timed out
2026-03-17 22:16:36,987 [ERROR] ConfigurationRetriever:142 - IOException on connection: Connect timed out
2026-03-17 22:16:38,989 [ERROR] ConfigurationRetriever:142 - IOException on connection: Connect timed out
2026-03-17 22:16:40,994 [ERROR] ConfigurationRetriever:142 - IOException on connection: Connect timed out
2026-03-17 22:16:44,365 [ERROR] ConfigurationRetriever:142 - IOException on connection: Connect timed out
2026-03-17 22:16:46,368 [ERROR] ConfigurationRetriever:142 - IOException on connection: Connect timed out
2026-03-17 22:16:48,370 [ERROR] ConfigurationRetriever:142 - IOException on connection: Connect timed out
2026-03-17 22:17:22,116 [ERROR] ConfigurationRetriever:142 - IOException on connection: Connect timed out
2026-03-17 22:17:24,117 [ERROR] ConfigurationRetriever:142 - IOException on connection: Connect timed out
2026-03-17 22:17:26,119 [ERROR] ConfigurationRetriever:142 - IOException on connection: Connect timed out
2026-03-17 22:17:41,095 [ERROR] ConfigurationRetriever:142 - IOException on connection: Connect timed out
2026-03-17 22:17:43,097 [ERROR] ConfigurationRetriever:142 - IOException on connection: Connect timed out
2026-03-17 22:17:45,099 [ERROR] ConfigurationRetriever:142 - IOException on connection: Connect timed out
2026-03-17 22:21:39,607 [ERROR] ConfigurationRetriever:142 - IOException on connection: Connect timed out
2026-03-17 22:21:41,613 [ERROR] ConfigurationRetriever:142 - IOException on connection: Connect timed out
2026-03-17 22:21:43,616 [ERROR] ConfigurationRetriever:142 - IOException on connection: Connect timed out
2026-03-17 22:21:51,871 [ERROR] ConfigurationRetriever:142 - IOException on connection: Connect timed out
2026-03-17 22:21:53,873 [ERROR] ConfigurationRetriever:142 - IOException on connection: Connect timed out
2026-03-17 22:21:55,874 [ERROR] ConfigurationRetriever:142 - IOException on connection: Connect timed out
2026-03-17 22:23:41,843 [WARN] CheckConnectionManager:291 - Warning during Server Connection :  timeout Connect to sw-center.st.com:443 [sw-center.st.com/185.200.232.50, sw-center.st.com/185.200.232.40] failed: Connect timed out
2026-03-17 22:23:43,849 [WARN] CheckConnectionManager:291 - Warning during Server Connection :  timeout Connect to sw-center.st.com:443 [sw-center.st.com/185.200.232.50, sw-center.st.com/185.200.232.40] failed: Connect timed out
2026-03-17 22:23:43,850 [INFO] MainUpdater:2872 - connection check result : 22
2026-03-17 22:23:44,029 [INFO] MicroXplorer:468 - Change Database Path : 
2026-03-17 22:23:44,030 [INFO] MicroXplorer:498 - Change Database Version : DB.6.0.150
2026-03-17 22:23:44,115 [ERROR] ProjectManagerView:395 - 
java.lang.NullPointerException: Cannot invoke "javax.swing.JTextField.getText()" because the return value of "java.util.List.get(int)" is null
	at com.st.microxplorer.plugins.projectmanager.gui.ProjectChoiceTab$9.caretUpdate(ProjectChoiceTab.java:2706) ~[filemanager.jar:?]
	at javax.swing.text.JTextComponent.fireCaretUpdate(JTextComponent.java:408) ~[?:?]
	at javax.swing.text.JTextComponent$MutableCaretEvent.fire(JTextComponent.java:4484) ~[?:?]
	at javax.swing.text.JTextComponent$MutableCaretEvent.stateChanged(JTextComponent.java:4506) ~[?:?]
	at javax.swing.text.DefaultCaret.fireStateChanged(DefaultCaret.java:857) ~[?:?]
	at javax.swing.text.DefaultCaret.changeCaretPosition(DefaultCaret.java:1343) ~[?:?]
	at javax.swing.text.DefaultCaret.handleSetDot(DefaultCaret.java:1242) ~[?:?]
	at javax.swing.text.DefaultCaret.setDot(DefaultCaret.java:1223) ~[?:?]
	at javax.swing.text.DefaultCaret$Handler.insertUpdate(DefaultCaret.java:1819) ~[?:?]
	at javax.swing.text.AbstractDocument.fireInsertUpdate(AbstractDocument.java:227) ~[?:?]
	at javax.swing.text.AbstractDocument.handleInsertString(AbstractDocument.java:781) ~[?:?]
	at javax.swing.text.AbstractDocument.insertString(AbstractDocument.java:740) ~[?:?]
	at javax.swing.text.PlainDocument.insertString(PlainDocument.java:131) ~[?:?]
	at javax.swing.text.AbstractDocument.replace(AbstractDocument.java:699) ~[?:?]
	at javax.swing.text.JTextComponent.setText(JTextComponent.java:1725) ~[?:?]
	at com.st.microxplorer.plugins.projectmanager.gui.ProjectChoiceTab.createHeapStackFields(ProjectChoiceTab.java:993) ~[filemanager.jar:?]
	at com.st.microxplorer.plugins.projectmanager.gui.ProjectChoiceTab.buildLinkSettingsPanel(ProjectChoiceTab.java:3813) ~[filemanager.jar:?]
	at com.st.microxplorer.plugins.projectmanager.gui.ProjectChoiceTab.defineWindowsFields(ProjectChoiceTab.java:1987) ~[filemanager.jar:?]
	at com.st.microxplorer.plugins.projectmanager.gui.ProjectChoiceTab.updateSettings(ProjectChoiceTab.java:558) ~[filemanager.jar:?]
	at com.st.microxplorer.plugins.projectmanager.gui.ProjectSettingsPanel.UpdateDialog(ProjectSettingsPanel.java:247) ~[filemanager.jar:?]
	at com.st.microxplorer.plugins.projectmanager.ProjectManagerView.propertyChange(ProjectManagerView.java:392) ~[filemanager.jar:?]
	at java.beans.PropertyChangeSupport.fire(PropertyChangeSupport.java:343) ~[?:?]
	at java.beans.PropertyChangeSupport.firePropertyChange(PropertyChangeSupport.java:335) ~[?:?]
	at java.beans.PropertyChangeSupport.firePropertyChange(PropertyChangeSupport.java:268) ~[?:?]
	at com.st.microxplorer.util.MXPropertyChangeSupport.firePropertyChange(MXPropertyChangeSupport.java:54) ~[STM32CubeMX.jar:?]
	at com.st.microxplorer.mxsystem.MxSystem.closeConfig(MxSystem.java:899) ~[STM32CubeMX.jar:?]
	at com.st.microxplorer.maingui.MainPanel.closeConfig(MainPanel.java:792) ~[STM32CubeMX.jar:?]
	at com.st.microxplorer.plugins.filemanager.engine.OpenFileManager.loadConfigurationFile(OpenFileManager.java:288) ~[filemanager.jar:?]
	at com.st.microxplorer.plugins.filemanager.engine.MainFileManager.userLoadConfig(MainFileManager.java:364) ~[filemanager.jar:?]
	at com.st.microxplorer.plugins.filemanager.engine.MainFileManager.userLoadConfig(MainFileManager.java:342) ~[filemanager.jar:?]
	at com.st.microxplorer.plugins.filemanager.FileManagerView.getSpecificTask(FileManagerView.java:264) ~[filemanager.jar:?]
	at com.st.stm32cube.common.mx.editor.CubeMxEditor.getMxTabbedPaneInstance(CubeMxEditor.java:1198) ~[com.st.stm32cube.common.mx_6.15.0.202507011659/:?]
	at com.st.stm32cube.common.mx.editor.CubeMxEditor$12$1.createSwingComponent(CubeMxEditor.java:1068) ~[com.st.stm32cube.common.mx_6.15.0.202507011659/:?]
	at com.st.stm32cube.common.mx.oss.core.awtswtbridge.EmbeddedSwingComposite.doComponentCreation(EmbeddedSwingComposite.java:492) ~[com.st.stm32cube.common.mx.oss_6.15.0.202507011659/:?]
	at com.st.stm32cube.common.mx.oss.core.awtswtbridge.EmbeddedSwingComposite$4.run(EmbeddedSwingComposite.java:291) ~[com.st.stm32cube.common.mx.oss_6.15.0.202507011659/:?]
	at com.st.stm32cube.common.mx.oss.core.awtswtbridge.AwtEnvironment$2.run(AwtEnvironment.java:166) ~[com.st.stm32cube.common.mx.oss_6.15.0.202507011659/:?]
	at java.awt.event.InvocationEvent.dispatch(InvocationEvent.java:318) ~[?:?]
	at java.awt.EventQueue.dispatchEventImpl(EventQueue.java:773) ~[?:?]
	at java.awt.EventQueue$4.run(EventQueue.java:720) ~[?:?]
	at java.awt.EventQueue$4.run(EventQueue.java:714) ~[?:?]
	at java.security.AccessController.doPrivileged(AccessController.java:400) ~[?:?]
	at java.security.ProtectionDomain$JavaSecurityAccessImpl.doIntersectionPrivilege(ProtectionDomain.java:87) ~[?:?]
	at java.awt.EventQueue.dispatchEvent(EventQueue.java:742) ~[?:?]
	at java.awt.EventDispatchThread.pumpOneEventForFilters(EventDispatchThread.java:203) ~[?:?]
	at java.awt.EventDispatchThread.pumpEventsForFilter(EventDispatchThread.java:124) ~[?:?]
	at java.awt.EventDispatchThread.pumpEventsForHierarchy(EventDispatchThread.java:113) ~[?:?]
	at java.awt.EventDispatchThread.pumpEvents(EventDispatchThread.java:109) ~[?:?]
	at java.awt.EventDispatchThread.pumpEvents(EventDispatchThread.java:101) ~[?:?]
	at java.awt.EventDispatchThread.run(EventDispatchThread.java:90) ~[?:?]
2026-03-17 22:23:44,117 [WARN] ThirdParty:871 - waiting for thirdparty lock release [close project]
2026-03-17 22:23:44,117 [INFO] ThirdParty:873 - entering critical section [close project]
2026-03-17 22:23:44,117 [INFO] ThirdParty:883 - exiting critical section [close project]
2026-03-17 22:23:44,133 [INFO] PinOutPanel:1589 - setPackage(No Configuration,No Configuration)
2026-03-17 22:23:44,158 [INFO] UtilMem:75 - Begin LoadConfig() Used Memory: 737703808 Bytes (1073741824)
2026-03-17 22:23:44,159 [INFO] MicroXplorer:468 - Change Database Path : 
2026-03-17 22:23:44,160 [INFO] MicroXplorer:498 - Change Database Version : DB.6.0.150
2026-03-17 22:23:44,160 [INFO] OpenFileManager:355 - Change cursor
2026-03-17 22:23:44,289 [INFO] Mcu:2029 - Initializing MCU STM32F107R(B-C)Tx STM32F107RCTx STM32F107RCT6
2026-03-17 22:23:46,957 [INFO] Context:786 - Trying to add GPIOservice into a context  which must be forbidden
2026-03-17 22:23:47,677 [INFO] ImportTextPane:234 - (OptionalMessage_ERROR) Pin28 (VP_RIF_VS_RIF1) cannot be retrieved for this MCU
2026-03-17 22:23:47,807 [INFO] RtosManager:558 - Registered RTOS mode: class=CMSIS, group=RTOS, mode=CMSIS_V1, owner=FREERTOS
2026-03-17 22:23:47,807 [INFO] RtosManager:558 - Registered RTOS mode: class=CMSIS, group=RTOS2, mode=CMSIS_V2, owner=FREERTOS
2026-03-17 22:23:47,807 [INFO] RtosManager:558 - Registered RTOS mode: class=RTOS, group=Core, mode=CMSIS_V1, owner=FREERTOS
2026-03-17 22:23:47,807 [INFO] RtosManager:558 - Registered RTOS mode: class=RTOS, group=Core, mode=CMSIS_V2, owner=FREERTOS
2026-03-17 22:23:47,808 [WARN] ModelIntegratedComponent:184 - Missing modes for component STMicroelectronics:FreeRTOS:0.0.1:STMicroelectronics:RTOS:FreeRTOS:Core:::10.2.0:
2026-03-17 22:23:47,834 [WARN] ModelIntegratedComponent:63 - No mode defined for component null
2026-03-17 22:23:47,834 [WARN] ModelIntegratedComponent:63 - No mode defined for component null
2026-03-17 22:23:47,834 [WARN] ModelIntegratedComponent:63 - No mode defined for component null
2026-03-17 22:23:47,834 [WARN] ModelIntegratedComponent:63 - No mode defined for component null
2026-03-17 22:23:47,834 [WARN] ModelIntegratedComponent:63 - No mode defined for component null
2026-03-17 22:23:47,835 [WARN] ModelIntegratedComponent:63 - No mode defined for component null
2026-03-17 22:23:47,836 [WARN] ModelIntegratedComponent:63 - No mode defined for component null
2026-03-17 22:23:47,836 [WARN] ModelIntegratedComponent:63 - No mode defined for component null
2026-03-17 22:23:47,836 [WARN] ModelIntegratedComponent:63 - No mode defined for component null
2026-03-17 22:23:47,836 [WARN] ModelIntegratedComponent:63 - No mode defined for component null
2026-03-17 22:23:47,836 [WARN] ModelIntegratedComponent:63 - No mode defined for component null
2026-03-17 22:23:47,836 [WARN] ModelIntegratedComponent:63 - No mode defined for component null
2026-03-17 22:23:47,836 [WARN] ModelIntegratedComponent:63 - No mode defined for component null
2026-03-17 22:23:47,836 [WARN] ModelIntegratedComponent:63 - No mode defined for component null
2026-03-17 22:23:47,836 [WARN] ModelIntegratedComponent:63 - No mode defined for component null
2026-03-17 22:23:47,837 [WARN] ModelIntegratedComponent:63 - No mode defined for component null
2026-03-17 22:23:47,837 [WARN] ModelIntegratedComponent:63 - No mode defined for component null
2026-03-17 22:23:47,837 [WARN] ModelIntegratedComponent:63 - No mode defined for component null
2026-03-17 22:23:47,837 [WARN] ModelIntegratedComponent:63 - No mode defined for component null
2026-03-17 22:23:47,837 [WARN] ModelIntegratedComponent:63 - No mode defined for component null
2026-03-17 22:23:47,837 [WARN] ModelIntegratedComponent:63 - No mode defined for component null
2026-03-17 22:23:47,837 [WARN] ModelIntegratedComponent:63 - No mode defined for component null
2026-03-17 22:23:47,837 [WARN] ModelIntegratedComponent:63 - No mode defined for component null
2026-03-17 22:23:47,837 [WARN] ModelIntegratedComponent:63 - No mode defined for component null
2026-03-17 22:23:47,837 [WARN] ModelIntegratedComponent:63 - No mode defined for component null
2026-03-17 22:23:47,837 [WARN] ModelIntegratedComponent:63 - No mode defined for component null
2026-03-17 22:23:47,838 [WARN] ModelIntegratedComponent:63 - No mode defined for component null
2026-03-17 22:23:47,838 [WARN] ModelIntegratedComponent:63 - No mode defined for component null
2026-03-17 22:23:47,838 [WARN] ModelIntegratedComponent:63 - No mode defined for component null
2026-03-17 22:23:47,838 [WARN] ModelIntegratedComponent:63 - No mode defined for component null
2026-03-17 22:23:47,838 [WARN] ModelIntegratedComponent:63 - No mode defined for component null
2026-03-17 22:23:47,838 [WARN] ModelIntegratedComponent:63 - No mode defined for component null
2026-03-17 22:23:47,838 [WARN] ModelIntegratedComponent:63 - No mode defined for component null
2026-03-17 22:23:47,838 [WARN] ModelIntegratedComponent:63 - No mode defined for component null
2026-03-17 22:23:47,838 [WARN] ModelIntegratedComponent:63 - No mode defined for component null
2026-03-17 22:23:47,838 [WARN] ModelPack:524 - Component already loaded: STMicroelectronics:HAL Drivers:0.0.0:STMicroelectronics:Device:STMicro_Driver:XSPI:HAL::0.0.1:HAL_XSPI
2026-03-17 22:23:48,893 [INFO] ThirdPartyModel:298 - Start build external matchings
2026-03-17 22:23:52,526 [INFO] ThirdPartyModel:316 - End build external matchings
2026-03-17 22:23:52,560 [INFO] ImportTextPane:234 - (OptionalMessage_ERROR) IP (DMA) : Parameter (Instance) has Id (MEMTOMEM1) currently not set
2026-03-17 22:23:52,561 [INFO] ImportTextPane:234 - (OptionalMessage_ERROR) IP (DMA) : Parameter (Direction) has Id (MEMTOMEM1) currently not set
2026-03-17 22:23:52,561 [INFO] ImportTextPane:234 - (OptionalMessage_ERROR) IP (DMA) : Parameter (PeriphInc) has Id (MEMTOMEM1) currently not set
2026-03-17 22:23:52,561 [INFO] ImportTextPane:234 - (OptionalMessage_ERROR) IP (DMA) : Parameter (MemInc) has Id (MEMTOMEM1) currently not set
2026-03-17 22:23:52,561 [INFO] ImportTextPane:234 - (OptionalMessage_ERROR) IP (DMA) : Parameter (PeriphDataAlignment) has Id (MEMTOMEM1) currently not set
2026-03-17 22:23:52,561 [INFO] ImportTextPane:234 - (OptionalMessage_ERROR) IP (DMA) : Parameter (MemDataAlignment) has Id (MEMTOMEM1) currently not set
2026-03-17 22:23:52,562 [INFO] ImportTextPane:234 - (OptionalMessage_ERROR) IP (DMA) : Parameter (Mode) has Id (MEMTOMEM1) currently not set
2026-03-17 22:23:52,562 [INFO] ImportTextPane:234 - (OptionalMessage_ERROR) IP (DMA) : Parameter (Priority) has Id (MEMTOMEM1) currently not set
2026-03-17 22:23:52,562 [INFO] ImportTextPane:234 - (OptionalMessage_ERROR) IP (DMA) : Parameter (Instance) has Id (USART3_TX) currently not set
2026-03-17 22:23:52,562 [INFO] ImportTextPane:234 - (OptionalMessage_ERROR) IP (DMA) : Parameter (Direction) has Id (USART3_TX) currently not set
2026-03-17 22:23:52,562 [INFO] ImportTextPane:234 - (OptionalMessage_ERROR) IP (DMA) : Parameter (PeriphInc) has Id (USART3_TX) currently not set
2026-03-17 22:23:52,562 [INFO] ImportTextPane:234 - (OptionalMessage_ERROR) IP (DMA) : Parameter (MemInc) has Id (USART3_TX) currently not set
2026-03-17 22:23:52,562 [INFO] ImportTextPane:234 - (OptionalMessage_ERROR) IP (DMA) : Parameter (PeriphDataAlignment) has Id (USART3_TX) currently not set
2026-03-17 22:23:52,562 [INFO] ImportTextPane:234 - (OptionalMessage_ERROR) IP (DMA) : Parameter (MemDataAlignment) has Id (USART3_TX) currently not set
2026-03-17 22:23:52,562 [INFO] ImportTextPane:234 - (OptionalMessage_ERROR) IP (DMA) : Parameter (Mode) has Id (USART3_TX) currently not set
2026-03-17 22:23:52,562 [INFO] ImportTextPane:234 - (OptionalMessage_ERROR) IP (DMA) : Parameter (Priority) has Id (USART3_TX) currently not set
2026-03-17 22:23:52,567 [WARN] IP:2250 - CMSIS_VERSION not found: check if there is a RefParameter without a condition.
2026-03-17 22:23:52,658 [WARN] IP:2250 - LWIP_NETIF_HOSTNAME_NAME not found: check if there is a RefParameter without a condition.
2026-03-17 22:23:52,704 [INFO] ImportTextPane:234 - (OptionalMessage_ERROR) IP (RCC) : Parameter (ADCFreqValue) has invalid value (36000000)
2026-03-17 22:23:52,704 [INFO] ImportTextPane:234 - (OptionalMessage_ERROR) IP (RCC) : Invalid parameter (FamilyName)
2026-03-17 22:23:52,704 [INFO] ImportTextPane:234 - (OptionalMessage_ERROR) IP (RCC) : Parameter (MCOFreq_Value) has invalid value (72000000)
2026-03-17 22:23:53,189 [INFO] UtilMem:75 - End LoadConfig() Used Memory: 529886600 Bytes (1073741824)
2026-03-17 22:23:53,317 [WARN] ThirdParty:833 - waiting for thirdparty lock release [change project]
2026-03-17 22:23:53,317 [INFO] ThirdParty:835 - entering critical section [change project]
2026-03-17 22:23:53,317 [INFO] ThirdParty:1030 - CMSIS Pack Vendor :STMicroelectronics X-CUBE-PM33A1 1.0.0
2026-03-17 22:23:53,317 [INFO] ThirdParty:1030 - CMSIS Pack Vendor :STMicroelectronics USBPD 4.1
2026-03-17 22:23:53,318 [INFO] ThirdParty:1030 - CMSIS Pack Vendor :STMicroelectronics USB_HOST 2.0.0
2026-03-17 22:23:53,318 [INFO] ThirdParty:1030 - CMSIS Pack Vendor :STMicroelectronics FP-SNS-MOTENVWB1 1.4.0
2026-03-17 22:23:53,318 [INFO] ThirdParty:1030 - CMSIS Pack Vendor :STMicroelectronics X-CUBE-AZRTOS-F4 1.1.0
2026-03-17 22:23:53,318 [INFO] ThirdParty:1030 - CMSIS Pack Vendor :STMicroelectronics LIBJPEG 8.0.0
2026-03-17 22:23:53,318 [INFO] ThirdParty:1030 - CMSIS Pack Vendor :STMicroelectronics FP-ATR-ASTRA1 2.0.2
2026-03-17 22:23:53,321 [INFO] ThirdParty:1030 - CMSIS Pack Vendor :STMicroelectronics FP-ATR-ASTRA1 2.0.1
2026-03-17 22:23:53,323 [INFO] ThirdParty:1030 - CMSIS Pack Vendor :Avnet-IotConnect X-CUBE-IoTC-DA16k-PMOD 1.0.0
2026-03-17 22:23:53,323 [INFO] ThirdParty:1030 - CMSIS Pack Vendor :STMicroelectronics X-CUBE-SMBUS 2.1.0
2026-03-17 22:23:53,323 [INFO] ThirdParty:1030 - CMSIS Pack Vendor :STMicroelectronics X-CUBE-WB05N 1.1.0
2026-03-17 22:23:53,323 [INFO] ThirdParty:1030 - CMSIS Pack Vendor :STMicroelectronics X-CUBE-ISPU 2.1.0
2026-03-17 22:23:53,323 [INFO] ThirdParty:1030 - CMSIS Pack Vendor :STMicroelectronics X-CUBE-IPS 3.2.0
2026-03-17 22:23:53,323 [INFO] ThirdParty:1030 - CMSIS Pack Vendor :STMicroelectronics X-CUBE-ST60 1.0.0
2026-03-17 22:23:53,323 [INFO] ThirdParty:1030 - CMSIS Pack Vendor :STMicroelectronics X-CUBE-NFC12 1.0.0
2026-03-17 22:23:53,323 [INFO] ThirdParty:1030 - CMSIS Pack Vendor :STMicroelectronics X-CUBE-AZRTOS-F7 1.1.0
2026-03-17 22:23:53,323 [INFO] ThirdParty:1030 - CMSIS Pack Vendor :STMicroelectronics X-CUBE-AZRTOS-L5 2.0.0
2026-03-17 22:23:53,323 [INFO] ThirdParty:1030 - CMSIS Pack Vendor :STMicroelectronics USB_DEVICE 2.0.0
2026-03-17 22:23:53,324 [INFO] ThirdParty:1030 - CMSIS Pack Vendor :STMicroelectronics X-CUBE-NFC6 3.1.0
2026-03-17 22:23:53,324 [INFO] ThirdParty:1030 - CMSIS Pack Vendor :STMicroelectronics FP-SNS-MOTENV1 5.1.0
2026-03-17 22:23:53,325 [INFO] ThirdParty:1030 - CMSIS Pack Vendor :STMicroelectronics FreeRTOS 0.0.1
2026-03-17 22:23:53,326 [INFO] ThirdParty:1030 - CMSIS Pack Vendor :STMicroelectronics X-CUBE-DPower 1.2.0
2026-03-17 22:23:53,328 [INFO] ThirdParty:1030 - CMSIS Pack Vendor :STMicroelectronics FP-SNS-FLIGHT1 5.0.2
2026-03-17 22:23:53,328 [INFO] ThirdParty:1030 - CMSIS Pack Vendor :Infineon AIROC-Wi-Fi-Bluetooth-STM32 1.7.0
2026-03-17 22:23:53,329 [INFO] ThirdParty:1030 - CMSIS Pack Vendor :STMicroelectronics PDM2PCM 3.3.0
2026-03-17 22:23:53,329 [INFO] ThirdParty:1030 - CMSIS Pack Vendor :STMicroelectronics X-CUBE-AZRTOS-H7 3.4.0
2026-03-17 22:23:53,330 [INFO] ThirdParty:1030 - CMSIS Pack Vendor :STMicroelectronics X-CUBE-DISPLAY 3.0.0
2026-03-17 22:23:53,330 [INFO] ThirdParty:1030 - CMSIS Pack Vendor :STMicroelectronics X-CUBE-BLE1 7.0.0
2026-03-17 22:23:53,331 [INFO] ThirdParty:1030 - CMSIS Pack Vendor :STMicroelectronics X-CUBE-NFC10 1.0.0
2026-03-17 22:23:53,331 [INFO] ThirdParty:1030 - CMSIS Pack Vendor :STMicroelectronics X-CUBE-BLEMGR 4.0.0
2026-03-17 22:23:53,331 [INFO] ThirdParty:1030 - CMSIS Pack Vendor :STMicroelectronics X-CUBE-FREERTOS 1.3.1
2026-03-17 22:23:53,332 [INFO] ThirdParty:1030 - CMSIS Pack Vendor :STMicroelectronics HAL Drivers 0.0.0
2026-03-17 22:23:53,332 [INFO] ThirdParty:1030 - CMSIS Pack Vendor :STMicroelectronics X-CUBE-ST60 1.1.0
2026-03-17 22:23:53,332 [INFO] ThirdParty:1030 - CMSIS Pack Vendor :emotas I-CUBE-CANOPEN 1.3.0
2026-03-17 22:23:53,332 [INFO] ThirdParty:1030 - CMSIS Pack Vendor :STMicroelectronics X-CUBE-FREERTOS 1.3.0
2026-03-17 22:23:53,332 [INFO] ThirdParty:1030 - CMSIS Pack Vendor :STMicroelectronics X-CUBE-NFC7 1.0.1
2026-03-17 22:23:53,332 [INFO] ThirdParty:1030 - CMSIS Pack Vendor :STMicroelectronics MBEDTLS 2.14.1
2026-03-17 22:23:53,332 [INFO] ThirdParty:1030 - CMSIS Pack Vendor :STMicroelectronics X-CUBE-GNSS1 7.1.0
2026-03-17 22:23:53,332 [INFO] ThirdParty:1030 - CMSIS Pack Vendor :STMicroelectronics X-CUBE-TOUCHGFX 4.26.0
2026-03-17 22:23:53,332 [INFO] ThirdParty:1030 - CMSIS Pack Vendor :STMicroelectronics X-CUBE-AI 10.0.0
2026-03-17 22:23:53,332 [INFO] ThirdParty:1030 - CMSIS Pack Vendor :STMicroelectronics FP-SNS-STBOX1 2.1.0
2026-03-17 22:23:53,332 [INFO] ThirdParty:1030 - CMSIS Pack Vendor :STMicroelectronics FP-SNS-STAIOTCFT 1.0.0
2026-03-17 22:23:53,333 [INFO] ThirdParty:1030 - CMSIS Pack Vendor :STMicroelectronics FP-SNS-SMARTAG2 1.2.0
2026-03-17 22:23:53,333 [INFO] ThirdParty:1030 - CMSIS Pack Vendor :STMicroelectronics FP-SNS-FLIGHT1 5.1.0
2026-03-17 22:23:53,333 [INFO] ThirdParty:1030 - CMSIS Pack Vendor :STMicroelectronics X-CUBE-MEMS1 11.1.0
2026-03-17 22:23:53,333 [INFO] ThirdParty:1030 - CMSIS Pack Vendor :STMicroelectronics X-CUBE-AZRTOS-WL 2.0.0
2026-03-17 22:23:53,333 [INFO] ThirdParty:1030 - CMSIS Pack Vendor :STMicroelectronics X-CUBE-DPower 1.3.0
2026-03-17 22:23:53,333 [INFO] ThirdParty:1030 - CMSIS Pack Vendor :STMicroelectronics FP-SNS-MOTENV1 5.0.0
2026-03-17 22:23:53,333 [INFO] ThirdParty:1030 - CMSIS Pack Vendor :STMicroelectronics USB_DEVICE 1.0.0
2026-03-17 22:23:53,333 [INFO] ThirdParty:1030 - CMSIS Pack Vendor :wolfSSL I-CUBE-wolfMQTT 1.19.0
2026-03-17 22:23:53,333 [INFO] ThirdParty:1030 - CMSIS Pack Vendor :STMicroelectronics X-CUBE-AZRTOS-L4 2.0.0
2026-03-17 22:23:53,333 [INFO] ThirdParty:1030 - CMSIS Pack Vendor :STMicroelectronics ThreadX 0.0.2
2026-03-17 22:23:53,333 [INFO] ThirdParty:1030 - CMSIS Pack Vendor :WES I-CUBE-Cesium 1.3.0
2026-03-17 22:23:53,333 [INFO] ThirdParty:1030 - CMSIS Pack Vendor :STMicroelectronics lwIP 2.1.2
2026-03-17 22:23:53,333 [INFO] ThirdParty:1030 - CMSIS Pack Vendor :STMicroelectronics X-CUBE-SFXS2LP1 4.0.0
2026-03-17 22:23:53,334 [INFO] ThirdParty:1030 - CMSIS Pack Vendor :STMicroelectronics X-CUBE-BLE2 3.3.0
2026-03-17 22:23:53,334 [INFO] ThirdParty:1030 - CMSIS Pack Vendor :STMicroelectronics PDM2PCM 3.2.0
2026-03-17 22:23:53,334 [INFO] ThirdParty:1030 - CMSIS Pack Vendor :STMicroelectronics X-CUBE-AZRTOS-H7 3.3.0
2026-03-17 22:23:53,334 [INFO] ThirdParty:1030 - CMSIS Pack Vendor :STMicroelectronics X-CUBE-NFC9 1.0.0
2026-03-17 22:23:53,334 [INFO] ThirdParty:1030 - CMSIS Pack Vendor :STMicroelectronics X-CUBE-BLE1 7.1.0
2026-03-17 22:23:53,334 [INFO] ThirdParty:1030 - CMSIS Pack Vendor :wolfSSL I-CUBE-wolfMQTT 1.19.2
2026-03-17 22:23:53,334 [INFO] ThirdParty:1030 - CMSIS Pack Vendor :STMicroelectronics USB_DEVICE 3.0.0
2026-03-17 22:23:53,334 [INFO] ThirdParty:1030 - CMSIS Pack Vendor :STMicroelectronics X-CUBE-EEPRMA1 5.2.0
2026-03-17 22:23:53,334 [INFO] ThirdParty:1030 - CMSIS Pack Vendor :STMicroelectronics X-CUBE-BLEMGR 4.1.0
2026-03-17 22:23:53,334 [INFO] ThirdParty:1030 - CMSIS Pack Vendor :STMicroelectronics X-CUBE-AZRTOS-WB 2.0.0
2026-03-17 22:23:53,334 [INFO] ThirdParty:1030 - CMSIS Pack Vendor :STMicroelectronics X-CUBE-GNSS1 7.0.1
2026-03-17 22:23:53,334 [INFO] ThirdParty:1030 - CMSIS Pack Vendor :STMicroelectronics X-CUBE-TOUCHGFX 4.25.0
2026-03-17 22:23:53,334 [INFO] ThirdParty:1030 - CMSIS Pack Vendor :STMicroelectronics X-CUBE-ST67W61 1.1.0
2026-03-17 22:23:53,334 [INFO] ThirdParty:1030 - CMSIS Pack Vendor :STMicroelectronics FP-SNS-STBOX1 2.0.0
2026-03-17 22:23:53,335 [INFO] ThirdParty:1030 - CMSIS Pack Vendor :STMicroelectronics X-CUBE-AZRTOS-G0 1.1.0
2026-03-17 22:23:53,337 [INFO] ThirdParty:1030 - CMSIS Pack Vendor :STMicroelectronics X-CUBE-SAFEA1 1.2.2
2026-03-17 22:23:53,337 [INFO] ThirdParty:1030 - CMSIS Pack Vendor :STMicroelectronics X-CUBE-NFC4 3.0.0
2026-03-17 22:23:53,337 [INFO] ThirdParty:1030 - CMSIS Pack Vendor :STMicroelectronics X-CUBE-SUBG2 5.0.0
2026-03-17 22:23:53,337 [INFO] ThirdParty:1030 - CMSIS Pack Vendor :STMicroelectronics X-CUBE-AZRTOS-H7RS 1.1.0
2026-03-17 22:23:53,337 [INFO] ThirdParty:1030 - CMSIS Pack Vendor :STMicroelectronics STM32_WPAN 1.0.0
2026-03-17 22:23:53,337 [INFO] ThirdParty:1030 - CMSIS Pack Vendor :EmbeddedOffice I-CUBE-FS-RTOS 1.0.1
2026-03-17 22:23:53,337 [INFO] ThirdParty:1030 - CMSIS Pack Vendor :STMicroelectronics lwIP 2.0.3
2026-03-17 22:23:53,337 [INFO] ThirdParty:1030 - CMSIS Pack Vendor :Cesanta I-CUBE-Mongoose 7.13.0
2026-03-17 22:23:53,338 [INFO] ThirdParty:1030 - CMSIS Pack Vendor :STMicroelectronics USB_HOST 1.0.0
2026-03-17 22:23:53,338 [INFO] ThirdParty:1030 - CMSIS Pack Vendor :STMicroelectronics X-CUBE-AZRTOS-G4 2.0.0
2026-03-17 22:23:53,338 [INFO] ThirdParty:1030 - CMSIS Pack Vendor :STMicroelectronics X-CUBE-WB05N 2.0.0
2026-03-17 22:23:53,338 [INFO] ThirdParty:1030 - CMSIS Pack Vendor :STMicroelectronics PDM2PCM 3.1.0
2026-03-17 22:23:53,338 [INFO] ThirdParty:1030 - CMSIS Pack Vendor :wolfSSL I-CUBE-wolfTPM 3.8.0
2026-03-17 22:23:53,338 [INFO] ThirdParty:1030 - CMSIS Pack Vendor :wolfSSL I-CUBE-wolfSSH 1.4.20
2026-03-17 22:23:53,338 [INFO] ThirdParty:1030 - CMSIS Pack Vendor :STMicroelectronics X-CUBE-NFC7 2.0.0
2026-03-17 22:23:53,338 [INFO] ThirdParty:1030 - CMSIS Pack Vendor :STMicroelectronics X-CUBE-TCPP 4.2.0
2026-03-17 22:23:53,338 [INFO] ThirdParty:1030 - CMSIS Pack Vendor :RealThread X-CUBE-RT-Thread_Nano 4.1.1
2026-03-17 22:23:53,338 [INFO] ThirdParty:1030 - CMSIS Pack Vendor :STMicroelectronics FP-ATR-SIGFOX1 3.2.0
2026-03-17 22:23:53,338 [INFO] ThirdParty:1030 - CMSIS Pack Vendor :quantropi X-CUBE-qispace-sdk-base 1.9.3
2026-03-17 22:23:53,338 [INFO] ThirdParty:1030 - CMSIS Pack Vendor :STMicroelectronics X-CUBE-EEPRMA1 5.1.0
2026-03-17 22:23:53,338 [INFO] ThirdParty:1030 - CMSIS Pack Vendor :STMicroelectronics MBEDTLS 2.16.2
2026-03-17 22:23:53,338 [INFO] ThirdParty:1030 - CMSIS Pack Vendor :STMicroelectronics X-CUBE-IPS 3.1.0
2026-03-17 22:23:53,338 [INFO] ThirdParty:1030 - CMSIS Pack Vendor :STMicroelectronics X-CUBE-ALS 1.0.2
2026-03-17 22:23:53,338 [INFO] ThirdParty:1030 - CMSIS Pack Vendor :wolfSSL I-CUBE-wolfSSL 5.7.6
2026-03-17 22:23:53,339 [INFO] ThirdParty:1030 - CMSIS Pack Vendor :ITTIA_DB I-CUBE-ITTIADB 8.9.0
2026-03-17 22:23:53,339 [INFO] ThirdParty:1030 - CMSIS Pack Vendor :STMicroelectronics X-CUBE-TOUCHGFX 4.24.2
2026-03-17 22:23:53,339 [INFO] ThirdParty:1030 - CMSIS Pack Vendor :STMicroelectronics X-CUBE-STSE01 1.0.0
2026-03-17 22:23:53,339 [INFO] ThirdParty:1030 - CMSIS Pack Vendor :wolfSSL I-CUBE-wolfTPM 3.4.0
2026-03-17 22:23:53,339 [INFO] ThirdParty:1030 - CMSIS Pack Vendor :portGmbH I-Cube-SoM-uGOAL 1.1.0
2026-03-17 22:23:53,339 [INFO] ThirdParty:1030 - CMSIS Pack Vendor :STMicroelectronics X-CUBE-ST67W61 1.0.0
2026-03-17 22:23:53,339 [INFO] ThirdParty:1030 - CMSIS Pack Vendor :STMicroelectronics X-CUBE-AI 10.2.0
2026-03-17 22:23:53,339 [INFO] ThirdParty:1030 - CMSIS Pack Vendor :STMicroelectronics ThreadX 1.0.0
2026-03-17 22:23:53,339 [INFO] ThirdParty:1030 - CMSIS Pack Vendor :SEGGER I-CUBE-embOS 1.3.1
2026-03-17 22:23:53,339 [INFO] ThirdParty:1030 - CMSIS Pack Vendor :STMicroelectronics X-CUBE-ALGOBUILD 1.4.0
2026-03-17 22:23:53,339 [INFO] ThirdParty:1030 - CMSIS Pack Vendor :STMicroelectronics X-CUBE-MEMS1 11.3.0
2026-03-17 22:23:53,339 [INFO] ThirdParty:1030 - CMSIS Pack Vendor :STMicroelectronics X-CUBE-AZRTOS-H7RS 1.0.0
2026-03-17 22:23:53,339 [INFO] ThirdParty:1030 - CMSIS Pack Vendor :STMicroelectronics X-CUBE-TOF1 3.4.2
2026-03-17 22:23:53,340 [INFO] ThirdParty:1030 - CMSIS Pack Vendor :STMicroelectronics X-CUBE-TOF1 3.4.3
2026-03-17 22:23:53,340 [INFO] ThirdParty:1030 - CMSIS Pack Vendor :wolfSSL I-CUBE-wolfSSH 1.4.17
2026-03-17 22:23:53,340 [INFO] ThirdParty:841 - exiting critical section [change project]
2026-03-17 22:23:54,011 [INFO] PinOutPanel:1589 - setPackage(No Configuration,No Configuration)
2026-03-17 22:23:54,014 [INFO] PinOutPanel:1589 - setPackage(STM32F107RCTx,LQFP64)
2026-03-17 22:23:55,326 [INFO] UtilMem:75 - Before build in PCC Used Memory: 412447256 Bytes (1073741824)
2026-03-17 22:23:56,105 [INFO] UtilMem:75 - After build in PCC Used Memory: 458050680 Bytes (1073741824)
2026-03-17 22:23:56,128 [INFO] ApiDbMcu:532 - Load IP Config File for LWIP
2026-03-17 22:23:56,196 [INFO] IPUIPlugin:80 - create IPUIPlugin
2026-03-17 22:23:56,196 [INFO] IPUIPlugin:80 - create IPUIPlugin
2026-03-17 22:23:56,196 [INFO] IPUIPlugin:80 - create IPUIPlugin
2026-03-17 22:23:56,197 [INFO] IPUIPlugin:80 - create IPUIPlugin
2026-03-17 22:23:56,200 [INFO] IPUIPlugin:80 - create IPUIPlugin
2026-03-17 22:23:56,203 [INFO] IPUIPlugin:80 - create IPUIPlugin
2026-03-17 22:23:56,204 [INFO] IPUIPlugin:80 - create IPUIPlugin
2026-03-17 22:23:56,205 [INFO] IPUIPlugin:80 - create IPUIPlugin
2026-03-17 22:23:56,205 [INFO] IPUIPlugin:80 - create IPUIPlugin
2026-03-17 22:23:56,205 [INFO] IPUIPlugin:80 - create IPUIPlugin
2026-03-17 22:23:56,205 [INFO] IPUIPlugin:80 - create IPUIPlugin
2026-03-17 22:23:56,205 [INFO] IPUIPlugin:80 - create IPUIPlugin
2026-03-17 22:23:56,205 [INFO] IPUIPlugin:80 - create IPUIPlugin
2026-03-17 22:23:56,205 [INFO] IPUIPlugin:80 - create IPUIPlugin
2026-03-17 22:23:56,206 [INFO] IPUIPlugin:80 - create IPUIPlugin
2026-03-17 22:23:56,206 [INFO] IPUIPlugin:80 - create IPUIPlugin
2026-03-17 22:23:56,227 [INFO] IPUIPlugin:80 - create IPUIPlugin
2026-03-17 22:23:56,228 [INFO] IPUIPlugin:80 - create IPUIPlugin
2026-03-17 22:23:56,230 [INFO] IPUIPlugin:80 - create IPUIPlugin
2026-03-17 22:23:56,230 [INFO] IPUIPlugin:80 - create IPUIPlugin
2026-03-17 22:23:56,231 [INFO] IPUIPlugin:80 - create IPUIPlugin
2026-03-17 22:23:56,231 [INFO] IPUIPlugin:80 - create IPUIPlugin
2026-03-17 22:23:56,231 [INFO] IPUIPlugin:80 - create IPUIPlugin
2026-03-17 22:23:56,232 [INFO] IPUIPlugin:80 - create IPUIPlugin
2026-03-17 22:23:56,232 [INFO] IPUIPlugin:80 - create IPUIPlugin
2026-03-17 22:23:56,232 [INFO] IPUIPlugin:80 - create IPUIPlugin
2026-03-17 22:23:56,232 [INFO] IPUIPlugin:80 - create IPUIPlugin
2026-03-17 22:23:56,233 [INFO] IPUIPlugin:80 - create IPUIPlugin
2026-03-17 22:23:56,233 [INFO] IPUIPlugin:80 - create IPUIPlugin
2026-03-17 22:23:56,233 [INFO] IPUIPlugin:80 - create IPUIPlugin
2026-03-17 22:23:56,237 [INFO] IPUIPlugin:80 - create IPUIPlugin
2026-03-17 22:23:56,239 [INFO] IPUIPlugin:80 - create IPUIPlugin
2026-03-17 22:23:56,239 [INFO] IPUIPlugin:80 - create IPUIPlugin
2026-03-17 22:23:56,240 [INFO] IPUIPlugin:80 - create IPUIPlugin
2026-03-17 22:23:56,240 [INFO] IPUIPlugin:80 - create IPUIPlugin
2026-03-17 22:23:56,241 [INFO] IPUIPlugin:80 - create IPUIPlugin
2026-03-17 22:23:56,241 [INFO] IPUIPlugin:80 - create IPUIPlugin
2026-03-17 22:23:56,242 [INFO] IPUIPlugin:80 - create IPUIPlugin
2026-03-17 22:23:56,242 [INFO] IPUIPlugin:80 - create IPUIPlugin
2026-03-17 22:23:56,398 [INFO] CADModel:165 - CPN selected for project levelSTM32F107RCT6
2026-03-17 22:23:56,399 [INFO] CADModel:114 - Register for checkConnection events
2026-03-17 22:23:56,507 [INFO] OpenFileManager:386 - Restore cursor
2026-03-17 22:23:56,613 [WARN] IP:2250 - CMSIS_VERSION not found: check if there is a RefParameter without a condition.
2026-03-17 22:23:56,620 [WARN] IP:2250 - LWIP_NETIF_HOSTNAME_NAME not found: check if there is a RefParameter without a condition.
2026-03-17 22:23:56,682 [WARN] IP:2250 - CMSIS_VERSION not found: check if there is a RefParameter without a condition.
2026-03-17 22:23:56,687 [WARN] IP:2250 - LWIP_NETIF_HOSTNAME_NAME not found: check if there is a RefParameter without a condition.
2026-03-17 22:24:18,540 [WARN] CheckConnectionManager:291 - Warning during Server Connection :  timeout Connect to sw-center.st.com:443 [sw-center.st.com/185.200.232.50, sw-center.st.com/185.200.232.40] failed: Connect timed out
2026-03-17 22:24:20,545 [WARN] CheckConnectionManager:291 - Warning during Server Connection :  timeout Connect to sw-center.st.com:443 [sw-center.st.com/185.200.232.50, sw-center.st.com/185.200.232.40] failed: Connect timed out
2026-03-17 22:24:20,546 [INFO] MainUpdater:2872 - connection check result : 22
2026-03-17 22:24:20,613 [INFO] MicroXplorer:468 - Change Database Path : 
2026-03-17 22:24:20,614 [INFO] MicroXplorer:498 - Change Database Version : DB.6.0.150
2026-03-17 22:24:20,631 [ERROR] ProjectManagerView:395 - 
java.lang.NullPointerException: Cannot invoke "javax.swing.JTextField.getText()" because the return value of "java.util.List.get(int)" is null
	at com.st.microxplorer.plugins.projectmanager.gui.ProjectChoiceTab$9.caretUpdate(ProjectChoiceTab.java:2706) ~[filemanager.jar:?]
	at javax.swing.text.JTextComponent.fireCaretUpdate(JTextComponent.java:408) ~[?:?]
	at javax.swing.text.JTextComponent$MutableCaretEvent.fire(JTextComponent.java:4484) ~[?:?]
	at javax.swing.text.JTextComponent$MutableCaretEvent.stateChanged(JTextComponent.java:4506) ~[?:?]
	at javax.swing.text.DefaultCaret.fireStateChanged(DefaultCaret.java:857) ~[?:?]
	at javax.swing.text.DefaultCaret.changeCaretPosition(DefaultCaret.java:1343) ~[?:?]
	at javax.swing.text.DefaultCaret.handleSetDot(DefaultCaret.java:1242) ~[?:?]
	at javax.swing.text.DefaultCaret.setDot(DefaultCaret.java:1223) ~[?:?]
	at javax.swing.text.DefaultCaret$Handler.insertUpdate(DefaultCaret.java:1819) ~[?:?]
	at javax.swing.text.AbstractDocument.fireInsertUpdate(AbstractDocument.java:227) ~[?:?]
	at javax.swing.text.AbstractDocument.handleInsertString(AbstractDocument.java:781) ~[?:?]
	at javax.swing.text.AbstractDocument.insertString(AbstractDocument.java:740) ~[?:?]
	at javax.swing.text.PlainDocument.insertString(PlainDocument.java:131) ~[?:?]
	at javax.swing.text.AbstractDocument.replace(AbstractDocument.java:699) ~[?:?]
	at javax.swing.text.JTextComponent.setText(JTextComponent.java:1725) ~[?:?]
	at com.st.microxplorer.plugins.projectmanager.gui.ProjectChoiceTab.createHeapStackFields(ProjectChoiceTab.java:993) ~[filemanager.jar:?]
	at com.st.microxplorer.plugins.projectmanager.gui.ProjectChoiceTab.buildLinkSettingsPanel(ProjectChoiceTab.java:3813) ~[filemanager.jar:?]
	at com.st.microxplorer.plugins.projectmanager.gui.ProjectChoiceTab.defineWindowsFields(ProjectChoiceTab.java:1987) ~[filemanager.jar:?]
	at com.st.microxplorer.plugins.projectmanager.gui.ProjectChoiceTab.updateSettings(ProjectChoiceTab.java:558) ~[filemanager.jar:?]
	at com.st.microxplorer.plugins.projectmanager.gui.ProjectSettingsPanel.UpdateDialog(ProjectSettingsPanel.java:247) ~[filemanager.jar:?]
	at com.st.microxplorer.plugins.projectmanager.ProjectManagerView.propertyChange(ProjectManagerView.java:392) ~[filemanager.jar:?]
	at java.beans.PropertyChangeSupport.fire(PropertyChangeSupport.java:343) ~[?:?]
	at java.beans.PropertyChangeSupport.firePropertyChange(PropertyChangeSupport.java:335) ~[?:?]
	at java.beans.PropertyChangeSupport.firePropertyChange(PropertyChangeSupport.java:268) ~[?:?]
	at com.st.microxplorer.util.MXPropertyChangeSupport.firePropertyChange(MXPropertyChangeSupport.java:54) ~[STM32CubeMX.jar:?]
	at com.st.microxplorer.mxsystem.MxSystem.closeConfig(MxSystem.java:899) ~[STM32CubeMX.jar:?]
	at com.st.microxplorer.maingui.MainPanel.closeConfig(MainPanel.java:792) ~[STM32CubeMX.jar:?]
	at com.st.microxplorer.plugins.filemanager.engine.OpenFileManager.loadConfigurationFile(OpenFileManager.java:288) ~[filemanager.jar:?]
	at com.st.microxplorer.plugins.filemanager.engine.MainFileManager.userLoadConfig(MainFileManager.java:364) ~[filemanager.jar:?]
	at com.st.microxplorer.plugins.filemanager.engine.MainFileManager.userLoadConfig(MainFileManager.java:342) ~[filemanager.jar:?]
	at com.st.microxplorer.plugins.filemanager.FileManagerView.getSpecificTask(FileManagerView.java:264) ~[filemanager.jar:?]
	at com.st.stm32cube.common.mx.editor.CubeMxEditor.getMxTabbedPaneInstance(CubeMxEditor.java:1198) ~[com.st.stm32cube.common.mx_6.15.0.202507011659/:?]
	at com.st.stm32cube.common.mx.editor.CubeMxEditor$12$1.createSwingComponent(CubeMxEditor.java:1068) ~[com.st.stm32cube.common.mx_6.15.0.202507011659/:?]
	at com.st.stm32cube.common.mx.oss.core.awtswtbridge.EmbeddedSwingComposite.doComponentCreation(EmbeddedSwingComposite.java:492) ~[com.st.stm32cube.common.mx.oss_6.15.0.202507011659/:?]
	at com.st.stm32cube.common.mx.oss.core.awtswtbridge.EmbeddedSwingComposite$4.run(EmbeddedSwingComposite.java:291) ~[com.st.stm32cube.common.mx.oss_6.15.0.202507011659/:?]
	at com.st.stm32cube.common.mx.oss.core.awtswtbridge.AwtEnvironment$2.run(AwtEnvironment.java:166) ~[com.st.stm32cube.common.mx.oss_6.15.0.202507011659/:?]
	at java.awt.event.InvocationEvent.dispatch(InvocationEvent.java:318) ~[?:?]
	at java.awt.EventQueue.dispatchEventImpl(EventQueue.java:773) ~[?:?]
	at java.awt.EventQueue$4.run(EventQueue.java:720) ~[?:?]
	at java.awt.EventQueue$4.run(EventQueue.java:714) ~[?:?]
	at java.security.AccessController.doPrivileged(AccessController.java:400) ~[?:?]
	at java.security.ProtectionDomain$JavaSecurityAccessImpl.doIntersectionPrivilege(ProtectionDomain.java:87) ~[?:?]
	at java.awt.EventQueue.dispatchEvent(EventQueue.java:742) ~[?:?]
	at java.awt.EventDispatchThread.pumpOneEventForFilters(EventDispatchThread.java:203) ~[?:?]
	at java.awt.EventDispatchThread.pumpEventsForFilter(EventDispatchThread.java:124) ~[?:?]
	at java.awt.EventDispatchThread.pumpEventsForHierarchy(EventDispatchThread.java:113) ~[?:?]
	at java.awt.EventDispatchThread.pumpEvents(EventDispatchThread.java:109) ~[?:?]
	at java.awt.EventDispatchThread.pumpEvents(EventDispatchThread.java:101) ~[?:?]
	at java.awt.EventDispatchThread.run(EventDispatchThread.java:90) ~[?:?]
2026-03-17 22:24:20,632 [WARN] ThirdParty:871 - waiting for thirdparty lock release [close project]
2026-03-17 22:24:20,633 [INFO] ThirdParty:873 - entering critical section [close project]
2026-03-17 22:24:20,633 [INFO] ThirdParty:883 - exiting critical section [close project]
2026-03-17 22:24:20,635 [INFO] PinOutPanel:1589 - setPackage(No Configuration,No Configuration)
2026-03-17 22:24:20,642 [INFO] UtilMem:75 - Begin LoadConfig() Used Memory: 848900544 Bytes (1073741824)
2026-03-17 22:24:20,643 [INFO] MicroXplorer:468 - Change Database Path : 
2026-03-17 22:24:20,643 [INFO] MicroXplorer:498 - Change Database Version : DB.6.0.150
2026-03-17 22:24:20,643 [INFO] OpenFileManager:355 - Change cursor
2026-03-17 22:24:20,658 [INFO] Mcu:2029 - Initializing MCU STM32F107R(B-C)Tx STM32F107RCTx STM32F107RCT6
2026-03-17 22:24:22,292 [INFO] Context:786 - Trying to add GPIOservice into a context  which must be forbidden
2026-03-17 22:24:22,556 [INFO] ImportTextPane:234 - (OptionalMessage_ERROR) Pin28 (VP_RIF_VS_RIF1) cannot be retrieved for this MCU
2026-03-17 22:24:22,596 [INFO] RtosManager:558 - Registered RTOS mode: class=CMSIS, group=RTOS, mode=CMSIS_V1, owner=FREERTOS
2026-03-17 22:24:22,596 [INFO] RtosManager:558 - Registered RTOS mode: class=CMSIS, group=RTOS2, mode=CMSIS_V2, owner=FREERTOS
2026-03-17 22:24:22,596 [INFO] RtosManager:558 - Registered RTOS mode: class=RTOS, group=Core, mode=CMSIS_V1, owner=FREERTOS
2026-03-17 22:24:22,596 [INFO] RtosManager:558 - Registered RTOS mode: class=RTOS, group=Core, mode=CMSIS_V2, owner=FREERTOS
2026-03-17 22:24:22,596 [WARN] ModelIntegratedComponent:184 - Missing modes for component STMicroelectronics:FreeRTOS:0.0.1:STMicroelectronics:RTOS:FreeRTOS:Core:::10.2.0:
2026-03-17 22:24:22,603 [WARN] ModelIntegratedComponent:63 - No mode defined for component null
2026-03-17 22:24:22,603 [WARN] ModelIntegratedComponent:63 - No mode defined for component null
2026-03-17 22:24:22,603 [WARN] ModelIntegratedComponent:63 - No mode defined for component null
2026-03-17 22:24:22,603 [WARN] ModelIntegratedComponent:63 - No mode defined for component null
2026-03-17 22:24:22,603 [WARN] ModelIntegratedComponent:63 - No mode defined for component null
2026-03-17 22:24:22,603 [WARN] ModelIntegratedComponent:63 - No mode defined for component null
2026-03-17 22:24:22,603 [WARN] ModelIntegratedComponent:63 - No mode defined for component null
2026-03-17 22:24:22,603 [WARN] ModelIntegratedComponent:63 - No mode defined for component null
2026-03-17 22:24:22,604 [WARN] ModelIntegratedComponent:63 - No mode defined for component null
2026-03-17 22:24:22,604 [WARN] ModelIntegratedComponent:63 - No mode defined for component null
2026-03-17 22:24:22,604 [WARN] ModelIntegratedComponent:63 - No mode defined for component null
2026-03-17 22:24:22,604 [WARN] ModelIntegratedComponent:63 - No mode defined for component null
2026-03-17 22:24:22,604 [WARN] ModelIntegratedComponent:63 - No mode defined for component null
2026-03-17 22:24:22,604 [WARN] ModelIntegratedComponent:63 - No mode defined for component null
2026-03-17 22:24:22,604 [WARN] ModelIntegratedComponent:63 - No mode defined for component null
2026-03-17 22:24:22,604 [WARN] ModelIntegratedComponent:63 - No mode defined for component null
2026-03-17 22:24:22,604 [WARN] ModelIntegratedComponent:63 - No mode defined for component null
2026-03-17 22:24:22,604 [WARN] ModelIntegratedComponent:63 - No mode defined for component null
2026-03-17 22:24:22,604 [WARN] ModelIntegratedComponent:63 - No mode defined for component null
2026-03-17 22:24:22,604 [WARN] ModelIntegratedComponent:63 - No mode defined for component null
2026-03-17 22:24:22,604 [WARN] ModelIntegratedComponent:63 - No mode defined for component null
2026-03-17 22:24:22,604 [WARN] ModelIntegratedComponent:63 - No mode defined for component null
2026-03-17 22:24:22,604 [WARN] ModelIntegratedComponent:63 - No mode defined for component null
2026-03-17 22:24:22,604 [WARN] ModelIntegratedComponent:63 - No mode defined for component null
2026-03-17 22:24:22,604 [WARN] ModelIntegratedComponent:63 - No mode defined for component null
2026-03-17 22:24:22,604 [WARN] ModelIntegratedComponent:63 - No mode defined for component null
2026-03-17 22:24:22,604 [WARN] ModelIntegratedComponent:63 - No mode defined for component null
2026-03-17 22:24:22,604 [WARN] ModelIntegratedComponent:63 - No mode defined for component null
2026-03-17 22:24:22,604 [WARN] ModelIntegratedComponent:63 - No mode defined for component null
2026-03-17 22:24:22,604 [WARN] ModelIntegratedComponent:63 - No mode defined for component null
2026-03-17 22:24:22,604 [WARN] ModelIntegratedComponent:63 - No mode defined for component null
2026-03-17 22:24:22,604 [WARN] ModelIntegratedComponent:63 - No mode defined for component null
2026-03-17 22:24:22,604 [WARN] ModelIntegratedComponent:63 - No mode defined for component null
2026-03-17 22:24:22,604 [WARN] ModelIntegratedComponent:63 - No mode defined for component null
2026-03-17 22:24:22,605 [WARN] ModelIntegratedComponent:63 - No mode defined for component null
2026-03-17 22:24:22,605 [WARN] ModelPack:524 - Component already loaded: STMicroelectronics:HAL Drivers:0.0.0:STMicroelectronics:Device:STMicro_Driver:XSPI:HAL::0.0.1:HAL_XSPI
2026-03-17 22:24:23,013 [INFO] ThirdPartyModel:298 - Start build external matchings
2026-03-17 22:24:25,504 [INFO] ThirdPartyModel:316 - End build external matchings
2026-03-17 22:24:25,532 [INFO] ImportTextPane:234 - (OptionalMessage_ERROR) IP (DMA) : Parameter (Instance) has Id (MEMTOMEM1) currently not set
2026-03-17 22:24:25,532 [INFO] ImportTextPane:234 - (OptionalMessage_ERROR) IP (DMA) : Parameter (Direction) has Id (MEMTOMEM1) currently not set
2026-03-17 22:24:25,533 [INFO] ImportTextPane:234 - (OptionalMessage_ERROR) IP (DMA) : Parameter (PeriphInc) has Id (MEMTOMEM1) currently not set
2026-03-17 22:24:25,533 [INFO] ImportTextPane:234 - (OptionalMessage_ERROR) IP (DMA) : Parameter (MemInc) has Id (MEMTOMEM1) currently not set
2026-03-17 22:24:25,533 [INFO] ImportTextPane:234 - (OptionalMessage_ERROR) IP (DMA) : Parameter (PeriphDataAlignment) has Id (MEMTOMEM1) currently not set
2026-03-17 22:24:25,533 [INFO] ImportTextPane:234 - (OptionalMessage_ERROR) IP (DMA) : Parameter (MemDataAlignment) has Id (MEMTOMEM1) currently not set
2026-03-17 22:24:25,533 [INFO] ImportTextPane:234 - (OptionalMessage_ERROR) IP (DMA) : Parameter (Mode) has Id (MEMTOMEM1) currently not set
2026-03-17 22:24:25,533 [INFO] ImportTextPane:234 - (OptionalMessage_ERROR) IP (DMA) : Parameter (Priority) has Id (MEMTOMEM1) currently not set
2026-03-17 22:24:25,533 [INFO] ImportTextPane:234 - (OptionalMessage_ERROR) IP (DMA) : Parameter (Instance) has Id (USART3_TX) currently not set
2026-03-17 22:24:25,533 [INFO] ImportTextPane:234 - (OptionalMessage_ERROR) IP (DMA) : Parameter (Direction) has Id (USART3_TX) currently not set
2026-03-17 22:24:25,534 [INFO] ImportTextPane:234 - (OptionalMessage_ERROR) IP (DMA) : Parameter (PeriphInc) has Id (USART3_TX) currently not set
2026-03-17 22:24:25,534 [INFO] ImportTextPane:234 - (OptionalMessage_ERROR) IP (DMA) : Parameter (MemInc) has Id (USART3_TX) currently not set
2026-03-17 22:24:25,534 [INFO] ImportTextPane:234 - (OptionalMessage_ERROR) IP (DMA) : Parameter (PeriphDataAlignment) has Id (USART3_TX) currently not set
2026-03-17 22:24:25,534 [INFO] ImportTextPane:234 - (OptionalMessage_ERROR) IP (DMA) : Parameter (MemDataAlignment) has Id (USART3_TX) currently not set
2026-03-17 22:24:25,534 [INFO] ImportTextPane:234 - (OptionalMessage_ERROR) IP (DMA) : Parameter (Mode) has Id (USART3_TX) currently not set
2026-03-17 22:24:25,534 [INFO] ImportTextPane:234 - (OptionalMessage_ERROR) IP (DMA) : Parameter (Priority) has Id (USART3_TX) currently not set
2026-03-17 22:24:25,536 [WARN] IP:2250 - CMSIS_VERSION not found: check if there is a RefParameter without a condition.
2026-03-17 22:24:25,539 [WARN] IP:2250 - LWIP_NETIF_HOSTNAME_NAME not found: check if there is a RefParameter without a condition.
2026-03-17 22:24:25,559 [INFO] ImportTextPane:234 - (OptionalMessage_ERROR) IP (RCC) : Parameter (ADCFreqValue) has invalid value (36000000)
2026-03-17 22:24:25,559 [INFO] ImportTextPane:234 - (OptionalMessage_ERROR) IP (RCC) : Invalid parameter (FamilyName)
2026-03-17 22:24:25,560 [INFO] ImportTextPane:234 - (OptionalMessage_ERROR) IP (RCC) : Parameter (MCOFreq_Value) has invalid value (72000000)
2026-03-17 22:24:25,948 [INFO] UtilMem:75 - End LoadConfig() Used Memory: 764310072 Bytes (1073741824)
2026-03-17 22:24:26,064 [WARN] ThirdParty:833 - waiting for thirdparty lock release [change project]
2026-03-17 22:24:26,064 [INFO] ThirdParty:835 - entering critical section [change project]
2026-03-17 22:24:26,064 [INFO] ThirdParty:1030 - CMSIS Pack Vendor :STMicroelectronics X-CUBE-PM33A1 1.0.0
2026-03-17 22:24:26,064 [INFO] ThirdParty:1030 - CMSIS Pack Vendor :STMicroelectronics USBPD 4.1
2026-03-17 22:24:26,064 [INFO] ThirdParty:1030 - CMSIS Pack Vendor :STMicroelectronics USB_HOST 2.0.0
2026-03-17 22:24:26,064 [INFO] ThirdParty:1030 - CMSIS Pack Vendor :STMicroelectronics FP-SNS-MOTENVWB1 1.4.0
2026-03-17 22:24:26,064 [INFO] ThirdParty:1030 - CMSIS Pack Vendor :STMicroelectronics X-CUBE-AZRTOS-F4 1.1.0
2026-03-17 22:24:26,064 [INFO] ThirdParty:1030 - CMSIS Pack Vendor :STMicroelectronics LIBJPEG 8.0.0
2026-03-17 22:24:26,065 [INFO] ThirdParty:1030 - CMSIS Pack Vendor :STMicroelectronics FP-ATR-ASTRA1 2.0.2
2026-03-17 22:24:26,065 [INFO] ThirdParty:1030 - CMSIS Pack Vendor :STMicroelectronics FP-ATR-ASTRA1 2.0.1
2026-03-17 22:24:26,065 [INFO] ThirdParty:1030 - CMSIS Pack Vendor :Avnet-IotConnect X-CUBE-IoTC-DA16k-PMOD 1.0.0
2026-03-17 22:24:26,065 [INFO] ThirdParty:1030 - CMSIS Pack Vendor :STMicroelectronics X-CUBE-SMBUS 2.1.0
2026-03-17 22:24:26,065 [INFO] ThirdParty:1030 - CMSIS Pack Vendor :STMicroelectronics X-CUBE-WB05N 1.1.0
2026-03-17 22:24:26,065 [INFO] ThirdParty:1030 - CMSIS Pack Vendor :STMicroelectronics X-CUBE-ISPU 2.1.0
2026-03-17 22:24:26,065 [INFO] ThirdParty:1030 - CMSIS Pack Vendor :STMicroelectronics X-CUBE-IPS 3.2.0
2026-03-17 22:24:26,065 [INFO] ThirdParty:1030 - CMSIS Pack Vendor :STMicroelectronics X-CUBE-ST60 1.0.0
2026-03-17 22:24:26,065 [INFO] ThirdParty:1030 - CMSIS Pack Vendor :STMicroelectronics X-CUBE-NFC12 1.0.0
2026-03-17 22:24:26,065 [INFO] ThirdParty:1030 - CMSIS Pack Vendor :STMicroelectronics X-CUBE-AZRTOS-F7 1.1.0
2026-03-17 22:24:26,065 [INFO] ThirdParty:1030 - CMSIS Pack Vendor :STMicroelectronics X-CUBE-AZRTOS-L5 2.0.0
2026-03-17 22:24:26,065 [INFO] ThirdParty:1030 - CMSIS Pack Vendor :STMicroelectronics USB_DEVICE 2.0.0
2026-03-17 22:24:26,065 [INFO] ThirdParty:1030 - CMSIS Pack Vendor :STMicroelectronics X-CUBE-NFC6 3.1.0
2026-03-17 22:24:26,066 [INFO] ThirdParty:1030 - CMSIS Pack Vendor :STMicroelectronics FP-SNS-MOTENV1 5.1.0
2026-03-17 22:24:26,066 [INFO] ThirdParty:1030 - CMSIS Pack Vendor :STMicroelectronics FreeRTOS 0.0.1
2026-03-17 22:24:26,066 [INFO] ThirdParty:1030 - CMSIS Pack Vendor :STMicroelectronics X-CUBE-DPower 1.2.0
2026-03-17 22:24:26,066 [INFO] ThirdParty:1030 - CMSIS Pack Vendor :STMicroelectronics FP-SNS-FLIGHT1 5.0.2
2026-03-17 22:24:26,066 [INFO] ThirdParty:1030 - CMSIS Pack Vendor :Infineon AIROC-Wi-Fi-Bluetooth-STM32 1.7.0
2026-03-17 22:24:26,066 [INFO] ThirdParty:1030 - CMSIS Pack Vendor :STMicroelectronics PDM2PCM 3.3.0
2026-03-17 22:24:26,066 [INFO] ThirdParty:1030 - CMSIS Pack Vendor :STMicroelectronics X-CUBE-AZRTOS-H7 3.4.0
2026-03-17 22:24:26,066 [INFO] ThirdParty:1030 - CMSIS Pack Vendor :STMicroelectronics X-CUBE-DISPLAY 3.0.0
2026-03-17 22:24:26,066 [INFO] ThirdParty:1030 - CMSIS Pack Vendor :STMicroelectronics X-CUBE-BLE1 7.0.0
2026-03-17 22:24:26,066 [INFO] ThirdParty:1030 - CMSIS Pack Vendor :STMicroelectronics X-CUBE-NFC10 1.0.0
2026-03-17 22:24:26,066 [INFO] ThirdParty:1030 - CMSIS Pack Vendor :STMicroelectronics X-CUBE-BLEMGR 4.0.0
2026-03-17 22:24:26,066 [INFO] ThirdParty:1030 - CMSIS Pack Vendor :STMicroelectronics X-CUBE-FREERTOS 1.3.1
2026-03-17 22:24:26,066 [INFO] ThirdParty:1030 - CMSIS Pack Vendor :STMicroelectronics HAL Drivers 0.0.0
2026-03-17 22:24:26,066 [INFO] ThirdParty:1030 - CMSIS Pack Vendor :STMicroelectronics X-CUBE-ST60 1.1.0
2026-03-17 22:24:26,066 [INFO] ThirdParty:1030 - CMSIS Pack Vendor :emotas I-CUBE-CANOPEN 1.3.0
2026-03-17 22:24:26,066 [INFO] ThirdParty:1030 - CMSIS Pack Vendor :STMicroelectronics X-CUBE-FREERTOS 1.3.0
2026-03-17 22:24:26,067 [INFO] ThirdParty:1030 - CMSIS Pack Vendor :STMicroelectronics X-CUBE-NFC7 1.0.1
2026-03-17 22:24:26,067 [INFO] ThirdParty:1030 - CMSIS Pack Vendor :STMicroelectronics MBEDTLS 2.14.1
2026-03-17 22:24:26,068 [INFO] ThirdParty:1030 - CMSIS Pack Vendor :STMicroelectronics X-CUBE-GNSS1 7.1.0
2026-03-17 22:24:26,068 [INFO] ThirdParty:1030 - CMSIS Pack Vendor :STMicroelectronics X-CUBE-TOUCHGFX 4.26.0
2026-03-17 22:24:26,069 [INFO] ThirdParty:1030 - CMSIS Pack Vendor :STMicroelectronics X-CUBE-AI 10.0.0
2026-03-17 22:24:26,069 [INFO] ThirdParty:1030 - CMSIS Pack Vendor :STMicroelectronics FP-SNS-STBOX1 2.1.0
2026-03-17 22:24:26,069 [INFO] ThirdParty:1030 - CMSIS Pack Vendor :STMicroelectronics FP-SNS-STAIOTCFT 1.0.0
2026-03-17 22:24:26,069 [INFO] ThirdParty:1030 - CMSIS Pack Vendor :STMicroelectronics FP-SNS-SMARTAG2 1.2.0
2026-03-17 22:24:26,069 [INFO] ThirdParty:1030 - CMSIS Pack Vendor :STMicroelectronics FP-SNS-FLIGHT1 5.1.0
2026-03-17 22:24:26,069 [INFO] ThirdParty:1030 - CMSIS Pack Vendor :STMicroelectronics X-CUBE-MEMS1 11.1.0
2026-03-17 22:24:26,069 [INFO] ThirdParty:1030 - CMSIS Pack Vendor :STMicroelectronics X-CUBE-AZRTOS-WL 2.0.0
2026-03-17 22:24:26,070 [INFO] ThirdParty:1030 - CMSIS Pack Vendor :STMicroelectronics X-CUBE-DPower 1.3.0
2026-03-17 22:24:26,070 [INFO] ThirdParty:1030 - CMSIS Pack Vendor :STMicroelectronics FP-SNS-MOTENV1 5.0.0
2026-03-17 22:24:26,071 [INFO] ThirdParty:1030 - CMSIS Pack Vendor :STMicroelectronics USB_DEVICE 1.0.0
2026-03-17 22:24:26,071 [INFO] ThirdParty:1030 - CMSIS Pack Vendor :wolfSSL I-CUBE-wolfMQTT 1.19.0
2026-03-17 22:24:26,072 [INFO] ThirdParty:1030 - CMSIS Pack Vendor :STMicroelectronics X-CUBE-AZRTOS-L4 2.0.0
2026-03-17 22:24:26,072 [INFO] ThirdParty:1030 - CMSIS Pack Vendor :STMicroelectronics ThreadX 0.0.2
2026-03-17 22:24:26,072 [INFO] ThirdParty:1030 - CMSIS Pack Vendor :WES I-CUBE-Cesium 1.3.0
2026-03-17 22:24:26,072 [INFO] ThirdParty:1030 - CMSIS Pack Vendor :STMicroelectronics lwIP 2.1.2
2026-03-17 22:24:26,072 [INFO] ThirdParty:1030 - CMSIS Pack Vendor :STMicroelectronics X-CUBE-SFXS2LP1 4.0.0
2026-03-17 22:24:26,072 [INFO] ThirdParty:1030 - CMSIS Pack Vendor :STMicroelectronics X-CUBE-BLE2 3.3.0
2026-03-17 22:24:26,072 [INFO] ThirdParty:1030 - CMSIS Pack Vendor :STMicroelectronics PDM2PCM 3.2.0
2026-03-17 22:24:26,072 [INFO] ThirdParty:1030 - CMSIS Pack Vendor :STMicroelectronics X-CUBE-AZRTOS-H7 3.3.0
2026-03-17 22:24:26,072 [INFO] ThirdParty:1030 - CMSIS Pack Vendor :STMicroelectronics X-CUBE-NFC9 1.0.0
2026-03-17 22:24:26,073 [INFO] ThirdParty:1030 - CMSIS Pack Vendor :STMicroelectronics X-CUBE-BLE1 7.1.0
2026-03-17 22:24:26,073 [INFO] ThirdParty:1030 - CMSIS Pack Vendor :wolfSSL I-CUBE-wolfMQTT 1.19.2
2026-03-17 22:24:26,073 [INFO] ThirdParty:1030 - CMSIS Pack Vendor :STMicroelectronics USB_DEVICE 3.0.0
2026-03-17 22:24:26,073 [INFO] ThirdParty:1030 - CMSIS Pack Vendor :STMicroelectronics X-CUBE-EEPRMA1 5.2.0
2026-03-17 22:24:26,073 [INFO] ThirdParty:1030 - CMSIS Pack Vendor :STMicroelectronics X-CUBE-BLEMGR 4.1.0
2026-03-17 22:24:26,073 [INFO] ThirdParty:1030 - CMSIS Pack Vendor :STMicroelectronics X-CUBE-AZRTOS-WB 2.0.0
2026-03-17 22:24:26,073 [INFO] ThirdParty:1030 - CMSIS Pack Vendor :STMicroelectronics X-CUBE-GNSS1 7.0.1
2026-03-17 22:24:26,073 [INFO] ThirdParty:1030 - CMSIS Pack Vendor :STMicroelectronics X-CUBE-TOUCHGFX 4.25.0
2026-03-17 22:24:26,073 [INFO] ThirdParty:1030 - CMSIS Pack Vendor :STMicroelectronics X-CUBE-ST67W61 1.1.0
2026-03-17 22:24:26,073 [INFO] ThirdParty:1030 - CMSIS Pack Vendor :STMicroelectronics FP-SNS-STBOX1 2.0.0
2026-03-17 22:24:26,073 [INFO] ThirdParty:1030 - CMSIS Pack Vendor :STMicroelectronics X-CUBE-AZRTOS-G0 1.1.0
2026-03-17 22:24:26,073 [INFO] ThirdParty:1030 - CMSIS Pack Vendor :STMicroelectronics X-CUBE-SAFEA1 1.2.2
2026-03-17 22:24:26,073 [INFO] ThirdParty:1030 - CMSIS Pack Vendor :STMicroelectronics X-CUBE-NFC4 3.0.0
2026-03-17 22:24:26,073 [INFO] ThirdParty:1030 - CMSIS Pack Vendor :STMicroelectronics X-CUBE-SUBG2 5.0.0
2026-03-17 22:24:26,073 [INFO] ThirdParty:1030 - CMSIS Pack Vendor :STMicroelectronics X-CUBE-AZRTOS-H7RS 1.1.0
2026-03-17 22:24:26,073 [INFO] ThirdParty:1030 - CMSIS Pack Vendor :STMicroelectronics STM32_WPAN 1.0.0
2026-03-17 22:24:26,073 [INFO] ThirdParty:1030 - CMSIS Pack Vendor :EmbeddedOffice I-CUBE-FS-RTOS 1.0.1
2026-03-17 22:24:26,073 [INFO] ThirdParty:1030 - CMSIS Pack Vendor :STMicroelectronics lwIP 2.0.3
2026-03-17 22:24:26,073 [INFO] ThirdParty:1030 - CMSIS Pack Vendor :Cesanta I-CUBE-Mongoose 7.13.0
2026-03-17 22:24:26,073 [INFO] ThirdParty:1030 - CMSIS Pack Vendor :STMicroelectronics USB_HOST 1.0.0
2026-03-17 22:24:26,073 [INFO] ThirdParty:1030 - CMSIS Pack Vendor :STMicroelectronics X-CUBE-AZRTOS-G4 2.0.0
2026-03-17 22:24:26,073 [INFO] ThirdParty:1030 - CMSIS Pack Vendor :STMicroelectronics X-CUBE-WB05N 2.0.0
2026-03-17 22:24:26,073 [INFO] ThirdParty:1030 - CMSIS Pack Vendor :STMicroelectronics PDM2PCM 3.1.0
2026-03-17 22:24:26,073 [INFO] ThirdParty:1030 - CMSIS Pack Vendor :wolfSSL I-CUBE-wolfTPM 3.8.0
2026-03-17 22:24:26,073 [INFO] ThirdParty:1030 - CMSIS Pack Vendor :wolfSSL I-CUBE-wolfSSH 1.4.20
2026-03-17 22:24:26,073 [INFO] ThirdParty:1030 - CMSIS Pack Vendor :STMicroelectronics X-CUBE-NFC7 2.0.0
2026-03-17 22:24:26,073 [INFO] ThirdParty:1030 - CMSIS Pack Vendor :STMicroelectronics X-CUBE-TCPP 4.2.0
2026-03-17 22:24:26,073 [INFO] ThirdParty:1030 - CMSIS Pack Vendor :RealThread X-CUBE-RT-Thread_Nano 4.1.1
2026-03-17 22:24:26,073 [INFO] ThirdParty:1030 - CMSIS Pack Vendor :STMicroelectronics FP-ATR-SIGFOX1 3.2.0
2026-03-17 22:24:26,074 [INFO] ThirdParty:1030 - CMSIS Pack Vendor :quantropi X-CUBE-qispace-sdk-base 1.9.3
2026-03-17 22:24:26,074 [INFO] ThirdParty:1030 - CMSIS Pack Vendor :STMicroelectronics X-CUBE-EEPRMA1 5.1.0
2026-03-17 22:24:26,074 [INFO] ThirdParty:1030 - CMSIS Pack Vendor :STMicroelectronics MBEDTLS 2.16.2
2026-03-17 22:24:26,074 [INFO] ThirdParty:1030 - CMSIS Pack Vendor :STMicroelectronics X-CUBE-IPS 3.1.0
2026-03-17 22:24:26,074 [INFO] ThirdParty:1030 - CMSIS Pack Vendor :STMicroelectronics X-CUBE-ALS 1.0.2
2026-03-17 22:24:26,074 [INFO] ThirdParty:1030 - CMSIS Pack Vendor :wolfSSL I-CUBE-wolfSSL 5.7.6
2026-03-17 22:24:26,074 [INFO] ThirdParty:1030 - CMSIS Pack Vendor :ITTIA_DB I-CUBE-ITTIADB 8.9.0
2026-03-17 22:24:26,074 [INFO] ThirdParty:1030 - CMSIS Pack Vendor :STMicroelectronics X-CUBE-TOUCHGFX 4.24.2
2026-03-17 22:24:26,074 [INFO] ThirdParty:1030 - CMSIS Pack Vendor :STMicroelectronics X-CUBE-STSE01 1.0.0
2026-03-17 22:24:26,074 [INFO] ThirdParty:1030 - CMSIS Pack Vendor :wolfSSL I-CUBE-wolfTPM 3.4.0
2026-03-17 22:24:26,074 [INFO] ThirdParty:1030 - CMSIS Pack Vendor :portGmbH I-Cube-SoM-uGOAL 1.1.0
2026-03-17 22:24:26,077 [INFO] ThirdParty:1030 - CMSIS Pack Vendor :STMicroelectronics X-CUBE-ST67W61 1.0.0
2026-03-17 22:24:26,077 [INFO] ThirdParty:1030 - CMSIS Pack Vendor :STMicroelectronics X-CUBE-AI 10.2.0
2026-03-17 22:24:26,077 [INFO] ThirdParty:1030 - CMSIS Pack Vendor :STMicroelectronics ThreadX 1.0.0
2026-03-17 22:24:26,078 [INFO] ThirdParty:1030 - CMSIS Pack Vendor :SEGGER I-CUBE-embOS 1.3.1
2026-03-17 22:24:26,078 [INFO] ThirdParty:1030 - CMSIS Pack Vendor :STMicroelectronics X-CUBE-ALGOBUILD 1.4.0
2026-03-17 22:24:26,078 [INFO] ThirdParty:1030 - CMSIS Pack Vendor :STMicroelectronics X-CUBE-MEMS1 11.3.0
2026-03-17 22:24:26,078 [INFO] ThirdParty:1030 - CMSIS Pack Vendor :STMicroelectronics X-CUBE-AZRTOS-H7RS 1.0.0
2026-03-17 22:24:26,078 [INFO] ThirdParty:1030 - CMSIS Pack Vendor :STMicroelectronics X-CUBE-TOF1 3.4.2
2026-03-17 22:24:26,078 [INFO] ThirdParty:1030 - CMSIS Pack Vendor :STMicroelectronics X-CUBE-TOF1 3.4.3
2026-03-17 22:24:26,078 [INFO] ThirdParty:1030 - CMSIS Pack Vendor :wolfSSL I-CUBE-wolfSSH 1.4.17
2026-03-17 22:24:26,078 [INFO] ThirdParty:841 - exiting critical section [change project]
2026-03-17 22:24:26,457 [INFO] PinOutPanel:1589 - setPackage(No Configuration,No Configuration)
2026-03-17 22:24:26,458 [INFO] PinOutPanel:1589 - setPackage(STM32F107RCTx,LQFP64)
2026-03-17 22:24:26,780 [INFO] UtilMem:75 - Before build in PCC Used Memory: 905338848 Bytes (1073741824)
2026-03-17 22:24:27,056 [INFO] UtilMem:75 - After build in PCC Used Memory: 947808224 Bytes (1073741824)
2026-03-17 22:24:27,065 [INFO] ApiDbMcu:532 - Load IP Config File for LWIP
2026-03-17 22:24:27,097 [INFO] IPUIPlugin:80 - create IPUIPlugin
2026-03-17 22:24:27,097 [INFO] IPUIPlugin:80 - create IPUIPlugin
2026-03-17 22:24:27,097 [INFO] IPUIPlugin:80 - create IPUIPlugin
2026-03-17 22:24:27,097 [INFO] IPUIPlugin:80 - create IPUIPlugin
2026-03-17 22:24:27,097 [INFO] IPUIPlugin:80 - create IPUIPlugin
2026-03-17 22:24:27,097 [INFO] IPUIPlugin:80 - create IPUIPlugin
2026-03-17 22:24:27,097 [INFO] IPUIPlugin:80 - create IPUIPlugin
2026-03-17 22:24:27,098 [INFO] IPUIPlugin:80 - create IPUIPlugin
2026-03-17 22:24:27,098 [INFO] IPUIPlugin:80 - create IPUIPlugin
2026-03-17 22:24:27,098 [INFO] IPUIPlugin:80 - create IPUIPlugin
2026-03-17 22:24:27,098 [INFO] IPUIPlugin:80 - create IPUIPlugin
2026-03-17 22:24:27,098 [INFO] IPUIPlugin:80 - create IPUIPlugin
2026-03-17 22:24:27,099 [INFO] IPUIPlugin:80 - create IPUIPlugin
2026-03-17 22:24:27,099 [INFO] IPUIPlugin:80 - create IPUIPlugin
2026-03-17 22:24:27,099 [INFO] IPUIPlugin:80 - create IPUIPlugin
2026-03-17 22:24:27,099 [INFO] IPUIPlugin:80 - create IPUIPlugin
2026-03-17 22:24:27,099 [INFO] IPUIPlugin:80 - create IPUIPlugin
2026-03-17 22:24:27,100 [INFO] IPUIPlugin:80 - create IPUIPlugin
2026-03-17 22:24:27,100 [INFO] IPUIPlugin:80 - create IPUIPlugin
2026-03-17 22:24:27,100 [INFO] IPUIPlugin:80 - create IPUIPlugin
2026-03-17 22:24:27,100 [INFO] IPUIPlugin:80 - create IPUIPlugin
2026-03-17 22:24:27,101 [INFO] IPUIPlugin:80 - create IPUIPlugin
2026-03-17 22:24:27,101 [INFO] IPUIPlugin:80 - create IPUIPlugin
2026-03-17 22:24:27,101 [INFO] IPUIPlugin:80 - create IPUIPlugin
2026-03-17 22:24:27,101 [INFO] IPUIPlugin:80 - create IPUIPlugin
2026-03-17 22:24:27,102 [INFO] IPUIPlugin:80 - create IPUIPlugin
2026-03-17 22:24:27,161 [INFO] IPUIPlugin:80 - create IPUIPlugin
2026-03-17 22:24:27,163 [INFO] IPUIPlugin:80 - create IPUIPlugin
2026-03-17 22:24:27,164 [INFO] IPUIPlugin:80 - create IPUIPlugin
2026-03-17 22:24:27,164 [INFO] IPUIPlugin:80 - create IPUIPlugin
2026-03-17 22:24:27,164 [INFO] IPUIPlugin:80 - create IPUIPlugin
2026-03-17 22:24:27,165 [INFO] IPUIPlugin:80 - create IPUIPlugin
2026-03-17 22:24:27,165 [INFO] IPUIPlugin:80 - create IPUIPlugin
2026-03-17 22:24:27,165 [INFO] IPUIPlugin:80 - create IPUIPlugin
2026-03-17 22:24:27,166 [INFO] IPUIPlugin:80 - create IPUIPlugin
2026-03-17 22:24:27,166 [INFO] IPUIPlugin:80 - create IPUIPlugin
2026-03-17 22:24:27,166 [INFO] IPUIPlugin:80 - create IPUIPlugin
2026-03-17 22:24:27,167 [INFO] IPUIPlugin:80 - create IPUIPlugin
2026-03-17 22:24:27,167 [INFO] IPUIPlugin:80 - create IPUIPlugin
2026-03-17 22:24:27,288 [INFO] CADModel:165 - CPN selected for project levelSTM32F107RCT6
2026-03-17 22:24:27,288 [INFO] CADModel:114 - Register for checkConnection events
2026-03-17 22:24:27,399 [INFO] OpenFileManager:386 - Restore cursor
2026-03-17 22:24:27,465 [WARN] IP:2250 - CMSIS_VERSION not found: check if there is a RefParameter without a condition.
2026-03-17 22:24:27,469 [WARN] IP:2250 - LWIP_NETIF_HOSTNAME_NAME not found: check if there is a RefParameter without a condition.
2026-03-17 22:24:27,512 [WARN] IP:2250 - CMSIS_VERSION not found: check if there is a RefParameter without a condition.
2026-03-17 22:24:27,516 [WARN] IP:2250 - LWIP_NETIF_HOSTNAME_NAME not found: check if there is a RefParameter without a condition.
2026-03-17 22:24:41,191 [INFO] NvicIntPanel:101 - NVIC parent = com.st.microxplorer.plugins.ip.nvic.MultiNvicIntPanel[,0,0,526x342,layout=javax.swing.BoxLayout,alignmentX=0.0,alignmentY=0.0,border=,flags=9,maximumSize=,minimumSize=,preferredSize=]
2026-03-17 22:24:56,051 [INFO] NvicIntPanel:101 - NVIC parent = com.st.microxplorer.plugins.ip.nvic.MultiNvicIntPanel[,0,0,0x0,invalid,layout=javax.swing.BoxLayout,alignmentX=0.0,alignmentY=0.0,border=,flags=9,maximumSize=,minimumSize=,preferredSize=]
2026-03-17 22:25:16,008 [INFO] NvicIntPanel:101 - NVIC parent = com.st.microxplorer.plugins.ip.nvic.MultiNvicIntPanel[,0,0,0x0,invalid,layout=javax.swing.BoxLayout,alignmentX=0.0,alignmentY=0.0,border=,flags=9,maximumSize=,minimumSize=,preferredSize=]
2026-03-17 22:25:17,572 [INFO] UtilMem:75 - End SaveConfig() Used Memory: 658819680 Bytes (1073741824)
2026-03-17 22:25:17,746 [INFO] UtilMem:75 - End SaveConfig() Used Memory: 674017256 Bytes (1073741824)
2026-03-17 22:25:19,186 [INFO] UtilMem:75 - End SaveConfig() Used Memory: 816622392 Bytes (1073741824)
2026-03-17 22:25:20,145 [INFO] BlockDiagram:2775 - set Specific Code input for plugin: NVIC
2026-03-17 22:25:20,145 [INFO] BlockDiagram:2775 - set Specific Code input for plugin: LWIP
2026-03-17 22:25:20,145 [INFO] BlockDiagram:2775 - set Specific Code input for plugin: USART
2026-03-17 22:25:20,145 [INFO] BlockDiagram:2775 - set Specific Code input for plugin: IWDG
2026-03-17 22:25:20,145 [INFO] BlockDiagram:2775 - set Specific Code input for plugin: DMA
2026-03-17 22:25:20,145 [INFO] BlockDiagram:2775 - set Specific Code input for plugin: UART
2026-03-17 22:25:20,145 [INFO] BlockDiagram:2775 - set Specific Code input for plugin: SYS
2026-03-17 22:25:20,146 [INFO] BlockDiagram:2775 - set Specific Code input for plugin: GPIO
2026-03-17 22:25:20,146 [INFO] BlockDiagram:2775 - set Specific Code input for plugin: RCC
2026-03-17 22:25:20,146 [INFO] BlockDiagram:2775 - set Specific Code input for plugin: ETH
2026-03-17 22:25:20,148 [INFO] CodeGenerator:892 - code generatio: config db path: C:\ST\STM32CubeIDE_1.19.0\STM32CubeIDE\plugins\com.st.stm32cube.common.mx_6.15.0.202507011659\\db\
2026-03-17 22:25:20,148 [INFO] Argument:325 - Argument : hdmavalue: null
2026-03-17 22:25:20,148 [INFO] Argument:327 - 	 sub Args: 
2026-03-17 22:25:20,148 [INFO] Argument:325 - Argument : Instancevalue: DMA1_Channel1
2026-03-17 22:25:20,148 [INFO] Argument:335 - Argument : Instancevalue: DMA1_Channel1
2026-03-17 22:25:20,148 [INFO] Argument:325 - Argument : Initvalue: null
2026-03-17 22:25:20,148 [INFO] Argument:327 - 	 sub Args: 
2026-03-17 22:25:20,148 [INFO] Argument:325 - Argument : Directionvalue: DMA_MEMORY_TO_MEMORY
2026-03-17 22:25:20,149 [INFO] Argument:335 - Argument : Directionvalue: DMA_MEMORY_TO_MEMORY
2026-03-17 22:25:20,149 [INFO] Argument:325 - Argument : PeriphIncvalue: DMA_PINC_ENABLE
2026-03-17 22:25:20,149 [INFO] Argument:335 - Argument : PeriphIncvalue: DMA_PINC_ENABLE
2026-03-17 22:25:20,149 [INFO] Argument:325 - Argument : MemIncvalue: DMA_MINC_ENABLE
2026-03-17 22:25:20,149 [INFO] Argument:335 - Argument : MemIncvalue: DMA_MINC_ENABLE
2026-03-17 22:25:20,149 [INFO] Argument:325 - Argument : PeriphDataAlignmentvalue: DMA_PDATAALIGN_BYTE
2026-03-17 22:25:20,149 [INFO] Argument:335 - Argument : PeriphDataAlignmentvalue: DMA_PDATAALIGN_BYTE
2026-03-17 22:25:20,149 [INFO] Argument:325 - Argument : MemDataAlignmentvalue: DMA_MDATAALIGN_BYTE
2026-03-17 22:25:20,149 [INFO] Argument:335 - Argument : MemDataAlignmentvalue: DMA_MDATAALIGN_BYTE
2026-03-17 22:25:20,149 [INFO] Argument:325 - Argument : Modevalue: DMA_NORMAL
2026-03-17 22:25:20,149 [INFO] Argument:335 - Argument : Modevalue: DMA_NORMAL
2026-03-17 22:25:20,149 [INFO] Argument:325 - Argument : Priorityvalue: DMA_PRIORITY_MEDIUM
2026-03-17 22:25:20,149 [INFO] Argument:335 - Argument : Priorityvalue: DMA_PRIORITY_MEDIUM
2026-03-17 22:25:20,149 [INFO] Argument:325 - Argument : Lockvalue: null
2026-03-17 22:25:20,149 [INFO] Argument:335 - Argument : Lockvalue: null
2026-03-17 22:25:20,149 [INFO] Argument:325 - Argument : Statevalue: null
2026-03-17 22:25:20,149 [INFO] Argument:335 - Argument : Statevalue: null
2026-03-17 22:25:20,149 [INFO] Argument:325 - Argument : Parentvalue: null
2026-03-17 22:25:20,149 [INFO] Argument:335 - Argument : Parentvalue: null
2026-03-17 22:25:20,149 [INFO] Argument:325 - Argument : XferCpltCallbackvalue: null
2026-03-17 22:25:20,150 [INFO] Argument:335 - Argument : XferCpltCallbackvalue: null
2026-03-17 22:25:20,150 [INFO] Argument:325 - Argument : XferHalfCpltCallbackvalue: null
2026-03-17 22:25:20,150 [INFO] Argument:335 - Argument : XferHalfCpltCallbackvalue: null
2026-03-17 22:25:20,150 [INFO] Argument:325 - Argument : XferErrorCallbackvalue: null
2026-03-17 22:25:20,150 [INFO] Argument:335 - Argument : XferErrorCallbackvalue: null
2026-03-17 22:25:20,150 [INFO] Argument:325 - Argument : ErrorCodevalue: null
2026-03-17 22:25:20,150 [INFO] Argument:335 - Argument : ErrorCodevalue: null
2026-03-17 22:25:20,151 [INFO] Argument:325 - Argument : hdmavalue: null
2026-03-17 22:25:20,151 [INFO] Argument:327 - 	 sub Args: 
2026-03-17 22:25:20,151 [INFO] Argument:325 - Argument : Instancevalue: DMA1_Channel1
2026-03-17 22:25:20,151 [INFO] Argument:335 - Argument : Instancevalue: DMA1_Channel1
2026-03-17 22:25:20,151 [INFO] Argument:325 - Argument : Initvalue: null
2026-03-17 22:25:20,151 [INFO] Argument:327 - 	 sub Args: 
2026-03-17 22:25:20,151 [INFO] Argument:325 - Argument : Directionvalue: DMA_MEMORY_TO_MEMORY
2026-03-17 22:25:20,151 [INFO] Argument:335 - Argument : Directionvalue: DMA_MEMORY_TO_MEMORY
2026-03-17 22:25:20,151 [INFO] Argument:325 - Argument : PeriphIncvalue: DMA_PINC_ENABLE
2026-03-17 22:25:20,151 [INFO] Argument:335 - Argument : PeriphIncvalue: DMA_PINC_ENABLE
2026-03-17 22:25:20,151 [INFO] Argument:325 - Argument : MemIncvalue: DMA_MINC_ENABLE
2026-03-17 22:25:20,151 [INFO] Argument:335 - Argument : MemIncvalue: DMA_MINC_ENABLE
2026-03-17 22:25:20,151 [INFO] Argument:325 - Argument : PeriphDataAlignmentvalue: DMA_PDATAALIGN_BYTE
2026-03-17 22:25:20,151 [INFO] Argument:335 - Argument : PeriphDataAlignmentvalue: DMA_PDATAALIGN_BYTE
2026-03-17 22:25:20,151 [INFO] Argument:325 - Argument : MemDataAlignmentvalue: DMA_MDATAALIGN_BYTE
2026-03-17 22:25:20,151 [INFO] Argument:335 - Argument : MemDataAlignmentvalue: DMA_MDATAALIGN_BYTE
2026-03-17 22:25:20,151 [INFO] Argument:325 - Argument : Modevalue: DMA_NORMAL
2026-03-17 22:25:20,151 [INFO] Argument:335 - Argument : Modevalue: DMA_NORMAL
2026-03-17 22:25:20,152 [INFO] Argument:325 - Argument : Priorityvalue: DMA_PRIORITY_MEDIUM
2026-03-17 22:25:20,152 [INFO] Argument:335 - Argument : Priorityvalue: DMA_PRIORITY_MEDIUM
2026-03-17 22:25:20,152 [INFO] Argument:325 - Argument : Lockvalue: null
2026-03-17 22:25:20,152 [INFO] Argument:335 - Argument : Lockvalue: null
2026-03-17 22:25:20,152 [INFO] Argument:325 - Argument : Statevalue: null
2026-03-17 22:25:20,152 [INFO] Argument:335 - Argument : Statevalue: null
2026-03-17 22:25:20,152 [INFO] Argument:325 - Argument : Parentvalue: null
2026-03-17 22:25:20,152 [INFO] Argument:335 - Argument : Parentvalue: null
2026-03-17 22:25:20,152 [INFO] Argument:325 - Argument : XferCpltCallbackvalue: null
2026-03-17 22:25:20,152 [INFO] Argument:335 - Argument : XferCpltCallbackvalue: null
2026-03-17 22:25:20,152 [INFO] Argument:325 - Argument : XferHalfCpltCallbackvalue: null
2026-03-17 22:25:20,152 [INFO] Argument:335 - Argument : XferHalfCpltCallbackvalue: null
2026-03-17 22:25:20,152 [INFO] Argument:325 - Argument : XferErrorCallbackvalue: null
2026-03-17 22:25:20,152 [INFO] Argument:335 - Argument : XferErrorCallbackvalue: null
2026-03-17 22:25:20,152 [INFO] Argument:325 - Argument : ErrorCodevalue: null
2026-03-17 22:25:20,152 [INFO] Argument:335 - Argument : ErrorCodevalue: null
2026-03-17 22:25:20,170 [WARN] IP:2250 - CMSIS_VERSION not found: check if there is a RefParameter without a condition.
2026-03-17 22:25:20,174 [WARN] IP:2250 - LWIP_NETIF_HOSTNAME_NAME not found: check if there is a RefParameter without a condition.
2026-03-17 22:25:20,245 [INFO] Argument:325 - Argument : hdmavalue: null
2026-03-17 22:25:20,245 [INFO] Argument:327 - 	 sub Args: 
2026-03-17 22:25:20,245 [INFO] Argument:325 - Argument : Instancevalue: DMA1_Channel2
2026-03-17 22:25:20,245 [INFO] Argument:335 - Argument : Instancevalue: DMA1_Channel2
2026-03-17 22:25:20,245 [INFO] Argument:325 - Argument : Initvalue: null
2026-03-17 22:25:20,245 [INFO] Argument:327 - 	 sub Args: 
2026-03-17 22:25:20,245 [INFO] Argument:325 - Argument : Directionvalue: DMA_MEMORY_TO_PERIPH
2026-03-17 22:25:20,245 [INFO] Argument:335 - Argument : Directionvalue: DMA_MEMORY_TO_PERIPH
2026-03-17 22:25:20,245 [INFO] Argument:325 - Argument : PeriphIncvalue: DMA_PINC_DISABLE
2026-03-17 22:25:20,245 [INFO] Argument:335 - Argument : PeriphIncvalue: DMA_PINC_DISABLE
2026-03-17 22:25:20,245 [INFO] Argument:325 - Argument : MemIncvalue: DMA_MINC_ENABLE
2026-03-17 22:25:20,245 [INFO] Argument:335 - Argument : MemIncvalue: DMA_MINC_ENABLE
2026-03-17 22:25:20,245 [INFO] Argument:325 - Argument : PeriphDataAlignmentvalue: DMA_PDATAALIGN_BYTE
2026-03-17 22:25:20,246 [INFO] Argument:335 - Argument : PeriphDataAlignmentvalue: DMA_PDATAALIGN_BYTE
2026-03-17 22:25:20,246 [INFO] Argument:325 - Argument : MemDataAlignmentvalue: DMA_MDATAALIGN_BYTE
2026-03-17 22:25:20,246 [INFO] Argument:335 - Argument : MemDataAlignmentvalue: DMA_MDATAALIGN_BYTE
2026-03-17 22:25:20,246 [INFO] Argument:325 - Argument : Modevalue: DMA_NORMAL
2026-03-17 22:25:20,246 [INFO] Argument:335 - Argument : Modevalue: DMA_NORMAL
2026-03-17 22:25:20,246 [INFO] Argument:325 - Argument : Priorityvalue: DMA_PRIORITY_LOW
2026-03-17 22:25:20,246 [INFO] Argument:335 - Argument : Priorityvalue: DMA_PRIORITY_LOW
2026-03-17 22:25:20,246 [INFO] Argument:325 - Argument : Lockvalue: null
2026-03-17 22:25:20,246 [INFO] Argument:335 - Argument : Lockvalue: null
2026-03-17 22:25:20,246 [INFO] Argument:325 - Argument : Statevalue: null
2026-03-17 22:25:20,246 [INFO] Argument:335 - Argument : Statevalue: null
2026-03-17 22:25:20,246 [INFO] Argument:325 - Argument : Parentvalue: null
2026-03-17 22:25:20,246 [INFO] Argument:335 - Argument : Parentvalue: null
2026-03-17 22:25:20,246 [INFO] Argument:325 - Argument : XferCpltCallbackvalue: null
2026-03-17 22:25:20,246 [INFO] Argument:335 - Argument : XferCpltCallbackvalue: null
2026-03-17 22:25:20,246 [INFO] Argument:325 - Argument : XferHalfCpltCallbackvalue: null
2026-03-17 22:25:20,246 [INFO] Argument:335 - Argument : XferHalfCpltCallbackvalue: null
2026-03-17 22:25:20,246 [INFO] Argument:325 - Argument : XferErrorCallbackvalue: null
2026-03-17 22:25:20,246 [INFO] Argument:335 - Argument : XferErrorCallbackvalue: null
2026-03-17 22:25:20,246 [INFO] Argument:325 - Argument : ErrorCodevalue: null
2026-03-17 22:25:20,246 [INFO] Argument:335 - Argument : ErrorCodevalue: null
2026-03-17 22:25:20,508 [INFO] CodeEngine:265 - oldGeneratedFile, D:\my_Projects\Electronic\STM32\F1\CubeIDE\lezgiBoard_RS485\MXTmpFiles\license.tmp_save
2026-03-17 22:25:21,696 [INFO] CodeEngine:289 - Generated code: D:\my_Projects\Electronic\STM32\F1\CubeIDE\lezgiBoard_RS485\MXTmpFiles\license.tmp
2026-03-17 22:25:21,821 [INFO] CodeEngine:265 - oldGeneratedFile, D:\my_Projects\Electronic\STM32\F1\CubeIDE\lezgiBoard_RS485\MXTmpFiles\gpio.tmp_save
2026-03-17 22:25:22,210 [INFO] CodeEngine:289 - Generated code: D:\my_Projects\Electronic\STM32\F1\CubeIDE\lezgiBoard_RS485\MXTmpFiles\gpio.tmp
2026-03-17 22:25:22,308 [INFO] CodeEngine:265 - oldGeneratedFile, D:\my_Projects\Electronic\STM32\F1\CubeIDE\lezgiBoard_RS485\MXTmpFiles\eth_vars.tmp_save
2026-03-17 22:25:22,589 [INFO] CodeEngine:289 - Generated code: D:\my_Projects\Electronic\STM32\F1\CubeIDE\lezgiBoard_RS485\MXTmpFiles\eth_vars.tmp
2026-03-17 22:25:22,596 [INFO] CodeEngine:265 - oldGeneratedFile, D:\my_Projects\Electronic\STM32\F1\CubeIDE\lezgiBoard_RS485\MXTmpFiles\eth_inc.tmp_save
2026-03-17 22:25:22,706 [ERROR] ConfigurationRetriever:142 - IOException on connection: Connect timed out
2026-03-17 22:25:22,806 [INFO] CodeEngine:289 - Generated code: D:\my_Projects\Electronic\STM32\F1\CubeIDE\lezgiBoard_RS485\MXTmpFiles\eth_inc.tmp
2026-03-17 22:25:22,814 [INFO] CodeEngine:265 - oldGeneratedFile, D:\my_Projects\Electronic\STM32\F1\CubeIDE\lezgiBoard_RS485\MXTmpFiles\eth_HalInit.tmp_save
2026-03-17 22:25:23,135 [INFO] CodeEngine:289 - Generated code: D:\my_Projects\Electronic\STM32\F1\CubeIDE\lezgiBoard_RS485\MXTmpFiles\eth_HalInit.tmp
2026-03-17 22:25:23,158 [INFO] CodeEngine:265 - oldGeneratedFile, D:\my_Projects\Electronic\STM32\F1\CubeIDE\lezgiBoard_RS485\MXTmpFiles\eth_Msp.tmp_save
2026-03-17 22:25:23,488 [INFO] CodeEngine:289 - Generated code: D:\my_Projects\Electronic\STM32\F1\CubeIDE\lezgiBoard_RS485\MXTmpFiles\eth_Msp.tmp
2026-03-17 22:25:23,861 [INFO] Middleware:1452 - No code input for Bsp Dependency
2026-03-17 22:25:23,962 [INFO] CodeEngine:265 - oldGeneratedFile, D:\my_Projects\Electronic\STM32\F1\CubeIDE\lezgiBoard_RS485\MXTmpFiles\dma.tmp_save
2026-03-17 22:25:24,251 [INFO] CodeEngine:289 - Generated code: D:\my_Projects\Electronic\STM32\F1\CubeIDE\lezgiBoard_RS485\MXTmpFiles\dma.tmp
2026-03-17 22:25:24,256 [INFO] CodeEngine:265 - oldGeneratedFile, D:\my_Projects\Electronic\STM32\F1\CubeIDE\lezgiBoard_RS485\MXTmpFiles\dma_GV.tmp_save
2026-03-17 22:25:24,550 [INFO] CodeEngine:289 - Generated code: D:\my_Projects\Electronic\STM32\F1\CubeIDE\lezgiBoard_RS485\MXTmpFiles\dma_GV.tmp
2026-03-17 22:25:24,593 [INFO] Middleware:1452 - No code input for Bsp Dependency
2026-03-17 22:25:24,612 [INFO] CodeEngine:265 - oldGeneratedFile, D:\my_Projects\Electronic\STM32\F1\CubeIDE\lezgiBoard_RS485\LWIP\App\lwip.c_save
2026-03-17 22:25:24,830 [INFO] CodeEngine:289 - Generated code: D:\my_Projects\Electronic\STM32\F1\CubeIDE\lezgiBoard_RS485\LWIP\App\lwip.c
2026-03-17 22:25:24,842 [INFO] CodeEngine:265 - oldGeneratedFile, D:\my_Projects\Electronic\STM32\F1\CubeIDE\lezgiBoard_RS485\LWIP\App\lwip.h_save
2026-03-17 22:25:25,103 [INFO] CodeEngine:289 - Generated code: D:\my_Projects\Electronic\STM32\F1\CubeIDE\lezgiBoard_RS485\LWIP\App\lwip.h
2026-03-17 22:25:25,113 [INFO] CodeEngine:265 - oldGeneratedFile, D:\my_Projects\Electronic\STM32\F1\CubeIDE\lezgiBoard_RS485\LWIP\Target\lwipopts.h_save
2026-03-17 22:25:25,568 [INFO] CodeEngine:289 - Generated code: D:\my_Projects\Electronic\STM32\F1\CubeIDE\lezgiBoard_RS485\LWIP\Target\lwipopts.h
2026-03-17 22:25:25,583 [INFO] CodeEngine:265 - oldGeneratedFile, D:\my_Projects\Electronic\STM32\F1\CubeIDE\lezgiBoard_RS485\LWIP\Target\ethernetif.c_save
2026-03-17 22:25:25,747 [INFO] CodeEngine:289 - Generated code: D:\my_Projects\Electronic\STM32\F1\CubeIDE\lezgiBoard_RS485\LWIP\Target\ethernetif.c
2026-03-17 22:25:25,758 [INFO] CodeEngine:265 - oldGeneratedFile, D:\my_Projects\Electronic\STM32\F1\CubeIDE\lezgiBoard_RS485\LWIP\Target\ethernetif.h_save
2026-03-17 22:25:25,900 [INFO] CodeEngine:289 - Generated code: D:\my_Projects\Electronic\STM32\F1\CubeIDE\lezgiBoard_RS485\LWIP\Target\ethernetif.h
2026-03-17 22:25:25,928 [INFO] CodeEngine:265 - oldGeneratedFile, D:\my_Projects\Electronic\STM32\F1\CubeIDE\lezgiBoard_RS485\Core\Src\stm32f1xx_it.c_save
2026-03-17 22:25:26,535 [INFO] CodeEngine:289 - Generated code: D:\my_Projects\Electronic\STM32\F1\CubeIDE\lezgiBoard_RS485\Core\Src\stm32f1xx_it.c
2026-03-17 22:25:26,546 [INFO] CodeEngine:265 - oldGeneratedFile, D:\my_Projects\Electronic\STM32\F1\CubeIDE\lezgiBoard_RS485\Core\Inc\stm32f1xx_it.h_save
2026-03-17 22:25:26,690 [INFO] CodeEngine:289 - Generated code: D:\my_Projects\Electronic\STM32\F1\CubeIDE\lezgiBoard_RS485\Core\Inc\stm32f1xx_it.h
2026-03-17 22:25:26,715 [INFO] CodeEngine:265 - oldGeneratedFile, D:\my_Projects\Electronic\STM32\F1\CubeIDE\lezgiBoard_RS485\Core\Src\stm32f1xx_hal_msp.c_save
2026-03-17 22:25:26,934 [INFO] CodeEngine:289 - Generated code: D:\my_Projects\Electronic\STM32\F1\CubeIDE\lezgiBoard_RS485\Core\Src\stm32f1xx_hal_msp.c
2026-03-17 22:25:26,945 [INFO] CodeEngine:265 - oldGeneratedFile, D:\my_Projects\Electronic\STM32\F1\CubeIDE\lezgiBoard_RS485\MXTmpFiles\system.tmp_save
2026-03-17 22:25:27,078 [INFO] CodeEngine:289 - Generated code: D:\my_Projects\Electronic\STM32\F1\CubeIDE\lezgiBoard_RS485\MXTmpFiles\system.tmp
2026-03-17 22:25:27,086 [INFO] CodeEngine:265 - oldGeneratedFile, D:\my_Projects\Electronic\STM32\F1\CubeIDE\lezgiBoard_RS485\Core\Src\stm32f1xx_hal_timebase_tim.c_save
2026-03-17 22:25:27,269 [INFO] CodeEngine:289 - Generated code: D:\my_Projects\Electronic\STM32\F1\CubeIDE\lezgiBoard_RS485\Core\Src\stm32f1xx_hal_timebase_tim.c
2026-03-17 22:25:27,289 [INFO] CodeEngine:321 - oldGeneratedFile, D:\my_Projects\Electronic\STM32\F1\CubeIDE\lezgiBoard_RS485\Core\Inc\stm32f1xx_hal_conf.h_save
2026-03-17 22:25:27,436 [INFO] CodeEngine:345 - Generated code: D:\my_Projects\Electronic\STM32\F1\CubeIDE\lezgiBoard_RS485\Core\Inc\stm32f1xx_hal_conf.h
2026-03-17 22:25:27,468 [INFO] ApiDbMcu:532 - Load IP Config File for IWDG
2026-03-17 22:25:27,474 [INFO] ApiDbMcu:532 - Load IP Config File for UART5
2026-03-17 22:25:27,479 [INFO] ApiDbMcu:532 - Load IP Config File for USART3
2026-03-17 22:25:27,482 [INFO] ApiDbMcu:532 - Load IP Config File for RCC
2026-03-17 22:25:27,501 [INFO] CodeEngine:265 - oldGeneratedFile, D:\my_Projects\Electronic\STM32\F1\CubeIDE\lezgiBoard_RS485\Core\Inc\main.h_save
2026-03-17 22:25:27,683 [INFO] CodeEngine:289 - Generated code: D:\my_Projects\Electronic\STM32\F1\CubeIDE\lezgiBoard_RS485\Core\Inc\main.h
2026-03-17 22:25:27,697 [INFO] CodeEngine:265 - oldGeneratedFile, D:\my_Projects\Electronic\STM32\F1\CubeIDE\lezgiBoard_RS485\Core\Src\main.c_save
2026-03-17 22:25:27,710 [ERROR] ConfigurationRetriever:142 - IOException on connection: Connect timed out
2026-03-17 22:25:27,965 [INFO] CodeEngine:289 - Generated code: D:\my_Projects\Electronic\STM32\F1\CubeIDE\lezgiBoard_RS485\Core\Src\main.c
2026-03-17 22:25:29,173 [INFO] ProjectBuilder:3606 - Time for Copy HAL[1] : 638mS.
2026-03-17 22:25:29,185 [INFO] ProjectBuilder:5216 - Project Generator version: 4.7.0-B52
2026-03-17 22:25:29,316 [INFO] ConfigFileManager:1595 - The Die is : DIE418
2026-03-17 22:25:29,319 [INFO] ApiDbMcu:532 - Load IP Config File for FATFS
2026-03-17 22:25:29,325 [INFO] ApiDbMcu:532 - Load IP Config File for FREERTOS
2026-03-17 22:25:29,335 [INFO] ApiDbMcu:532 - Load IP Config File for USB_DEVICE
2026-03-17 22:25:29,341 [INFO] ApiDbMcu:532 - Load IP Config File for USB_HOST
2026-03-17 22:25:32,663 [INFO] ProjectBuilder:5496 - Time for Generating toolchain IDE Files: 3478mS.
2026-03-17 22:25:32,664 [INFO] ProjectBuilder:3463 - Time for Copy CMSIS : 0mS.
2026-03-17 22:25:32,706 [INFO] ProjectBuilder:3463 - Time for Copy CMSIS : 0mS.
2026-03-17 22:25:32,713 [ERROR] ConfigurationRetriever:142 - IOException on connection: Connect timed out
2026-03-17 22:25:37,001 [INFO] NvicIntPanel:101 - NVIC parent = com.st.microxplorer.plugins.ip.nvic.MultiNvicIntPanel[,0,0,0x0,invalid,layout=javax.swing.BoxLayout,alignmentX=0.0,alignmentY=0.0,border=,flags=9,maximumSize=,minimumSize=,preferredSize=]
2026-03-17 22:25:50,802 [INFO] UtilMem:75 - End SaveConfig() Used Memory: 644101128 Bytes (1073741824)
2026-03-17 22:25:51,019 [INFO] UtilMem:75 - End SaveConfig() Used Memory: 659303432 Bytes (1073741824)
2026-03-17 22:25:52,105 [INFO] UtilMem:75 - End SaveConfig() Used Memory: 753675272 Bytes (1073741824)
2026-03-17 22:25:52,413 [INFO] BlockDiagram:2775 - set Specific Code input for plugin: NVIC
2026-03-17 22:25:52,413 [INFO] BlockDiagram:2775 - set Specific Code input for plugin: LWIP
2026-03-17 22:25:52,413 [INFO] BlockDiagram:2775 - set Specific Code input for plugin: USART
2026-03-17 22:25:52,413 [INFO] BlockDiagram:2775 - set Specific Code input for plugin: IWDG
2026-03-17 22:25:52,413 [INFO] BlockDiagram:2775 - set Specific Code input for plugin: DMA
2026-03-17 22:25:52,413 [INFO] BlockDiagram:2775 - set Specific Code input for plugin: UART
2026-03-17 22:25:52,413 [INFO] BlockDiagram:2775 - set Specific Code input for plugin: SYS
2026-03-17 22:25:52,413 [INFO] BlockDiagram:2775 - set Specific Code input for plugin: GPIO
2026-03-17 22:25:52,413 [INFO] BlockDiagram:2775 - set Specific Code input for plugin: RCC
2026-03-17 22:25:52,413 [INFO] BlockDiagram:2775 - set Specific Code input for plugin: ETH
2026-03-17 22:25:52,414 [INFO] CodeGenerator:892 - code generatio: config db path: C:\ST\STM32CubeIDE_1.19.0\STM32CubeIDE\plugins\com.st.stm32cube.common.mx_6.15.0.202507011659\\db\
2026-03-17 22:25:52,417 [INFO] Argument:325 - Argument : hdmavalue: null
2026-03-17 22:25:52,417 [INFO] Argument:327 - 	 sub Args: 
2026-03-17 22:25:52,417 [INFO] Argument:325 - Argument : Instancevalue: DMA1_Channel1
2026-03-17 22:25:52,417 [INFO] Argument:335 - Argument : Instancevalue: DMA1_Channel1
2026-03-17 22:25:52,417 [INFO] Argument:325 - Argument : Initvalue: null
2026-03-17 22:25:52,417 [INFO] Argument:327 - 	 sub Args: 
2026-03-17 22:25:52,417 [INFO] Argument:325 - Argument : Directionvalue: DMA_MEMORY_TO_MEMORY
2026-03-17 22:25:52,417 [INFO] Argument:335 - Argument : Directionvalue: DMA_MEMORY_TO_MEMORY
2026-03-17 22:25:52,417 [INFO] Argument:325 - Argument : PeriphIncvalue: DMA_PINC_ENABLE
2026-03-17 22:25:52,417 [INFO] Argument:335 - Argument : PeriphIncvalue: DMA_PINC_ENABLE
2026-03-17 22:25:52,417 [INFO] Argument:325 - Argument : MemIncvalue: DMA_MINC_ENABLE
2026-03-17 22:25:52,417 [INFO] Argument:335 - Argument : MemIncvalue: DMA_MINC_ENABLE
2026-03-17 22:25:52,417 [INFO] Argument:325 - Argument : PeriphDataAlignmentvalue: DMA_PDATAALIGN_BYTE
2026-03-17 22:25:52,417 [INFO] Argument:335 - Argument : PeriphDataAlignmentvalue: DMA_PDATAALIGN_BYTE
2026-03-17 22:25:52,417 [INFO] Argument:325 - Argument : MemDataAlignmentvalue: DMA_MDATAALIGN_BYTE
2026-03-17 22:25:52,417 [INFO] Argument:335 - Argument : MemDataAlignmentvalue: DMA_MDATAALIGN_BYTE
2026-03-17 22:25:52,417 [INFO] Argument:325 - Argument : Modevalue: DMA_NORMAL
2026-03-17 22:25:52,417 [INFO] Argument:335 - Argument : Modevalue: DMA_NORMAL
2026-03-17 22:25:52,417 [INFO] Argument:325 - Argument : Priorityvalue: DMA_PRIORITY_MEDIUM
2026-03-17 22:25:52,417 [INFO] Argument:335 - Argument : Priorityvalue: DMA_PRIORITY_MEDIUM
2026-03-17 22:25:52,417 [INFO] Argument:325 - Argument : Lockvalue: null
2026-03-17 22:25:52,417 [INFO] Argument:335 - Argument : Lockvalue: null
2026-03-17 22:25:52,417 [INFO] Argument:325 - Argument : Statevalue: null
2026-03-17 22:25:52,417 [INFO] Argument:335 - Argument : Statevalue: null
2026-03-17 22:25:52,418 [INFO] Argument:325 - Argument : Parentvalue: null
2026-03-17 22:25:52,418 [INFO] Argument:335 - Argument : Parentvalue: null
2026-03-17 22:25:52,418 [INFO] Argument:325 - Argument : XferCpltCallbackvalue: null
2026-03-17 22:25:52,418 [INFO] Argument:335 - Argument : XferCpltCallbackvalue: null
2026-03-17 22:25:52,418 [INFO] Argument:325 - Argument : XferHalfCpltCallbackvalue: null
2026-03-17 22:25:52,418 [INFO] Argument:335 - Argument : XferHalfCpltCallbackvalue: null
2026-03-17 22:25:52,418 [INFO] Argument:325 - Argument : XferErrorCallbackvalue: null
2026-03-17 22:25:52,418 [INFO] Argument:335 - Argument : XferErrorCallbackvalue: null
2026-03-17 22:25:52,418 [INFO] Argument:325 - Argument : ErrorCodevalue: null
2026-03-17 22:25:52,418 [INFO] Argument:335 - Argument : ErrorCodevalue: null
2026-03-17 22:25:52,418 [INFO] Argument:325 - Argument : hdmavalue: null
2026-03-17 22:25:52,418 [INFO] Argument:327 - 	 sub Args: 
2026-03-17 22:25:52,418 [INFO] Argument:325 - Argument : Instancevalue: DMA1_Channel1
2026-03-17 22:25:52,418 [INFO] Argument:335 - Argument : Instancevalue: DMA1_Channel1
2026-03-17 22:25:52,418 [INFO] Argument:325 - Argument : Initvalue: null
2026-03-17 22:25:52,418 [INFO] Argument:327 - 	 sub Args: 
2026-03-17 22:25:52,418 [INFO] Argument:325 - Argument : Directionvalue: DMA_MEMORY_TO_MEMORY
2026-03-17 22:25:52,418 [INFO] Argument:335 - Argument : Directionvalue: DMA_MEMORY_TO_MEMORY
2026-03-17 22:25:52,418 [INFO] Argument:325 - Argument : PeriphIncvalue: DMA_PINC_ENABLE
2026-03-17 22:25:52,418 [INFO] Argument:335 - Argument : PeriphIncvalue: DMA_PINC_ENABLE
2026-03-17 22:25:52,418 [INFO] Argument:325 - Argument : MemIncvalue: DMA_MINC_ENABLE
2026-03-17 22:25:52,418 [INFO] Argument:335 - Argument : MemIncvalue: DMA_MINC_ENABLE
2026-03-17 22:25:52,418 [INFO] Argument:325 - Argument : PeriphDataAlignmentvalue: DMA_PDATAALIGN_BYTE
2026-03-17 22:25:52,418 [INFO] Argument:335 - Argument : PeriphDataAlignmentvalue: DMA_PDATAALIGN_BYTE
2026-03-17 22:25:52,418 [INFO] Argument:325 - Argument : MemDataAlignmentvalue: DMA_MDATAALIGN_BYTE
2026-03-17 22:25:52,418 [INFO] Argument:335 - Argument : MemDataAlignmentvalue: DMA_MDATAALIGN_BYTE
2026-03-17 22:25:52,418 [INFO] Argument:325 - Argument : Modevalue: DMA_NORMAL
2026-03-17 22:25:52,419 [INFO] Argument:335 - Argument : Modevalue: DMA_NORMAL
2026-03-17 22:25:52,419 [INFO] Argument:325 - Argument : Priorityvalue: DMA_PRIORITY_MEDIUM
2026-03-17 22:25:52,419 [INFO] Argument:335 - Argument : Priorityvalue: DMA_PRIORITY_MEDIUM
2026-03-17 22:25:52,419 [INFO] Argument:325 - Argument : Lockvalue: null
2026-03-17 22:25:52,419 [INFO] Argument:335 - Argument : Lockvalue: null
2026-03-17 22:25:52,419 [INFO] Argument:325 - Argument : Statevalue: null
2026-03-17 22:25:52,419 [INFO] Argument:335 - Argument : Statevalue: null
2026-03-17 22:25:52,419 [INFO] Argument:325 - Argument : Parentvalue: null
2026-03-17 22:25:52,419 [INFO] Argument:335 - Argument : Parentvalue: null
2026-03-17 22:25:52,419 [INFO] Argument:325 - Argument : XferCpltCallbackvalue: null
2026-03-17 22:25:52,419 [INFO] Argument:335 - Argument : XferCpltCallbackvalue: null
2026-03-17 22:25:52,419 [INFO] Argument:325 - Argument : XferHalfCpltCallbackvalue: null
2026-03-17 22:25:52,419 [INFO] Argument:335 - Argument : XferHalfCpltCallbackvalue: null
2026-03-17 22:25:52,419 [INFO] Argument:325 - Argument : XferErrorCallbackvalue: null
2026-03-17 22:25:52,419 [INFO] Argument:335 - Argument : XferErrorCallbackvalue: null
2026-03-17 22:25:52,419 [INFO] Argument:325 - Argument : ErrorCodevalue: null
2026-03-17 22:25:52,419 [INFO] Argument:335 - Argument : ErrorCodevalue: null
2026-03-17 22:25:52,425 [WARN] IP:2250 - CMSIS_VERSION not found: check if there is a RefParameter without a condition.
2026-03-17 22:25:52,429 [WARN] IP:2250 - LWIP_NETIF_HOSTNAME_NAME not found: check if there is a RefParameter without a condition.
2026-03-17 22:25:52,508 [INFO] Argument:325 - Argument : hdmavalue: null
2026-03-17 22:25:52,508 [INFO] Argument:327 - 	 sub Args: 
2026-03-17 22:25:52,508 [INFO] Argument:325 - Argument : Instancevalue: DMA1_Channel2
2026-03-17 22:25:52,508 [INFO] Argument:335 - Argument : Instancevalue: DMA1_Channel2
2026-03-17 22:25:52,508 [INFO] Argument:325 - Argument : Initvalue: null
2026-03-17 22:25:52,508 [INFO] Argument:327 - 	 sub Args: 
2026-03-17 22:25:52,508 [INFO] Argument:325 - Argument : Directionvalue: DMA_MEMORY_TO_PERIPH
2026-03-17 22:25:52,508 [INFO] Argument:335 - Argument : Directionvalue: DMA_MEMORY_TO_PERIPH
2026-03-17 22:25:52,508 [INFO] Argument:325 - Argument : PeriphIncvalue: DMA_PINC_DISABLE
2026-03-17 22:25:52,508 [INFO] Argument:335 - Argument : PeriphIncvalue: DMA_PINC_DISABLE
2026-03-17 22:25:52,508 [INFO] Argument:325 - Argument : MemIncvalue: DMA_MINC_ENABLE
2026-03-17 22:25:52,508 [INFO] Argument:335 - Argument : MemIncvalue: DMA_MINC_ENABLE
2026-03-17 22:25:52,508 [INFO] Argument:325 - Argument : PeriphDataAlignmentvalue: DMA_PDATAALIGN_BYTE
2026-03-17 22:25:52,508 [INFO] Argument:335 - Argument : PeriphDataAlignmentvalue: DMA_PDATAALIGN_BYTE
2026-03-17 22:25:52,508 [INFO] Argument:325 - Argument : MemDataAlignmentvalue: DMA_MDATAALIGN_BYTE
2026-03-17 22:25:52,509 [INFO] Argument:335 - Argument : MemDataAlignmentvalue: DMA_MDATAALIGN_BYTE
2026-03-17 22:25:52,509 [INFO] Argument:325 - Argument : Modevalue: DMA_NORMAL
2026-03-17 22:25:52,509 [INFO] Argument:335 - Argument : Modevalue: DMA_NORMAL
2026-03-17 22:25:52,509 [INFO] Argument:325 - Argument : Priorityvalue: DMA_PRIORITY_HIGH
2026-03-17 22:25:52,509 [INFO] Argument:335 - Argument : Priorityvalue: DMA_PRIORITY_HIGH
2026-03-17 22:25:52,509 [INFO] Argument:325 - Argument : Lockvalue: null
2026-03-17 22:25:52,509 [INFO] Argument:335 - Argument : Lockvalue: null
2026-03-17 22:25:52,509 [INFO] Argument:325 - Argument : Statevalue: null
2026-03-17 22:25:52,509 [INFO] Argument:335 - Argument : Statevalue: null
2026-03-17 22:25:52,509 [INFO] Argument:325 - Argument : Parentvalue: null
2026-03-17 22:25:52,509 [INFO] Argument:335 - Argument : Parentvalue: null
2026-03-17 22:25:52,509 [INFO] Argument:325 - Argument : XferCpltCallbackvalue: null
2026-03-17 22:25:52,509 [INFO] Argument:335 - Argument : XferCpltCallbackvalue: null
2026-03-17 22:25:52,509 [INFO] Argument:325 - Argument : XferHalfCpltCallbackvalue: null
2026-03-17 22:25:52,509 [INFO] Argument:335 - Argument : XferHalfCpltCallbackvalue: null
2026-03-17 22:25:52,509 [INFO] Argument:325 - Argument : XferErrorCallbackvalue: null
2026-03-17 22:25:52,509 [INFO] Argument:335 - Argument : XferErrorCallbackvalue: null
2026-03-17 22:25:52,509 [INFO] Argument:325 - Argument : ErrorCodevalue: null
2026-03-17 22:25:52,509 [INFO] Argument:335 - Argument : ErrorCodevalue: null
2026-03-17 22:25:52,646 [INFO] CodeEngine:265 - oldGeneratedFile, D:\my_Projects\Electronic\STM32\F1\CubeIDE\lezgiBoard_RS485\MXTmpFiles\license.tmp_save
2026-03-17 22:25:52,725 [INFO] CodeEngine:289 - Generated code: D:\my_Projects\Electronic\STM32\F1\CubeIDE\lezgiBoard_RS485\MXTmpFiles\license.tmp
2026-03-17 22:25:52,777 [INFO] CodeEngine:265 - oldGeneratedFile, D:\my_Projects\Electronic\STM32\F1\CubeIDE\lezgiBoard_RS485\MXTmpFiles\gpio.tmp_save
2026-03-17 22:25:52,873 [INFO] CodeEngine:289 - Generated code: D:\my_Projects\Electronic\STM32\F1\CubeIDE\lezgiBoard_RS485\MXTmpFiles\gpio.tmp
2026-03-17 22:25:52,974 [INFO] CodeEngine:265 - oldGeneratedFile, D:\my_Projects\Electronic\STM32\F1\CubeIDE\lezgiBoard_RS485\MXTmpFiles\eth_vars.tmp_save
2026-03-17 22:25:53,065 [INFO] CodeEngine:289 - Generated code: D:\my_Projects\Electronic\STM32\F1\CubeIDE\lezgiBoard_RS485\MXTmpFiles\eth_vars.tmp
2026-03-17 22:25:53,072 [INFO] CodeEngine:265 - oldGeneratedFile, D:\my_Projects\Electronic\STM32\F1\CubeIDE\lezgiBoard_RS485\MXTmpFiles\eth_inc.tmp_save
2026-03-17 22:25:53,157 [INFO] CodeEngine:289 - Generated code: D:\my_Projects\Electronic\STM32\F1\CubeIDE\lezgiBoard_RS485\MXTmpFiles\eth_inc.tmp
2026-03-17 22:25:53,167 [INFO] CodeEngine:265 - oldGeneratedFile, D:\my_Projects\Electronic\STM32\F1\CubeIDE\lezgiBoard_RS485\MXTmpFiles\eth_HalInit.tmp_save
2026-03-17 22:25:53,280 [INFO] CodeEngine:289 - Generated code: D:\my_Projects\Electronic\STM32\F1\CubeIDE\lezgiBoard_RS485\MXTmpFiles\eth_HalInit.tmp
2026-03-17 22:25:53,285 [INFO] CodeEngine:265 - oldGeneratedFile, D:\my_Projects\Electronic\STM32\F1\CubeIDE\lezgiBoard_RS485\MXTmpFiles\eth_Msp.tmp_save
2026-03-17 22:25:53,441 [INFO] CodeEngine:289 - Generated code: D:\my_Projects\Electronic\STM32\F1\CubeIDE\lezgiBoard_RS485\MXTmpFiles\eth_Msp.tmp
2026-03-17 22:25:53,669 [INFO] Middleware:1452 - No code input for Bsp Dependency
2026-03-17 22:25:53,703 [INFO] CodeEngine:265 - oldGeneratedFile, D:\my_Projects\Electronic\STM32\F1\CubeIDE\lezgiBoard_RS485\MXTmpFiles\dma.tmp_save
2026-03-17 22:25:53,778 [INFO] CodeEngine:289 - Generated code: D:\my_Projects\Electronic\STM32\F1\CubeIDE\lezgiBoard_RS485\MXTmpFiles\dma.tmp
2026-03-17 22:25:53,784 [INFO] CodeEngine:265 - oldGeneratedFile, D:\my_Projects\Electronic\STM32\F1\CubeIDE\lezgiBoard_RS485\MXTmpFiles\dma_GV.tmp_save
2026-03-17 22:25:53,848 [INFO] CodeEngine:289 - Generated code: D:\my_Projects\Electronic\STM32\F1\CubeIDE\lezgiBoard_RS485\MXTmpFiles\dma_GV.tmp
2026-03-17 22:25:53,859 [INFO] Middleware:1452 - No code input for Bsp Dependency
2026-03-17 22:25:53,877 [INFO] CodeEngine:265 - oldGeneratedFile, D:\my_Projects\Electronic\STM32\F1\CubeIDE\lezgiBoard_RS485\LWIP\App\lwip.c_save
2026-03-17 22:25:53,996 [INFO] CodeEngine:289 - Generated code: D:\my_Projects\Electronic\STM32\F1\CubeIDE\lezgiBoard_RS485\LWIP\App\lwip.c
2026-03-17 22:25:54,003 [INFO] CodeEngine:265 - oldGeneratedFile, D:\my_Projects\Electronic\STM32\F1\CubeIDE\lezgiBoard_RS485\LWIP\App\lwip.h_save
2026-03-17 22:25:54,099 [INFO] CodeEngine:289 - Generated code: D:\my_Projects\Electronic\STM32\F1\CubeIDE\lezgiBoard_RS485\LWIP\App\lwip.h
2026-03-17 22:25:54,106 [INFO] CodeEngine:265 - oldGeneratedFile, D:\my_Projects\Electronic\STM32\F1\CubeIDE\lezgiBoard_RS485\LWIP\Target\lwipopts.h_save
2026-03-17 22:25:54,341 [INFO] CodeEngine:289 - Generated code: D:\my_Projects\Electronic\STM32\F1\CubeIDE\lezgiBoard_RS485\LWIP\Target\lwipopts.h
2026-03-17 22:25:54,348 [INFO] CodeEngine:265 - oldGeneratedFile, D:\my_Projects\Electronic\STM32\F1\CubeIDE\lezgiBoard_RS485\LWIP\Target\ethernetif.c_save
2026-03-17 22:25:54,486 [INFO] CodeEngine:289 - Generated code: D:\my_Projects\Electronic\STM32\F1\CubeIDE\lezgiBoard_RS485\LWIP\Target\ethernetif.c
2026-03-17 22:25:54,493 [INFO] CodeEngine:265 - oldGeneratedFile, D:\my_Projects\Electronic\STM32\F1\CubeIDE\lezgiBoard_RS485\LWIP\Target\ethernetif.h_save
2026-03-17 22:25:54,575 [INFO] CodeEngine:289 - Generated code: D:\my_Projects\Electronic\STM32\F1\CubeIDE\lezgiBoard_RS485\LWIP\Target\ethernetif.h
2026-03-17 22:25:54,604 [INFO] CodeEngine:265 - oldGeneratedFile, D:\my_Projects\Electronic\STM32\F1\CubeIDE\lezgiBoard_RS485\Core\Src\stm32f1xx_it.c_save
2026-03-17 22:25:54,743 [INFO] CodeEngine:289 - Generated code: D:\my_Projects\Electronic\STM32\F1\CubeIDE\lezgiBoard_RS485\Core\Src\stm32f1xx_it.c
2026-03-17 22:25:54,754 [INFO] CodeEngine:265 - oldGeneratedFile, D:\my_Projects\Electronic\STM32\F1\CubeIDE\lezgiBoard_RS485\Core\Inc\stm32f1xx_it.h_save
2026-03-17 22:25:54,873 [INFO] CodeEngine:289 - Generated code: D:\my_Projects\Electronic\STM32\F1\CubeIDE\lezgiBoard_RS485\Core\Inc\stm32f1xx_it.h
2026-03-17 22:25:54,915 [INFO] CodeEngine:265 - oldGeneratedFile, D:\my_Projects\Electronic\STM32\F1\CubeIDE\lezgiBoard_RS485\Core\Src\stm32f1xx_hal_msp.c_save
2026-03-17 22:25:55,135 [INFO] CodeEngine:289 - Generated code: D:\my_Projects\Electronic\STM32\F1\CubeIDE\lezgiBoard_RS485\Core\Src\stm32f1xx_hal_msp.c
2026-03-17 22:25:55,141 [INFO] CodeEngine:265 - oldGeneratedFile, D:\my_Projects\Electronic\STM32\F1\CubeIDE\lezgiBoard_RS485\MXTmpFiles\system.tmp_save
2026-03-17 22:25:55,216 [INFO] CodeEngine:289 - Generated code: D:\my_Projects\Electronic\STM32\F1\CubeIDE\lezgiBoard_RS485\MXTmpFiles\system.tmp
2026-03-17 22:25:55,222 [INFO] CodeEngine:265 - oldGeneratedFile, D:\my_Projects\Electronic\STM32\F1\CubeIDE\lezgiBoard_RS485\Core\Src\stm32f1xx_hal_timebase_tim.c_save
2026-03-17 22:25:55,292 [INFO] CodeEngine:289 - Generated code: D:\my_Projects\Electronic\STM32\F1\CubeIDE\lezgiBoard_RS485\Core\Src\stm32f1xx_hal_timebase_tim.c
2026-03-17 22:25:55,316 [INFO] CodeEngine:321 - oldGeneratedFile, D:\my_Projects\Electronic\STM32\F1\CubeIDE\lezgiBoard_RS485\Core\Inc\stm32f1xx_hal_conf.h_save
2026-03-17 22:25:55,388 [INFO] CodeEngine:345 - Generated code: D:\my_Projects\Electronic\STM32\F1\CubeIDE\lezgiBoard_RS485\Core\Inc\stm32f1xx_hal_conf.h
2026-03-17 22:25:55,420 [INFO] CodeEngine:265 - oldGeneratedFile, D:\my_Projects\Electronic\STM32\F1\CubeIDE\lezgiBoard_RS485\Core\Inc\main.h_save
2026-03-17 22:25:55,519 [INFO] CodeEngine:289 - Generated code: D:\my_Projects\Electronic\STM32\F1\CubeIDE\lezgiBoard_RS485\Core\Inc\main.h
2026-03-17 22:25:55,528 [INFO] CodeEngine:265 - oldGeneratedFile, D:\my_Projects\Electronic\STM32\F1\CubeIDE\lezgiBoard_RS485\Core\Src\main.c_save
2026-03-17 22:25:55,679 [INFO] CodeEngine:289 - Generated code: D:\my_Projects\Electronic\STM32\F1\CubeIDE\lezgiBoard_RS485\Core\Src\main.c
2026-03-17 22:25:55,994 [ERROR] ConfigurationRetriever:142 - IOException on connection: Connect timed out
2026-03-17 22:25:56,681 [INFO] ProjectBuilder:3606 - Time for Copy HAL[1] : 609mS.
2026-03-17 22:25:56,692 [INFO] ProjectBuilder:5216 - Project Generator version: 4.7.0-B52
2026-03-17 22:25:56,844 [INFO] ConfigFileManager:1595 - The Die is : DIE418
2026-03-17 22:26:00,319 [INFO] ProjectBuilder:5496 - Time for Generating toolchain IDE Files: 3627mS.
2026-03-17 22:26:00,320 [INFO] ProjectBuilder:3463 - Time for Copy CMSIS : 0mS.
2026-03-17 22:26:00,352 [INFO] ProjectBuilder:3463 - Time for Copy CMSIS : 0mS.
2026-03-17 22:26:00,996 [ERROR] ConfigurationRetriever:142 - IOException on connection: Connect timed out
2026-03-17 22:26:05,999 [ERROR] ConfigurationRetriever:142 - IOException on connection: Connect timed out
2026-03-17 22:27:13,291 [ERROR] ConfigurationRetriever:142 - IOException on connection: Connect timed out
2026-03-17 22:27:15,291 [ERROR] ConfigurationRetriever:142 - IOException on connection: Connect timed out
2026-03-17 22:27:17,294 [ERROR] ConfigurationRetriever:142 - IOException on connection: Connect timed out
2026-03-17 22:27:29,401 [ERROR] ConfigurationRetriever:142 - IOException on connection: Connect timed out
2026-03-17 22:27:31,403 [ERROR] ConfigurationRetriever:142 - IOException on connection: Connect timed out
2026-03-17 22:27:33,405 [ERROR] ConfigurationRetriever:142 - IOException on connection: Connect timed out
2026-03-17 22:32:43,151 [ERROR] ConfigurationRetriever:142 - IOException on connection: Connect timed out
2026-03-17 22:32:45,154 [ERROR] ConfigurationRetriever:142 - IOException on connection: Connect timed out
2026-03-17 22:32:47,156 [ERROR] ConfigurationRetriever:142 - IOException on connection: Connect timed out
2026-03-17 22:33:00,028 [ERROR] ConfigurationRetriever:142 - IOException on connection: Connect timed out
2026-03-17 22:33:02,030 [ERROR] ConfigurationRetriever:142 - IOException on connection: Connect timed out
2026-03-17 22:33:04,032 [ERROR] ConfigurationRetriever:142 - IOException on connection: Connect timed out
2026-03-17 22:33:59,594 [ERROR] ConfigurationRetriever:142 - IOException on connection: Connect timed out
2026-03-17 22:34:01,598 [ERROR] ConfigurationRetriever:142 - IOException on connection: Connect timed out
2026-03-17 22:34:03,600 [ERROR] ConfigurationRetriever:142 - IOException on connection: Connect timed out
2026-03-17 22:34:05,632 [ERROR] ConfigurationRetriever:142 - IOException on connection: Connect timed out
2026-03-17 22:34:07,635 [ERROR] ConfigurationRetriever:142 - IOException on connection: Connect timed out
2026-03-17 22:34:09,636 [ERROR] ConfigurationRetriever:142 - IOException on connection: Connect timed out
2026-03-17 22:42:59,403 [ERROR] ConfigurationRetriever:142 - IOException on connection: Connect timed out
2026-03-17 22:43:01,406 [ERROR] ConfigurationRetriever:142 - IOException on connection: Connect timed out
2026-03-17 22:43:03,408 [ERROR] ConfigurationRetriever:142 - IOException on connection: Connect timed out
2026-03-17 22:43:05,448 [ERROR] ConfigurationRetriever:142 - IOException on connection: Connect timed out
2026-03-17 22:43:07,450 [ERROR] ConfigurationRetriever:142 - IOException on connection: Connect timed out
2026-03-17 22:43:09,451 [ERROR] ConfigurationRetriever:142 - IOException on connection: Connect timed out
2026-03-17 22:44:39,480 [WARN] CheckConnectionManager:291 - Warning during Server Connection :  timeout Connect to sw-center.st.com:443 [sw-center.st.com/185.200.232.40, sw-center.st.com/185.200.232.50] failed: Connect timed out
2026-03-17 22:44:41,488 [WARN] CheckConnectionManager:291 - Warning during Server Connection :  timeout Connect to sw-center.st.com:443 [sw-center.st.com/185.200.232.40, sw-center.st.com/185.200.232.50] failed: Connect timed out
2026-03-17 22:44:41,489 [INFO] MainUpdater:2872 - connection check result : 22
2026-03-17 22:44:41,677 [INFO] MicroXplorer:468 - Change Database Path : 
2026-03-17 22:44:41,678 [INFO] MicroXplorer:498 - Change Database Version : DB.6.0.150
2026-03-17 22:44:41,871 [ERROR] ProjectManagerView:395 - 
java.lang.NullPointerException: Cannot invoke "javax.swing.JTextField.getText()" because the return value of "java.util.List.get(int)" is null
	at com.st.microxplorer.plugins.projectmanager.gui.ProjectChoiceTab$9.caretUpdate(ProjectChoiceTab.java:2706) ~[filemanager.jar:?]
	at javax.swing.text.JTextComponent.fireCaretUpdate(JTextComponent.java:408) ~[?:?]
	at javax.swing.text.JTextComponent$MutableCaretEvent.fire(JTextComponent.java:4484) ~[?:?]
	at javax.swing.text.JTextComponent$MutableCaretEvent.stateChanged(JTextComponent.java:4506) ~[?:?]
	at javax.swing.text.DefaultCaret.fireStateChanged(DefaultCaret.java:857) ~[?:?]
	at javax.swing.text.DefaultCaret.changeCaretPosition(DefaultCaret.java:1343) ~[?:?]
	at javax.swing.text.DefaultCaret.handleSetDot(DefaultCaret.java:1242) ~[?:?]
	at javax.swing.text.DefaultCaret.setDot(DefaultCaret.java:1223) ~[?:?]
	at javax.swing.text.DefaultCaret$Handler.insertUpdate(DefaultCaret.java:1819) ~[?:?]
	at javax.swing.text.AbstractDocument.fireInsertUpdate(AbstractDocument.java:227) ~[?:?]
	at javax.swing.text.AbstractDocument.handleInsertString(AbstractDocument.java:781) ~[?:?]
	at javax.swing.text.AbstractDocument.insertString(AbstractDocument.java:740) ~[?:?]
	at javax.swing.text.PlainDocument.insertString(PlainDocument.java:131) ~[?:?]
	at javax.swing.text.AbstractDocument.replace(AbstractDocument.java:699) ~[?:?]
	at javax.swing.text.JTextComponent.setText(JTextComponent.java:1725) ~[?:?]
	at com.st.microxplorer.plugins.projectmanager.gui.ProjectChoiceTab.createHeapStackFields(ProjectChoiceTab.java:993) ~[filemanager.jar:?]
	at com.st.microxplorer.plugins.projectmanager.gui.ProjectChoiceTab.buildLinkSettingsPanel(ProjectChoiceTab.java:3813) ~[filemanager.jar:?]
	at com.st.microxplorer.plugins.projectmanager.gui.ProjectChoiceTab.defineWindowsFields(ProjectChoiceTab.java:1987) ~[filemanager.jar:?]
	at com.st.microxplorer.plugins.projectmanager.gui.ProjectChoiceTab.updateSettings(ProjectChoiceTab.java:558) ~[filemanager.jar:?]
	at com.st.microxplorer.plugins.projectmanager.gui.ProjectSettingsPanel.UpdateDialog(ProjectSettingsPanel.java:247) ~[filemanager.jar:?]
	at com.st.microxplorer.plugins.projectmanager.ProjectManagerView.propertyChange(ProjectManagerView.java:392) ~[filemanager.jar:?]
	at java.beans.PropertyChangeSupport.fire(PropertyChangeSupport.java:343) ~[?:?]
	at java.beans.PropertyChangeSupport.firePropertyChange(PropertyChangeSupport.java:335) ~[?:?]
	at java.beans.PropertyChangeSupport.firePropertyChange(PropertyChangeSupport.java:268) ~[?:?]
	at com.st.microxplorer.util.MXPropertyChangeSupport.firePropertyChange(MXPropertyChangeSupport.java:54) ~[STM32CubeMX.jar:?]
	at com.st.microxplorer.mxsystem.MxSystem.closeConfig(MxSystem.java:899) ~[STM32CubeMX.jar:?]
	at com.st.microxplorer.maingui.MainPanel.closeConfig(MainPanel.java:792) ~[STM32CubeMX.jar:?]
	at com.st.microxplorer.plugins.filemanager.engine.OpenFileManager.loadConfigurationFile(OpenFileManager.java:288) ~[filemanager.jar:?]
	at com.st.microxplorer.plugins.filemanager.engine.MainFileManager.userLoadConfig(MainFileManager.java:364) ~[filemanager.jar:?]
	at com.st.microxplorer.plugins.filemanager.engine.MainFileManager.userLoadConfig(MainFileManager.java:342) ~[filemanager.jar:?]
	at com.st.microxplorer.plugins.filemanager.FileManagerView.getSpecificTask(FileManagerView.java:264) ~[filemanager.jar:?]
	at com.st.stm32cube.common.mx.editor.CubeMxEditor.getMxTabbedPaneInstance(CubeMxEditor.java:1198) ~[com.st.stm32cube.common.mx_6.15.0.202507011659/:?]
	at com.st.stm32cube.common.mx.editor.CubeMxEditor$12$1.createSwingComponent(CubeMxEditor.java:1068) ~[com.st.stm32cube.common.mx_6.15.0.202507011659/:?]
	at com.st.stm32cube.common.mx.oss.core.awtswtbridge.EmbeddedSwingComposite.doComponentCreation(EmbeddedSwingComposite.java:492) ~[com.st.stm32cube.common.mx.oss_6.15.0.202507011659/:?]
	at com.st.stm32cube.common.mx.oss.core.awtswtbridge.EmbeddedSwingComposite$4.run(EmbeddedSwingComposite.java:291) ~[com.st.stm32cube.common.mx.oss_6.15.0.202507011659/:?]
	at com.st.stm32cube.common.mx.oss.core.awtswtbridge.AwtEnvironment$2.run(AwtEnvironment.java:166) ~[com.st.stm32cube.common.mx.oss_6.15.0.202507011659/:?]
	at java.awt.event.InvocationEvent.dispatch(InvocationEvent.java:318) ~[?:?]
	at java.awt.EventQueue.dispatchEventImpl(EventQueue.java:773) ~[?:?]
	at java.awt.EventQueue$4.run(EventQueue.java:720) ~[?:?]
	at java.awt.EventQueue$4.run(EventQueue.java:714) ~[?:?]
	at java.security.AccessController.doPrivileged(AccessController.java:400) ~[?:?]
	at java.security.ProtectionDomain$JavaSecurityAccessImpl.doIntersectionPrivilege(ProtectionDomain.java:87) ~[?:?]
	at java.awt.EventQueue.dispatchEvent(EventQueue.java:742) ~[?:?]
	at java.awt.EventDispatchThread.pumpOneEventForFilters(EventDispatchThread.java:203) ~[?:?]
	at java.awt.EventDispatchThread.pumpEventsForFilter(EventDispatchThread.java:124) ~[?:?]
	at java.awt.EventDispatchThread.pumpEventsForHierarchy(EventDispatchThread.java:113) ~[?:?]
	at java.awt.EventDispatchThread.pumpEvents(EventDispatchThread.java:109) ~[?:?]
	at java.awt.EventDispatchThread.pumpEvents(EventDispatchThread.java:101) ~[?:?]
	at java.awt.EventDispatchThread.run(EventDispatchThread.java:90) ~[?:?]
2026-03-17 22:44:41,879 [WARN] ThirdParty:871 - waiting for thirdparty lock release [close project]
2026-03-17 22:44:41,880 [INFO] ThirdParty:873 - entering critical section [close project]
2026-03-17 22:44:41,880 [INFO] ThirdParty:883 - exiting critical section [close project]
2026-03-17 22:44:41,894 [INFO] PinOutPanel:1589 - setPackage(No Configuration,No Configuration)
2026-03-17 22:44:41,939 [INFO] UtilMem:75 - Begin LoadConfig() Used Memory: 360679664 Bytes (1073741824)
2026-03-17 22:44:41,940 [INFO] MicroXplorer:468 - Change Database Path : 
2026-03-17 22:44:41,940 [INFO] MicroXplorer:498 - Change Database Version : DB.6.0.150
2026-03-17 22:44:41,941 [INFO] OpenFileManager:355 - Change cursor
2026-03-17 22:44:42,119 [INFO] RulesReader:64 - Compatibility file has been processed (317 Rules)
2026-03-17 22:44:42,141 [INFO] Mcu:2029 - Initializing MCU STM32F107R(B-C)Tx STM32F107RCTx STM32F107RCT6
2026-03-17 22:44:44,578 [INFO] Context:786 - Trying to add GPIOservice into a context  which must be forbidden
2026-03-17 22:44:45,925 [INFO] ImportTextPane:234 - (OptionalMessage_ERROR) Pin28 (VP_RIF_VS_RIF1) cannot be retrieved for this MCU
2026-03-17 22:44:46,070 [INFO] RtosManager:558 - Registered RTOS mode: class=CMSIS, group=RTOS, mode=CMSIS_V1, owner=FREERTOS
2026-03-17 22:44:46,071 [INFO] RtosManager:558 - Registered RTOS mode: class=CMSIS, group=RTOS2, mode=CMSIS_V2, owner=FREERTOS
2026-03-17 22:44:46,071 [INFO] RtosManager:558 - Registered RTOS mode: class=RTOS, group=Core, mode=CMSIS_V1, owner=FREERTOS
2026-03-17 22:44:46,071 [INFO] RtosManager:558 - Registered RTOS mode: class=RTOS, group=Core, mode=CMSIS_V2, owner=FREERTOS
2026-03-17 22:44:46,071 [WARN] ModelIntegratedComponent:184 - Missing modes for component STMicroelectronics:FreeRTOS:0.0.1:STMicroelectronics:RTOS:FreeRTOS:Core:::10.2.0:
2026-03-17 22:44:46,088 [WARN] ModelIntegratedComponent:63 - No mode defined for component null
2026-03-17 22:44:46,088 [WARN] ModelIntegratedComponent:63 - No mode defined for component null
2026-03-17 22:44:46,088 [WARN] ModelIntegratedComponent:63 - No mode defined for component null
2026-03-17 22:44:46,088 [WARN] ModelIntegratedComponent:63 - No mode defined for component null
2026-03-17 22:44:46,088 [WARN] ModelIntegratedComponent:63 - No mode defined for component null
2026-03-17 22:44:46,088 [WARN] ModelIntegratedComponent:63 - No mode defined for component null
2026-03-17 22:44:46,088 [WARN] ModelIntegratedComponent:63 - No mode defined for component null
2026-03-17 22:44:46,088 [WARN] ModelIntegratedComponent:63 - No mode defined for component null
2026-03-17 22:44:46,088 [WARN] ModelIntegratedComponent:63 - No mode defined for component null
2026-03-17 22:44:46,088 [WARN] ModelIntegratedComponent:63 - No mode defined for component null
2026-03-17 22:44:46,088 [WARN] ModelIntegratedComponent:63 - No mode defined for component null
2026-03-17 22:44:46,089 [WARN] ModelIntegratedComponent:63 - No mode defined for component null
2026-03-17 22:44:46,089 [WARN] ModelIntegratedComponent:63 - No mode defined for component null
2026-03-17 22:44:46,089 [WARN] ModelIntegratedComponent:63 - No mode defined for component null
2026-03-17 22:44:46,089 [WARN] ModelIntegratedComponent:63 - No mode defined for component null
2026-03-17 22:44:46,089 [WARN] ModelIntegratedComponent:63 - No mode defined for component null
2026-03-17 22:44:46,089 [WARN] ModelIntegratedComponent:63 - No mode defined for component null
2026-03-17 22:44:46,089 [WARN] ModelIntegratedComponent:63 - No mode defined for component null
2026-03-17 22:44:46,090 [WARN] ModelIntegratedComponent:63 - No mode defined for component null
2026-03-17 22:44:46,090 [WARN] ModelIntegratedComponent:63 - No mode defined for component null
2026-03-17 22:44:46,090 [WARN] ModelIntegratedComponent:63 - No mode defined for component null
2026-03-17 22:44:46,091 [WARN] ModelIntegratedComponent:63 - No mode defined for component null
2026-03-17 22:44:46,091 [WARN] ModelIntegratedComponent:63 - No mode defined for component null
2026-03-17 22:44:46,091 [WARN] ModelIntegratedComponent:63 - No mode defined for component null
2026-03-17 22:44:46,091 [WARN] ModelIntegratedComponent:63 - No mode defined for component null
2026-03-17 22:44:46,091 [WARN] ModelIntegratedComponent:63 - No mode defined for component null
2026-03-17 22:44:46,091 [WARN] ModelIntegratedComponent:63 - No mode defined for component null
2026-03-17 22:44:46,091 [WARN] ModelIntegratedComponent:63 - No mode defined for component null
2026-03-17 22:44:46,091 [WARN] ModelIntegratedComponent:63 - No mode defined for component null
2026-03-17 22:44:46,091 [WARN] ModelIntegratedComponent:63 - No mode defined for component null
2026-03-17 22:44:46,091 [WARN] ModelIntegratedComponent:63 - No mode defined for component null
2026-03-17 22:44:46,091 [WARN] ModelIntegratedComponent:63 - No mode defined for component null
2026-03-17 22:44:46,092 [WARN] ModelIntegratedComponent:63 - No mode defined for component null
2026-03-17 22:44:46,092 [WARN] ModelIntegratedComponent:63 - No mode defined for component null
2026-03-17 22:44:46,092 [WARN] ModelIntegratedComponent:63 - No mode defined for component null
2026-03-17 22:44:46,092 [WARN] ModelPack:524 - Component already loaded: STMicroelectronics:HAL Drivers:0.0.0:STMicroelectronics:Device:STMicro_Driver:XSPI:HAL::0.0.1:HAL_XSPI
2026-03-17 22:44:47,199 [INFO] ThirdPartyModel:298 - Start build external matchings
2026-03-17 22:44:49,653 [INFO] ThirdPartyModel:316 - End build external matchings
2026-03-17 22:44:49,721 [INFO] ImportTextPane:234 - (OptionalMessage_ERROR) IP (DMA) : Parameter (Instance) has Id (MEMTOMEM1) currently not set
2026-03-17 22:44:49,721 [INFO] ImportTextPane:234 - (OptionalMessage_ERROR) IP (DMA) : Parameter (Direction) has Id (MEMTOMEM1) currently not set
2026-03-17 22:44:49,721 [INFO] ImportTextPane:234 - (OptionalMessage_ERROR) IP (DMA) : Parameter (PeriphInc) has Id (MEMTOMEM1) currently not set
2026-03-17 22:44:49,721 [INFO] ImportTextPane:234 - (OptionalMessage_ERROR) IP (DMA) : Parameter (MemInc) has Id (MEMTOMEM1) currently not set
2026-03-17 22:44:49,722 [INFO] ImportTextPane:234 - (OptionalMessage_ERROR) IP (DMA) : Parameter (PeriphDataAlignment) has Id (MEMTOMEM1) currently not set
2026-03-17 22:44:49,722 [INFO] ImportTextPane:234 - (OptionalMessage_ERROR) IP (DMA) : Parameter (MemDataAlignment) has Id (MEMTOMEM1) currently not set
2026-03-17 22:44:49,722 [INFO] ImportTextPane:234 - (OptionalMessage_ERROR) IP (DMA) : Parameter (Mode) has Id (MEMTOMEM1) currently not set
2026-03-17 22:44:49,722 [INFO] ImportTextPane:234 - (OptionalMessage_ERROR) IP (DMA) : Parameter (Priority) has Id (MEMTOMEM1) currently not set
2026-03-17 22:44:49,722 [INFO] ImportTextPane:234 - (OptionalMessage_ERROR) IP (DMA) : Parameter (Instance) has Id (USART3_TX) currently not set
2026-03-17 22:44:49,722 [INFO] ImportTextPane:234 - (OptionalMessage_ERROR) IP (DMA) : Parameter (Direction) has Id (USART3_TX) currently not set
2026-03-17 22:44:49,723 [INFO] ImportTextPane:234 - (OptionalMessage_ERROR) IP (DMA) : Parameter (PeriphInc) has Id (USART3_TX) currently not set
2026-03-17 22:44:49,723 [INFO] ImportTextPane:234 - (OptionalMessage_ERROR) IP (DMA) : Parameter (MemInc) has Id (USART3_TX) currently not set
2026-03-17 22:44:49,723 [INFO] ImportTextPane:234 - (OptionalMessage_ERROR) IP (DMA) : Parameter (PeriphDataAlignment) has Id (USART3_TX) currently not set
2026-03-17 22:44:49,723 [INFO] ImportTextPane:234 - (OptionalMessage_ERROR) IP (DMA) : Parameter (MemDataAlignment) has Id (USART3_TX) currently not set
2026-03-17 22:44:49,723 [INFO] ImportTextPane:234 - (OptionalMessage_ERROR) IP (DMA) : Parameter (Mode) has Id (USART3_TX) currently not set
2026-03-17 22:44:49,723 [INFO] ImportTextPane:234 - (OptionalMessage_ERROR) IP (DMA) : Parameter (Priority) has Id (USART3_TX) currently not set
2026-03-17 22:44:49,728 [WARN] IP:2250 - CMSIS_VERSION not found: check if there is a RefParameter without a condition.
2026-03-17 22:44:49,749 [WARN] IP:2250 - LWIP_NETIF_HOSTNAME_NAME not found: check if there is a RefParameter without a condition.
2026-03-17 22:44:49,803 [INFO] ImportTextPane:234 - (OptionalMessage_ERROR) IP (RCC) : Parameter (ADCFreqValue) has invalid value (36000000)
2026-03-17 22:44:49,804 [INFO] ImportTextPane:234 - (OptionalMessage_ERROR) IP (RCC) : Invalid parameter (FamilyName)
2026-03-17 22:44:49,804 [INFO] ImportTextPane:234 - (OptionalMessage_ERROR) IP (RCC) : Parameter (MCOFreq_Value) has invalid value (72000000)
2026-03-17 22:44:50,327 [INFO] UtilMem:75 - End LoadConfig() Used Memory: 857877992 Bytes (1073741824)
2026-03-17 22:44:50,465 [WARN] ThirdParty:833 - waiting for thirdparty lock release [change project]
2026-03-17 22:44:50,465 [INFO] ThirdParty:835 - entering critical section [change project]
2026-03-17 22:44:50,465 [INFO] ThirdParty:1030 - CMSIS Pack Vendor :STMicroelectronics X-CUBE-PM33A1 1.0.0
2026-03-17 22:44:50,465 [INFO] ThirdParty:1030 - CMSIS Pack Vendor :STMicroelectronics USBPD 4.1
2026-03-17 22:44:50,465 [INFO] ThirdParty:1030 - CMSIS Pack Vendor :STMicroelectronics USB_HOST 2.0.0
2026-03-17 22:44:50,466 [INFO] ThirdParty:1030 - CMSIS Pack Vendor :STMicroelectronics FP-SNS-MOTENVWB1 1.4.0
2026-03-17 22:44:50,466 [INFO] ThirdParty:1030 - CMSIS Pack Vendor :STMicroelectronics X-CUBE-AZRTOS-F4 1.1.0
2026-03-17 22:44:50,466 [INFO] ThirdParty:1030 - CMSIS Pack Vendor :STMicroelectronics LIBJPEG 8.0.0
2026-03-17 22:44:50,466 [INFO] ThirdParty:1030 - CMSIS Pack Vendor :STMicroelectronics FP-ATR-ASTRA1 2.0.2
2026-03-17 22:44:50,466 [INFO] ThirdParty:1030 - CMSIS Pack Vendor :STMicroelectronics FP-ATR-ASTRA1 2.0.1
2026-03-17 22:44:50,466 [INFO] ThirdParty:1030 - CMSIS Pack Vendor :Avnet-IotConnect X-CUBE-IoTC-DA16k-PMOD 1.0.0
2026-03-17 22:44:50,466 [INFO] ThirdParty:1030 - CMSIS Pack Vendor :STMicroelectronics X-CUBE-SMBUS 2.1.0
2026-03-17 22:44:50,466 [INFO] ThirdParty:1030 - CMSIS Pack Vendor :STMicroelectronics X-CUBE-WB05N 1.1.0
2026-03-17 22:44:50,466 [INFO] ThirdParty:1030 - CMSIS Pack Vendor :STMicroelectronics X-CUBE-ISPU 2.1.0
2026-03-17 22:44:50,466 [INFO] ThirdParty:1030 - CMSIS Pack Vendor :STMicroelectronics X-CUBE-IPS 3.2.0
2026-03-17 22:44:50,466 [INFO] ThirdParty:1030 - CMSIS Pack Vendor :STMicroelectronics X-CUBE-ST60 1.0.0
2026-03-17 22:44:50,466 [INFO] ThirdParty:1030 - CMSIS Pack Vendor :STMicroelectronics X-CUBE-NFC12 1.0.0
2026-03-17 22:44:50,466 [INFO] ThirdParty:1030 - CMSIS Pack Vendor :STMicroelectronics X-CUBE-AZRTOS-F7 1.1.0
2026-03-17 22:44:50,466 [INFO] ThirdParty:1030 - CMSIS Pack Vendor :STMicroelectronics X-CUBE-AZRTOS-L5 2.0.0
2026-03-17 22:44:50,466 [INFO] ThirdParty:1030 - CMSIS Pack Vendor :STMicroelectronics USB_DEVICE 2.0.0
2026-03-17 22:44:50,466 [INFO] ThirdParty:1030 - CMSIS Pack Vendor :STMicroelectronics X-CUBE-NFC6 3.1.0
2026-03-17 22:44:50,467 [INFO] ThirdParty:1030 - CMSIS Pack Vendor :STMicroelectronics FP-SNS-MOTENV1 5.1.0
2026-03-17 22:44:50,467 [INFO] ThirdParty:1030 - CMSIS Pack Vendor :STMicroelectronics FreeRTOS 0.0.1
2026-03-17 22:44:50,467 [INFO] ThirdParty:1030 - CMSIS Pack Vendor :STMicroelectronics X-CUBE-DPower 1.2.0
2026-03-17 22:44:50,467 [INFO] ThirdParty:1030 - CMSIS Pack Vendor :STMicroelectronics FP-SNS-FLIGHT1 5.0.2
2026-03-17 22:44:50,467 [INFO] ThirdParty:1030 - CMSIS Pack Vendor :Infineon AIROC-Wi-Fi-Bluetooth-STM32 1.7.0
2026-03-17 22:44:50,467 [INFO] ThirdParty:1030 - CMSIS Pack Vendor :STMicroelectronics PDM2PCM 3.3.0
2026-03-17 22:44:50,467 [INFO] ThirdParty:1030 - CMSIS Pack Vendor :STMicroelectronics X-CUBE-AZRTOS-H7 3.4.0
2026-03-17 22:44:50,467 [INFO] ThirdParty:1030 - CMSIS Pack Vendor :STMicroelectronics X-CUBE-DISPLAY 3.0.0
2026-03-17 22:44:50,467 [INFO] ThirdParty:1030 - CMSIS Pack Vendor :STMicroelectronics X-CUBE-BLE1 7.0.0
2026-03-17 22:44:50,467 [INFO] ThirdParty:1030 - CMSIS Pack Vendor :STMicroelectronics X-CUBE-NFC10 1.0.0
2026-03-17 22:44:50,467 [INFO] ThirdParty:1030 - CMSIS Pack Vendor :STMicroelectronics X-CUBE-BLEMGR 4.0.0
2026-03-17 22:44:50,467 [INFO] ThirdParty:1030 - CMSIS Pack Vendor :STMicroelectronics X-CUBE-FREERTOS 1.3.1
2026-03-17 22:44:50,467 [INFO] ThirdParty:1030 - CMSIS Pack Vendor :STMicroelectronics HAL Drivers 0.0.0
2026-03-17 22:44:50,467 [INFO] ThirdParty:1030 - CMSIS Pack Vendor :STMicroelectronics X-CUBE-ST60 1.1.0
2026-03-17 22:44:50,468 [INFO] ThirdParty:1030 - CMSIS Pack Vendor :emotas I-CUBE-CANOPEN 1.3.0
2026-03-17 22:44:50,468 [INFO] ThirdParty:1030 - CMSIS Pack Vendor :STMicroelectronics X-CUBE-FREERTOS 1.3.0
2026-03-17 22:44:50,468 [INFO] ThirdParty:1030 - CMSIS Pack Vendor :STMicroelectronics X-CUBE-NFC7 1.0.1
2026-03-17 22:44:50,468 [INFO] ThirdParty:1030 - CMSIS Pack Vendor :STMicroelectronics MBEDTLS 2.14.1
2026-03-17 22:44:50,468 [INFO] ThirdParty:1030 - CMSIS Pack Vendor :STMicroelectronics X-CUBE-GNSS1 7.1.0
2026-03-17 22:44:50,468 [INFO] ThirdParty:1030 - CMSIS Pack Vendor :STMicroelectronics X-CUBE-TOUCHGFX 4.26.0
2026-03-17 22:44:50,468 [INFO] ThirdParty:1030 - CMSIS Pack Vendor :STMicroelectronics X-CUBE-AI 10.0.0
2026-03-17 22:44:50,468 [INFO] ThirdParty:1030 - CMSIS Pack Vendor :STMicroelectronics FP-SNS-STBOX1 2.1.0
2026-03-17 22:44:50,468 [INFO] ThirdParty:1030 - CMSIS Pack Vendor :STMicroelectronics FP-SNS-STAIOTCFT 1.0.0
2026-03-17 22:44:50,468 [INFO] ThirdParty:1030 - CMSIS Pack Vendor :STMicroelectronics FP-SNS-SMARTAG2 1.2.0
2026-03-17 22:44:50,468 [INFO] ThirdParty:1030 - CMSIS Pack Vendor :STMicroelectronics FP-SNS-FLIGHT1 5.1.0
2026-03-17 22:44:50,468 [INFO] ThirdParty:1030 - CMSIS Pack Vendor :STMicroelectronics X-CUBE-MEMS1 11.1.0
2026-03-17 22:44:50,468 [INFO] ThirdParty:1030 - CMSIS Pack Vendor :STMicroelectronics X-CUBE-AZRTOS-WL 2.0.0
2026-03-17 22:44:50,468 [INFO] ThirdParty:1030 - CMSIS Pack Vendor :STMicroelectronics X-CUBE-DPower 1.3.0
2026-03-17 22:44:50,468 [INFO] ThirdParty:1030 - CMSIS Pack Vendor :STMicroelectronics FP-SNS-MOTENV1 5.0.0
2026-03-17 22:44:50,469 [INFO] ThirdParty:1030 - CMSIS Pack Vendor :STMicroelectronics USB_DEVICE 1.0.0
2026-03-17 22:44:50,469 [INFO] ThirdParty:1030 - CMSIS Pack Vendor :wolfSSL I-CUBE-wolfMQTT 1.19.0
2026-03-17 22:44:50,469 [INFO] ThirdParty:1030 - CMSIS Pack Vendor :STMicroelectronics X-CUBE-AZRTOS-L4 2.0.0
2026-03-17 22:44:50,469 [INFO] ThirdParty:1030 - CMSIS Pack Vendor :STMicroelectronics ThreadX 0.0.2
2026-03-17 22:44:50,469 [INFO] ThirdParty:1030 - CMSIS Pack Vendor :WES I-CUBE-Cesium 1.3.0
2026-03-17 22:44:50,469 [INFO] ThirdParty:1030 - CMSIS Pack Vendor :STMicroelectronics lwIP 2.1.2
2026-03-17 22:44:50,469 [INFO] ThirdParty:1030 - CMSIS Pack Vendor :STMicroelectronics X-CUBE-SFXS2LP1 4.0.0
2026-03-17 22:44:50,469 [INFO] ThirdParty:1030 - CMSIS Pack Vendor :STMicroelectronics X-CUBE-BLE2 3.3.0
2026-03-17 22:44:50,469 [INFO] ThirdParty:1030 - CMSIS Pack Vendor :STMicroelectronics PDM2PCM 3.2.0
2026-03-17 22:44:50,469 [INFO] ThirdParty:1030 - CMSIS Pack Vendor :STMicroelectronics X-CUBE-AZRTOS-H7 3.3.0
2026-03-17 22:44:50,469 [INFO] ThirdParty:1030 - CMSIS Pack Vendor :STMicroelectronics X-CUBE-NFC9 1.0.0
2026-03-17 22:44:50,469 [INFO] ThirdParty:1030 - CMSIS Pack Vendor :STMicroelectronics X-CUBE-BLE1 7.1.0
2026-03-17 22:44:50,469 [INFO] ThirdParty:1030 - CMSIS Pack Vendor :wolfSSL I-CUBE-wolfMQTT 1.19.2
2026-03-17 22:44:50,469 [INFO] ThirdParty:1030 - CMSIS Pack Vendor :STMicroelectronics USB_DEVICE 3.0.0
2026-03-17 22:44:50,469 [INFO] ThirdParty:1030 - CMSIS Pack Vendor :STMicroelectronics X-CUBE-EEPRMA1 5.2.0
2026-03-17 22:44:50,469 [INFO] ThirdParty:1030 - CMSIS Pack Vendor :STMicroelectronics X-CUBE-BLEMGR 4.1.0
2026-03-17 22:44:50,470 [INFO] ThirdParty:1030 - CMSIS Pack Vendor :STMicroelectronics X-CUBE-AZRTOS-WB 2.0.0
2026-03-17 22:44:50,470 [INFO] ThirdParty:1030 - CMSIS Pack Vendor :STMicroelectronics X-CUBE-GNSS1 7.0.1
2026-03-17 22:44:50,470 [INFO] ThirdParty:1030 - CMSIS Pack Vendor :STMicroelectronics X-CUBE-TOUCHGFX 4.25.0
2026-03-17 22:44:50,470 [INFO] ThirdParty:1030 - CMSIS Pack Vendor :STMicroelectronics X-CUBE-ST67W61 1.1.0
2026-03-17 22:44:50,470 [INFO] ThirdParty:1030 - CMSIS Pack Vendor :STMicroelectronics FP-SNS-STBOX1 2.0.0
2026-03-17 22:44:50,470 [INFO] ThirdParty:1030 - CMSIS Pack Vendor :STMicroelectronics X-CUBE-AZRTOS-G0 1.1.0
2026-03-17 22:44:50,470 [INFO] ThirdParty:1030 - CMSIS Pack Vendor :STMicroelectronics X-CUBE-SAFEA1 1.2.2
2026-03-17 22:44:50,470 [INFO] ThirdParty:1030 - CMSIS Pack Vendor :STMicroelectronics X-CUBE-NFC4 3.0.0
2026-03-17 22:44:50,470 [INFO] ThirdParty:1030 - CMSIS Pack Vendor :STMicroelectronics X-CUBE-SUBG2 5.0.0
2026-03-17 22:44:50,470 [INFO] ThirdParty:1030 - CMSIS Pack Vendor :STMicroelectronics X-CUBE-AZRTOS-H7RS 1.1.0
2026-03-17 22:44:50,470 [INFO] ThirdParty:1030 - CMSIS Pack Vendor :STMicroelectronics STM32_WPAN 1.0.0
2026-03-17 22:44:50,470 [INFO] ThirdParty:1030 - CMSIS Pack Vendor :EmbeddedOffice I-CUBE-FS-RTOS 1.0.1
2026-03-17 22:44:50,470 [INFO] ThirdParty:1030 - CMSIS Pack Vendor :STMicroelectronics lwIP 2.0.3
2026-03-17 22:44:50,470 [INFO] ThirdParty:1030 - CMSIS Pack Vendor :Cesanta I-CUBE-Mongoose 7.13.0
2026-03-17 22:44:50,470 [INFO] ThirdParty:1030 - CMSIS Pack Vendor :STMicroelectronics USB_HOST 1.0.0
2026-03-17 22:44:50,470 [INFO] ThirdParty:1030 - CMSIS Pack Vendor :STMicroelectronics X-CUBE-AZRTOS-G4 2.0.0
2026-03-17 22:44:50,470 [INFO] ThirdParty:1030 - CMSIS Pack Vendor :STMicroelectronics X-CUBE-WB05N 2.0.0
2026-03-17 22:44:50,470 [INFO] ThirdParty:1030 - CMSIS Pack Vendor :STMicroelectronics PDM2PCM 3.1.0
2026-03-17 22:44:50,470 [INFO] ThirdParty:1030 - CMSIS Pack Vendor :wolfSSL I-CUBE-wolfTPM 3.8.0
2026-03-17 22:44:50,471 [INFO] ThirdParty:1030 - CMSIS Pack Vendor :wolfSSL I-CUBE-wolfSSH 1.4.20
2026-03-17 22:44:50,471 [INFO] ThirdParty:1030 - CMSIS Pack Vendor :STMicroelectronics X-CUBE-NFC7 2.0.0
2026-03-17 22:44:50,471 [INFO] ThirdParty:1030 - CMSIS Pack Vendor :STMicroelectronics X-CUBE-TCPP 4.2.0
2026-03-17 22:44:50,471 [INFO] ThirdParty:1030 - CMSIS Pack Vendor :RealThread X-CUBE-RT-Thread_Nano 4.1.1
2026-03-17 22:44:50,471 [INFO] ThirdParty:1030 - CMSIS Pack Vendor :STMicroelectronics FP-ATR-SIGFOX1 3.2.0
2026-03-17 22:44:50,471 [INFO] ThirdParty:1030 - CMSIS Pack Vendor :quantropi X-CUBE-qispace-sdk-base 1.9.3
2026-03-17 22:44:50,471 [INFO] ThirdParty:1030 - CMSIS Pack Vendor :STMicroelectronics X-CUBE-EEPRMA1 5.1.0
2026-03-17 22:44:50,471 [INFO] ThirdParty:1030 - CMSIS Pack Vendor :STMicroelectronics MBEDTLS 2.16.2
2026-03-17 22:44:50,471 [INFO] ThirdParty:1030 - CMSIS Pack Vendor :STMicroelectronics X-CUBE-IPS 3.1.0
2026-03-17 22:44:50,471 [INFO] ThirdParty:1030 - CMSIS Pack Vendor :STMicroelectronics X-CUBE-ALS 1.0.2
2026-03-17 22:44:50,471 [INFO] ThirdParty:1030 - CMSIS Pack Vendor :wolfSSL I-CUBE-wolfSSL 5.7.6
2026-03-17 22:44:50,471 [INFO] ThirdParty:1030 - CMSIS Pack Vendor :ITTIA_DB I-CUBE-ITTIADB 8.9.0
2026-03-17 22:44:50,471 [INFO] ThirdParty:1030 - CMSIS Pack Vendor :STMicroelectronics X-CUBE-TOUCHGFX 4.24.2
2026-03-17 22:44:50,471 [INFO] ThirdParty:1030 - CMSIS Pack Vendor :STMicroelectronics X-CUBE-STSE01 1.0.0
2026-03-17 22:44:50,471 [INFO] ThirdParty:1030 - CMSIS Pack Vendor :wolfSSL I-CUBE-wolfTPM 3.4.0
2026-03-17 22:44:50,471 [INFO] ThirdParty:1030 - CMSIS Pack Vendor :portGmbH I-Cube-SoM-uGOAL 1.1.0
2026-03-17 22:44:50,471 [INFO] ThirdParty:1030 - CMSIS Pack Vendor :STMicroelectronics X-CUBE-ST67W61 1.0.0
2026-03-17 22:44:50,472 [INFO] ThirdParty:1030 - CMSIS Pack Vendor :STMicroelectronics X-CUBE-AI 10.2.0
2026-03-17 22:44:50,472 [INFO] ThirdParty:1030 - CMSIS Pack Vendor :STMicroelectronics ThreadX 1.0.0
2026-03-17 22:44:50,472 [INFO] ThirdParty:1030 - CMSIS Pack Vendor :SEGGER I-CUBE-embOS 1.3.1
2026-03-17 22:44:50,472 [INFO] ThirdParty:1030 - CMSIS Pack Vendor :STMicroelectronics X-CUBE-ALGOBUILD 1.4.0
2026-03-17 22:44:50,472 [INFO] ThirdParty:1030 - CMSIS Pack Vendor :STMicroelectronics X-CUBE-MEMS1 11.3.0
2026-03-17 22:44:50,472 [INFO] ThirdParty:1030 - CMSIS Pack Vendor :STMicroelectronics X-CUBE-AZRTOS-H7RS 1.0.0
2026-03-17 22:44:50,472 [INFO] ThirdParty:1030 - CMSIS Pack Vendor :STMicroelectronics X-CUBE-TOF1 3.4.2
2026-03-17 22:44:50,472 [INFO] ThirdParty:1030 - CMSIS Pack Vendor :STMicroelectronics X-CUBE-TOF1 3.4.3
2026-03-17 22:44:50,472 [INFO] ThirdParty:1030 - CMSIS Pack Vendor :wolfSSL I-CUBE-wolfSSH 1.4.17
2026-03-17 22:44:50,472 [INFO] ThirdParty:841 - exiting critical section [change project]
2026-03-17 22:44:51,191 [INFO] PinOutPanel:1589 - setPackage(No Configuration,No Configuration)
2026-03-17 22:44:51,193 [INFO] PinOutPanel:1589 - setPackage(STM32F107RCTx,LQFP64)
2026-03-17 22:44:52,605 [INFO] UtilMem:75 - Before build in PCC Used Memory: 421033008 Bytes (1073741824)
2026-03-17 22:44:53,452 [INFO] UtilMem:75 - After build in PCC Used Memory: 467692592 Bytes (1073741824)
2026-03-17 22:44:53,487 [INFO] ApiDbMcu:532 - Load IP Config File for LWIP
2026-03-17 22:44:53,547 [INFO] IPUIPlugin:80 - create IPUIPlugin
2026-03-17 22:44:53,547 [INFO] IPUIPlugin:80 - create IPUIPlugin
2026-03-17 22:44:53,548 [INFO] IPUIPlugin:80 - create IPUIPlugin
2026-03-17 22:44:53,548 [INFO] IPUIPlugin:80 - create IPUIPlugin
2026-03-17 22:44:53,548 [INFO] IPUIPlugin:80 - create IPUIPlugin
2026-03-17 22:44:53,548 [INFO] IPUIPlugin:80 - create IPUIPlugin
2026-03-17 22:44:53,548 [INFO] IPUIPlugin:80 - create IPUIPlugin
2026-03-17 22:44:53,549 [INFO] IPUIPlugin:80 - create IPUIPlugin
2026-03-17 22:44:53,549 [INFO] IPUIPlugin:80 - create IPUIPlugin
2026-03-17 22:44:53,549 [INFO] IPUIPlugin:80 - create IPUIPlugin
2026-03-17 22:44:53,549 [INFO] IPUIPlugin:80 - create IPUIPlugin
2026-03-17 22:44:53,549 [INFO] IPUIPlugin:80 - create IPUIPlugin
2026-03-17 22:44:53,549 [INFO] IPUIPlugin:80 - create IPUIPlugin
2026-03-17 22:44:53,549 [INFO] IPUIPlugin:80 - create IPUIPlugin
2026-03-17 22:44:53,550 [INFO] IPUIPlugin:80 - create IPUIPlugin
2026-03-17 22:44:53,550 [INFO] IPUIPlugin:80 - create IPUIPlugin
2026-03-17 22:44:53,550 [INFO] IPUIPlugin:80 - create IPUIPlugin
2026-03-17 22:44:53,550 [INFO] IPUIPlugin:80 - create IPUIPlugin
2026-03-17 22:44:53,551 [INFO] IPUIPlugin:80 - create IPUIPlugin
2026-03-17 22:44:53,551 [INFO] IPUIPlugin:80 - create IPUIPlugin
2026-03-17 22:44:53,551 [INFO] IPUIPlugin:80 - create IPUIPlugin
2026-03-17 22:44:53,552 [INFO] IPUIPlugin:80 - create IPUIPlugin
2026-03-17 22:44:53,552 [INFO] IPUIPlugin:80 - create IPUIPlugin
2026-03-17 22:44:53,552 [INFO] IPUIPlugin:80 - create IPUIPlugin
2026-03-17 22:44:53,552 [INFO] IPUIPlugin:80 - create IPUIPlugin
2026-03-17 22:44:53,553 [INFO] IPUIPlugin:80 - create IPUIPlugin
2026-03-17 22:44:53,553 [INFO] IPUIPlugin:80 - create IPUIPlugin
2026-03-17 22:44:53,553 [INFO] IPUIPlugin:80 - create IPUIPlugin
2026-03-17 22:44:53,553 [INFO] IPUIPlugin:80 - create IPUIPlugin
2026-03-17 22:44:53,554 [INFO] IPUIPlugin:80 - create IPUIPlugin
2026-03-17 22:44:53,554 [INFO] IPUIPlugin:80 - create IPUIPlugin
2026-03-17 22:44:53,555 [INFO] IPUIPlugin:80 - create IPUIPlugin
2026-03-17 22:44:53,556 [INFO] IPUIPlugin:80 - create IPUIPlugin
2026-03-17 22:44:53,557 [INFO] IPUIPlugin:80 - create IPUIPlugin
2026-03-17 22:44:53,558 [INFO] IPUIPlugin:80 - create IPUIPlugin
2026-03-17 22:44:53,558 [INFO] IPUIPlugin:80 - create IPUIPlugin
2026-03-17 22:44:53,559 [INFO] IPUIPlugin:80 - create IPUIPlugin
2026-03-17 22:44:53,559 [INFO] IPUIPlugin:80 - create IPUIPlugin
2026-03-17 22:44:53,560 [INFO] IPUIPlugin:80 - create IPUIPlugin
2026-03-17 22:44:53,721 [INFO] CADModel:165 - CPN selected for project levelSTM32F107RCT6
2026-03-17 22:44:53,721 [INFO] CADModel:114 - Register for checkConnection events
2026-03-17 22:44:53,837 [INFO] OpenFileManager:386 - Restore cursor
2026-03-17 22:44:53,924 [WARN] IP:2250 - CMSIS_VERSION not found: check if there is a RefParameter without a condition.
2026-03-17 22:44:53,932 [WARN] IP:2250 - LWIP_NETIF_HOSTNAME_NAME not found: check if there is a RefParameter without a condition.
2026-03-17 22:44:54,013 [WARN] IP:2250 - CMSIS_VERSION not found: check if there is a RefParameter without a condition.
2026-03-17 22:44:54,019 [WARN] IP:2250 - LWIP_NETIF_HOSTNAME_NAME not found: check if there is a RefParameter without a condition.
2026-03-17 22:45:02,127 [INFO] NvicIntPanel:101 - NVIC parent = com.st.microxplorer.plugins.ip.nvic.MultiNvicIntPanel[,0,0,0x0,invalid,layout=javax.swing.BoxLayout,alignmentX=0.0,alignmentY=0.0,border=,flags=9,maximumSize=,minimumSize=,preferredSize=]
2026-03-17 22:46:01,531 [INFO] UtilMem:75 - End SaveConfig() Used Memory: 436862656 Bytes (1073741824)
2026-03-17 22:46:01,739 [INFO] UtilMem:75 - End SaveConfig() Used Memory: 452069056 Bytes (1073741824)
2026-03-17 22:46:03,335 [INFO] UtilMem:75 - End SaveConfig() Used Memory: 595197632 Bytes (1073741824)
2026-03-17 22:46:03,673 [INFO] BlockDiagram:2775 - set Specific Code input for plugin: NVIC
2026-03-17 22:46:03,673 [INFO] BlockDiagram:2775 - set Specific Code input for plugin: LWIP
2026-03-17 22:46:03,673 [INFO] BlockDiagram:2775 - set Specific Code input for plugin: USART
2026-03-17 22:46:03,673 [INFO] BlockDiagram:2775 - set Specific Code input for plugin: IWDG
2026-03-17 22:46:03,673 [INFO] BlockDiagram:2775 - set Specific Code input for plugin: DMA
2026-03-17 22:46:03,673 [INFO] BlockDiagram:2775 - set Specific Code input for plugin: UART
2026-03-17 22:46:03,673 [INFO] BlockDiagram:2775 - set Specific Code input for plugin: SYS
2026-03-17 22:46:03,674 [INFO] BlockDiagram:2775 - set Specific Code input for plugin: GPIO
2026-03-17 22:46:03,674 [INFO] BlockDiagram:2775 - set Specific Code input for plugin: RCC
2026-03-17 22:46:03,674 [INFO] BlockDiagram:2775 - set Specific Code input for plugin: ETH
2026-03-17 22:46:03,675 [INFO] CodeGenerator:892 - code generatio: config db path: C:\ST\STM32CubeIDE_1.19.0\STM32CubeIDE\plugins\com.st.stm32cube.common.mx_6.15.0.202507011659\\db\
2026-03-17 22:46:03,676 [INFO] Argument:325 - Argument : hdmavalue: null
2026-03-17 22:46:03,676 [INFO] Argument:327 - 	 sub Args: 
2026-03-17 22:46:03,676 [INFO] Argument:325 - Argument : Instancevalue: DMA1_Channel1
2026-03-17 22:46:03,676 [INFO] Argument:335 - Argument : Instancevalue: DMA1_Channel1
2026-03-17 22:46:03,676 [INFO] Argument:325 - Argument : Initvalue: null
2026-03-17 22:46:03,677 [INFO] Argument:327 - 	 sub Args: 
2026-03-17 22:46:03,677 [INFO] Argument:325 - Argument : Directionvalue: DMA_MEMORY_TO_MEMORY
2026-03-17 22:46:03,677 [INFO] Argument:335 - Argument : Directionvalue: DMA_MEMORY_TO_MEMORY
2026-03-17 22:46:03,677 [INFO] Argument:325 - Argument : PeriphIncvalue: DMA_PINC_ENABLE
2026-03-17 22:46:03,677 [INFO] Argument:335 - Argument : PeriphIncvalue: DMA_PINC_ENABLE
2026-03-17 22:46:03,677 [INFO] Argument:325 - Argument : MemIncvalue: DMA_MINC_ENABLE
2026-03-17 22:46:03,677 [INFO] Argument:335 - Argument : MemIncvalue: DMA_MINC_ENABLE
2026-03-17 22:46:03,677 [INFO] Argument:325 - Argument : PeriphDataAlignmentvalue: DMA_PDATAALIGN_BYTE
2026-03-17 22:46:03,677 [INFO] Argument:335 - Argument : PeriphDataAlignmentvalue: DMA_PDATAALIGN_BYTE
2026-03-17 22:46:03,677 [INFO] Argument:325 - Argument : MemDataAlignmentvalue: DMA_MDATAALIGN_BYTE
2026-03-17 22:46:03,677 [INFO] Argument:335 - Argument : MemDataAlignmentvalue: DMA_MDATAALIGN_BYTE
2026-03-17 22:46:03,677 [INFO] Argument:325 - Argument : Modevalue: DMA_NORMAL
2026-03-17 22:46:03,677 [INFO] Argument:335 - Argument : Modevalue: DMA_NORMAL
2026-03-17 22:46:03,677 [INFO] Argument:325 - Argument : Priorityvalue: DMA_PRIORITY_MEDIUM
2026-03-17 22:46:03,677 [INFO] Argument:335 - Argument : Priorityvalue: DMA_PRIORITY_MEDIUM
2026-03-17 22:46:03,677 [INFO] Argument:325 - Argument : Lockvalue: null
2026-03-17 22:46:03,677 [INFO] Argument:335 - Argument : Lockvalue: null
2026-03-17 22:46:03,677 [INFO] Argument:325 - Argument : Statevalue: null
2026-03-17 22:46:03,677 [INFO] Argument:335 - Argument : Statevalue: null
2026-03-17 22:46:03,677 [INFO] Argument:325 - Argument : Parentvalue: null
2026-03-17 22:46:03,677 [INFO] Argument:335 - Argument : Parentvalue: null
2026-03-17 22:46:03,678 [INFO] Argument:325 - Argument : XferCpltCallbackvalue: null
2026-03-17 22:46:03,678 [INFO] Argument:335 - Argument : XferCpltCallbackvalue: null
2026-03-17 22:46:03,678 [INFO] Argument:325 - Argument : XferHalfCpltCallbackvalue: null
2026-03-17 22:46:03,678 [INFO] Argument:335 - Argument : XferHalfCpltCallbackvalue: null
2026-03-17 22:46:03,678 [INFO] Argument:325 - Argument : XferErrorCallbackvalue: null
2026-03-17 22:46:03,678 [INFO] Argument:335 - Argument : XferErrorCallbackvalue: null
2026-03-17 22:46:03,678 [INFO] Argument:325 - Argument : ErrorCodevalue: null
2026-03-17 22:46:03,678 [INFO] Argument:335 - Argument : ErrorCodevalue: null
2026-03-17 22:46:03,678 [INFO] Argument:325 - Argument : hdmavalue: null
2026-03-17 22:46:03,678 [INFO] Argument:327 - 	 sub Args: 
2026-03-17 22:46:03,678 [INFO] Argument:325 - Argument : Instancevalue: DMA1_Channel1
2026-03-17 22:46:03,678 [INFO] Argument:335 - Argument : Instancevalue: DMA1_Channel1
2026-03-17 22:46:03,678 [INFO] Argument:325 - Argument : Initvalue: null
2026-03-17 22:46:03,678 [INFO] Argument:327 - 	 sub Args: 
2026-03-17 22:46:03,678 [INFO] Argument:325 - Argument : Directionvalue: DMA_MEMORY_TO_MEMORY
2026-03-17 22:46:03,678 [INFO] Argument:335 - Argument : Directionvalue: DMA_MEMORY_TO_MEMORY
2026-03-17 22:46:03,679 [INFO] Argument:325 - Argument : PeriphIncvalue: DMA_PINC_ENABLE
2026-03-17 22:46:03,679 [INFO] Argument:335 - Argument : PeriphIncvalue: DMA_PINC_ENABLE
2026-03-17 22:46:03,679 [INFO] Argument:325 - Argument : MemIncvalue: DMA_MINC_ENABLE
2026-03-17 22:46:03,679 [INFO] Argument:335 - Argument : MemIncvalue: DMA_MINC_ENABLE
2026-03-17 22:46:03,679 [INFO] Argument:325 - Argument : PeriphDataAlignmentvalue: DMA_PDATAALIGN_BYTE
2026-03-17 22:46:03,679 [INFO] Argument:335 - Argument : PeriphDataAlignmentvalue: DMA_PDATAALIGN_BYTE
2026-03-17 22:46:03,679 [INFO] Argument:325 - Argument : MemDataAlignmentvalue: DMA_MDATAALIGN_BYTE
2026-03-17 22:46:03,679 [INFO] Argument:335 - Argument : MemDataAlignmentvalue: DMA_MDATAALIGN_BYTE
2026-03-17 22:46:03,679 [INFO] Argument:325 - Argument : Modevalue: DMA_NORMAL
2026-03-17 22:46:03,679 [INFO] Argument:335 - Argument : Modevalue: DMA_NORMAL
2026-03-17 22:46:03,679 [INFO] Argument:325 - Argument : Priorityvalue: DMA_PRIORITY_MEDIUM
2026-03-17 22:46:03,679 [INFO] Argument:335 - Argument : Priorityvalue: DMA_PRIORITY_MEDIUM
2026-03-17 22:46:03,679 [INFO] Argument:325 - Argument : Lockvalue: null
2026-03-17 22:46:03,679 [INFO] Argument:335 - Argument : Lockvalue: null
2026-03-17 22:46:03,679 [INFO] Argument:325 - Argument : Statevalue: null
2026-03-17 22:46:03,679 [INFO] Argument:335 - Argument : Statevalue: null
2026-03-17 22:46:03,679 [INFO] Argument:325 - Argument : Parentvalue: null
2026-03-17 22:46:03,679 [INFO] Argument:335 - Argument : Parentvalue: null
2026-03-17 22:46:03,679 [INFO] Argument:325 - Argument : XferCpltCallbackvalue: null
2026-03-17 22:46:03,679 [INFO] Argument:335 - Argument : XferCpltCallbackvalue: null
2026-03-17 22:46:03,679 [INFO] Argument:325 - Argument : XferHalfCpltCallbackvalue: null
2026-03-17 22:46:03,680 [INFO] Argument:335 - Argument : XferHalfCpltCallbackvalue: null
2026-03-17 22:46:03,680 [INFO] Argument:325 - Argument : XferErrorCallbackvalue: null
2026-03-17 22:46:03,680 [INFO] Argument:335 - Argument : XferErrorCallbackvalue: null
2026-03-17 22:46:03,680 [INFO] Argument:325 - Argument : ErrorCodevalue: null
2026-03-17 22:46:03,680 [INFO] Argument:335 - Argument : ErrorCodevalue: null
2026-03-17 22:46:03,685 [WARN] IP:2250 - CMSIS_VERSION not found: check if there is a RefParameter without a condition.
2026-03-17 22:46:03,691 [WARN] IP:2250 - LWIP_NETIF_HOSTNAME_NAME not found: check if there is a RefParameter without a condition.
2026-03-17 22:46:03,807 [INFO] Argument:325 - Argument : hdmavalue: null
2026-03-17 22:46:03,808 [INFO] Argument:327 - 	 sub Args: 
2026-03-17 22:46:03,808 [INFO] Argument:325 - Argument : Instancevalue: DMA1_Channel2
2026-03-17 22:46:03,808 [INFO] Argument:335 - Argument : Instancevalue: DMA1_Channel2
2026-03-17 22:46:03,808 [INFO] Argument:325 - Argument : Initvalue: null
2026-03-17 22:46:03,808 [INFO] Argument:327 - 	 sub Args: 
2026-03-17 22:46:03,808 [INFO] Argument:325 - Argument : Directionvalue: DMA_MEMORY_TO_PERIPH
2026-03-17 22:46:03,808 [INFO] Argument:335 - Argument : Directionvalue: DMA_MEMORY_TO_PERIPH
2026-03-17 22:46:03,809 [INFO] Argument:325 - Argument : PeriphIncvalue: DMA_PINC_DISABLE
2026-03-17 22:46:03,809 [INFO] Argument:335 - Argument : PeriphIncvalue: DMA_PINC_DISABLE
2026-03-17 22:46:03,809 [INFO] Argument:325 - Argument : MemIncvalue: DMA_MINC_ENABLE
2026-03-17 22:46:03,809 [INFO] Argument:335 - Argument : MemIncvalue: DMA_MINC_ENABLE
2026-03-17 22:46:03,809 [INFO] Argument:325 - Argument : PeriphDataAlignmentvalue: DMA_PDATAALIGN_BYTE
2026-03-17 22:46:03,809 [INFO] Argument:335 - Argument : PeriphDataAlignmentvalue: DMA_PDATAALIGN_BYTE
2026-03-17 22:46:03,809 [INFO] Argument:325 - Argument : MemDataAlignmentvalue: DMA_MDATAALIGN_BYTE
2026-03-17 22:46:03,811 [INFO] Argument:335 - Argument : MemDataAlignmentvalue: DMA_MDATAALIGN_BYTE
2026-03-17 22:46:03,812 [INFO] Argument:325 - Argument : Modevalue: DMA_NORMAL
2026-03-17 22:46:03,812 [INFO] Argument:335 - Argument : Modevalue: DMA_NORMAL
2026-03-17 22:46:03,812 [INFO] Argument:325 - Argument : Priorityvalue: DMA_PRIORITY_HIGH
2026-03-17 22:46:03,812 [INFO] Argument:335 - Argument : Priorityvalue: DMA_PRIORITY_HIGH
2026-03-17 22:46:03,812 [INFO] Argument:325 - Argument : Lockvalue: null
2026-03-17 22:46:03,812 [INFO] Argument:335 - Argument : Lockvalue: null
2026-03-17 22:46:03,812 [INFO] Argument:325 - Argument : Statevalue: null
2026-03-17 22:46:03,812 [INFO] Argument:335 - Argument : Statevalue: null
2026-03-17 22:46:03,812 [INFO] Argument:325 - Argument : Parentvalue: null
2026-03-17 22:46:03,813 [INFO] Argument:335 - Argument : Parentvalue: null
2026-03-17 22:46:03,813 [INFO] Argument:325 - Argument : XferCpltCallbackvalue: null
2026-03-17 22:46:03,813 [INFO] Argument:335 - Argument : XferCpltCallbackvalue: null
2026-03-17 22:46:03,813 [INFO] Argument:325 - Argument : XferHalfCpltCallbackvalue: null
2026-03-17 22:46:03,813 [INFO] Argument:335 - Argument : XferHalfCpltCallbackvalue: null
2026-03-17 22:46:03,813 [INFO] Argument:325 - Argument : XferErrorCallbackvalue: null
2026-03-17 22:46:03,813 [INFO] Argument:335 - Argument : XferErrorCallbackvalue: null
2026-03-17 22:46:03,814 [INFO] Argument:325 - Argument : ErrorCodevalue: null
2026-03-17 22:46:03,814 [INFO] Argument:335 - Argument : ErrorCodevalue: null
2026-03-17 22:46:04,030 [INFO] CodeEngine:265 - oldGeneratedFile, D:\my_Projects\Electronic\STM32\F1\CubeIDE\lezgiBoard_RS485\MXTmpFiles\license.tmp_save
2026-03-17 22:46:04,874 [INFO] CodeEngine:289 - Generated code: D:\my_Projects\Electronic\STM32\F1\CubeIDE\lezgiBoard_RS485\MXTmpFiles\license.tmp
2026-03-17 22:46:05,004 [INFO] CodeEngine:265 - oldGeneratedFile, D:\my_Projects\Electronic\STM32\F1\CubeIDE\lezgiBoard_RS485\MXTmpFiles\gpio.tmp_save
2026-03-17 22:46:05,393 [INFO] CodeEngine:289 - Generated code: D:\my_Projects\Electronic\STM32\F1\CubeIDE\lezgiBoard_RS485\MXTmpFiles\gpio.tmp
2026-03-17 22:46:05,538 [INFO] CodeEngine:265 - oldGeneratedFile, D:\my_Projects\Electronic\STM32\F1\CubeIDE\lezgiBoard_RS485\MXTmpFiles\eth_vars.tmp_save
2026-03-17 22:46:05,848 [INFO] CodeEngine:289 - Generated code: D:\my_Projects\Electronic\STM32\F1\CubeIDE\lezgiBoard_RS485\MXTmpFiles\eth_vars.tmp
2026-03-17 22:46:05,857 [INFO] CodeEngine:265 - oldGeneratedFile, D:\my_Projects\Electronic\STM32\F1\CubeIDE\lezgiBoard_RS485\MXTmpFiles\eth_inc.tmp_save
2026-03-17 22:46:06,057 [INFO] CodeEngine:289 - Generated code: D:\my_Projects\Electronic\STM32\F1\CubeIDE\lezgiBoard_RS485\MXTmpFiles\eth_inc.tmp
2026-03-17 22:46:06,064 [INFO] CodeEngine:265 - oldGeneratedFile, D:\my_Projects\Electronic\STM32\F1\CubeIDE\lezgiBoard_RS485\MXTmpFiles\eth_HalInit.tmp_save
2026-03-17 22:46:06,325 [INFO] CodeEngine:289 - Generated code: D:\my_Projects\Electronic\STM32\F1\CubeIDE\lezgiBoard_RS485\MXTmpFiles\eth_HalInit.tmp
2026-03-17 22:46:06,331 [INFO] CodeEngine:265 - oldGeneratedFile, D:\my_Projects\Electronic\STM32\F1\CubeIDE\lezgiBoard_RS485\MXTmpFiles\eth_Msp.tmp_save
2026-03-17 22:46:06,588 [INFO] CodeEngine:289 - Generated code: D:\my_Projects\Electronic\STM32\F1\CubeIDE\lezgiBoard_RS485\MXTmpFiles\eth_Msp.tmp
2026-03-17 22:46:06,729 [ERROR] ConfigurationRetriever:142 - IOException on connection: Connect timed out
2026-03-17 22:46:07,035 [INFO] Middleware:1452 - No code input for Bsp Dependency
2026-03-17 22:46:07,105 [INFO] CodeEngine:265 - oldGeneratedFile, D:\my_Projects\Electronic\STM32\F1\CubeIDE\lezgiBoard_RS485\MXTmpFiles\dma.tmp_save
2026-03-17 22:46:07,317 [INFO] CodeEngine:289 - Generated code: D:\my_Projects\Electronic\STM32\F1\CubeIDE\lezgiBoard_RS485\MXTmpFiles\dma.tmp
2026-03-17 22:46:07,327 [INFO] CodeEngine:265 - oldGeneratedFile, D:\my_Projects\Electronic\STM32\F1\CubeIDE\lezgiBoard_RS485\MXTmpFiles\dma_GV.tmp_save
2026-03-17 22:46:07,543 [INFO] CodeEngine:289 - Generated code: D:\my_Projects\Electronic\STM32\F1\CubeIDE\lezgiBoard_RS485\MXTmpFiles\dma_GV.tmp
2026-03-17 22:46:07,581 [INFO] Middleware:1452 - No code input for Bsp Dependency
2026-03-17 22:46:07,615 [INFO] CodeEngine:265 - oldGeneratedFile, D:\my_Projects\Electronic\STM32\F1\CubeIDE\lezgiBoard_RS485\LWIP\App\lwip.c_save
2026-03-17 22:46:07,900 [INFO] CodeEngine:289 - Generated code: D:\my_Projects\Electronic\STM32\F1\CubeIDE\lezgiBoard_RS485\LWIP\App\lwip.c
2026-03-17 22:46:07,912 [INFO] CodeEngine:265 - oldGeneratedFile, D:\my_Projects\Electronic\STM32\F1\CubeIDE\lezgiBoard_RS485\LWIP\App\lwip.h_save
2026-03-17 22:46:08,118 [INFO] CodeEngine:289 - Generated code: D:\my_Projects\Electronic\STM32\F1\CubeIDE\lezgiBoard_RS485\LWIP\App\lwip.h
2026-03-17 22:46:08,129 [INFO] CodeEngine:265 - oldGeneratedFile, D:\my_Projects\Electronic\STM32\F1\CubeIDE\lezgiBoard_RS485\LWIP\Target\lwipopts.h_save
2026-03-17 22:46:08,680 [INFO] CodeEngine:289 - Generated code: D:\my_Projects\Electronic\STM32\F1\CubeIDE\lezgiBoard_RS485\LWIP\Target\lwipopts.h
2026-03-17 22:46:08,689 [INFO] CodeEngine:265 - oldGeneratedFile, D:\my_Projects\Electronic\STM32\F1\CubeIDE\lezgiBoard_RS485\LWIP\Target\ethernetif.c_save
2026-03-17 22:46:08,985 [INFO] CodeEngine:289 - Generated code: D:\my_Projects\Electronic\STM32\F1\CubeIDE\lezgiBoard_RS485\LWIP\Target\ethernetif.c
2026-03-17 22:46:08,996 [INFO] CodeEngine:265 - oldGeneratedFile, D:\my_Projects\Electronic\STM32\F1\CubeIDE\lezgiBoard_RS485\LWIP\Target\ethernetif.h_save
2026-03-17 22:46:09,158 [INFO] CodeEngine:289 - Generated code: D:\my_Projects\Electronic\STM32\F1\CubeIDE\lezgiBoard_RS485\LWIP\Target\ethernetif.h
2026-03-17 22:46:09,195 [INFO] CodeEngine:265 - oldGeneratedFile, D:\my_Projects\Electronic\STM32\F1\CubeIDE\lezgiBoard_RS485\Core\Src\stm32f1xx_it.c_save
2026-03-17 22:46:09,595 [INFO] CodeEngine:289 - Generated code: D:\my_Projects\Electronic\STM32\F1\CubeIDE\lezgiBoard_RS485\Core\Src\stm32f1xx_it.c
2026-03-17 22:46:09,605 [INFO] CodeEngine:265 - oldGeneratedFile, D:\my_Projects\Electronic\STM32\F1\CubeIDE\lezgiBoard_RS485\Core\Inc\stm32f1xx_it.h_save
2026-03-17 22:46:09,713 [INFO] CodeEngine:289 - Generated code: D:\my_Projects\Electronic\STM32\F1\CubeIDE\lezgiBoard_RS485\Core\Inc\stm32f1xx_it.h
2026-03-17 22:46:09,746 [INFO] CodeEngine:265 - oldGeneratedFile, D:\my_Projects\Electronic\STM32\F1\CubeIDE\lezgiBoard_RS485\Core\Src\stm32f1xx_hal_msp.c_save
2026-03-17 22:46:10,177 [INFO] CodeEngine:289 - Generated code: D:\my_Projects\Electronic\STM32\F1\CubeIDE\lezgiBoard_RS485\Core\Src\stm32f1xx_hal_msp.c
2026-03-17 22:46:10,185 [INFO] CodeEngine:265 - oldGeneratedFile, D:\my_Projects\Electronic\STM32\F1\CubeIDE\lezgiBoard_RS485\MXTmpFiles\system.tmp_save
2026-03-17 22:46:10,346 [INFO] CodeEngine:289 - Generated code: D:\my_Projects\Electronic\STM32\F1\CubeIDE\lezgiBoard_RS485\MXTmpFiles\system.tmp
2026-03-17 22:46:10,360 [INFO] CodeEngine:265 - oldGeneratedFile, D:\my_Projects\Electronic\STM32\F1\CubeIDE\lezgiBoard_RS485\Core\Src\stm32f1xx_hal_timebase_tim.c_save
2026-03-17 22:46:10,559 [INFO] CodeEngine:289 - Generated code: D:\my_Projects\Electronic\STM32\F1\CubeIDE\lezgiBoard_RS485\Core\Src\stm32f1xx_hal_timebase_tim.c
2026-03-17 22:46:10,596 [INFO] CodeEngine:321 - oldGeneratedFile, D:\my_Projects\Electronic\STM32\F1\CubeIDE\lezgiBoard_RS485\Core\Inc\stm32f1xx_hal_conf.h_save
2026-03-17 22:46:10,853 [INFO] CodeEngine:345 - Generated code: D:\my_Projects\Electronic\STM32\F1\CubeIDE\lezgiBoard_RS485\Core\Inc\stm32f1xx_hal_conf.h
2026-03-17 22:46:10,903 [INFO] ApiDbMcu:532 - Load IP Config File for IWDG
2026-03-17 22:46:10,926 [INFO] ApiDbMcu:532 - Load IP Config File for UART5
2026-03-17 22:46:10,932 [INFO] ApiDbMcu:532 - Load IP Config File for USART3
2026-03-17 22:46:10,953 [INFO] ApiDbMcu:532 - Load IP Config File for RCC
2026-03-17 22:46:10,976 [INFO] CodeEngine:265 - oldGeneratedFile, D:\my_Projects\Electronic\STM32\F1\CubeIDE\lezgiBoard_RS485\Core\Inc\main.h_save
2026-03-17 22:46:11,226 [INFO] CodeEngine:289 - Generated code: D:\my_Projects\Electronic\STM32\F1\CubeIDE\lezgiBoard_RS485\Core\Inc\main.h
2026-03-17 22:46:11,246 [INFO] CodeEngine:265 - oldGeneratedFile, D:\my_Projects\Electronic\STM32\F1\CubeIDE\lezgiBoard_RS485\Core\Src\main.c_save
2026-03-17 22:46:11,505 [INFO] CodeEngine:289 - Generated code: D:\my_Projects\Electronic\STM32\F1\CubeIDE\lezgiBoard_RS485\Core\Src\main.c
2026-03-17 22:46:11,734 [ERROR] ConfigurationRetriever:142 - IOException on connection: Connect timed out
2026-03-17 22:46:12,995 [INFO] ProjectBuilder:3606 - Time for Copy HAL[1] : 1049mS.
2026-03-17 22:46:13,019 [INFO] ProjectBuilder:5216 - Project Generator version: 4.7.0-B52
2026-03-17 22:46:13,158 [INFO] ConfigFileManager:1595 - The Die is : DIE418
2026-03-17 22:46:13,161 [INFO] ApiDbMcu:532 - Load IP Config File for FATFS
2026-03-17 22:46:13,170 [INFO] ApiDbMcu:532 - Load IP Config File for FREERTOS
2026-03-17 22:46:13,176 [INFO] ApiDbMcu:532 - Load IP Config File for USB_DEVICE
2026-03-17 22:46:13,181 [INFO] ApiDbMcu:532 - Load IP Config File for USB_HOST
2026-03-17 22:46:15,618 [INFO] ProjectBuilder:5496 - Time for Generating toolchain IDE Files: 2598mS.
2026-03-17 22:46:15,619 [INFO] ProjectBuilder:3463 - Time for Copy CMSIS : 0mS.
2026-03-17 22:46:15,630 [INFO] ProjectBuilder:3463 - Time for Copy CMSIS : 0mS.
2026-03-17 22:46:16,736 [ERROR] ConfigurationRetriever:142 - IOException on connection: Connect timed out
2026-03-17 22:46:44,939 [ERROR] ConfigurationRetriever:142 - IOException on connection: Connect timed out
2026-03-17 22:46:46,942 [ERROR] ConfigurationRetriever:142 - IOException on connection: Connect timed out
2026-03-17 22:46:48,945 [ERROR] ConfigurationRetriever:142 - IOException on connection: Connect timed out
2026-03-17 22:46:53,623 [ERROR] ConfigurationRetriever:142 - IOException on connection: Connect timed out
2026-03-17 22:46:55,627 [ERROR] ConfigurationRetriever:142 - IOException on connection: Connect timed out
2026-03-17 22:46:57,631 [ERROR] ConfigurationRetriever:142 - IOException on connection: Connect timed out
2026-03-17 22:51:45,149 [WARN] CheckConnectionManager:291 - Warning during Server Connection :  timeout Connect to sw-center.st.com:443 [sw-center.st.com/185.200.232.40, sw-center.st.com/185.200.232.50] failed: Connect timed out
2026-03-17 22:51:47,158 [WARN] CheckConnectionManager:291 - Warning during Server Connection :  timeout Connect to sw-center.st.com:443 [sw-center.st.com/185.200.232.40, sw-center.st.com/185.200.232.50] failed: Connect timed out
2026-03-17 22:51:47,159 [INFO] MainUpdater:2872 - connection check result : 22
2026-03-17 22:51:47,237 [INFO] MicroXplorer:468 - Change Database Path : 
2026-03-17 22:51:47,237 [INFO] MicroXplorer:498 - Change Database Version : DB.6.0.150
2026-03-17 22:51:47,251 [ERROR] ProjectManagerView:395 - 
java.lang.NullPointerException: Cannot invoke "javax.swing.JTextField.getText()" because the return value of "java.util.List.get(int)" is null
	at com.st.microxplorer.plugins.projectmanager.gui.ProjectChoiceTab$9.caretUpdate(ProjectChoiceTab.java:2706) ~[filemanager.jar:?]
	at javax.swing.text.JTextComponent.fireCaretUpdate(JTextComponent.java:408) ~[?:?]
	at javax.swing.text.JTextComponent$MutableCaretEvent.fire(JTextComponent.java:4484) ~[?:?]
	at javax.swing.text.JTextComponent$MutableCaretEvent.stateChanged(JTextComponent.java:4506) ~[?:?]
	at javax.swing.text.DefaultCaret.fireStateChanged(DefaultCaret.java:857) ~[?:?]
	at javax.swing.text.DefaultCaret.changeCaretPosition(DefaultCaret.java:1343) ~[?:?]
	at javax.swing.text.DefaultCaret.handleSetDot(DefaultCaret.java:1242) ~[?:?]
	at javax.swing.text.DefaultCaret.setDot(DefaultCaret.java:1223) ~[?:?]
	at javax.swing.text.DefaultCaret$Handler.insertUpdate(DefaultCaret.java:1819) ~[?:?]
	at javax.swing.text.AbstractDocument.fireInsertUpdate(AbstractDocument.java:227) ~[?:?]
	at javax.swing.text.AbstractDocument.handleInsertString(AbstractDocument.java:781) ~[?:?]
	at javax.swing.text.AbstractDocument.insertString(AbstractDocument.java:740) ~[?:?]
	at javax.swing.text.PlainDocument.insertString(PlainDocument.java:131) ~[?:?]
	at javax.swing.text.AbstractDocument.replace(AbstractDocument.java:699) ~[?:?]
	at javax.swing.text.JTextComponent.setText(JTextComponent.java:1725) ~[?:?]
	at com.st.microxplorer.plugins.projectmanager.gui.ProjectChoiceTab.createHeapStackFields(ProjectChoiceTab.java:993) ~[filemanager.jar:?]
	at com.st.microxplorer.plugins.projectmanager.gui.ProjectChoiceTab.buildLinkSettingsPanel(ProjectChoiceTab.java:3813) ~[filemanager.jar:?]
	at com.st.microxplorer.plugins.projectmanager.gui.ProjectChoiceTab.defineWindowsFields(ProjectChoiceTab.java:1987) ~[filemanager.jar:?]
	at com.st.microxplorer.plugins.projectmanager.gui.ProjectChoiceTab.updateSettings(ProjectChoiceTab.java:558) ~[filemanager.jar:?]
	at com.st.microxplorer.plugins.projectmanager.gui.ProjectSettingsPanel.UpdateDialog(ProjectSettingsPanel.java:247) ~[filemanager.jar:?]
	at com.st.microxplorer.plugins.projectmanager.ProjectManagerView.propertyChange(ProjectManagerView.java:392) ~[filemanager.jar:?]
	at java.beans.PropertyChangeSupport.fire(PropertyChangeSupport.java:343) ~[?:?]
	at java.beans.PropertyChangeSupport.firePropertyChange(PropertyChangeSupport.java:335) ~[?:?]
	at java.beans.PropertyChangeSupport.firePropertyChange(PropertyChangeSupport.java:268) ~[?:?]
	at com.st.microxplorer.util.MXPropertyChangeSupport.firePropertyChange(MXPropertyChangeSupport.java:54) ~[STM32CubeMX.jar:?]
	at com.st.microxplorer.mxsystem.MxSystem.closeConfig(MxSystem.java:899) ~[STM32CubeMX.jar:?]
	at com.st.microxplorer.maingui.MainPanel.closeConfig(MainPanel.java:792) ~[STM32CubeMX.jar:?]
	at com.st.microxplorer.plugins.filemanager.engine.OpenFileManager.loadConfigurationFile(OpenFileManager.java:288) ~[filemanager.jar:?]
	at com.st.microxplorer.plugins.filemanager.engine.MainFileManager.userLoadConfig(MainFileManager.java:364) ~[filemanager.jar:?]
	at com.st.microxplorer.plugins.filemanager.engine.MainFileManager.userLoadConfig(MainFileManager.java:342) ~[filemanager.jar:?]
	at com.st.microxplorer.plugins.filemanager.FileManagerView.getSpecificTask(FileManagerView.java:264) ~[filemanager.jar:?]
	at com.st.stm32cube.common.mx.editor.CubeMxEditor.getMxTabbedPaneInstance(CubeMxEditor.java:1198) ~[com.st.stm32cube.common.mx_6.15.0.202507011659/:?]
	at com.st.stm32cube.common.mx.editor.CubeMxEditor$12$1.createSwingComponent(CubeMxEditor.java:1068) ~[com.st.stm32cube.common.mx_6.15.0.202507011659/:?]
	at com.st.stm32cube.common.mx.oss.core.awtswtbridge.EmbeddedSwingComposite.doComponentCreation(EmbeddedSwingComposite.java:492) ~[com.st.stm32cube.common.mx.oss_6.15.0.202507011659/:?]
	at com.st.stm32cube.common.mx.oss.core.awtswtbridge.EmbeddedSwingComposite$4.run(EmbeddedSwingComposite.java:291) ~[com.st.stm32cube.common.mx.oss_6.15.0.202507011659/:?]
	at com.st.stm32cube.common.mx.oss.core.awtswtbridge.AwtEnvironment$2.run(AwtEnvironment.java:166) ~[com.st.stm32cube.common.mx.oss_6.15.0.202507011659/:?]
	at java.awt.event.InvocationEvent.dispatch(InvocationEvent.java:318) ~[?:?]
	at java.awt.EventQueue.dispatchEventImpl(EventQueue.java:773) ~[?:?]
	at java.awt.EventQueue$4.run(EventQueue.java:720) ~[?:?]
	at java.awt.EventQueue$4.run(EventQueue.java:714) ~[?:?]
	at java.security.AccessController.doPrivileged(AccessController.java:400) ~[?:?]
	at java.security.ProtectionDomain$JavaSecurityAccessImpl.doIntersectionPrivilege(ProtectionDomain.java:87) ~[?:?]
	at java.awt.EventQueue.dispatchEvent(EventQueue.java:742) ~[?:?]
	at java.awt.EventDispatchThread.pumpOneEventForFilters(EventDispatchThread.java:203) ~[?:?]
	at java.awt.EventDispatchThread.pumpEventsForFilter(EventDispatchThread.java:124) ~[?:?]
	at java.awt.EventDispatchThread.pumpEventsForHierarchy(EventDispatchThread.java:113) ~[?:?]
	at java.awt.EventDispatchThread.pumpEvents(EventDispatchThread.java:109) ~[?:?]
	at java.awt.EventDispatchThread.pumpEvents(EventDispatchThread.java:101) ~[?:?]
	at java.awt.EventDispatchThread.run(EventDispatchThread.java:90) ~[?:?]
2026-03-17 22:51:47,253 [WARN] ThirdParty:871 - waiting for thirdparty lock release [close project]
2026-03-17 22:51:47,253 [INFO] ThirdParty:873 - entering critical section [close project]
2026-03-17 22:51:47,253 [INFO] ThirdParty:883 - exiting critical section [close project]
2026-03-17 22:51:47,254 [INFO] PinOutPanel:1589 - setPackage(No Configuration,No Configuration)
2026-03-17 22:51:47,258 [INFO] UtilMem:75 - Begin LoadConfig() Used Memory: 918152632 Bytes (1073741824)
2026-03-17 22:51:47,259 [INFO] MicroXplorer:468 - Change Database Path : 
2026-03-17 22:51:47,259 [INFO] MicroXplorer:498 - Change Database Version : DB.6.0.150
2026-03-17 22:51:47,259 [INFO] OpenFileManager:355 - Change cursor
2026-03-17 22:51:47,286 [INFO] RulesReader:64 - Compatibility file has been processed (317 Rules)
2026-03-17 22:51:47,289 [INFO] Mcu:2029 - Initializing MCU STM32F107R(B-C)Tx STM32F107RCTx STM32F107RCT6
2026-03-17 22:51:49,180 [INFO] Context:786 - Trying to add GPIOservice into a context  which must be forbidden
2026-03-17 22:51:49,519 [INFO] ImportTextPane:234 - (OptionalMessage_ERROR) Pin28 (VP_RIF_VS_RIF1) cannot be retrieved for this MCU
2026-03-17 22:51:49,558 [INFO] RtosManager:558 - Registered RTOS mode: class=CMSIS, group=RTOS, mode=CMSIS_V1, owner=FREERTOS
2026-03-17 22:51:49,558 [INFO] RtosManager:558 - Registered RTOS mode: class=CMSIS, group=RTOS2, mode=CMSIS_V2, owner=FREERTOS
2026-03-17 22:51:49,558 [INFO] RtosManager:558 - Registered RTOS mode: class=RTOS, group=Core, mode=CMSIS_V1, owner=FREERTOS
2026-03-17 22:51:49,558 [INFO] RtosManager:558 - Registered RTOS mode: class=RTOS, group=Core, mode=CMSIS_V2, owner=FREERTOS
2026-03-17 22:51:49,558 [WARN] ModelIntegratedComponent:184 - Missing modes for component STMicroelectronics:FreeRTOS:0.0.1:STMicroelectronics:RTOS:FreeRTOS:Core:::10.2.0:
2026-03-17 22:51:49,566 [WARN] ModelIntegratedComponent:63 - No mode defined for component null
2026-03-17 22:51:49,566 [WARN] ModelIntegratedComponent:63 - No mode defined for component null
2026-03-17 22:51:49,566 [WARN] ModelIntegratedComponent:63 - No mode defined for component null
2026-03-17 22:51:49,566 [WARN] ModelIntegratedComponent:63 - No mode defined for component null
2026-03-17 22:51:49,566 [WARN] ModelIntegratedComponent:63 - No mode defined for component null
2026-03-17 22:51:49,566 [WARN] ModelIntegratedComponent:63 - No mode defined for component null
2026-03-17 22:51:49,566 [WARN] ModelIntegratedComponent:63 - No mode defined for component null
2026-03-17 22:51:49,566 [WARN] ModelIntegratedComponent:63 - No mode defined for component null
2026-03-17 22:51:49,566 [WARN] ModelIntegratedComponent:63 - No mode defined for component null
2026-03-17 22:51:49,566 [WARN] ModelIntegratedComponent:63 - No mode defined for component null
2026-03-17 22:51:49,566 [WARN] ModelIntegratedComponent:63 - No mode defined for component null
2026-03-17 22:51:49,566 [WARN] ModelIntegratedComponent:63 - No mode defined for component null
2026-03-17 22:51:49,566 [WARN] ModelIntegratedComponent:63 - No mode defined for component null
2026-03-17 22:51:49,566 [WARN] ModelIntegratedComponent:63 - No mode defined for component null
2026-03-17 22:51:49,566 [WARN] ModelIntegratedComponent:63 - No mode defined for component null
2026-03-17 22:51:49,566 [WARN] ModelIntegratedComponent:63 - No mode defined for component null
2026-03-17 22:51:49,567 [WARN] ModelIntegratedComponent:63 - No mode defined for component null
2026-03-17 22:51:49,567 [WARN] ModelIntegratedComponent:63 - No mode defined for component null
2026-03-17 22:51:49,567 [WARN] ModelIntegratedComponent:63 - No mode defined for component null
2026-03-17 22:51:49,567 [WARN] ModelIntegratedComponent:63 - No mode defined for component null
2026-03-17 22:51:49,567 [WARN] ModelIntegratedComponent:63 - No mode defined for component null
2026-03-17 22:51:49,567 [WARN] ModelIntegratedComponent:63 - No mode defined for component null
2026-03-17 22:51:49,567 [WARN] ModelIntegratedComponent:63 - No mode defined for component null
2026-03-17 22:51:49,567 [WARN] ModelIntegratedComponent:63 - No mode defined for component null
2026-03-17 22:51:49,567 [WARN] ModelIntegratedComponent:63 - No mode defined for component null
2026-03-17 22:51:49,567 [WARN] ModelIntegratedComponent:63 - No mode defined for component null
2026-03-17 22:51:49,567 [WARN] ModelIntegratedComponent:63 - No mode defined for component null
2026-03-17 22:51:49,567 [WARN] ModelIntegratedComponent:63 - No mode defined for component null
2026-03-17 22:51:49,567 [WARN] ModelIntegratedComponent:63 - No mode defined for component null
2026-03-17 22:51:49,567 [WARN] ModelIntegratedComponent:63 - No mode defined for component null
2026-03-17 22:51:49,568 [WARN] ModelIntegratedComponent:63 - No mode defined for component null
2026-03-17 22:51:49,568 [WARN] ModelIntegratedComponent:63 - No mode defined for component null
2026-03-17 22:51:49,568 [WARN] ModelIntegratedComponent:63 - No mode defined for component null
2026-03-17 22:51:49,568 [WARN] ModelIntegratedComponent:63 - No mode defined for component null
2026-03-17 22:51:49,568 [WARN] ModelIntegratedComponent:63 - No mode defined for component null
2026-03-17 22:51:49,568 [WARN] ModelPack:524 - Component already loaded: STMicroelectronics:HAL Drivers:0.0.0:STMicroelectronics:Device:STMicro_Driver:XSPI:HAL::0.0.1:HAL_XSPI
2026-03-17 22:51:49,938 [INFO] ThirdPartyModel:298 - Start build external matchings
2026-03-17 22:51:52,109 [INFO] ThirdPartyModel:316 - End build external matchings
2026-03-17 22:51:52,139 [INFO] ImportTextPane:234 - (OptionalMessage_ERROR) IP (DMA) : Parameter (Instance) has Id (MEMTOMEM1) currently not set
2026-03-17 22:51:52,139 [INFO] ImportTextPane:234 - (OptionalMessage_ERROR) IP (DMA) : Parameter (Direction) has Id (MEMTOMEM1) currently not set
2026-03-17 22:51:52,139 [INFO] ImportTextPane:234 - (OptionalMessage_ERROR) IP (DMA) : Parameter (PeriphInc) has Id (MEMTOMEM1) currently not set
2026-03-17 22:51:52,139 [INFO] ImportTextPane:234 - (OptionalMessage_ERROR) IP (DMA) : Parameter (MemInc) has Id (MEMTOMEM1) currently not set
2026-03-17 22:51:52,139 [INFO] ImportTextPane:234 - (OptionalMessage_ERROR) IP (DMA) : Parameter (PeriphDataAlignment) has Id (MEMTOMEM1) currently not set
2026-03-17 22:51:52,140 [INFO] ImportTextPane:234 - (OptionalMessage_ERROR) IP (DMA) : Parameter (MemDataAlignment) has Id (MEMTOMEM1) currently not set
2026-03-17 22:51:52,140 [INFO] ImportTextPane:234 - (OptionalMessage_ERROR) IP (DMA) : Parameter (Mode) has Id (MEMTOMEM1) currently not set
2026-03-17 22:51:52,140 [INFO] ImportTextPane:234 - (OptionalMessage_ERROR) IP (DMA) : Parameter (Priority) has Id (MEMTOMEM1) currently not set
2026-03-17 22:51:52,140 [INFO] ImportTextPane:234 - (OptionalMessage_ERROR) IP (DMA) : Parameter (Instance) has Id (USART3_TX) currently not set
2026-03-17 22:51:52,140 [INFO] ImportTextPane:234 - (OptionalMessage_ERROR) IP (DMA) : Parameter (Direction) has Id (USART3_TX) currently not set
2026-03-17 22:51:52,140 [INFO] ImportTextPane:234 - (OptionalMessage_ERROR) IP (DMA) : Parameter (PeriphInc) has Id (USART3_TX) currently not set
2026-03-17 22:51:52,140 [INFO] ImportTextPane:234 - (OptionalMessage_ERROR) IP (DMA) : Parameter (MemInc) has Id (USART3_TX) currently not set
2026-03-17 22:51:52,140 [INFO] ImportTextPane:234 - (OptionalMessage_ERROR) IP (DMA) : Parameter (PeriphDataAlignment) has Id (USART3_TX) currently not set
2026-03-17 22:51:52,140 [INFO] ImportTextPane:234 - (OptionalMessage_ERROR) IP (DMA) : Parameter (MemDataAlignment) has Id (USART3_TX) currently not set
2026-03-17 22:51:52,140 [INFO] ImportTextPane:234 - (OptionalMessage_ERROR) IP (DMA) : Parameter (Mode) has Id (USART3_TX) currently not set
2026-03-17 22:51:52,140 [INFO] ImportTextPane:234 - (OptionalMessage_ERROR) IP (DMA) : Parameter (Priority) has Id (USART3_TX) currently not set
2026-03-17 22:51:52,143 [WARN] IP:2250 - CMSIS_VERSION not found: check if there is a RefParameter without a condition.
2026-03-17 22:51:52,147 [WARN] IP:2250 - LWIP_NETIF_HOSTNAME_NAME not found: check if there is a RefParameter without a condition.
2026-03-17 22:51:52,166 [INFO] ImportTextPane:234 - (OptionalMessage_ERROR) IP (RCC) : Parameter (ADCFreqValue) has invalid value (36000000)
2026-03-17 22:51:52,166 [INFO] ImportTextPane:234 - (OptionalMessage_ERROR) IP (RCC) : Invalid parameter (FamilyName)
2026-03-17 22:51:52,166 [INFO] ImportTextPane:234 - (OptionalMessage_ERROR) IP (RCC) : Parameter (MCOFreq_Value) has invalid value (72000000)
2026-03-17 22:51:52,542 [INFO] UtilMem:75 - End LoadConfig() Used Memory: 794586200 Bytes (1073741824)
2026-03-17 22:51:52,638 [WARN] ThirdParty:833 - waiting for thirdparty lock release [change project]
2026-03-17 22:51:52,638 [INFO] ThirdParty:835 - entering critical section [change project]
2026-03-17 22:51:52,638 [INFO] ThirdParty:1030 - CMSIS Pack Vendor :STMicroelectronics X-CUBE-PM33A1 1.0.0
2026-03-17 22:51:52,639 [INFO] ThirdParty:1030 - CMSIS Pack Vendor :STMicroelectronics USBPD 4.1
2026-03-17 22:51:52,639 [INFO] ThirdParty:1030 - CMSIS Pack Vendor :STMicroelectronics USB_HOST 2.0.0
2026-03-17 22:51:52,639 [INFO] ThirdParty:1030 - CMSIS Pack Vendor :STMicroelectronics FP-SNS-MOTENVWB1 1.4.0
2026-03-17 22:51:52,639 [INFO] ThirdParty:1030 - CMSIS Pack Vendor :STMicroelectronics X-CUBE-AZRTOS-F4 1.1.0
2026-03-17 22:51:52,639 [INFO] ThirdParty:1030 - CMSIS Pack Vendor :STMicroelectronics LIBJPEG 8.0.0
2026-03-17 22:51:52,639 [INFO] ThirdParty:1030 - CMSIS Pack Vendor :STMicroelectronics FP-ATR-ASTRA1 2.0.2
2026-03-17 22:51:52,639 [INFO] ThirdParty:1030 - CMSIS Pack Vendor :STMicroelectronics FP-ATR-ASTRA1 2.0.1
2026-03-17 22:51:52,639 [INFO] ThirdParty:1030 - CMSIS Pack Vendor :Avnet-IotConnect X-CUBE-IoTC-DA16k-PMOD 1.0.0
2026-03-17 22:51:52,639 [INFO] ThirdParty:1030 - CMSIS Pack Vendor :STMicroelectronics X-CUBE-SMBUS 2.1.0
2026-03-17 22:51:52,639 [INFO] ThirdParty:1030 - CMSIS Pack Vendor :STMicroelectronics X-CUBE-WB05N 1.1.0
2026-03-17 22:51:52,639 [INFO] ThirdParty:1030 - CMSIS Pack Vendor :STMicroelectronics X-CUBE-ISPU 2.1.0
2026-03-17 22:51:52,639 [INFO] ThirdParty:1030 - CMSIS Pack Vendor :STMicroelectronics X-CUBE-IPS 3.2.0
2026-03-17 22:51:52,639 [INFO] ThirdParty:1030 - CMSIS Pack Vendor :STMicroelectronics X-CUBE-ST60 1.0.0
2026-03-17 22:51:52,639 [INFO] ThirdParty:1030 - CMSIS Pack Vendor :STMicroelectronics X-CUBE-NFC12 1.0.0
2026-03-17 22:51:52,639 [INFO] ThirdParty:1030 - CMSIS Pack Vendor :STMicroelectronics X-CUBE-AZRTOS-F7 1.1.0
2026-03-17 22:51:52,639 [INFO] ThirdParty:1030 - CMSIS Pack Vendor :STMicroelectronics X-CUBE-AZRTOS-L5 2.0.0
2026-03-17 22:51:52,639 [INFO] ThirdParty:1030 - CMSIS Pack Vendor :STMicroelectronics USB_DEVICE 2.0.0
2026-03-17 22:51:52,639 [INFO] ThirdParty:1030 - CMSIS Pack Vendor :STMicroelectronics X-CUBE-NFC6 3.1.0
2026-03-17 22:51:52,639 [INFO] ThirdParty:1030 - CMSIS Pack Vendor :STMicroelectronics FP-SNS-MOTENV1 5.1.0
2026-03-17 22:51:52,639 [INFO] ThirdParty:1030 - CMSIS Pack Vendor :STMicroelectronics FreeRTOS 0.0.1
2026-03-17 22:51:52,639 [INFO] ThirdParty:1030 - CMSIS Pack Vendor :STMicroelectronics X-CUBE-DPower 1.2.0
2026-03-17 22:51:52,640 [INFO] ThirdParty:1030 - CMSIS Pack Vendor :STMicroelectronics FP-SNS-FLIGHT1 5.0.2
2026-03-17 22:51:52,640 [INFO] ThirdParty:1030 - CMSIS Pack Vendor :Infineon AIROC-Wi-Fi-Bluetooth-STM32 1.7.0
2026-03-17 22:51:52,640 [INFO] ThirdParty:1030 - CMSIS Pack Vendor :STMicroelectronics PDM2PCM 3.3.0
2026-03-17 22:51:52,640 [INFO] ThirdParty:1030 - CMSIS Pack Vendor :STMicroelectronics X-CUBE-AZRTOS-H7 3.4.0
2026-03-17 22:51:52,640 [INFO] ThirdParty:1030 - CMSIS Pack Vendor :STMicroelectronics X-CUBE-DISPLAY 3.0.0
2026-03-17 22:51:52,640 [INFO] ThirdParty:1030 - CMSIS Pack Vendor :STMicroelectronics X-CUBE-BLE1 7.0.0
2026-03-17 22:51:52,640 [INFO] ThirdParty:1030 - CMSIS Pack Vendor :STMicroelectronics X-CUBE-NFC10 1.0.0
2026-03-17 22:51:52,640 [INFO] ThirdParty:1030 - CMSIS Pack Vendor :STMicroelectronics X-CUBE-BLEMGR 4.0.0
2026-03-17 22:51:52,640 [INFO] ThirdParty:1030 - CMSIS Pack Vendor :STMicroelectronics X-CUBE-FREERTOS 1.3.1
2026-03-17 22:51:52,640 [INFO] ThirdParty:1030 - CMSIS Pack Vendor :STMicroelectronics HAL Drivers 0.0.0
2026-03-17 22:51:52,640 [INFO] ThirdParty:1030 - CMSIS Pack Vendor :STMicroelectronics X-CUBE-ST60 1.1.0
2026-03-17 22:51:52,640 [INFO] ThirdParty:1030 - CMSIS Pack Vendor :emotas I-CUBE-CANOPEN 1.3.0
2026-03-17 22:51:52,640 [INFO] ThirdParty:1030 - CMSIS Pack Vendor :STMicroelectronics X-CUBE-FREERTOS 1.3.0
2026-03-17 22:51:52,640 [INFO] ThirdParty:1030 - CMSIS Pack Vendor :STMicroelectronics X-CUBE-NFC7 1.0.1
2026-03-17 22:51:52,640 [INFO] ThirdParty:1030 - CMSIS Pack Vendor :STMicroelectronics MBEDTLS 2.14.1
2026-03-17 22:51:52,640 [INFO] ThirdParty:1030 - CMSIS Pack Vendor :STMicroelectronics X-CUBE-GNSS1 7.1.0
2026-03-17 22:51:52,640 [INFO] ThirdParty:1030 - CMSIS Pack Vendor :STMicroelectronics X-CUBE-TOUCHGFX 4.26.0
2026-03-17 22:51:52,640 [INFO] ThirdParty:1030 - CMSIS Pack Vendor :STMicroelectronics X-CUBE-AI 10.0.0
2026-03-17 22:51:52,640 [INFO] ThirdParty:1030 - CMSIS Pack Vendor :STMicroelectronics FP-SNS-STBOX1 2.1.0
2026-03-17 22:51:52,640 [INFO] ThirdParty:1030 - CMSIS Pack Vendor :STMicroelectronics FP-SNS-STAIOTCFT 1.0.0
2026-03-17 22:51:52,640 [INFO] ThirdParty:1030 - CMSIS Pack Vendor :STMicroelectronics FP-SNS-SMARTAG2 1.2.0
2026-03-17 22:51:52,640 [INFO] ThirdParty:1030 - CMSIS Pack Vendor :STMicroelectronics FP-SNS-FLIGHT1 5.1.0
2026-03-17 22:51:52,640 [INFO] ThirdParty:1030 - CMSIS Pack Vendor :STMicroelectronics X-CUBE-MEMS1 11.1.0
2026-03-17 22:51:52,641 [INFO] ThirdParty:1030 - CMSIS Pack Vendor :STMicroelectronics X-CUBE-AZRTOS-WL 2.0.0
2026-03-17 22:51:52,641 [INFO] ThirdParty:1030 - CMSIS Pack Vendor :STMicroelectronics X-CUBE-DPower 1.3.0
2026-03-17 22:51:52,641 [INFO] ThirdParty:1030 - CMSIS Pack Vendor :STMicroelectronics FP-SNS-MOTENV1 5.0.0
2026-03-17 22:51:52,641 [INFO] ThirdParty:1030 - CMSIS Pack Vendor :STMicroelectronics USB_DEVICE 1.0.0
2026-03-17 22:51:52,641 [INFO] ThirdParty:1030 - CMSIS Pack Vendor :wolfSSL I-CUBE-wolfMQTT 1.19.0
2026-03-17 22:51:52,641 [INFO] ThirdParty:1030 - CMSIS Pack Vendor :STMicroelectronics X-CUBE-AZRTOS-L4 2.0.0
2026-03-17 22:51:52,641 [INFO] ThirdParty:1030 - CMSIS Pack Vendor :STMicroelectronics ThreadX 0.0.2
2026-03-17 22:51:52,641 [INFO] ThirdParty:1030 - CMSIS Pack Vendor :WES I-CUBE-Cesium 1.3.0
2026-03-17 22:51:52,641 [INFO] ThirdParty:1030 - CMSIS Pack Vendor :STMicroelectronics lwIP 2.1.2
2026-03-17 22:51:52,641 [INFO] ThirdParty:1030 - CMSIS Pack Vendor :STMicroelectronics X-CUBE-SFXS2LP1 4.0.0
2026-03-17 22:51:52,641 [INFO] ThirdParty:1030 - CMSIS Pack Vendor :STMicroelectronics X-CUBE-BLE2 3.3.0
2026-03-17 22:51:52,641 [INFO] ThirdParty:1030 - CMSIS Pack Vendor :STMicroelectronics PDM2PCM 3.2.0
2026-03-17 22:51:52,641 [INFO] ThirdParty:1030 - CMSIS Pack Vendor :STMicroelectronics X-CUBE-AZRTOS-H7 3.3.0
2026-03-17 22:51:52,641 [INFO] ThirdParty:1030 - CMSIS Pack Vendor :STMicroelectronics X-CUBE-NFC9 1.0.0
2026-03-17 22:51:52,641 [INFO] ThirdParty:1030 - CMSIS Pack Vendor :STMicroelectronics X-CUBE-BLE1 7.1.0
2026-03-17 22:51:52,642 [INFO] ThirdParty:1030 - CMSIS Pack Vendor :wolfSSL I-CUBE-wolfMQTT 1.19.2
2026-03-17 22:51:52,642 [INFO] ThirdParty:1030 - CMSIS Pack Vendor :STMicroelectronics USB_DEVICE 3.0.0
2026-03-17 22:51:52,642 [INFO] ThirdParty:1030 - CMSIS Pack Vendor :STMicroelectronics X-CUBE-EEPRMA1 5.2.0
2026-03-17 22:51:52,642 [INFO] ThirdParty:1030 - CMSIS Pack Vendor :STMicroelectronics X-CUBE-BLEMGR 4.1.0
2026-03-17 22:51:52,642 [INFO] ThirdParty:1030 - CMSIS Pack Vendor :STMicroelectronics X-CUBE-AZRTOS-WB 2.0.0
2026-03-17 22:51:52,642 [INFO] ThirdParty:1030 - CMSIS Pack Vendor :STMicroelectronics X-CUBE-GNSS1 7.0.1
2026-03-17 22:51:52,642 [INFO] ThirdParty:1030 - CMSIS Pack Vendor :STMicroelectronics X-CUBE-TOUCHGFX 4.25.0
2026-03-17 22:51:52,642 [INFO] ThirdParty:1030 - CMSIS Pack Vendor :STMicroelectronics X-CUBE-ST67W61 1.1.0
2026-03-17 22:51:52,642 [INFO] ThirdParty:1030 - CMSIS Pack Vendor :STMicroelectronics FP-SNS-STBOX1 2.0.0
2026-03-17 22:51:52,642 [INFO] ThirdParty:1030 - CMSIS Pack Vendor :STMicroelectronics X-CUBE-AZRTOS-G0 1.1.0
2026-03-17 22:51:52,642 [INFO] ThirdParty:1030 - CMSIS Pack Vendor :STMicroelectronics X-CUBE-SAFEA1 1.2.2
2026-03-17 22:51:52,642 [INFO] ThirdParty:1030 - CMSIS Pack Vendor :STMicroelectronics X-CUBE-NFC4 3.0.0
2026-03-17 22:51:52,642 [INFO] ThirdParty:1030 - CMSIS Pack Vendor :STMicroelectronics X-CUBE-SUBG2 5.0.0
2026-03-17 22:51:52,642 [INFO] ThirdParty:1030 - CMSIS Pack Vendor :STMicroelectronics X-CUBE-AZRTOS-H7RS 1.1.0
2026-03-17 22:51:52,642 [INFO] ThirdParty:1030 - CMSIS Pack Vendor :STMicroelectronics STM32_WPAN 1.0.0
2026-03-17 22:51:52,642 [INFO] ThirdParty:1030 - CMSIS Pack Vendor :EmbeddedOffice I-CUBE-FS-RTOS 1.0.1
2026-03-17 22:51:52,642 [INFO] ThirdParty:1030 - CMSIS Pack Vendor :STMicroelectronics lwIP 2.0.3
2026-03-17 22:51:52,642 [INFO] ThirdParty:1030 - CMSIS Pack Vendor :Cesanta I-CUBE-Mongoose 7.13.0
2026-03-17 22:51:52,642 [INFO] ThirdParty:1030 - CMSIS Pack Vendor :STMicroelectronics USB_HOST 1.0.0
2026-03-17 22:51:52,642 [INFO] ThirdParty:1030 - CMSIS Pack Vendor :STMicroelectronics X-CUBE-AZRTOS-G4 2.0.0
2026-03-17 22:51:52,642 [INFO] ThirdParty:1030 - CMSIS Pack Vendor :STMicroelectronics X-CUBE-WB05N 2.0.0
2026-03-17 22:51:52,643 [INFO] ThirdParty:1030 - CMSIS Pack Vendor :STMicroelectronics PDM2PCM 3.1.0
2026-03-17 22:51:52,643 [INFO] ThirdParty:1030 - CMSIS Pack Vendor :wolfSSL I-CUBE-wolfTPM 3.8.0
2026-03-17 22:51:52,643 [INFO] ThirdParty:1030 - CMSIS Pack Vendor :wolfSSL I-CUBE-wolfSSH 1.4.20
2026-03-17 22:51:52,643 [INFO] ThirdParty:1030 - CMSIS Pack Vendor :STMicroelectronics X-CUBE-NFC7 2.0.0
2026-03-17 22:51:52,643 [INFO] ThirdParty:1030 - CMSIS Pack Vendor :STMicroelectronics X-CUBE-TCPP 4.2.0
2026-03-17 22:51:52,643 [INFO] ThirdParty:1030 - CMSIS Pack Vendor :RealThread X-CUBE-RT-Thread_Nano 4.1.1
2026-03-17 22:51:52,643 [INFO] ThirdParty:1030 - CMSIS Pack Vendor :STMicroelectronics FP-ATR-SIGFOX1 3.2.0
2026-03-17 22:51:52,643 [INFO] ThirdParty:1030 - CMSIS Pack Vendor :quantropi X-CUBE-qispace-sdk-base 1.9.3
2026-03-17 22:51:52,643 [INFO] ThirdParty:1030 - CMSIS Pack Vendor :STMicroelectronics X-CUBE-EEPRMA1 5.1.0
2026-03-17 22:51:52,643 [INFO] ThirdParty:1030 - CMSIS Pack Vendor :STMicroelectronics MBEDTLS 2.16.2
2026-03-17 22:51:52,643 [INFO] ThirdParty:1030 - CMSIS Pack Vendor :STMicroelectronics X-CUBE-IPS 3.1.0
2026-03-17 22:51:52,643 [INFO] ThirdParty:1030 - CMSIS Pack Vendor :STMicroelectronics X-CUBE-ALS 1.0.2
2026-03-17 22:51:52,643 [INFO] ThirdParty:1030 - CMSIS Pack Vendor :wolfSSL I-CUBE-wolfSSL 5.7.6
2026-03-17 22:51:52,643 [INFO] ThirdParty:1030 - CMSIS Pack Vendor :ITTIA_DB I-CUBE-ITTIADB 8.9.0
2026-03-17 22:51:52,643 [INFO] ThirdParty:1030 - CMSIS Pack Vendor :STMicroelectronics X-CUBE-TOUCHGFX 4.24.2
2026-03-17 22:51:52,643 [INFO] ThirdParty:1030 - CMSIS Pack Vendor :STMicroelectronics X-CUBE-STSE01 1.0.0
2026-03-17 22:51:52,643 [INFO] ThirdParty:1030 - CMSIS Pack Vendor :wolfSSL I-CUBE-wolfTPM 3.4.0
2026-03-17 22:51:52,643 [INFO] ThirdParty:1030 - CMSIS Pack Vendor :portGmbH I-Cube-SoM-uGOAL 1.1.0
2026-03-17 22:51:52,643 [INFO] ThirdParty:1030 - CMSIS Pack Vendor :STMicroelectronics X-CUBE-ST67W61 1.0.0
2026-03-17 22:51:52,643 [INFO] ThirdParty:1030 - CMSIS Pack Vendor :STMicroelectronics X-CUBE-AI 10.2.0
2026-03-17 22:51:52,643 [INFO] ThirdParty:1030 - CMSIS Pack Vendor :STMicroelectronics ThreadX 1.0.0
2026-03-17 22:51:52,644 [INFO] ThirdParty:1030 - CMSIS Pack Vendor :SEGGER I-CUBE-embOS 1.3.1
2026-03-17 22:51:52,644 [INFO] ThirdParty:1030 - CMSIS Pack Vendor :STMicroelectronics X-CUBE-ALGOBUILD 1.4.0
2026-03-17 22:51:52,644 [INFO] ThirdParty:1030 - CMSIS Pack Vendor :STMicroelectronics X-CUBE-MEMS1 11.3.0
2026-03-17 22:51:52,644 [INFO] ThirdParty:1030 - CMSIS Pack Vendor :STMicroelectronics X-CUBE-AZRTOS-H7RS 1.0.0
2026-03-17 22:51:52,644 [INFO] ThirdParty:1030 - CMSIS Pack Vendor :STMicroelectronics X-CUBE-TOF1 3.4.2
2026-03-17 22:51:52,644 [INFO] ThirdParty:1030 - CMSIS Pack Vendor :STMicroelectronics X-CUBE-TOF1 3.4.3
2026-03-17 22:51:52,644 [INFO] ThirdParty:1030 - CMSIS Pack Vendor :wolfSSL I-CUBE-wolfSSH 1.4.17
2026-03-17 22:51:52,644 [INFO] ThirdParty:841 - exiting critical section [change project]
2026-03-17 22:51:52,938 [INFO] PinOutPanel:1589 - setPackage(No Configuration,No Configuration)
2026-03-17 22:51:52,939 [INFO] PinOutPanel:1589 - setPackage(STM32F107RCTx,LQFP64)
2026-03-17 22:51:53,289 [INFO] UtilMem:75 - Before build in PCC Used Memory: 935614368 Bytes (1073741824)
2026-03-17 22:51:53,661 [INFO] UtilMem:75 - After build in PCC Used Memory: 979128224 Bytes (1073741824)
2026-03-17 22:51:53,671 [INFO] ApiDbMcu:532 - Load IP Config File for LWIP
2026-03-17 22:51:53,768 [INFO] IPUIPlugin:80 - create IPUIPlugin
2026-03-17 22:51:53,768 [INFO] IPUIPlugin:80 - create IPUIPlugin
2026-03-17 22:51:53,768 [INFO] IPUIPlugin:80 - create IPUIPlugin
2026-03-17 22:51:53,768 [INFO] IPUIPlugin:80 - create IPUIPlugin
2026-03-17 22:51:53,769 [INFO] IPUIPlugin:80 - create IPUIPlugin
2026-03-17 22:51:53,770 [INFO] IPUIPlugin:80 - create IPUIPlugin
2026-03-17 22:51:53,771 [INFO] IPUIPlugin:80 - create IPUIPlugin
2026-03-17 22:51:53,772 [INFO] IPUIPlugin:80 - create IPUIPlugin
2026-03-17 22:51:53,772 [INFO] IPUIPlugin:80 - create IPUIPlugin
2026-03-17 22:51:53,772 [INFO] IPUIPlugin:80 - create IPUIPlugin
2026-03-17 22:51:53,772 [INFO] IPUIPlugin:80 - create IPUIPlugin
2026-03-17 22:51:53,772 [INFO] IPUIPlugin:80 - create IPUIPlugin
2026-03-17 22:51:53,772 [INFO] IPUIPlugin:80 - create IPUIPlugin
2026-03-17 22:51:53,773 [INFO] IPUIPlugin:80 - create IPUIPlugin
2026-03-17 22:51:53,773 [INFO] IPUIPlugin:80 - create IPUIPlugin
2026-03-17 22:51:53,773 [INFO] IPUIPlugin:80 - create IPUIPlugin
2026-03-17 22:51:53,773 [INFO] IPUIPlugin:80 - create IPUIPlugin
2026-03-17 22:51:53,773 [INFO] IPUIPlugin:80 - create IPUIPlugin
2026-03-17 22:51:53,774 [INFO] IPUIPlugin:80 - create IPUIPlugin
2026-03-17 22:51:53,774 [INFO] IPUIPlugin:80 - create IPUIPlugin
2026-03-17 22:51:53,774 [INFO] IPUIPlugin:80 - create IPUIPlugin
2026-03-17 22:51:53,774 [INFO] IPUIPlugin:80 - create IPUIPlugin
2026-03-17 22:51:53,774 [INFO] IPUIPlugin:80 - create IPUIPlugin
2026-03-17 22:51:53,775 [INFO] IPUIPlugin:80 - create IPUIPlugin
2026-03-17 22:51:53,775 [INFO] IPUIPlugin:80 - create IPUIPlugin
2026-03-17 22:51:53,775 [INFO] IPUIPlugin:80 - create IPUIPlugin
2026-03-17 22:51:53,775 [INFO] IPUIPlugin:80 - create IPUIPlugin
2026-03-17 22:51:53,776 [INFO] IPUIPlugin:80 - create IPUIPlugin
2026-03-17 22:51:53,776 [INFO] IPUIPlugin:80 - create IPUIPlugin
2026-03-17 22:51:53,776 [INFO] IPUIPlugin:80 - create IPUIPlugin
2026-03-17 22:51:53,776 [INFO] IPUIPlugin:80 - create IPUIPlugin
2026-03-17 22:51:53,777 [INFO] IPUIPlugin:80 - create IPUIPlugin
2026-03-17 22:51:53,777 [INFO] IPUIPlugin:80 - create IPUIPlugin
2026-03-17 22:51:53,777 [INFO] IPUIPlugin:80 - create IPUIPlugin
2026-03-17 22:51:53,778 [INFO] IPUIPlugin:80 - create IPUIPlugin
2026-03-17 22:51:53,778 [INFO] IPUIPlugin:80 - create IPUIPlugin
2026-03-17 22:51:53,779 [INFO] IPUIPlugin:80 - create IPUIPlugin
2026-03-17 22:51:53,779 [INFO] IPUIPlugin:80 - create IPUIPlugin
2026-03-17 22:51:53,779 [INFO] IPUIPlugin:80 - create IPUIPlugin
2026-03-17 22:51:53,872 [INFO] CADModel:165 - CPN selected for project levelSTM32F107RCT6
2026-03-17 22:51:53,872 [INFO] CADModel:114 - Register for checkConnection events
2026-03-17 22:51:53,974 [INFO] OpenFileManager:386 - Restore cursor
2026-03-17 22:51:54,030 [WARN] IP:2250 - CMSIS_VERSION not found: check if there is a RefParameter without a condition.
2026-03-17 22:51:54,040 [WARN] IP:2250 - LWIP_NETIF_HOSTNAME_NAME not found: check if there is a RefParameter without a condition.
2026-03-17 22:51:54,086 [WARN] IP:2250 - CMSIS_VERSION not found: check if there is a RefParameter without a condition.
2026-03-17 22:51:54,090 [WARN] IP:2250 - LWIP_NETIF_HOSTNAME_NAME not found: check if there is a RefParameter without a condition.
2026-03-17 22:52:04,148 [WARN] IP:2250 - CMSIS_VERSION not found: check if there is a RefParameter without a condition.
2026-03-17 22:52:04,151 [WARN] IP:2250 - LWIP_NETIF_HOSTNAME_NAME not found: check if there is a RefParameter without a condition.
2026-03-17 22:52:04,239 [WARN] IP:2250 - CMSIS_VERSION not found: check if there is a RefParameter without a condition.
2026-03-17 22:52:04,242 [WARN] IP:2250 - LWIP_NETIF_HOSTNAME_NAME not found: check if there is a RefParameter without a condition.
2026-03-17 22:52:07,662 [WARN] IP:2250 - CMSIS_VERSION not found: check if there is a RefParameter without a condition.
2026-03-17 22:52:07,664 [WARN] IP:2250 - LWIP_NETIF_HOSTNAME_NAME not found: check if there is a RefParameter without a condition.
2026-03-17 22:52:07,686 [WARN] IP:2250 - CMSIS_VERSION not found: check if there is a RefParameter without a condition.
2026-03-17 22:52:07,688 [WARN] IP:2250 - LWIP_NETIF_HOSTNAME_NAME not found: check if there is a RefParameter without a condition.
2026-03-17 22:52:22,669 [INFO] NvicIntPanel:101 - NVIC parent = com.st.microxplorer.plugins.ip.nvic.MultiNvicIntPanel[,0,0,545x391,layout=javax.swing.BoxLayout,alignmentX=0.0,alignmentY=0.0,border=,flags=9,maximumSize=,minimumSize=,preferredSize=]
2026-03-17 22:52:24,300 [INFO] NvicIntPanel:101 - NVIC parent = com.st.microxplorer.plugins.ip.nvic.MultiNvicIntPanel[,0,0,0x0,invalid,layout=javax.swing.BoxLayout,alignmentX=0.0,alignmentY=0.0,border=,flags=9,maximumSize=,minimumSize=,preferredSize=]
2026-03-17 22:52:30,101 [INFO] NvicIntPanel:101 - NVIC parent = com.st.microxplorer.plugins.ip.nvic.MultiNvicIntPanel[,0,0,0x0,invalid,layout=javax.swing.BoxLayout,alignmentX=0.0,alignmentY=0.0,border=,flags=9,maximumSize=,minimumSize=,preferredSize=]
2026-03-17 22:52:47,718 [INFO] UtilMem:75 - End SaveConfig() Used Memory: 464420896 Bytes (1073741824)
2026-03-17 22:52:47,911 [INFO] UtilMem:75 - End SaveConfig() Used Memory: 479627296 Bytes (1073741824)
2026-03-17 22:52:49,343 [INFO] UtilMem:75 - End SaveConfig() Used Memory: 622755872 Bytes (1073741824)
2026-03-17 22:52:49,602 [INFO] BlockDiagram:2775 - set Specific Code input for plugin: NVIC
2026-03-17 22:52:49,602 [INFO] BlockDiagram:2775 - set Specific Code input for plugin: LWIP
2026-03-17 22:52:49,602 [INFO] BlockDiagram:2775 - set Specific Code input for plugin: USART
2026-03-17 22:52:49,602 [INFO] BlockDiagram:2775 - set Specific Code input for plugin: IWDG
2026-03-17 22:52:49,602 [INFO] BlockDiagram:2775 - set Specific Code input for plugin: DMA
2026-03-17 22:52:49,602 [INFO] BlockDiagram:2775 - set Specific Code input for plugin: UART
2026-03-17 22:52:49,602 [INFO] BlockDiagram:2775 - set Specific Code input for plugin: SYS
2026-03-17 22:52:49,603 [INFO] BlockDiagram:2775 - set Specific Code input for plugin: GPIO
2026-03-17 22:52:49,603 [INFO] BlockDiagram:2775 - set Specific Code input for plugin: RCC
2026-03-17 22:52:49,603 [INFO] BlockDiagram:2775 - set Specific Code input for plugin: ETH
2026-03-17 22:52:49,604 [INFO] CodeGenerator:892 - code generatio: config db path: C:\ST\STM32CubeIDE_1.19.0\STM32CubeIDE\plugins\com.st.stm32cube.common.mx_6.15.0.202507011659\\db\
2026-03-17 22:52:49,607 [INFO] Argument:325 - Argument : hdmavalue: null
2026-03-17 22:52:49,607 [INFO] Argument:327 - 	 sub Args: 
2026-03-17 22:52:49,607 [INFO] Argument:325 - Argument : Instancevalue: DMA1_Channel1
2026-03-17 22:52:49,607 [INFO] Argument:335 - Argument : Instancevalue: DMA1_Channel1
2026-03-17 22:52:49,607 [INFO] Argument:325 - Argument : Initvalue: null
2026-03-17 22:52:49,608 [INFO] Argument:327 - 	 sub Args: 
2026-03-17 22:52:49,608 [INFO] Argument:325 - Argument : Directionvalue: DMA_MEMORY_TO_MEMORY
2026-03-17 22:52:49,608 [INFO] Argument:335 - Argument : Directionvalue: DMA_MEMORY_TO_MEMORY
2026-03-17 22:52:49,608 [INFO] Argument:325 - Argument : PeriphIncvalue: DMA_PINC_ENABLE
2026-03-17 22:52:49,608 [INFO] Argument:335 - Argument : PeriphIncvalue: DMA_PINC_ENABLE
2026-03-17 22:52:49,608 [INFO] Argument:325 - Argument : MemIncvalue: DMA_MINC_ENABLE
2026-03-17 22:52:49,608 [INFO] Argument:335 - Argument : MemIncvalue: DMA_MINC_ENABLE
2026-03-17 22:52:49,609 [INFO] Argument:325 - Argument : PeriphDataAlignmentvalue: DMA_PDATAALIGN_BYTE
2026-03-17 22:52:49,609 [INFO] Argument:335 - Argument : PeriphDataAlignmentvalue: DMA_PDATAALIGN_BYTE
2026-03-17 22:52:49,609 [INFO] Argument:325 - Argument : MemDataAlignmentvalue: DMA_MDATAALIGN_BYTE
2026-03-17 22:52:49,610 [INFO] Argument:335 - Argument : MemDataAlignmentvalue: DMA_MDATAALIGN_BYTE
2026-03-17 22:52:49,610 [INFO] Argument:325 - Argument : Modevalue: DMA_NORMAL
2026-03-17 22:52:49,610 [INFO] Argument:335 - Argument : Modevalue: DMA_NORMAL
2026-03-17 22:52:49,611 [INFO] Argument:325 - Argument : Priorityvalue: DMA_PRIORITY_MEDIUM
2026-03-17 22:52:49,611 [INFO] Argument:335 - Argument : Priorityvalue: DMA_PRIORITY_MEDIUM
2026-03-17 22:52:49,611 [INFO] Argument:325 - Argument : Lockvalue: null
2026-03-17 22:52:49,612 [INFO] Argument:335 - Argument : Lockvalue: null
2026-03-17 22:52:49,612 [INFO] Argument:325 - Argument : Statevalue: null
2026-03-17 22:52:49,612 [INFO] Argument:335 - Argument : Statevalue: null
2026-03-17 22:52:49,612 [INFO] Argument:325 - Argument : Parentvalue: null
2026-03-17 22:52:49,612 [INFO] Argument:335 - Argument : Parentvalue: null
2026-03-17 22:52:49,612 [INFO] Argument:325 - Argument : XferCpltCallbackvalue: null
2026-03-17 22:52:49,612 [INFO] Argument:335 - Argument : XferCpltCallbackvalue: null
2026-03-17 22:52:49,612 [INFO] Argument:325 - Argument : XferHalfCpltCallbackvalue: null
2026-03-17 22:52:49,612 [INFO] Argument:335 - Argument : XferHalfCpltCallbackvalue: null
2026-03-17 22:52:49,612 [INFO] Argument:325 - Argument : XferErrorCallbackvalue: null
2026-03-17 22:52:49,612 [INFO] Argument:335 - Argument : XferErrorCallbackvalue: null
2026-03-17 22:52:49,612 [INFO] Argument:325 - Argument : ErrorCodevalue: null
2026-03-17 22:52:49,612 [INFO] Argument:335 - Argument : ErrorCodevalue: null
2026-03-17 22:52:49,615 [INFO] Argument:325 - Argument : hdmavalue: null
2026-03-17 22:52:49,615 [INFO] Argument:327 - 	 sub Args: 
2026-03-17 22:52:49,616 [INFO] Argument:325 - Argument : Instancevalue: DMA1_Channel1
2026-03-17 22:52:49,616 [INFO] Argument:335 - Argument : Instancevalue: DMA1_Channel1
2026-03-17 22:52:49,617 [INFO] Argument:325 - Argument : Initvalue: null
2026-03-17 22:52:49,617 [INFO] Argument:327 - 	 sub Args: 
2026-03-17 22:52:49,617 [INFO] Argument:325 - Argument : Directionvalue: DMA_MEMORY_TO_MEMORY
2026-03-17 22:52:49,617 [INFO] Argument:335 - Argument : Directionvalue: DMA_MEMORY_TO_MEMORY
2026-03-17 22:52:49,617 [INFO] Argument:325 - Argument : PeriphIncvalue: DMA_PINC_ENABLE
2026-03-17 22:52:49,617 [INFO] Argument:335 - Argument : PeriphIncvalue: DMA_PINC_ENABLE
2026-03-17 22:52:49,617 [INFO] Argument:325 - Argument : MemIncvalue: DMA_MINC_ENABLE
2026-03-17 22:52:49,617 [INFO] Argument:335 - Argument : MemIncvalue: DMA_MINC_ENABLE
2026-03-17 22:52:49,617 [INFO] Argument:325 - Argument : PeriphDataAlignmentvalue: DMA_PDATAALIGN_BYTE
2026-03-17 22:52:49,617 [INFO] Argument:335 - Argument : PeriphDataAlignmentvalue: DMA_PDATAALIGN_BYTE
2026-03-17 22:52:49,617 [INFO] Argument:325 - Argument : MemDataAlignmentvalue: DMA_MDATAALIGN_BYTE
2026-03-17 22:52:49,617 [INFO] Argument:335 - Argument : MemDataAlignmentvalue: DMA_MDATAALIGN_BYTE
2026-03-17 22:52:49,617 [INFO] Argument:325 - Argument : Modevalue: DMA_NORMAL
2026-03-17 22:52:49,617 [INFO] Argument:335 - Argument : Modevalue: DMA_NORMAL
2026-03-17 22:52:49,617 [INFO] Argument:325 - Argument : Priorityvalue: DMA_PRIORITY_MEDIUM
2026-03-17 22:52:49,617 [INFO] Argument:335 - Argument : Priorityvalue: DMA_PRIORITY_MEDIUM
2026-03-17 22:52:49,617 [INFO] Argument:325 - Argument : Lockvalue: null
2026-03-17 22:52:49,617 [INFO] Argument:335 - Argument : Lockvalue: null
2026-03-17 22:52:49,618 [INFO] Argument:325 - Argument : Statevalue: null
2026-03-17 22:52:49,618 [INFO] Argument:335 - Argument : Statevalue: null
2026-03-17 22:52:49,618 [INFO] Argument:325 - Argument : Parentvalue: null
2026-03-17 22:52:49,618 [INFO] Argument:335 - Argument : Parentvalue: null
2026-03-17 22:52:49,618 [INFO] Argument:325 - Argument : XferCpltCallbackvalue: null
2026-03-17 22:52:49,618 [INFO] Argument:335 - Argument : XferCpltCallbackvalue: null
2026-03-17 22:52:49,618 [INFO] Argument:325 - Argument : XferHalfCpltCallbackvalue: null
2026-03-17 22:52:49,618 [INFO] Argument:335 - Argument : XferHalfCpltCallbackvalue: null
2026-03-17 22:52:49,618 [INFO] Argument:325 - Argument : XferErrorCallbackvalue: null
2026-03-17 22:52:49,618 [INFO] Argument:335 - Argument : XferErrorCallbackvalue: null
2026-03-17 22:52:49,618 [INFO] Argument:325 - Argument : ErrorCodevalue: null
2026-03-17 22:52:49,618 [INFO] Argument:335 - Argument : ErrorCodevalue: null
2026-03-17 22:52:49,623 [WARN] IP:2250 - CMSIS_VERSION not found: check if there is a RefParameter without a condition.
2026-03-17 22:52:49,628 [WARN] IP:2250 - LWIP_NETIF_HOSTNAME_NAME not found: check if there is a RefParameter without a condition.
2026-03-17 22:52:49,692 [INFO] Argument:325 - Argument : hdmavalue: null
2026-03-17 22:52:49,692 [INFO] Argument:327 - 	 sub Args: 
2026-03-17 22:52:49,692 [INFO] Argument:325 - Argument : Instancevalue: DMA1_Channel2
2026-03-17 22:52:49,692 [INFO] Argument:335 - Argument : Instancevalue: DMA1_Channel2
2026-03-17 22:52:49,692 [INFO] Argument:325 - Argument : Initvalue: null
2026-03-17 22:52:49,692 [INFO] Argument:327 - 	 sub Args: 
2026-03-17 22:52:49,692 [INFO] Argument:325 - Argument : Directionvalue: DMA_MEMORY_TO_PERIPH
2026-03-17 22:52:49,692 [INFO] Argument:335 - Argument : Directionvalue: DMA_MEMORY_TO_PERIPH
2026-03-17 22:52:49,692 [INFO] Argument:325 - Argument : PeriphIncvalue: DMA_PINC_DISABLE
2026-03-17 22:52:49,692 [INFO] Argument:335 - Argument : PeriphIncvalue: DMA_PINC_DISABLE
2026-03-17 22:52:49,692 [INFO] Argument:325 - Argument : MemIncvalue: DMA_MINC_ENABLE
2026-03-17 22:52:49,692 [INFO] Argument:335 - Argument : MemIncvalue: DMA_MINC_ENABLE
2026-03-17 22:52:49,692 [INFO] Argument:325 - Argument : PeriphDataAlignmentvalue: DMA_PDATAALIGN_BYTE
2026-03-17 22:52:49,693 [INFO] Argument:335 - Argument : PeriphDataAlignmentvalue: DMA_PDATAALIGN_BYTE
2026-03-17 22:52:49,693 [INFO] Argument:325 - Argument : MemDataAlignmentvalue: DMA_MDATAALIGN_BYTE
2026-03-17 22:52:49,693 [INFO] Argument:335 - Argument : MemDataAlignmentvalue: DMA_MDATAALIGN_BYTE
2026-03-17 22:52:49,693 [INFO] Argument:325 - Argument : Modevalue: DMA_CIRCULAR
2026-03-17 22:52:49,693 [INFO] Argument:335 - Argument : Modevalue: DMA_CIRCULAR
2026-03-17 22:52:49,693 [INFO] Argument:325 - Argument : Priorityvalue: DMA_PRIORITY_HIGH
2026-03-17 22:52:49,693 [INFO] Argument:335 - Argument : Priorityvalue: DMA_PRIORITY_HIGH
2026-03-17 22:52:49,693 [INFO] Argument:325 - Argument : Lockvalue: null
2026-03-17 22:52:49,693 [INFO] Argument:335 - Argument : Lockvalue: null
2026-03-17 22:52:49,693 [INFO] Argument:325 - Argument : Statevalue: null
2026-03-17 22:52:49,693 [INFO] Argument:335 - Argument : Statevalue: null
2026-03-17 22:52:49,693 [INFO] Argument:325 - Argument : Parentvalue: null
2026-03-17 22:52:49,693 [INFO] Argument:335 - Argument : Parentvalue: null
2026-03-17 22:52:49,693 [INFO] Argument:325 - Argument : XferCpltCallbackvalue: null
2026-03-17 22:52:49,693 [INFO] Argument:335 - Argument : XferCpltCallbackvalue: null
2026-03-17 22:52:49,693 [INFO] Argument:325 - Argument : XferHalfCpltCallbackvalue: null
2026-03-17 22:52:49,693 [INFO] Argument:335 - Argument : XferHalfCpltCallbackvalue: null
2026-03-17 22:52:49,693 [INFO] Argument:325 - Argument : XferErrorCallbackvalue: null
2026-03-17 22:52:49,693 [INFO] Argument:335 - Argument : XferErrorCallbackvalue: null
2026-03-17 22:52:49,693 [INFO] Argument:325 - Argument : ErrorCodevalue: null
2026-03-17 22:52:49,693 [INFO] Argument:335 - Argument : ErrorCodevalue: null
2026-03-17 22:52:49,839 [INFO] CodeEngine:265 - oldGeneratedFile, D:\my_Projects\Electronic\STM32\F1\CubeIDE\lezgiBoard_RS485\MXTmpFiles\license.tmp_save
2026-03-17 22:52:50,101 [INFO] CodeEngine:289 - Generated code: D:\my_Projects\Electronic\STM32\F1\CubeIDE\lezgiBoard_RS485\MXTmpFiles\license.tmp
2026-03-17 22:52:50,177 [INFO] CodeEngine:265 - oldGeneratedFile, D:\my_Projects\Electronic\STM32\F1\CubeIDE\lezgiBoard_RS485\MXTmpFiles\gpio.tmp_save
2026-03-17 22:52:50,313 [INFO] CodeEngine:289 - Generated code: D:\my_Projects\Electronic\STM32\F1\CubeIDE\lezgiBoard_RS485\MXTmpFiles\gpio.tmp
2026-03-17 22:52:50,417 [INFO] CodeEngine:265 - oldGeneratedFile, D:\my_Projects\Electronic\STM32\F1\CubeIDE\lezgiBoard_RS485\MXTmpFiles\eth_vars.tmp_save
2026-03-17 22:52:50,520 [INFO] CodeEngine:289 - Generated code: D:\my_Projects\Electronic\STM32\F1\CubeIDE\lezgiBoard_RS485\MXTmpFiles\eth_vars.tmp
2026-03-17 22:52:50,525 [INFO] CodeEngine:265 - oldGeneratedFile, D:\my_Projects\Electronic\STM32\F1\CubeIDE\lezgiBoard_RS485\MXTmpFiles\eth_inc.tmp_save
2026-03-17 22:52:50,635 [INFO] CodeEngine:289 - Generated code: D:\my_Projects\Electronic\STM32\F1\CubeIDE\lezgiBoard_RS485\MXTmpFiles\eth_inc.tmp
2026-03-17 22:52:50,642 [INFO] CodeEngine:265 - oldGeneratedFile, D:\my_Projects\Electronic\STM32\F1\CubeIDE\lezgiBoard_RS485\MXTmpFiles\eth_HalInit.tmp_save
2026-03-17 22:52:50,757 [INFO] CodeEngine:289 - Generated code: D:\my_Projects\Electronic\STM32\F1\CubeIDE\lezgiBoard_RS485\MXTmpFiles\eth_HalInit.tmp
2026-03-17 22:52:50,764 [INFO] CodeEngine:265 - oldGeneratedFile, D:\my_Projects\Electronic\STM32\F1\CubeIDE\lezgiBoard_RS485\MXTmpFiles\eth_Msp.tmp_save
2026-03-17 22:52:50,969 [INFO] CodeEngine:289 - Generated code: D:\my_Projects\Electronic\STM32\F1\CubeIDE\lezgiBoard_RS485\MXTmpFiles\eth_Msp.tmp
2026-03-17 22:52:51,284 [INFO] Middleware:1452 - No code input for Bsp Dependency
2026-03-17 22:52:51,335 [INFO] CodeEngine:265 - oldGeneratedFile, D:\my_Projects\Electronic\STM32\F1\CubeIDE\lezgiBoard_RS485\MXTmpFiles\dma.tmp_save
2026-03-17 22:52:51,448 [INFO] CodeEngine:289 - Generated code: D:\my_Projects\Electronic\STM32\F1\CubeIDE\lezgiBoard_RS485\MXTmpFiles\dma.tmp
2026-03-17 22:52:51,456 [INFO] CodeEngine:265 - oldGeneratedFile, D:\my_Projects\Electronic\STM32\F1\CubeIDE\lezgiBoard_RS485\MXTmpFiles\dma_GV.tmp_save
2026-03-17 22:52:51,528 [INFO] CodeEngine:289 - Generated code: D:\my_Projects\Electronic\STM32\F1\CubeIDE\lezgiBoard_RS485\MXTmpFiles\dma_GV.tmp
2026-03-17 22:52:51,539 [INFO] Middleware:1452 - No code input for Bsp Dependency
2026-03-17 22:52:51,556 [INFO] CodeEngine:265 - oldGeneratedFile, D:\my_Projects\Electronic\STM32\F1\CubeIDE\lezgiBoard_RS485\LWIP\App\lwip.c_save
2026-03-17 22:52:51,699 [INFO] CodeEngine:289 - Generated code: D:\my_Projects\Electronic\STM32\F1\CubeIDE\lezgiBoard_RS485\LWIP\App\lwip.c
2026-03-17 22:52:51,706 [INFO] CodeEngine:265 - oldGeneratedFile, D:\my_Projects\Electronic\STM32\F1\CubeIDE\lezgiBoard_RS485\LWIP\App\lwip.h_save
2026-03-17 22:52:51,777 [INFO] CodeEngine:289 - Generated code: D:\my_Projects\Electronic\STM32\F1\CubeIDE\lezgiBoard_RS485\LWIP\App\lwip.h
2026-03-17 22:52:51,785 [INFO] CodeEngine:265 - oldGeneratedFile, D:\my_Projects\Electronic\STM32\F1\CubeIDE\lezgiBoard_RS485\LWIP\Target\lwipopts.h_save
2026-03-17 22:52:51,990 [INFO] CodeEngine:289 - Generated code: D:\my_Projects\Electronic\STM32\F1\CubeIDE\lezgiBoard_RS485\LWIP\Target\lwipopts.h
2026-03-17 22:52:51,999 [INFO] CodeEngine:265 - oldGeneratedFile, D:\my_Projects\Electronic\STM32\F1\CubeIDE\lezgiBoard_RS485\LWIP\Target\ethernetif.c_save
2026-03-17 22:52:52,234 [INFO] CodeEngine:289 - Generated code: D:\my_Projects\Electronic\STM32\F1\CubeIDE\lezgiBoard_RS485\LWIP\Target\ethernetif.c
2026-03-17 22:52:52,241 [INFO] CodeEngine:265 - oldGeneratedFile, D:\my_Projects\Electronic\STM32\F1\CubeIDE\lezgiBoard_RS485\LWIP\Target\ethernetif.h_save
2026-03-17 22:52:52,321 [INFO] CodeEngine:289 - Generated code: D:\my_Projects\Electronic\STM32\F1\CubeIDE\lezgiBoard_RS485\LWIP\Target\ethernetif.h
2026-03-17 22:52:52,339 [INFO] CodeEngine:265 - oldGeneratedFile, D:\my_Projects\Electronic\STM32\F1\CubeIDE\lezgiBoard_RS485\Core\Src\stm32f1xx_it.c_save
2026-03-17 22:52:52,491 [INFO] CodeEngine:289 - Generated code: D:\my_Projects\Electronic\STM32\F1\CubeIDE\lezgiBoard_RS485\Core\Src\stm32f1xx_it.c
2026-03-17 22:52:52,500 [INFO] CodeEngine:265 - oldGeneratedFile, D:\my_Projects\Electronic\STM32\F1\CubeIDE\lezgiBoard_RS485\Core\Inc\stm32f1xx_it.h_save
2026-03-17 22:52:52,556 [INFO] CodeEngine:289 - Generated code: D:\my_Projects\Electronic\STM32\F1\CubeIDE\lezgiBoard_RS485\Core\Inc\stm32f1xx_it.h
2026-03-17 22:52:52,590 [INFO] CodeEngine:265 - oldGeneratedFile, D:\my_Projects\Electronic\STM32\F1\CubeIDE\lezgiBoard_RS485\Core\Src\stm32f1xx_hal_msp.c_save
2026-03-17 22:52:52,723 [INFO] CodeEngine:289 - Generated code: D:\my_Projects\Electronic\STM32\F1\CubeIDE\lezgiBoard_RS485\Core\Src\stm32f1xx_hal_msp.c
2026-03-17 22:52:52,729 [INFO] CodeEngine:265 - oldGeneratedFile, D:\my_Projects\Electronic\STM32\F1\CubeIDE\lezgiBoard_RS485\MXTmpFiles\system.tmp_save
2026-03-17 22:52:52,791 [INFO] CodeEngine:289 - Generated code: D:\my_Projects\Electronic\STM32\F1\CubeIDE\lezgiBoard_RS485\MXTmpFiles\system.tmp
2026-03-17 22:52:52,798 [INFO] CodeEngine:265 - oldGeneratedFile, D:\my_Projects\Electronic\STM32\F1\CubeIDE\lezgiBoard_RS485\Core\Src\stm32f1xx_hal_timebase_tim.c_save
2026-03-17 22:52:52,891 [ERROR] ConfigurationRetriever:142 - IOException on connection: Connect timed out
2026-03-17 22:52:52,909 [INFO] CodeEngine:289 - Generated code: D:\my_Projects\Electronic\STM32\F1\CubeIDE\lezgiBoard_RS485\Core\Src\stm32f1xx_hal_timebase_tim.c
2026-03-17 22:52:52,939 [INFO] CodeEngine:321 - oldGeneratedFile, D:\my_Projects\Electronic\STM32\F1\CubeIDE\lezgiBoard_RS485\Core\Inc\stm32f1xx_hal_conf.h_save
2026-03-17 22:52:53,047 [INFO] CodeEngine:345 - Generated code: D:\my_Projects\Electronic\STM32\F1\CubeIDE\lezgiBoard_RS485\Core\Inc\stm32f1xx_hal_conf.h
2026-03-17 22:52:53,065 [INFO] ApiDbMcu:532 - Load IP Config File for IWDG
2026-03-17 22:52:53,069 [INFO] ApiDbMcu:532 - Load IP Config File for UART5
2026-03-17 22:52:53,074 [INFO] ApiDbMcu:532 - Load IP Config File for USART3
2026-03-17 22:52:53,077 [INFO] ApiDbMcu:532 - Load IP Config File for RCC
2026-03-17 22:52:53,107 [INFO] CodeEngine:265 - oldGeneratedFile, D:\my_Projects\Electronic\STM32\F1\CubeIDE\lezgiBoard_RS485\Core\Inc\main.h_save
2026-03-17 22:52:53,308 [INFO] CodeEngine:289 - Generated code: D:\my_Projects\Electronic\STM32\F1\CubeIDE\lezgiBoard_RS485\Core\Inc\main.h
2026-03-17 22:52:53,328 [INFO] CodeEngine:265 - oldGeneratedFile, D:\my_Projects\Electronic\STM32\F1\CubeIDE\lezgiBoard_RS485\Core\Src\main.c_save
2026-03-17 22:52:53,526 [INFO] CodeEngine:289 - Generated code: D:\my_Projects\Electronic\STM32\F1\CubeIDE\lezgiBoard_RS485\Core\Src\main.c
2026-03-17 22:52:54,680 [INFO] ProjectBuilder:3606 - Time for Copy HAL[1] : 704mS.
2026-03-17 22:52:54,703 [INFO] ProjectBuilder:5216 - Project Generator version: 4.7.0-B52
2026-03-17 22:52:54,812 [INFO] ConfigFileManager:1595 - The Die is : DIE418
2026-03-17 22:52:54,816 [INFO] ApiDbMcu:532 - Load IP Config File for FATFS
2026-03-17 22:52:54,819 [INFO] ApiDbMcu:532 - Load IP Config File for FREERTOS
2026-03-17 22:52:54,823 [INFO] ApiDbMcu:532 - Load IP Config File for USB_DEVICE
2026-03-17 22:52:54,826 [INFO] ApiDbMcu:532 - Load IP Config File for USB_HOST
2026-03-17 22:52:57,621 [INFO] ProjectBuilder:5496 - Time for Generating toolchain IDE Files: 2918mS.
2026-03-17 22:52:57,622 [INFO] ProjectBuilder:3463 - Time for Copy CMSIS : 0mS.
2026-03-17 22:52:57,635 [INFO] ProjectBuilder:3463 - Time for Copy CMSIS : 0mS.
2026-03-17 22:52:57,893 [ERROR] ConfigurationRetriever:142 - IOException on connection: Connect timed out
2026-03-17 22:53:02,895 [ERROR] ConfigurationRetriever:142 - IOException on connection: Connect timed out
2026-03-17 22:55:04,503 [ERROR] ConfigurationRetriever:142 - IOException on connection: Connect timed out
2026-03-17 22:55:06,506 [ERROR] ConfigurationRetriever:142 - IOException on connection: Connect timed out
2026-03-17 22:55:08,509 [ERROR] ConfigurationRetriever:142 - IOException on connection: Connect timed out
2026-03-17 22:55:10,732 [ERROR] ConfigurationRetriever:142 - IOException on connection: Connect timed out
2026-03-17 22:55:12,739 [ERROR] ConfigurationRetriever:142 - IOException on connection: Connect timed out
2026-03-17 22:55:14,754 [ERROR] ConfigurationRetriever:142 - IOException on connection: Connect timed out
2026-03-17 22:56:21,346 [WARN] CheckConnectionManager:291 - Warning during Server Connection :  timeout Connect to sw-center.st.com:443 [sw-center.st.com/185.200.232.40, sw-center.st.com/185.200.232.50] failed: Connect timed out
2026-03-17 22:56:23,355 [WARN] CheckConnectionManager:291 - Warning during Server Connection :  timeout Connect to sw-center.st.com:443 [sw-center.st.com/185.200.232.40, sw-center.st.com/185.200.232.50] failed: Connect timed out
2026-03-17 22:56:23,356 [INFO] MainUpdater:2872 - connection check result : 22
2026-03-17 22:56:23,441 [INFO] MicroXplorer:468 - Change Database Path : 
2026-03-17 22:56:23,441 [INFO] MicroXplorer:498 - Change Database Version : DB.6.0.150
2026-03-17 22:56:23,453 [ERROR] ProjectManagerView:395 - 
java.lang.NullPointerException: Cannot invoke "javax.swing.JTextField.getText()" because the return value of "java.util.List.get(int)" is null
	at com.st.microxplorer.plugins.projectmanager.gui.ProjectChoiceTab$9.caretUpdate(ProjectChoiceTab.java:2706) ~[filemanager.jar:?]
	at javax.swing.text.JTextComponent.fireCaretUpdate(JTextComponent.java:408) ~[?:?]
	at javax.swing.text.JTextComponent$MutableCaretEvent.fire(JTextComponent.java:4484) ~[?:?]
	at javax.swing.text.JTextComponent$MutableCaretEvent.stateChanged(JTextComponent.java:4506) ~[?:?]
	at javax.swing.text.DefaultCaret.fireStateChanged(DefaultCaret.java:857) ~[?:?]
	at javax.swing.text.DefaultCaret.changeCaretPosition(DefaultCaret.java:1343) ~[?:?]
	at javax.swing.text.DefaultCaret.handleSetDot(DefaultCaret.java:1242) ~[?:?]
	at javax.swing.text.DefaultCaret.setDot(DefaultCaret.java:1223) ~[?:?]
	at javax.swing.text.DefaultCaret$Handler.insertUpdate(DefaultCaret.java:1819) ~[?:?]
	at javax.swing.text.AbstractDocument.fireInsertUpdate(AbstractDocument.java:227) ~[?:?]
	at javax.swing.text.AbstractDocument.handleInsertString(AbstractDocument.java:781) ~[?:?]
	at javax.swing.text.AbstractDocument.insertString(AbstractDocument.java:740) ~[?:?]
	at javax.swing.text.PlainDocument.insertString(PlainDocument.java:131) ~[?:?]
	at javax.swing.text.AbstractDocument.replace(AbstractDocument.java:699) ~[?:?]
	at javax.swing.text.JTextComponent.setText(JTextComponent.java:1725) ~[?:?]
	at com.st.microxplorer.plugins.projectmanager.gui.ProjectChoiceTab.createHeapStackFields(ProjectChoiceTab.java:993) ~[filemanager.jar:?]
	at com.st.microxplorer.plugins.projectmanager.gui.ProjectChoiceTab.buildLinkSettingsPanel(ProjectChoiceTab.java:3813) ~[filemanager.jar:?]
	at com.st.microxplorer.plugins.projectmanager.gui.ProjectChoiceTab.defineWindowsFields(ProjectChoiceTab.java:1987) ~[filemanager.jar:?]
	at com.st.microxplorer.plugins.projectmanager.gui.ProjectChoiceTab.updateSettings(ProjectChoiceTab.java:558) ~[filemanager.jar:?]
	at com.st.microxplorer.plugins.projectmanager.gui.ProjectSettingsPanel.UpdateDialog(ProjectSettingsPanel.java:247) ~[filemanager.jar:?]
	at com.st.microxplorer.plugins.projectmanager.ProjectManagerView.propertyChange(ProjectManagerView.java:392) ~[filemanager.jar:?]
	at java.beans.PropertyChangeSupport.fire(PropertyChangeSupport.java:343) ~[?:?]
	at java.beans.PropertyChangeSupport.firePropertyChange(PropertyChangeSupport.java:335) ~[?:?]
	at java.beans.PropertyChangeSupport.firePropertyChange(PropertyChangeSupport.java:268) ~[?:?]
	at com.st.microxplorer.util.MXPropertyChangeSupport.firePropertyChange(MXPropertyChangeSupport.java:54) ~[STM32CubeMX.jar:?]
	at com.st.microxplorer.mxsystem.MxSystem.closeConfig(MxSystem.java:899) ~[STM32CubeMX.jar:?]
	at com.st.microxplorer.maingui.MainPanel.closeConfig(MainPanel.java:792) ~[STM32CubeMX.jar:?]
	at com.st.microxplorer.plugins.filemanager.engine.OpenFileManager.loadConfigurationFile(OpenFileManager.java:288) ~[filemanager.jar:?]
	at com.st.microxplorer.plugins.filemanager.engine.MainFileManager.userLoadConfig(MainFileManager.java:364) ~[filemanager.jar:?]
	at com.st.microxplorer.plugins.filemanager.engine.MainFileManager.userLoadConfig(MainFileManager.java:342) ~[filemanager.jar:?]
	at com.st.microxplorer.plugins.filemanager.FileManagerView.getSpecificTask(FileManagerView.java:264) ~[filemanager.jar:?]
	at com.st.stm32cube.common.mx.editor.CubeMxEditor.getMxTabbedPaneInstance(CubeMxEditor.java:1198) ~[com.st.stm32cube.common.mx_6.15.0.202507011659/:?]
	at com.st.stm32cube.common.mx.editor.CubeMxEditor$12$1.createSwingComponent(CubeMxEditor.java:1068) ~[com.st.stm32cube.common.mx_6.15.0.202507011659/:?]
	at com.st.stm32cube.common.mx.oss.core.awtswtbridge.EmbeddedSwingComposite.doComponentCreation(EmbeddedSwingComposite.java:492) ~[com.st.stm32cube.common.mx.oss_6.15.0.202507011659/:?]
	at com.st.stm32cube.common.mx.oss.core.awtswtbridge.EmbeddedSwingComposite$4.run(EmbeddedSwingComposite.java:291) ~[com.st.stm32cube.common.mx.oss_6.15.0.202507011659/:?]
	at com.st.stm32cube.common.mx.oss.core.awtswtbridge.AwtEnvironment$2.run(AwtEnvironment.java:166) ~[com.st.stm32cube.common.mx.oss_6.15.0.202507011659/:?]
	at java.awt.event.InvocationEvent.dispatch(InvocationEvent.java:318) ~[?:?]
	at java.awt.EventQueue.dispatchEventImpl(EventQueue.java:773) ~[?:?]
	at java.awt.EventQueue$4.run(EventQueue.java:720) ~[?:?]
	at java.awt.EventQueue$4.run(EventQueue.java:714) ~[?:?]
	at java.security.AccessController.doPrivileged(AccessController.java:400) ~[?:?]
	at java.security.ProtectionDomain$JavaSecurityAccessImpl.doIntersectionPrivilege(ProtectionDomain.java:87) ~[?:?]
	at java.awt.EventQueue.dispatchEvent(EventQueue.java:742) ~[?:?]
	at java.awt.EventDispatchThread.pumpOneEventForFilters(EventDispatchThread.java:203) ~[?:?]
	at java.awt.EventDispatchThread.pumpEventsForFilter(EventDispatchThread.java:124) ~[?:?]
	at java.awt.EventDispatchThread.pumpEventsForHierarchy(EventDispatchThread.java:113) ~[?:?]
	at java.awt.EventDispatchThread.pumpEvents(EventDispatchThread.java:109) ~[?:?]
	at java.awt.EventDispatchThread.pumpEvents(EventDispatchThread.java:101) ~[?:?]
	at java.awt.EventDispatchThread.run(EventDispatchThread.java:90) ~[?:?]
2026-03-17 22:56:23,456 [WARN] ThirdParty:871 - waiting for thirdparty lock release [close project]
2026-03-17 22:56:23,456 [INFO] ThirdParty:873 - entering critical section [close project]
2026-03-17 22:56:23,456 [INFO] ThirdParty:883 - exiting critical section [close project]
2026-03-17 22:56:23,461 [INFO] PinOutPanel:1589 - setPackage(No Configuration,No Configuration)
2026-03-17 22:56:23,468 [INFO] UtilMem:75 - Begin LoadConfig() Used Memory: 635456704 Bytes (1073741824)
2026-03-17 22:56:23,468 [INFO] MicroXplorer:468 - Change Database Path : 
2026-03-17 22:56:23,469 [INFO] MicroXplorer:498 - Change Database Version : DB.6.0.150
2026-03-17 22:56:23,469 [INFO] OpenFileManager:355 - Change cursor
2026-03-17 22:56:23,485 [INFO] RulesReader:64 - Compatibility file has been processed (317 Rules)
2026-03-17 22:56:23,489 [INFO] Mcu:2029 - Initializing MCU STM32F107R(B-C)Tx STM32F107RCTx STM32F107RCT6
2026-03-17 22:56:25,524 [INFO] Context:786 - Trying to add GPIOservice into a context  which must be forbidden
2026-03-17 22:56:26,169 [INFO] ImportTextPane:234 - (OptionalMessage_ERROR) Pin28 (VP_RIF_VS_RIF1) cannot be retrieved for this MCU
2026-03-17 22:56:26,255 [INFO] RtosManager:558 - Registered RTOS mode: class=CMSIS, group=RTOS, mode=CMSIS_V1, owner=FREERTOS
2026-03-17 22:56:26,255 [INFO] RtosManager:558 - Registered RTOS mode: class=CMSIS, group=RTOS2, mode=CMSIS_V2, owner=FREERTOS
2026-03-17 22:56:26,256 [INFO] RtosManager:558 - Registered RTOS mode: class=RTOS, group=Core, mode=CMSIS_V1, owner=FREERTOS
2026-03-17 22:56:26,256 [INFO] RtosManager:558 - Registered RTOS mode: class=RTOS, group=Core, mode=CMSIS_V2, owner=FREERTOS
2026-03-17 22:56:26,256 [WARN] ModelIntegratedComponent:184 - Missing modes for component STMicroelectronics:FreeRTOS:0.0.1:STMicroelectronics:RTOS:FreeRTOS:Core:::10.2.0:
2026-03-17 22:56:26,269 [WARN] ModelIntegratedComponent:63 - No mode defined for component null
2026-03-17 22:56:26,269 [WARN] ModelIntegratedComponent:63 - No mode defined for component null
2026-03-17 22:56:26,269 [WARN] ModelIntegratedComponent:63 - No mode defined for component null
2026-03-17 22:56:26,269 [WARN] ModelIntegratedComponent:63 - No mode defined for component null
2026-03-17 22:56:26,269 [WARN] ModelIntegratedComponent:63 - No mode defined for component null
2026-03-17 22:56:26,269 [WARN] ModelIntegratedComponent:63 - No mode defined for component null
2026-03-17 22:56:26,269 [WARN] ModelIntegratedComponent:63 - No mode defined for component null
2026-03-17 22:56:26,269 [WARN] ModelIntegratedComponent:63 - No mode defined for component null
2026-03-17 22:56:26,269 [WARN] ModelIntegratedComponent:63 - No mode defined for component null
2026-03-17 22:56:26,269 [WARN] ModelIntegratedComponent:63 - No mode defined for component null
2026-03-17 22:56:26,269 [WARN] ModelIntegratedComponent:63 - No mode defined for component null
2026-03-17 22:56:26,270 [WARN] ModelIntegratedComponent:63 - No mode defined for component null
2026-03-17 22:56:26,270 [WARN] ModelIntegratedComponent:63 - No mode defined for component null
2026-03-17 22:56:26,270 [WARN] ModelIntegratedComponent:63 - No mode defined for component null
2026-03-17 22:56:26,270 [WARN] ModelIntegratedComponent:63 - No mode defined for component null
2026-03-17 22:56:26,270 [WARN] ModelIntegratedComponent:63 - No mode defined for component null
2026-03-17 22:56:26,270 [WARN] ModelIntegratedComponent:63 - No mode defined for component null
2026-03-17 22:56:26,270 [WARN] ModelIntegratedComponent:63 - No mode defined for component null
2026-03-17 22:56:26,270 [WARN] ModelIntegratedComponent:63 - No mode defined for component null
2026-03-17 22:56:26,270 [WARN] ModelIntegratedComponent:63 - No mode defined for component null
2026-03-17 22:56:26,270 [WARN] ModelIntegratedComponent:63 - No mode defined for component null
2026-03-17 22:56:26,270 [WARN] ModelIntegratedComponent:63 - No mode defined for component null
2026-03-17 22:56:26,270 [WARN] ModelIntegratedComponent:63 - No mode defined for component null
2026-03-17 22:56:26,270 [WARN] ModelIntegratedComponent:63 - No mode defined for component null
2026-03-17 22:56:26,270 [WARN] ModelIntegratedComponent:63 - No mode defined for component null
2026-03-17 22:56:26,270 [WARN] ModelIntegratedComponent:63 - No mode defined for component null
2026-03-17 22:56:26,270 [WARN] ModelIntegratedComponent:63 - No mode defined for component null
2026-03-17 22:56:26,270 [WARN] ModelIntegratedComponent:63 - No mode defined for component null
2026-03-17 22:56:26,270 [WARN] ModelIntegratedComponent:63 - No mode defined for component null
2026-03-17 22:56:26,270 [WARN] ModelIntegratedComponent:63 - No mode defined for component null
2026-03-17 22:56:26,271 [WARN] ModelIntegratedComponent:63 - No mode defined for component null
2026-03-17 22:56:26,271 [WARN] ModelIntegratedComponent:63 - No mode defined for component null
2026-03-17 22:56:26,271 [WARN] ModelIntegratedComponent:63 - No mode defined for component null
2026-03-17 22:56:26,271 [WARN] ModelIntegratedComponent:63 - No mode defined for component null
2026-03-17 22:56:26,271 [WARN] ModelIntegratedComponent:63 - No mode defined for component null
2026-03-17 22:56:26,271 [WARN] ModelPack:524 - Component already loaded: STMicroelectronics:HAL Drivers:0.0.0:STMicroelectronics:Device:STMicro_Driver:XSPI:HAL::0.0.1:HAL_XSPI
2026-03-17 22:56:26,808 [INFO] ThirdPartyModel:298 - Start build external matchings
2026-03-17 22:56:29,676 [INFO] ThirdPartyModel:316 - End build external matchings
2026-03-17 22:56:29,703 [INFO] ImportTextPane:234 - (OptionalMessage_ERROR) IP (DMA) : Parameter (Instance) has Id (MEMTOMEM1) currently not set
2026-03-17 22:56:29,703 [INFO] ImportTextPane:234 - (OptionalMessage_ERROR) IP (DMA) : Parameter (Direction) has Id (MEMTOMEM1) currently not set
2026-03-17 22:56:29,703 [INFO] ImportTextPane:234 - (OptionalMessage_ERROR) IP (DMA) : Parameter (PeriphInc) has Id (MEMTOMEM1) currently not set
2026-03-17 22:56:29,703 [INFO] ImportTextPane:234 - (OptionalMessage_ERROR) IP (DMA) : Parameter (MemInc) has Id (MEMTOMEM1) currently not set
2026-03-17 22:56:29,703 [INFO] ImportTextPane:234 - (OptionalMessage_ERROR) IP (DMA) : Parameter (PeriphDataAlignment) has Id (MEMTOMEM1) currently not set
2026-03-17 22:56:29,704 [INFO] ImportTextPane:234 - (OptionalMessage_ERROR) IP (DMA) : Parameter (MemDataAlignment) has Id (MEMTOMEM1) currently not set
2026-03-17 22:56:29,704 [INFO] ImportTextPane:234 - (OptionalMessage_ERROR) IP (DMA) : Parameter (Mode) has Id (MEMTOMEM1) currently not set
2026-03-17 22:56:29,704 [INFO] ImportTextPane:234 - (OptionalMessage_ERROR) IP (DMA) : Parameter (Priority) has Id (MEMTOMEM1) currently not set
2026-03-17 22:56:29,704 [INFO] ImportTextPane:234 - (OptionalMessage_ERROR) IP (DMA) : Parameter (Instance) has Id (USART3_TX) currently not set
2026-03-17 22:56:29,704 [INFO] ImportTextPane:234 - (OptionalMessage_ERROR) IP (DMA) : Parameter (Direction) has Id (USART3_TX) currently not set
2026-03-17 22:56:29,704 [INFO] ImportTextPane:234 - (OptionalMessage_ERROR) IP (DMA) : Parameter (PeriphInc) has Id (USART3_TX) currently not set
2026-03-17 22:56:29,704 [INFO] ImportTextPane:234 - (OptionalMessage_ERROR) IP (DMA) : Parameter (MemInc) has Id (USART3_TX) currently not set
2026-03-17 22:56:29,704 [INFO] ImportTextPane:234 - (OptionalMessage_ERROR) IP (DMA) : Parameter (PeriphDataAlignment) has Id (USART3_TX) currently not set
2026-03-17 22:56:29,704 [INFO] ImportTextPane:234 - (OptionalMessage_ERROR) IP (DMA) : Parameter (MemDataAlignment) has Id (USART3_TX) currently not set
2026-03-17 22:56:29,704 [INFO] ImportTextPane:234 - (OptionalMessage_ERROR) IP (DMA) : Parameter (Mode) has Id (USART3_TX) currently not set
2026-03-17 22:56:29,704 [INFO] ImportTextPane:234 - (OptionalMessage_ERROR) IP (DMA) : Parameter (Priority) has Id (USART3_TX) currently not set
2026-03-17 22:56:29,706 [WARN] IP:2250 - CMSIS_VERSION not found: check if there is a RefParameter without a condition.
2026-03-17 22:56:29,710 [WARN] IP:2250 - LWIP_NETIF_HOSTNAME_NAME not found: check if there is a RefParameter without a condition.
2026-03-17 22:56:29,725 [INFO] ImportTextPane:234 - (OptionalMessage_ERROR) IP (RCC) : Parameter (ADCFreqValue) has invalid value (36000000)
2026-03-17 22:56:29,725 [INFO] ImportTextPane:234 - (OptionalMessage_ERROR) IP (RCC) : Invalid parameter (FamilyName)
2026-03-17 22:56:29,726 [INFO] ImportTextPane:234 - (OptionalMessage_ERROR) IP (RCC) : Parameter (MCOFreq_Value) has invalid value (72000000)
2026-03-17 22:56:30,049 [INFO] UtilMem:75 - End LoadConfig() Used Memory: 642089080 Bytes (1073741824)
2026-03-17 22:56:30,162 [WARN] ThirdParty:833 - waiting for thirdparty lock release [change project]
2026-03-17 22:56:30,162 [INFO] ThirdParty:835 - entering critical section [change project]
2026-03-17 22:56:30,162 [INFO] ThirdParty:1030 - CMSIS Pack Vendor :STMicroelectronics X-CUBE-PM33A1 1.0.0
2026-03-17 22:56:30,162 [INFO] ThirdParty:1030 - CMSIS Pack Vendor :STMicroelectronics USBPD 4.1
2026-03-17 22:56:30,162 [INFO] ThirdParty:1030 - CMSIS Pack Vendor :STMicroelectronics USB_HOST 2.0.0
2026-03-17 22:56:30,162 [INFO] ThirdParty:1030 - CMSIS Pack Vendor :STMicroelectronics FP-SNS-MOTENVWB1 1.4.0
2026-03-17 22:56:30,162 [INFO] ThirdParty:1030 - CMSIS Pack Vendor :STMicroelectronics X-CUBE-AZRTOS-F4 1.1.0
2026-03-17 22:56:30,162 [INFO] ThirdParty:1030 - CMSIS Pack Vendor :STMicroelectronics LIBJPEG 8.0.0
2026-03-17 22:56:30,162 [INFO] ThirdParty:1030 - CMSIS Pack Vendor :STMicroelectronics FP-ATR-ASTRA1 2.0.2
2026-03-17 22:56:30,163 [INFO] ThirdParty:1030 - CMSIS Pack Vendor :STMicroelectronics FP-ATR-ASTRA1 2.0.1
2026-03-17 22:56:30,163 [INFO] ThirdParty:1030 - CMSIS Pack Vendor :Avnet-IotConnect X-CUBE-IoTC-DA16k-PMOD 1.0.0
2026-03-17 22:56:30,163 [INFO] ThirdParty:1030 - CMSIS Pack Vendor :STMicroelectronics X-CUBE-SMBUS 2.1.0
2026-03-17 22:56:30,163 [INFO] ThirdParty:1030 - CMSIS Pack Vendor :STMicroelectronics X-CUBE-WB05N 1.1.0
2026-03-17 22:56:30,163 [INFO] ThirdParty:1030 - CMSIS Pack Vendor :STMicroelectronics X-CUBE-ISPU 2.1.0
2026-03-17 22:56:30,163 [INFO] ThirdParty:1030 - CMSIS Pack Vendor :STMicroelectronics X-CUBE-IPS 3.2.0
2026-03-17 22:56:30,163 [INFO] ThirdParty:1030 - CMSIS Pack Vendor :STMicroelectronics X-CUBE-ST60 1.0.0
2026-03-17 22:56:30,163 [INFO] ThirdParty:1030 - CMSIS Pack Vendor :STMicroelectronics X-CUBE-NFC12 1.0.0
2026-03-17 22:56:30,163 [INFO] ThirdParty:1030 - CMSIS Pack Vendor :STMicroelectronics X-CUBE-AZRTOS-F7 1.1.0
2026-03-17 22:56:30,163 [INFO] ThirdParty:1030 - CMSIS Pack Vendor :STMicroelectronics X-CUBE-AZRTOS-L5 2.0.0
2026-03-17 22:56:30,163 [INFO] ThirdParty:1030 - CMSIS Pack Vendor :STMicroelectronics USB_DEVICE 2.0.0
2026-03-17 22:56:30,163 [INFO] ThirdParty:1030 - CMSIS Pack Vendor :STMicroelectronics X-CUBE-NFC6 3.1.0
2026-03-17 22:56:30,163 [INFO] ThirdParty:1030 - CMSIS Pack Vendor :STMicroelectronics FP-SNS-MOTENV1 5.1.0
2026-03-17 22:56:30,163 [INFO] ThirdParty:1030 - CMSIS Pack Vendor :STMicroelectronics FreeRTOS 0.0.1
2026-03-17 22:56:30,163 [INFO] ThirdParty:1030 - CMSIS Pack Vendor :STMicroelectronics X-CUBE-DPower 1.2.0
2026-03-17 22:56:30,163 [INFO] ThirdParty:1030 - CMSIS Pack Vendor :STMicroelectronics FP-SNS-FLIGHT1 5.0.2
2026-03-17 22:56:30,163 [INFO] ThirdParty:1030 - CMSIS Pack Vendor :Infineon AIROC-Wi-Fi-Bluetooth-STM32 1.7.0
2026-03-17 22:56:30,163 [INFO] ThirdParty:1030 - CMSIS Pack Vendor :STMicroelectronics PDM2PCM 3.3.0
2026-03-17 22:56:30,163 [INFO] ThirdParty:1030 - CMSIS Pack Vendor :STMicroelectronics X-CUBE-AZRTOS-H7 3.4.0
2026-03-17 22:56:30,163 [INFO] ThirdParty:1030 - CMSIS Pack Vendor :STMicroelectronics X-CUBE-DISPLAY 3.0.0
2026-03-17 22:56:30,163 [INFO] ThirdParty:1030 - CMSIS Pack Vendor :STMicroelectronics X-CUBE-BLE1 7.0.0
2026-03-17 22:56:30,163 [INFO] ThirdParty:1030 - CMSIS Pack Vendor :STMicroelectronics X-CUBE-NFC10 1.0.0
2026-03-17 22:56:30,163 [INFO] ThirdParty:1030 - CMSIS Pack Vendor :STMicroelectronics X-CUBE-BLEMGR 4.0.0
2026-03-17 22:56:30,164 [INFO] ThirdParty:1030 - CMSIS Pack Vendor :STMicroelectronics X-CUBE-FREERTOS 1.3.1
2026-03-17 22:56:30,164 [INFO] ThirdParty:1030 - CMSIS Pack Vendor :STMicroelectronics HAL Drivers 0.0.0
2026-03-17 22:56:30,164 [INFO] ThirdParty:1030 - CMSIS Pack Vendor :STMicroelectronics X-CUBE-ST60 1.1.0
2026-03-17 22:56:30,164 [INFO] ThirdParty:1030 - CMSIS Pack Vendor :emotas I-CUBE-CANOPEN 1.3.0
2026-03-17 22:56:30,164 [INFO] ThirdParty:1030 - CMSIS Pack Vendor :STMicroelectronics X-CUBE-FREERTOS 1.3.0
2026-03-17 22:56:30,164 [INFO] ThirdParty:1030 - CMSIS Pack Vendor :STMicroelectronics X-CUBE-NFC7 1.0.1
2026-03-17 22:56:30,164 [INFO] ThirdParty:1030 - CMSIS Pack Vendor :STMicroelectronics MBEDTLS 2.14.1
2026-03-17 22:56:30,164 [INFO] ThirdParty:1030 - CMSIS Pack Vendor :STMicroelectronics X-CUBE-GNSS1 7.1.0
2026-03-17 22:56:30,164 [INFO] ThirdParty:1030 - CMSIS Pack Vendor :STMicroelectronics X-CUBE-TOUCHGFX 4.26.0
2026-03-17 22:56:30,164 [INFO] ThirdParty:1030 - CMSIS Pack Vendor :STMicroelectronics X-CUBE-AI 10.0.0
2026-03-17 22:56:30,164 [INFO] ThirdParty:1030 - CMSIS Pack Vendor :STMicroelectronics FP-SNS-STBOX1 2.1.0
2026-03-17 22:56:30,164 [INFO] ThirdParty:1030 - CMSIS Pack Vendor :STMicroelectronics FP-SNS-STAIOTCFT 1.0.0
2026-03-17 22:56:30,164 [INFO] ThirdParty:1030 - CMSIS Pack Vendor :STMicroelectronics FP-SNS-SMARTAG2 1.2.0
2026-03-17 22:56:30,164 [INFO] ThirdParty:1030 - CMSIS Pack Vendor :STMicroelectronics FP-SNS-FLIGHT1 5.1.0
2026-03-17 22:56:30,164 [INFO] ThirdParty:1030 - CMSIS Pack Vendor :STMicroelectronics X-CUBE-MEMS1 11.1.0
2026-03-17 22:56:30,164 [INFO] ThirdParty:1030 - CMSIS Pack Vendor :STMicroelectronics X-CUBE-AZRTOS-WL 2.0.0
2026-03-17 22:56:30,165 [INFO] ThirdParty:1030 - CMSIS Pack Vendor :STMicroelectronics X-CUBE-DPower 1.3.0
2026-03-17 22:56:30,165 [INFO] ThirdParty:1030 - CMSIS Pack Vendor :STMicroelectronics FP-SNS-MOTENV1 5.0.0
2026-03-17 22:56:30,165 [INFO] ThirdParty:1030 - CMSIS Pack Vendor :STMicroelectronics USB_DEVICE 1.0.0
2026-03-17 22:56:30,165 [INFO] ThirdParty:1030 - CMSIS Pack Vendor :wolfSSL I-CUBE-wolfMQTT 1.19.0
2026-03-17 22:56:30,165 [INFO] ThirdParty:1030 - CMSIS Pack Vendor :STMicroelectronics X-CUBE-AZRTOS-L4 2.0.0
2026-03-17 22:56:30,168 [INFO] ThirdParty:1030 - CMSIS Pack Vendor :STMicroelectronics ThreadX 0.0.2
2026-03-17 22:56:30,169 [INFO] ThirdParty:1030 - CMSIS Pack Vendor :WES I-CUBE-Cesium 1.3.0
2026-03-17 22:56:30,169 [INFO] ThirdParty:1030 - CMSIS Pack Vendor :STMicroelectronics lwIP 2.1.2
2026-03-17 22:56:30,169 [INFO] ThirdParty:1030 - CMSIS Pack Vendor :STMicroelectronics X-CUBE-SFXS2LP1 4.0.0
2026-03-17 22:56:30,169 [INFO] ThirdParty:1030 - CMSIS Pack Vendor :STMicroelectronics X-CUBE-BLE2 3.3.0
2026-03-17 22:56:30,169 [INFO] ThirdParty:1030 - CMSIS Pack Vendor :STMicroelectronics PDM2PCM 3.2.0
2026-03-17 22:56:30,169 [INFO] ThirdParty:1030 - CMSIS Pack Vendor :STMicroelectronics X-CUBE-AZRTOS-H7 3.3.0
2026-03-17 22:56:30,169 [INFO] ThirdParty:1030 - CMSIS Pack Vendor :STMicroelectronics X-CUBE-NFC9 1.0.0
2026-03-17 22:56:30,169 [INFO] ThirdParty:1030 - CMSIS Pack Vendor :STMicroelectronics X-CUBE-BLE1 7.1.0
2026-03-17 22:56:30,169 [INFO] ThirdParty:1030 - CMSIS Pack Vendor :wolfSSL I-CUBE-wolfMQTT 1.19.2
2026-03-17 22:56:30,169 [INFO] ThirdParty:1030 - CMSIS Pack Vendor :STMicroelectronics USB_DEVICE 3.0.0
2026-03-17 22:56:30,169 [INFO] ThirdParty:1030 - CMSIS Pack Vendor :STMicroelectronics X-CUBE-EEPRMA1 5.2.0
2026-03-17 22:56:30,169 [INFO] ThirdParty:1030 - CMSIS Pack Vendor :STMicroelectronics X-CUBE-BLEMGR 4.1.0
2026-03-17 22:56:30,169 [INFO] ThirdParty:1030 - CMSIS Pack Vendor :STMicroelectronics X-CUBE-AZRTOS-WB 2.0.0
2026-03-17 22:56:30,169 [INFO] ThirdParty:1030 - CMSIS Pack Vendor :STMicroelectronics X-CUBE-GNSS1 7.0.1
2026-03-17 22:56:30,169 [INFO] ThirdParty:1030 - CMSIS Pack Vendor :STMicroelectronics X-CUBE-TOUCHGFX 4.25.0
2026-03-17 22:56:30,169 [INFO] ThirdParty:1030 - CMSIS Pack Vendor :STMicroelectronics X-CUBE-ST67W61 1.1.0
2026-03-17 22:56:30,169 [INFO] ThirdParty:1030 - CMSIS Pack Vendor :STMicroelectronics FP-SNS-STBOX1 2.0.0
2026-03-17 22:56:30,169 [INFO] ThirdParty:1030 - CMSIS Pack Vendor :STMicroelectronics X-CUBE-AZRTOS-G0 1.1.0
2026-03-17 22:56:30,170 [INFO] ThirdParty:1030 - CMSIS Pack Vendor :STMicroelectronics X-CUBE-SAFEA1 1.2.2
2026-03-17 22:56:30,170 [INFO] ThirdParty:1030 - CMSIS Pack Vendor :STMicroelectronics X-CUBE-NFC4 3.0.0
2026-03-17 22:56:30,170 [INFO] ThirdParty:1030 - CMSIS Pack Vendor :STMicroelectronics X-CUBE-SUBG2 5.0.0
2026-03-17 22:56:30,170 [INFO] ThirdParty:1030 - CMSIS Pack Vendor :STMicroelectronics X-CUBE-AZRTOS-H7RS 1.1.0
2026-03-17 22:56:30,170 [INFO] ThirdParty:1030 - CMSIS Pack Vendor :STMicroelectronics STM32_WPAN 1.0.0
2026-03-17 22:56:30,170 [INFO] ThirdParty:1030 - CMSIS Pack Vendor :EmbeddedOffice I-CUBE-FS-RTOS 1.0.1
2026-03-17 22:56:30,170 [INFO] ThirdParty:1030 - CMSIS Pack Vendor :STMicroelectronics lwIP 2.0.3
2026-03-17 22:56:30,170 [INFO] ThirdParty:1030 - CMSIS Pack Vendor :Cesanta I-CUBE-Mongoose 7.13.0
2026-03-17 22:56:30,170 [INFO] ThirdParty:1030 - CMSIS Pack Vendor :STMicroelectronics USB_HOST 1.0.0
2026-03-17 22:56:30,170 [INFO] ThirdParty:1030 - CMSIS Pack Vendor :STMicroelectronics X-CUBE-AZRTOS-G4 2.0.0
2026-03-17 22:56:30,170 [INFO] ThirdParty:1030 - CMSIS Pack Vendor :STMicroelectronics X-CUBE-WB05N 2.0.0
2026-03-17 22:56:30,170 [INFO] ThirdParty:1030 - CMSIS Pack Vendor :STMicroelectronics PDM2PCM 3.1.0
2026-03-17 22:56:30,170 [INFO] ThirdParty:1030 - CMSIS Pack Vendor :wolfSSL I-CUBE-wolfTPM 3.8.0
2026-03-17 22:56:30,170 [INFO] ThirdParty:1030 - CMSIS Pack Vendor :wolfSSL I-CUBE-wolfSSH 1.4.20
2026-03-17 22:56:30,170 [INFO] ThirdParty:1030 - CMSIS Pack Vendor :STMicroelectronics X-CUBE-NFC7 2.0.0
2026-03-17 22:56:30,171 [INFO] ThirdParty:1030 - CMSIS Pack Vendor :STMicroelectronics X-CUBE-TCPP 4.2.0
2026-03-17 22:56:30,171 [INFO] ThirdParty:1030 - CMSIS Pack Vendor :RealThread X-CUBE-RT-Thread_Nano 4.1.1
2026-03-17 22:56:30,171 [INFO] ThirdParty:1030 - CMSIS Pack Vendor :STMicroelectronics FP-ATR-SIGFOX1 3.2.0
2026-03-17 22:56:30,171 [INFO] ThirdParty:1030 - CMSIS Pack Vendor :quantropi X-CUBE-qispace-sdk-base 1.9.3
2026-03-17 22:56:30,171 [INFO] ThirdParty:1030 - CMSIS Pack Vendor :STMicroelectronics X-CUBE-EEPRMA1 5.1.0
2026-03-17 22:56:30,171 [INFO] ThirdParty:1030 - CMSIS Pack Vendor :STMicroelectronics MBEDTLS 2.16.2
2026-03-17 22:56:30,171 [INFO] ThirdParty:1030 - CMSIS Pack Vendor :STMicroelectronics X-CUBE-IPS 3.1.0
2026-03-17 22:56:30,171 [INFO] ThirdParty:1030 - CMSIS Pack Vendor :STMicroelectronics X-CUBE-ALS 1.0.2
2026-03-17 22:56:30,171 [INFO] ThirdParty:1030 - CMSIS Pack Vendor :wolfSSL I-CUBE-wolfSSL 5.7.6
2026-03-17 22:56:30,171 [INFO] ThirdParty:1030 - CMSIS Pack Vendor :ITTIA_DB I-CUBE-ITTIADB 8.9.0
2026-03-17 22:56:30,171 [INFO] ThirdParty:1030 - CMSIS Pack Vendor :STMicroelectronics X-CUBE-TOUCHGFX 4.24.2
2026-03-17 22:56:30,171 [INFO] ThirdParty:1030 - CMSIS Pack Vendor :STMicroelectronics X-CUBE-STSE01 1.0.0
2026-03-17 22:56:30,171 [INFO] ThirdParty:1030 - CMSIS Pack Vendor :wolfSSL I-CUBE-wolfTPM 3.4.0
2026-03-17 22:56:30,171 [INFO] ThirdParty:1030 - CMSIS Pack Vendor :portGmbH I-Cube-SoM-uGOAL 1.1.0
2026-03-17 22:56:30,171 [INFO] ThirdParty:1030 - CMSIS Pack Vendor :STMicroelectronics X-CUBE-ST67W61 1.0.0
2026-03-17 22:56:30,171 [INFO] ThirdParty:1030 - CMSIS Pack Vendor :STMicroelectronics X-CUBE-AI 10.2.0
2026-03-17 22:56:30,171 [INFO] ThirdParty:1030 - CMSIS Pack Vendor :STMicroelectronics ThreadX 1.0.0
2026-03-17 22:56:30,171 [INFO] ThirdParty:1030 - CMSIS Pack Vendor :SEGGER I-CUBE-embOS 1.3.1
2026-03-17 22:56:30,171 [INFO] ThirdParty:1030 - CMSIS Pack Vendor :STMicroelectronics X-CUBE-ALGOBUILD 1.4.0
2026-03-17 22:56:30,171 [INFO] ThirdParty:1030 - CMSIS Pack Vendor :STMicroelectronics X-CUBE-MEMS1 11.3.0
2026-03-17 22:56:30,171 [INFO] ThirdParty:1030 - CMSIS Pack Vendor :STMicroelectronics X-CUBE-AZRTOS-H7RS 1.0.0
2026-03-17 22:56:30,172 [INFO] ThirdParty:1030 - CMSIS Pack Vendor :STMicroelectronics X-CUBE-TOF1 3.4.2
2026-03-17 22:56:30,172 [INFO] ThirdParty:1030 - CMSIS Pack Vendor :STMicroelectronics X-CUBE-TOF1 3.4.3
2026-03-17 22:56:30,172 [INFO] ThirdParty:1030 - CMSIS Pack Vendor :wolfSSL I-CUBE-wolfSSH 1.4.17
2026-03-17 22:56:30,172 [INFO] ThirdParty:841 - exiting critical section [change project]
2026-03-17 22:56:30,365 [INFO] PinOutPanel:1589 - setPackage(No Configuration,No Configuration)
2026-03-17 22:56:30,366 [INFO] PinOutPanel:1589 - setPackage(STM32F107RCTx,LQFP64)
2026-03-17 22:56:30,621 [INFO] UtilMem:75 - Before build in PCC Used Memory: 783115200 Bytes (1073741824)
2026-03-17 22:56:30,870 [INFO] UtilMem:75 - After build in PCC Used Memory: 826633152 Bytes (1073741824)
2026-03-17 22:56:30,880 [INFO] ApiDbMcu:532 - Load IP Config File for LWIP
2026-03-17 22:56:30,922 [INFO] IPUIPlugin:80 - create IPUIPlugin
2026-03-17 22:56:30,922 [INFO] IPUIPlugin:80 - create IPUIPlugin
2026-03-17 22:56:30,922 [INFO] IPUIPlugin:80 - create IPUIPlugin
2026-03-17 22:56:30,922 [INFO] IPUIPlugin:80 - create IPUIPlugin
2026-03-17 22:56:30,922 [INFO] IPUIPlugin:80 - create IPUIPlugin
2026-03-17 22:56:30,922 [INFO] IPUIPlugin:80 - create IPUIPlugin
2026-03-17 22:56:30,923 [INFO] IPUIPlugin:80 - create IPUIPlugin
2026-03-17 22:56:30,923 [INFO] IPUIPlugin:80 - create IPUIPlugin
2026-03-17 22:56:30,923 [INFO] IPUIPlugin:80 - create IPUIPlugin
2026-03-17 22:56:30,923 [INFO] IPUIPlugin:80 - create IPUIPlugin
2026-03-17 22:56:30,923 [INFO] IPUIPlugin:80 - create IPUIPlugin
2026-03-17 22:56:30,923 [INFO] IPUIPlugin:80 - create IPUIPlugin
2026-03-17 22:56:30,923 [INFO] IPUIPlugin:80 - create IPUIPlugin
2026-03-17 22:56:30,924 [INFO] IPUIPlugin:80 - create IPUIPlugin
2026-03-17 22:56:30,924 [INFO] IPUIPlugin:80 - create IPUIPlugin
2026-03-17 22:56:30,924 [INFO] IPUIPlugin:80 - create IPUIPlugin
2026-03-17 22:56:30,924 [INFO] IPUIPlugin:80 - create IPUIPlugin
2026-03-17 22:56:30,925 [INFO] IPUIPlugin:80 - create IPUIPlugin
2026-03-17 22:56:30,925 [INFO] IPUIPlugin:80 - create IPUIPlugin
2026-03-17 22:56:30,925 [INFO] IPUIPlugin:80 - create IPUIPlugin
2026-03-17 22:56:30,925 [INFO] IPUIPlugin:80 - create IPUIPlugin
2026-03-17 22:56:30,926 [INFO] IPUIPlugin:80 - create IPUIPlugin
2026-03-17 22:56:30,926 [INFO] IPUIPlugin:80 - create IPUIPlugin
2026-03-17 22:56:30,927 [INFO] IPUIPlugin:80 - create IPUIPlugin
2026-03-17 22:56:30,930 [INFO] IPUIPlugin:80 - create IPUIPlugin
2026-03-17 22:56:30,931 [INFO] IPUIPlugin:80 - create IPUIPlugin
2026-03-17 22:56:30,931 [INFO] IPUIPlugin:80 - create IPUIPlugin
2026-03-17 22:56:30,931 [INFO] IPUIPlugin:80 - create IPUIPlugin
2026-03-17 22:56:30,932 [INFO] IPUIPlugin:80 - create IPUIPlugin
2026-03-17 22:56:30,932 [INFO] IPUIPlugin:80 - create IPUIPlugin
2026-03-17 22:56:30,932 [INFO] IPUIPlugin:80 - create IPUIPlugin
2026-03-17 22:56:30,933 [INFO] IPUIPlugin:80 - create IPUIPlugin
2026-03-17 22:56:30,933 [INFO] IPUIPlugin:80 - create IPUIPlugin
2026-03-17 22:56:30,933 [INFO] IPUIPlugin:80 - create IPUIPlugin
2026-03-17 22:56:30,934 [INFO] IPUIPlugin:80 - create IPUIPlugin
2026-03-17 22:56:30,934 [INFO] IPUIPlugin:80 - create IPUIPlugin
2026-03-17 22:56:30,934 [INFO] IPUIPlugin:80 - create IPUIPlugin
2026-03-17 22:56:30,935 [INFO] IPUIPlugin:80 - create IPUIPlugin
2026-03-17 22:56:30,935 [INFO] IPUIPlugin:80 - create IPUIPlugin
2026-03-17 22:56:31,033 [INFO] CADModel:165 - CPN selected for project levelSTM32F107RCT6
2026-03-17 22:56:31,033 [INFO] CADModel:114 - Register for checkConnection events
2026-03-17 22:56:31,120 [INFO] OpenFileManager:386 - Restore cursor
2026-03-17 22:56:31,377 [WARN] IP:2250 - CMSIS_VERSION not found: check if there is a RefParameter without a condition.
2026-03-17 22:56:31,382 [WARN] IP:2250 - LWIP_NETIF_HOSTNAME_NAME not found: check if there is a RefParameter without a condition.
2026-03-17 22:56:31,411 [WARN] IP:2250 - CMSIS_VERSION not found: check if there is a RefParameter without a condition.
2026-03-17 22:56:31,415 [WARN] IP:2250 - LWIP_NETIF_HOSTNAME_NAME not found: check if there is a RefParameter without a condition.
2026-03-17 22:57:28,315 [INFO] NvicIntPanel:101 - NVIC parent = com.st.microxplorer.plugins.ip.nvic.MultiNvicIntPanel[,0,0,0x0,invalid,layout=javax.swing.BoxLayout,alignmentX=0.0,alignmentY=0.0,border=,flags=9,maximumSize=,minimumSize=,preferredSize=]
2026-03-17 23:02:32,179 [ERROR] ConfigurationRetriever:142 - IOException on connection: Connect timed out
2026-03-17 23:02:34,181 [ERROR] ConfigurationRetriever:142 - IOException on connection: Connect timed out
2026-03-17 23:02:36,186 [ERROR] ConfigurationRetriever:142 - IOException on connection: Connect timed out
2026-03-17 23:02:38,880 [ERROR] ConfigurationRetriever:142 - IOException on connection: Connect timed out
2026-03-17 23:02:40,883 [ERROR] ConfigurationRetriever:142 - IOException on connection: Connect timed out
2026-03-17 23:02:42,884 [ERROR] ConfigurationRetriever:142 - IOException on connection: Connect timed out
2026-03-17 23:04:10,513 [ERROR] ConfigurationRetriever:142 - IOException on connection: Connect timed out
2026-03-17 23:04:12,514 [ERROR] ConfigurationRetriever:142 - IOException on connection: Connect timed out
2026-03-17 23:04:14,517 [ERROR] ConfigurationRetriever:142 - IOException on connection: Connect timed out
2026-03-17 23:04:34,565 [ERROR] ConfigurationRetriever:142 - IOException on connection: Connect timed out
2026-03-17 23:04:36,567 [ERROR] ConfigurationRetriever:142 - IOException on connection: Connect timed out
2026-03-17 23:04:38,569 [ERROR] ConfigurationRetriever:142 - IOException on connection: Connect timed out
2026-03-17 23:10:24,320 [ERROR] ConfigurationRetriever:142 - IOException on connection: Connect timed out
2026-03-17 23:10:26,323 [ERROR] ConfigurationRetriever:142 - IOException on connection: Connect timed out
2026-03-17 23:10:28,326 [ERROR] ConfigurationRetriever:142 - IOException on connection: Connect timed out
2026-03-17 23:10:40,228 [ERROR] ConfigurationRetriever:142 - IOException on connection: Connect timed out
2026-03-17 23:10:42,230 [ERROR] ConfigurationRetriever:142 - IOException on connection: Connect timed out
2026-03-17 23:10:44,231 [ERROR] ConfigurationRetriever:142 - IOException on connection: Connect timed out
2026-03-17 23:13:04,945 [ERROR] ConfigurationRetriever:142 - IOException on connection: Connect timed out
2026-03-17 23:13:06,948 [ERROR] ConfigurationRetriever:142 - IOException on connection: Connect timed out
2026-03-17 23:13:08,950 [ERROR] ConfigurationRetriever:142 - IOException on connection: Connect timed out
2026-03-17 23:13:11,345 [ERROR] ConfigurationRetriever:142 - IOException on connection: Connect timed out
2026-03-17 23:13:13,347 [ERROR] ConfigurationRetriever:142 - IOException on connection: Connect timed out
2026-03-17 23:13:15,349 [ERROR] ConfigurationRetriever:142 - IOException on connection: Connect timed out
2026-03-17 23:14:50,304 [ERROR] ConfigurationRetriever:142 - IOException on connection: Connect timed out
2026-03-17 23:14:52,305 [ERROR] ConfigurationRetriever:142 - IOException on connection: Connect timed out
2026-03-17 23:14:54,308 [ERROR] ConfigurationRetriever:142 - IOException on connection: Connect timed out
2026-03-17 23:15:09,436 [ERROR] ConfigurationRetriever:142 - IOException on connection: Connect timed out
2026-03-17 23:15:11,439 [ERROR] ConfigurationRetriever:142 - IOException on connection: Connect timed out
2026-03-17 23:15:13,441 [ERROR] ConfigurationRetriever:142 - IOException on connection: Connect timed out
2026-03-17 23:20:30,411 [ERROR] ConfigurationRetriever:142 - IOException on connection: Connect timed out
2026-03-17 23:20:32,418 [ERROR] ConfigurationRetriever:142 - IOException on connection: Connect timed out
2026-03-17 23:20:34,419 [ERROR] ConfigurationRetriever:142 - IOException on connection: Connect timed out
2026-03-17 23:20:49,552 [ERROR] ConfigurationRetriever:142 - IOException on connection: Connect timed out
2026-03-17 23:20:51,554 [ERROR] ConfigurationRetriever:142 - IOException on connection: Connect timed out
2026-03-17 23:20:53,556 [ERROR] ConfigurationRetriever:142 - IOException on connection: Connect timed out
2026-03-17 23:28:00,950 [ERROR] ConfigurationRetriever:142 - IOException on connection: Connect timed out
2026-03-17 23:28:02,952 [ERROR] ConfigurationRetriever:142 - IOException on connection: Connect timed out
2026-03-17 23:28:04,954 [ERROR] ConfigurationRetriever:142 - IOException on connection: Connect timed out
